static const unsigned char _tmp_aera_boot_center_raw[] = {
  0x00, 0x00, 0x00, 0x00, 0x00, 0x00, 0x00, 0x00, 0x00, 0x00, 0x00, 0x00,
  0x00, 0x00, 0x00, 0x00, 0x00, 0x00, 0x00, 0x00, 0x00, 0x00, 0x00, 0x00,
  0x00, 0x00, 0x00, 0x00, 0x00, 0x00, 0x00, 0x00, 0x00, 0x00, 0x00, 0x00,
  0x00, 0x00, 0x00, 0x00, 0x00, 0x00, 0x00, 0x00, 0x00, 0x00, 0x00, 0x00,
  0x00, 0x00, 0x00, 0x00, 0x00, 0x00, 0x00, 0x00, 0x00, 0x00, 0x00, 0x00,
  0x00, 0x00, 0x00, 0x00, 0x00, 0x00, 0x00, 0x00, 0x00, 0x00, 0x00, 0x00,
  0x00, 0x00, 0x00, 0x00, 0x00, 0x00, 0x00, 0x00, 0x00, 0x00, 0x00, 0x00,
  0x00, 0x00, 0x00, 0x00, 0x00, 0x00, 0x00, 0x00, 0x00, 0x00, 0x00, 0x00,
  0x00, 0x00, 0x00, 0x00, 0x00, 0x00, 0x00, 0x00, 0x00, 0x00, 0x00, 0x00,
  0x00, 0x00, 0x00, 0x00, 0x00, 0x00, 0x00, 0x00, 0x00, 0x00, 0x00, 0x00,
  0x00, 0x00, 0x00, 0x00, 0x00, 0x00, 0x00, 0x00, 0x00, 0x00, 0x00, 0x00,
  0x00, 0x00, 0x00, 0x00, 0x00, 0x00, 0x00, 0x00, 0x00, 0x00, 0x00, 0x00,
  0x00, 0x00, 0x00, 0x00, 0x00, 0x00, 0x00, 0x00, 0x00, 0x00, 0x00, 0x00,
  0x00, 0x00, 0x00, 0x00, 0x00, 0x00, 0x00, 0x00, 0x00, 0x00, 0x00, 0x00,
  0x00, 0x00, 0x00, 0x00, 0x00, 0x00, 0x00, 0x00, 0x00, 0x00, 0x00, 0x00,
  0x00, 0x00, 0x00, 0x00, 0x00, 0x00, 0x00, 0x00, 0x00, 0x00, 0x00, 0x00,
  0x00, 0x00, 0x00, 0x00, 0x00, 0x00, 0x00, 0x00, 0x00, 0x00, 0x00, 0x00,
  0x00, 0x00, 0x00, 0x00, 0x00, 0x00, 0x00, 0x00, 0x00, 0x00, 0x00, 0x00,
  0x00, 0x00, 0x00, 0x00, 0x00, 0x00, 0x00, 0x00, 0x00, 0x00, 0x00, 0x00,
  0x00, 0x00, 0x00, 0x00, 0x00, 0x00, 0x00, 0x00, 0x00, 0x00, 0x00, 0x00,
  0x00, 0x00, 0x00, 0x00, 0x00, 0x00, 0x00, 0x00, 0x00, 0x00, 0x00, 0x00,
  0x00, 0x00, 0x00, 0x00, 0x00, 0x00, 0x00, 0x00, 0x00, 0x00, 0x00, 0x00,
  0x00, 0x00, 0x00, 0x00, 0x00, 0x00, 0x00, 0x00, 0x00, 0x00, 0x00, 0x00,
  0x00, 0x00, 0x00, 0x00, 0x00, 0x00, 0x00, 0x00, 0x00, 0x00, 0x00, 0x00,
  0x00, 0x00, 0x00, 0x00, 0x00, 0x00, 0x00, 0x00, 0x00, 0x00, 0x00, 0x00,
  0x00, 0x00, 0x00, 0x00, 0x00, 0x00, 0x00, 0x00, 0x00, 0x00, 0x00, 0x00,
  0x00, 0x00, 0x00, 0x00, 0x00, 0x00, 0x00, 0x00, 0x00, 0x00, 0x00, 0x00,
  0x00, 0x00, 0x00, 0x00, 0x00, 0x00, 0x00, 0x00, 0x00, 0x00, 0x00, 0x00,
  0x00, 0x00, 0x00, 0x00, 0x00, 0x00, 0x00, 0x00, 0x00, 0x00, 0x00, 0x00,
  0x00, 0x00, 0x00, 0x00, 0x00, 0x00, 0x00, 0x00, 0x00, 0x00, 0x00, 0x00,
  0x00, 0x00, 0x00, 0x00, 0x00, 0x00, 0x00, 0x00, 0x00, 0x00, 0x00, 0x00,
  0x00, 0x00, 0x00, 0x00, 0x00, 0x00, 0x00, 0x00, 0x00, 0x00, 0x00, 0x00,
  0x00, 0x00, 0x00, 0x00, 0x00, 0x00, 0x00, 0x00, 0x00, 0x00, 0x00, 0x00,
  0x00, 0x00, 0x00, 0x00, 0x00, 0x00, 0x00, 0x00, 0x00, 0x00, 0x00, 0x00,
  0x00, 0x00, 0x00, 0x00, 0x00, 0x00, 0x00, 0x00, 0x00, 0x00, 0x00, 0x00,
  0x00, 0x00, 0x00, 0x00, 0x00, 0x00, 0x00, 0x00, 0x00, 0x00, 0x00, 0x00,
  0x00, 0x00, 0x00, 0x00, 0x00, 0x00, 0x00, 0x00, 0x00, 0x00, 0x00, 0x00,
  0x00, 0x00, 0x00, 0x00, 0x00, 0x00, 0x00, 0x00, 0x00, 0x00, 0x00, 0x00,
  0x00, 0x00, 0x00, 0x00, 0x00, 0x00, 0x00, 0x00, 0x00, 0x00, 0x00, 0x00,
  0x00, 0x00, 0x00, 0x00, 0x00, 0x00, 0x00, 0x00, 0x00, 0x00, 0x00, 0x00,
  0x00, 0x00, 0x00, 0x00, 0x00, 0x00, 0x00, 0x00, 0x00, 0x00, 0x00, 0x00,
  0x00, 0x00, 0x00, 0x00, 0x00, 0x00, 0x00, 0x14, 0x1c, 0x08, 0x00, 0x00,
  0x00, 0x00, 0x00, 0x00, 0x00, 0x00, 0x00, 0x00, 0x00, 0x00, 0x00, 0x00,
  0x00, 0x00, 0x00, 0x00, 0x00, 0x00, 0x00, 0x00, 0x00, 0x00, 0x00, 0x00,
  0x00, 0x00, 0x00, 0x00, 0x00, 0x00, 0x00, 0x00, 0x00, 0x00, 0x00, 0x00,
  0x00, 0x00, 0x00, 0x00, 0x00, 0x00, 0x00, 0x00, 0x00, 0x00, 0x00, 0x00,
  0x00, 0x00, 0x00, 0x00, 0x00, 0x00, 0x00, 0x00, 0x00, 0x00, 0x00, 0x00,
  0x00, 0x00, 0x00, 0x00, 0x00, 0x00, 0x00, 0x00, 0x00, 0x00, 0x00, 0x00,
  0x00, 0x00, 0x00, 0x00, 0x00, 0x00, 0x00, 0x00, 0x00, 0x00, 0x00, 0x00,
  0x00, 0x00, 0x00, 0x00, 0x00, 0x00, 0x00, 0x00, 0x00, 0x00, 0x00, 0x00,
  0x00, 0x00, 0x00, 0x00, 0x00, 0x00, 0x00, 0x00, 0x00, 0x00, 0x00, 0x00,
  0x00, 0x00, 0x00, 0x00, 0x00, 0x00, 0x00, 0x00, 0x00, 0x00, 0x00, 0x00,
  0x00, 0x00, 0x00, 0x00, 0x00, 0x00, 0x00, 0x00, 0x00, 0x00, 0x00, 0x00,
  0x00, 0x00, 0x00, 0x01, 0x00, 0x72, 0xa3, 0x26, 0x00, 0x03, 0x00, 0x00,
  0x00, 0x00, 0x00, 0x00, 0x00, 0x00, 0x00, 0x00, 0x00, 0x00, 0x00, 0x00,
  0x00, 0x00, 0x00, 0x00, 0x00, 0x00, 0x00, 0x00, 0x00, 0x00, 0x00, 0x00,
  0x00, 0x00, 0x00, 0x00, 0x00, 0x00, 0x00, 0x00, 0x00, 0x00, 0x00, 0x00,
  0x00, 0x00, 0x00, 0x00, 0x00, 0x00, 0x00, 0x00, 0x00, 0x00, 0x00, 0x00,
  0x00, 0x00, 0x00, 0x00, 0x00, 0x00, 0x00, 0x00, 0x00, 0x00, 0x00, 0x00,
  0x00, 0x00, 0x00, 0x00, 0x00, 0x00, 0x00, 0x00, 0x00, 0x00, 0x00, 0x00,
  0x00, 0x00, 0x00, 0x00, 0x00, 0x00, 0x00, 0x00, 0x00, 0x00, 0x00, 0x00,
  0x00, 0x00, 0x00, 0x00, 0x00, 0x00, 0x00, 0x00, 0x00, 0x00, 0x00, 0x00,
  0x00, 0x00, 0x00, 0x00, 0x00, 0x00, 0x00, 0x00, 0x00, 0x00, 0x00, 0x00,
  0x00, 0x00, 0x00, 0x00, 0x00, 0x00, 0x00, 0x00, 0x00, 0x00, 0x00, 0x00,
  0x00, 0x00, 0x00, 0x00, 0x00, 0x00, 0x00, 0x00, 0x00, 0x00, 0x00, 0x00,
  0x00, 0x00, 0x20, 0xcf, 0xff, 0x5b, 0x00, 0x01, 0x00, 0x00, 0x00, 0x00,
  0x00, 0x00, 0x00, 0x00, 0x00, 0x00, 0x00, 0x00, 0x00, 0x00, 0x00, 0x00,
  0x00, 0x00, 0x00, 0x00, 0x00, 0x00, 0x00, 0x00, 0x00, 0x00, 0x00, 0x00,
  0x00, 0x00, 0x00, 0x00, 0x00, 0x00, 0x00, 0x00, 0x00, 0x00, 0x00, 0x00,
  0x00, 0x00, 0x00, 0x00, 0x00, 0x00, 0x00, 0x00, 0x00, 0x00, 0x00, 0x00,
  0x00, 0x00, 0x00, 0x00, 0x00, 0x00, 0x00, 0x00, 0x00, 0x00, 0x00, 0x00,
  0x00, 0x00, 0x00, 0x00, 0x00, 0x00, 0x00, 0x00, 0x00, 0x00, 0x00, 0x00,
  0x00, 0x00, 0x00, 0x00, 0x00, 0x00, 0x00, 0x00, 0x00, 0x00, 0x00, 0x00,
  0x00, 0x00, 0x00, 0x00, 0x00, 0x00, 0x00, 0x00, 0x00, 0x00, 0x00, 0x00,
  0x00, 0x00, 0x00, 0x00, 0x00, 0x00, 0x00, 0x00, 0x00, 0x00, 0x00, 0x00,
  0x00, 0x00, 0x00, 0x00, 0x00, 0x00, 0x00, 0x00, 0x00, 0x00, 0x00, 0x00,
  0x00, 0x00, 0x00, 0x00, 0x00, 0x00, 0x00, 0x00, 0x00, 0x00, 0x00, 0x03,
  0x8c, 0xf5, 0xff, 0xb4, 0x25, 0x00, 0x03, 0x00, 0x00, 0x00, 0x00, 0x00,
  0x00, 0x00, 0x00, 0x00, 0x00, 0x00, 0x00, 0x00, 0x00, 0x00, 0x00, 0x00,
  0x00, 0x00, 0x00, 0x00, 0x00, 0x00, 0x00, 0x00, 0x00, 0x00, 0x00, 0x00,
  0x00, 0x00, 0x00, 0x00, 0x00, 0x00, 0x00, 0x00, 0x00, 0x00, 0x00, 0x00,
  0x00, 0x00, 0x00, 0x00, 0x00, 0x00, 0x00, 0x00, 0x00, 0x00, 0x00, 0x00,
  0x00, 0x00, 0x00, 0x00, 0x00, 0x00, 0x00, 0x00, 0x00, 0x00, 0x00, 0x00,
  0x00, 0x00, 0x00, 0x00, 0x00, 0x00, 0x00, 0x00, 0x00, 0x00, 0x00, 0x00,
  0x00, 0x00, 0x00, 0x00, 0x00, 0x00, 0x00, 0x00, 0x00, 0x00, 0x00, 0x00,
  0x00, 0x00, 0x00, 0x00, 0x00, 0x00, 0x00, 0x00, 0x00, 0x00, 0x00, 0x00,
  0x00, 0x00, 0x00, 0x00, 0x00, 0x00, 0x00, 0x00, 0x00, 0x00, 0x00, 0x00,
  0x00, 0x00, 0x00, 0x00, 0x00, 0x00, 0x00, 0x00, 0x00, 0x00, 0x00, 0x00,
  0x00, 0x00, 0x00, 0x00, 0x00, 0x00, 0x00, 0x00, 0x01, 0x43, 0xe7, 0xfc,
  0xf1, 0xfb, 0x6f, 0x00, 0x00, 0x01, 0x00, 0x00, 0x00, 0x00, 0x00, 0x00,
  0x00, 0x00, 0x00, 0x00, 0x00, 0x00, 0x00, 0x00, 0x00, 0x00, 0x00, 0x00,
  0x00, 0x00, 0x00, 0x00, 0x00, 0x00, 0x00, 0x00, 0x00, 0x00, 0x00, 0x00,
  0x00, 0x00, 0x00, 0x00, 0x00, 0x00, 0x00, 0x00, 0x00, 0x00, 0x00, 0x00,
  0x00, 0x00, 0x00, 0x00, 0x00, 0x00, 0x00, 0x00, 0x00, 0x00, 0x00, 0x00,
  0x00, 0x00, 0x00, 0x00, 0x00, 0x00, 0x00, 0x00, 0x00, 0x00, 0x00, 0x00,
  0x00, 0x00, 0x00, 0x00, 0x00, 0x00, 0x00, 0x00, 0x00, 0x00, 0x00, 0x00,
  0x00, 0x00, 0x00, 0x00, 0x00, 0x00, 0x00, 0x00, 0x00, 0x00, 0x00, 0x00,
  0x00, 0x00, 0x00, 0x00, 0x00, 0x00, 0x00, 0x00, 0x00, 0x00, 0x00, 0x00,
  0x00, 0x00, 0x00, 0x00, 0x00, 0x00, 0x00, 0x00, 0x00, 0x00, 0x00, 0x00,
  0x00, 0x00, 0x00, 0x00, 0x00, 0x00, 0x00, 0x00, 0x00, 0x00, 0x00, 0x00,
  0x00, 0x00, 0x00, 0x00, 0x00, 0x00, 0x12, 0xb5, 0xfe, 0xf9, 0xed, 0xfb,
  0xcd, 0x3b, 0x00, 0x04, 0x00, 0x00, 0x00, 0x00, 0x00, 0x00, 0x00, 0x00,
  0x00, 0x00, 0x00, 0x00, 0x00, 0x00, 0x00, 0x00, 0x00, 0x00, 0x00, 0x00,
  0x00, 0x00, 0x00, 0x00, 0x00, 0x00, 0x00, 0x00, 0x00, 0x00, 0x00, 0x00,
  0x00, 0x00, 0x00, 0x00, 0x00, 0x00, 0x00, 0x00, 0x00, 0x00, 0x00, 0x00,
  0x00, 0x00, 0x00, 0x00, 0x00, 0x00, 0x00, 0x00, 0x00, 0x00, 0x00, 0x00,
  0x00, 0x00, 0x00, 0x00, 0x00, 0x00, 0x00, 0x00, 0x00, 0x00, 0x00, 0x00,
  0x00, 0x00, 0x00, 0x00, 0x00, 0x00, 0x00, 0x00, 0x00, 0x00, 0x00, 0x00,
  0x00, 0x00, 0x00, 0x00, 0x00, 0x00, 0x00, 0x00, 0x00, 0x00, 0x00, 0x00,
  0x00, 0x00, 0x00, 0x00, 0x00, 0x00, 0x00, 0x00, 0x00, 0x00, 0x00, 0x00,
  0x00, 0x00, 0x00, 0x00, 0x00, 0x00, 0x00, 0x00, 0x00, 0x00, 0x00, 0x00,
  0x00, 0x00, 0x00, 0x00, 0x00, 0x00, 0x00, 0x00, 0x00, 0x00, 0x00, 0x00,
  0x00, 0x00, 0x00, 0x02, 0x5e, 0xf8, 0xfd, 0xf5, 0xf0, 0xeb, 0xff, 0x8d,
  0x05, 0x00, 0x01, 0x00, 0x00, 0x00, 0x00, 0x00, 0x00, 0x00, 0x00, 0x00,
  0x00, 0x00, 0x00, 0x00, 0x00, 0x00, 0x00, 0x00, 0x00, 0x00, 0x00, 0x00,
  0x00, 0x00, 0x00, 0x00, 0x00, 0x00, 0x00, 0x00, 0x00, 0x00, 0x00, 0x00,
  0x00, 0x00, 0x00, 0x00, 0x00, 0x00, 0x00, 0x00, 0x00, 0x00, 0x00, 0x00,
  0x00, 0x00, 0x00, 0x00, 0x00, 0x00, 0x00, 0x00, 0x00, 0x00, 0x00, 0x00,
  0x00, 0x00, 0x00, 0x00, 0x00, 0x00, 0x00, 0x00, 0x00, 0x00, 0x00, 0x00,
  0x00, 0x00, 0x00, 0x00, 0x00, 0x00, 0x00, 0x00, 0x00, 0x00, 0x00, 0x00,
  0x00, 0x00, 0x00, 0x00, 0x00, 0x00, 0x00, 0x00, 0x00, 0x00, 0x00, 0x00,
  0x00, 0x00, 0x00, 0x00, 0x00, 0x00, 0x00, 0x00, 0x00, 0x00, 0x00, 0x00,
  0x00, 0x00, 0x00, 0x00, 0x00, 0x00, 0x00, 0x00, 0x00, 0x00, 0x00, 0x00,
  0x00, 0x00, 0x00, 0x00, 0x00, 0x00, 0x00, 0x00, 0x00, 0x00, 0x00, 0x00,
  0x00, 0x2b, 0xd2, 0xfa, 0xf7, 0xf6, 0xf5, 0xf4, 0xff, 0xdd, 0x4f, 0x00,
  0x04, 0x00, 0x00, 0x00, 0x00, 0x00, 0x00, 0x00, 0x00, 0x00, 0x00, 0x00,
  0x00, 0x00, 0x00, 0x00, 0x00, 0x00, 0x00, 0x00, 0x00, 0x00, 0x00, 0x00,
  0x00, 0x00, 0x00, 0x00, 0x00, 0x00, 0x00, 0x00, 0x00, 0x00, 0x00, 0x00,
  0x00, 0x00, 0x00, 0x00, 0x00, 0x00, 0x00, 0x00, 0x00, 0x00, 0x00, 0x00,
  0x00, 0x00, 0x00, 0x00, 0x00, 0x00, 0x00, 0x00, 0x00, 0x00, 0x00, 0x00,
  0x00, 0x00, 0x00, 0x00, 0x00, 0x00, 0x00, 0x00, 0x00, 0x00, 0x00, 0x00,
  0x00, 0x00, 0x00, 0x00, 0x00, 0x00, 0x00, 0x00, 0x00, 0x00, 0x00, 0x00,
  0x00, 0x00, 0x00, 0x00, 0x00, 0x00, 0x00, 0x00, 0x00, 0x00, 0x00, 0x00,
  0x00, 0x00, 0x00, 0x00, 0x00, 0x00, 0x00, 0x00, 0x00, 0x00, 0x00, 0x00,
  0x00, 0x00, 0x00, 0x00, 0x00, 0x00, 0x00, 0x00, 0x00, 0x00, 0x00, 0x00,
  0x00, 0x00, 0x00, 0x00, 0x00, 0x00, 0x00, 0x00, 0x00, 0x00, 0x12, 0x92,
  0xff, 0xf6, 0xf5, 0xf6, 0xf9, 0xfa, 0xf7, 0xff, 0xa3, 0x0d, 0x00, 0x01,
  0x00, 0x00, 0x00, 0x00, 0x00, 0x00, 0x00, 0x00, 0x00, 0x00, 0x00, 0x00,
  0x00, 0x00, 0x00, 0x00, 0x00, 0x00, 0x00, 0x00, 0x00, 0x00, 0x00, 0x00,
  0x00, 0x00, 0x00, 0x00, 0x00, 0x00, 0x00, 0x00, 0x00, 0x00, 0x00, 0x00,
  0x00, 0x00, 0x00, 0x00, 0x00, 0x00, 0x00, 0x00, 0x00, 0x00, 0x00, 0x00,
  0x00, 0x00, 0x00, 0x00, 0x00, 0x00, 0x00, 0x00, 0x00, 0x00, 0x00, 0x00,
  0x00, 0x00, 0x00, 0x00, 0x00, 0x00, 0x00, 0x00, 0x00, 0x00, 0x00, 0x00,
  0x00, 0x00, 0x00, 0x00, 0x00, 0x00, 0x00, 0x00, 0x00, 0x00, 0x00, 0x00,
  0x00, 0x00, 0x00, 0x00, 0x00, 0x00, 0x00, 0x00, 0x00, 0x00, 0x00, 0x00,
  0x00, 0x00, 0x00, 0x00, 0x00, 0x00, 0x00, 0x00, 0x00, 0x00, 0x00, 0x00,
  0x00, 0x00, 0x00, 0x00, 0x00, 0x00, 0x00, 0x00, 0x00, 0x00, 0x00, 0x00,
  0x00, 0x00, 0x00, 0x00, 0x00, 0x00, 0x00, 0x00, 0x4b, 0xf4, 0xf8, 0xf7,
  0xf7, 0xf8, 0xfb, 0xfc, 0xf8, 0xff, 0xe6, 0x61, 0x00, 0x04, 0x00, 0x00,
  0x00, 0x00, 0x00, 0x00, 0x00, 0x00, 0x00, 0x00, 0x00, 0x00, 0x00, 0x00,
  0x00, 0x00, 0x00, 0x00, 0x00, 0x00, 0x00, 0x00, 0x00, 0x00, 0x00, 0x00,
  0x00, 0x00, 0x00, 0x00, 0x00, 0x00, 0x00, 0x00, 0x00, 0x00, 0x00, 0x00,
  0x00, 0x00, 0x00, 0x00, 0x00, 0x00, 0x00, 0x00, 0x00, 0x00, 0x00, 0x00,
  0x00, 0x00, 0x00, 0x00, 0x00, 0x00, 0x00, 0x00, 0x00, 0x00, 0x00, 0x00,
  0x00, 0x00, 0x00, 0x00, 0x00, 0x00, 0x00, 0x00, 0x00, 0x00, 0x00, 0x00,
  0x00, 0x00, 0x00, 0x00, 0x00, 0x00, 0x00, 0x00, 0x00, 0x00, 0x00, 0x00,
  0x00, 0x00, 0x00, 0x00, 0x00, 0x00, 0x00, 0x00, 0x00, 0x00, 0x00, 0x00,
  0x00, 0x00, 0x00, 0x00, 0x00, 0x00, 0x00, 0x00, 0x00, 0x00, 0x00, 0x00,
  0x00, 0x00, 0x00, 0x00, 0x00, 0x00, 0x00, 0x00, 0x00, 0x00, 0x00, 0x00,
  0x00, 0x00, 0x00, 0x02, 0x00, 0x1d, 0xb3, 0xff, 0xfb, 0xfb, 0xfb, 0xfb,
  0xfc, 0xfd, 0xf7, 0xf1, 0xff, 0xb7, 0x1b, 0x00, 0x01, 0x00, 0x00, 0x00,
  0x00, 0x00, 0x00, 0x00, 0x00, 0x00, 0x00, 0x00, 0x00, 0x00, 0x00, 0x00,
  0x00, 0x00, 0x00, 0x00, 0x00, 0x00, 0x00, 0x00, 0x00, 0x00, 0x00, 0x00,
  0x00, 0x00, 0x00, 0x00, 0x00, 0x00, 0x00, 0x00, 0x00, 0x00, 0x00, 0x00,
  0x00, 0x00, 0x00, 0x00, 0x00, 0x00, 0x00, 0x00, 0x00, 0x00, 0x00, 0x00,
  0x00, 0x00, 0x00, 0x00, 0x00, 0x00, 0x00, 0x00, 0x00, 0x00, 0x00, 0x00,
  0x00, 0x00, 0x00, 0x00, 0x00, 0x00, 0x00, 0x00, 0x00, 0x00, 0x00, 0x00,
  0x00, 0x00, 0x00, 0x00, 0x00, 0x00, 0x00, 0x00, 0x00, 0x00, 0x00, 0x00,
  0x00, 0x00, 0x00, 0x00, 0x00, 0x00, 0x00, 0x00, 0x00, 0x00, 0x00, 0x00,
  0x00, 0x00, 0x00, 0x00, 0x00, 0x00, 0x00, 0x00, 0x00, 0x00, 0x00, 0x00,
  0x00, 0x00, 0x00, 0x00, 0x00, 0x00, 0x00, 0x00, 0x00, 0x00, 0x00, 0x00,
  0x01, 0x00, 0x03, 0x67, 0xff, 0xf9, 0xfb, 0xfb, 0xfc, 0xfd, 0xff, 0xfc,
  0xf7, 0xf2, 0xfc, 0xf0, 0x7a, 0x00, 0x03, 0x00, 0x00, 0x00, 0x00, 0x00,
  0x00, 0x00, 0x00, 0x00, 0x00, 0x00, 0x00, 0x00, 0x00, 0x00, 0x00, 0x00,
  0x00, 0x00, 0x00, 0x00, 0x00, 0x00, 0x00, 0x00, 0x00, 0x00, 0x00, 0x00,
  0x00, 0x00, 0x00, 0x00, 0x00, 0x00, 0x00, 0x00, 0x00, 0x00, 0x00, 0x00,
  0x00, 0x00, 0x00, 0x00, 0x00, 0x00, 0x00, 0x00, 0x00, 0x00, 0x00, 0x00,
  0x00, 0x00, 0x00, 0x00, 0x00, 0x00, 0x00, 0x00, 0x00, 0x00, 0x00, 0x00,
  0x00, 0x00, 0x00, 0x00, 0x00, 0x00, 0x00, 0x00, 0x00, 0x00, 0x00, 0x00,
  0x00, 0x00, 0x00, 0x00, 0x00, 0x00, 0x00, 0x00, 0x00, 0x00, 0x00, 0x00,
  0x00, 0x00, 0x00, 0x00, 0x00, 0x00, 0x00, 0x00, 0x00, 0x00, 0x00, 0x00,
  0x00, 0x00, 0x00, 0x00, 0x00, 0x00, 0x00, 0x00, 0x00, 0x00, 0x00, 0x00,
  0x00, 0x00, 0x00, 0x00, 0x00, 0x00, 0x00, 0x00, 0x00, 0x00, 0x02, 0x00,
  0x37, 0xd4, 0xfa, 0xf7, 0xfb, 0xfc, 0xfd, 0xfe, 0xff, 0xfd, 0xf9, 0xf7,
  0xf6, 0xff, 0xcc, 0x28, 0x00, 0x01, 0x00, 0x00, 0x00, 0x00, 0x00, 0x00,
  0x00, 0x00, 0x00, 0x00, 0x00, 0x00, 0x00, 0x00, 0x00, 0x00, 0x00, 0x00,
  0x00, 0x00, 0x00, 0x00, 0x00, 0x00, 0x00, 0x00, 0x00, 0x00, 0x00, 0x00,
  0x00, 0x00, 0x00, 0x00, 0x00, 0x00, 0x00, 0x00, 0x00, 0x00, 0x00, 0x00,
  0x00, 0x00, 0x00, 0x00, 0x00, 0x00, 0x00, 0x00, 0x00, 0x00, 0x00, 0x00,
  0x00, 0x00, 0x00, 0x00, 0x00, 0x00, 0x00, 0x00, 0x00, 0x00, 0x00, 0x00,
  0x00, 0x00, 0x00, 0x00, 0x00, 0x00, 0x00, 0x00, 0x00, 0x00, 0x00, 0x00,
  0x00, 0x00, 0x00, 0x00, 0x00, 0x00, 0x00, 0x00, 0x00, 0x00, 0x00, 0x00,
  0x00, 0x00, 0x00, 0x00, 0x00, 0x00, 0x00, 0x00, 0x00, 0x00, 0x00, 0x00,
  0x00, 0x00, 0x00, 0x00, 0x00, 0x00, 0x00, 0x00, 0x00, 0x00, 0x00, 0x00,
  0x00, 0x00, 0x00, 0x00, 0x00, 0x00, 0x00, 0x02, 0x00, 0x14, 0x95, 0xff,
  0xf1, 0xf6, 0xf9, 0xfc, 0xfe, 0xfe, 0xff, 0xfd, 0xfb, 0xfb, 0xf9, 0xff,
  0xf8, 0x8a, 0x00, 0x03, 0x00, 0x00, 0x00, 0x00, 0x00, 0x00, 0x00, 0x00,
  0x00, 0x00, 0x00, 0x00, 0x00, 0x00, 0x00, 0x00, 0x00, 0x00, 0x00, 0x00,
  0x00, 0x00, 0x00, 0x00, 0x00, 0x00, 0x00, 0x00, 0x00, 0x00, 0x00, 0x00,
  0x00, 0x00, 0x00, 0x00, 0x00, 0x00, 0x00, 0x00, 0x00, 0x00, 0x00, 0x00,
  0x00, 0x00, 0x00, 0x00, 0x00, 0x00, 0x00, 0x00, 0x00, 0x00, 0x00, 0x00,
  0x00, 0x00, 0x00, 0x00, 0x00, 0x00, 0x00, 0x00, 0x00, 0x00, 0x00, 0x00,
  0x00, 0x00, 0x00, 0x00, 0x00, 0x00, 0x00, 0x00, 0x00, 0x00, 0x00, 0x00,
  0x00, 0x00, 0x00, 0x00, 0x00, 0x00, 0x00, 0x00, 0x00, 0x00, 0x00, 0x00,
  0x00, 0x00, 0x00, 0x00, 0x00, 0x00, 0x00, 0x00, 0x00, 0x00, 0x00, 0x00,
  0x00, 0x00, 0x00, 0x00, 0x00, 0x00, 0x00, 0x00, 0x00, 0x00, 0x00, 0x00,
  0x00, 0x00, 0x00, 0x00, 0x00, 0x02, 0x00, 0x58, 0xed, 0xf9, 0xf4, 0xf5,
  0xf8, 0xfc, 0xfe, 0xff, 0xfe, 0xfd, 0xfd, 0xfc, 0xfc, 0xf8, 0xff, 0xd7,
  0x30, 0x00, 0x00, 0x00, 0x00, 0x00, 0x00, 0x00, 0x00, 0x00, 0x00, 0x00,
  0x00, 0x00, 0x00, 0x00, 0x00, 0x00, 0x00, 0x00, 0x00, 0x00, 0x00, 0x00,
  0x00, 0x00, 0x00, 0x00, 0x00, 0x00, 0x00, 0x00, 0x00, 0x00, 0x00, 0x00,
  0x00, 0x00, 0x00, 0x00, 0x00, 0x00, 0x00, 0x00, 0x00, 0x00, 0x00, 0x00,
  0x00, 0x00, 0x00, 0x00, 0x00, 0x00, 0x00, 0x00, 0x00, 0x00, 0x00, 0x00,
  0x00, 0x00, 0x00, 0x00, 0x00, 0x00, 0x00, 0x00, 0x00, 0x00, 0x00, 0x00,
  0x00, 0x00, 0x00, 0x00, 0x00, 0x00, 0x00, 0x00, 0x00, 0x00, 0x00, 0x00,
  0x00, 0x00, 0x00, 0x00, 0x00, 0x00, 0x00, 0x00, 0x00, 0x00, 0x00, 0x00,
  0x00, 0x00, 0x00, 0x00, 0x00, 0x00, 0x00, 0x00, 0x00, 0x00, 0x00, 0x00,
  0x00, 0x00, 0x00, 0x00, 0x00, 0x00, 0x00, 0x00, 0x00, 0x00, 0x00, 0x00,
  0x00, 0x00, 0x04, 0x00, 0x2a, 0xb8, 0xff, 0xf2, 0xf7, 0xf8, 0xf9, 0xfc,
  0xfd, 0xfe, 0xfd, 0xfe, 0xfe, 0xfd, 0xfc, 0xf6, 0xfb, 0xf7, 0x94, 0x00,
  0x01, 0x00, 0x00, 0x00, 0x00, 0x00, 0x00, 0x00, 0x00, 0x00, 0x00, 0x00,
  0x00, 0x00, 0x00, 0x00, 0x00, 0x00, 0x00, 0x00, 0x00, 0x00, 0x00, 0x00,
  0x00, 0x00, 0x00, 0x00, 0x00, 0x00, 0x00, 0x00, 0x00, 0x00, 0x00, 0x00,
  0x00, 0x00, 0x00, 0x00, 0x00, 0x00, 0x00, 0x00, 0x00, 0x00, 0x00, 0x00,
  0x00, 0x00, 0x00, 0x00, 0x00, 0x00, 0x00, 0x00, 0x00, 0x00, 0x00, 0x00,
  0x00, 0x00, 0x00, 0x00, 0x00, 0x00, 0x00, 0x00, 0x00, 0x00, 0x00, 0x00,
  0x00, 0x00, 0x00, 0x00, 0x00, 0x00, 0x00, 0x00, 0x00, 0x00, 0x00, 0x00,
  0x00, 0x00, 0x00, 0x00, 0x00, 0x00, 0x00, 0x00, 0x00, 0x00, 0x00, 0x00,
  0x00, 0x00, 0x00, 0x00, 0x00, 0x00, 0x00, 0x00, 0x00, 0x00, 0x00, 0x00,
  0x00, 0x00, 0x00, 0x00, 0x00, 0x00, 0x00, 0x00, 0x00, 0x00, 0x00, 0x01,
  0x00, 0x03, 0x7f, 0xfd, 0xf4, 0xf6, 0xf9, 0xf9, 0xfa, 0xfb, 0xfc, 0xfd,
  0xfd, 0xfe, 0xff, 0xfe, 0xfa, 0xf5, 0xf1, 0xfe, 0xde, 0x35, 0x00, 0x00,
  0x00, 0x00, 0x00, 0x00, 0x00, 0x00, 0x00, 0x00, 0x00, 0x00, 0x00, 0x00,
  0x00, 0x00, 0x00, 0x00, 0x00, 0x00, 0x00, 0x00, 0x00, 0x00, 0x00, 0x00,
  0x00, 0x00, 0x00, 0x00, 0x00, 0x00, 0x00, 0x00, 0x00, 0x00, 0x00, 0x00,
  0x00, 0x00, 0x00, 0x00, 0x00, 0x00, 0x00, 0x00, 0x00, 0x00, 0x00, 0x00,
  0x00, 0x00, 0x00, 0x00, 0x00, 0x00, 0x00, 0x00, 0x00, 0x00, 0x00, 0x00,
  0x00, 0x00, 0x00, 0x00, 0x00, 0x00, 0x00, 0x00, 0x00, 0x00, 0x00, 0x00,
  0x00, 0x00, 0x00, 0x00, 0x00, 0x00, 0x00, 0x00, 0x00, 0x00, 0x00, 0x00,
  0x00, 0x00, 0x00, 0x00, 0x00, 0x00, 0x00, 0x00, 0x00, 0x00, 0x00, 0x00,
  0x00, 0x00, 0x00, 0x00, 0x00, 0x00, 0x00, 0x00, 0x00, 0x00, 0x00, 0x00,
  0x00, 0x00, 0x00, 0x00, 0x00, 0x00, 0x00, 0x00, 0x00, 0x04, 0x00, 0x49,
  0xd6, 0xff, 0xf2, 0xf8, 0xf9, 0xfa, 0xfb, 0xfb, 0xfc, 0xfd, 0xfd, 0xfe,
  0xff, 0xfe, 0xfb, 0xf8, 0xf5, 0xfc, 0xfa, 0x9c, 0x02, 0x00, 0x00, 0x00,
  0x00, 0x00, 0x00, 0x00, 0x00, 0x00, 0x00, 0x00, 0x00, 0x00, 0x00, 0x00,
  0x00, 0x00, 0x00, 0x00, 0x00, 0x00, 0x00, 0x00, 0x00, 0x00, 0x00, 0x00,
  0x00, 0x00, 0x00, 0x00, 0x00, 0x00, 0x00, 0x00, 0x00, 0x00, 0x00, 0x00,
  0x00, 0x00, 0x00, 0x00, 0x00, 0x00, 0x00, 0x00, 0x00, 0x00, 0x00, 0x00,
  0x00, 0x00, 0x00, 0x00, 0x00, 0x00, 0x00, 0x00, 0x00, 0x00, 0x00, 0x00,
  0x00, 0x00, 0x00, 0x00, 0x00, 0x00, 0x00, 0x00, 0x00, 0x00, 0x00, 0x00,
  0x00, 0x00, 0x00, 0x00, 0x00, 0x00, 0x00, 0x00, 0x00, 0x00, 0x00, 0x00,
  0x00, 0x00, 0x00, 0x00, 0x00, 0x00, 0x00, 0x00, 0x00, 0x00, 0x00, 0x00,
  0x00, 0x00, 0x00, 0x00, 0x00, 0x00, 0x00, 0x00, 0x00, 0x00, 0x00, 0x00,
  0x00, 0x00, 0x00, 0x00, 0x00, 0x00, 0x02, 0x00, 0x15, 0xa4, 0xff, 0xf2,
  0xf6, 0xf8, 0xf9, 0xf9, 0xfa, 0xfa, 0xfb, 0xfc, 0xfd, 0xfe, 0xfe, 0xfe,
  0xfd, 0xfb, 0xfb, 0xf8, 0xff, 0xe4, 0x36, 0x00, 0x00, 0x00, 0x00, 0x00,
  0x00, 0x00, 0x00, 0x00, 0x00, 0x00, 0x00, 0x00, 0x00, 0x00, 0x00, 0x00,
  0x00, 0x00, 0x00, 0x00, 0x00, 0x00, 0x00, 0x00, 0x00, 0x00, 0x00, 0x00,
  0x00, 0x00, 0x00, 0x00, 0x00, 0x00, 0x00, 0x00, 0x00, 0x00, 0x00, 0x00,
  0x00, 0x00, 0x00, 0x00, 0x00, 0x00, 0x00, 0x00, 0x00, 0x00, 0x00, 0x00,
  0x00, 0x00, 0x00, 0x00, 0x00, 0x00, 0x00, 0x00, 0x00, 0x00, 0x00, 0x00,
  0x00, 0x00, 0x00, 0x00, 0x00, 0x00, 0x00, 0x00, 0x00, 0x00, 0x00, 0x00,
  0x00, 0x00, 0x00, 0x00, 0x00, 0x00, 0x00, 0x00, 0x00, 0x00, 0x00, 0x00,
  0x00, 0x00, 0x00, 0x00, 0x00, 0x00, 0x00, 0x00, 0x00, 0x00, 0x00, 0x00,
  0x00, 0x00, 0x00, 0x00, 0x00, 0x00, 0x00, 0x00, 0x00, 0x00, 0x00, 0x00,
  0x00, 0x00, 0x00, 0x00, 0x03, 0x00, 0x68, 0xea, 0xff, 0xf4, 0xf8, 0xf8,
  0xf9, 0xf9, 0xf9, 0xfa, 0xfb, 0xfc, 0xfd, 0xfd, 0xfe, 0xfe, 0xfd, 0xfc,
  0xfc, 0xf9, 0xfb, 0xf8, 0x9d, 0x02, 0x00, 0x00, 0x00, 0x00, 0x00, 0x00,
  0x00, 0x00, 0x00, 0x00, 0x00, 0x00, 0x00, 0x00, 0x00, 0x00, 0x00, 0x00,
  0x00, 0x00, 0x00, 0x00, 0x00, 0x00, 0x00, 0x00, 0x00, 0x00, 0x00, 0x00,
  0x00, 0x00, 0x00, 0x00, 0x00, 0x00, 0x00, 0x00, 0x00, 0x00, 0x00, 0x00,
  0x00, 0x00, 0x00, 0x00, 0x00, 0x00, 0x00, 0x00, 0x00, 0x00, 0x00, 0x00,
  0x00, 0x00, 0x00, 0x00, 0x00, 0x00, 0x00, 0x00, 0x00, 0x00, 0x00, 0x00,
  0x00, 0x00, 0x00, 0x00, 0x00, 0x00, 0x00, 0x00, 0x00, 0x00, 0x00, 0x00,
  0x00, 0x00, 0x00, 0x00, 0x00, 0x00, 0x00, 0x00, 0x00, 0x00, 0x00, 0x00,
  0x00, 0x00, 0x00, 0x00, 0x00, 0x00, 0x00, 0x00, 0x00, 0x00, 0x00, 0x00,
  0x00, 0x00, 0x00, 0x00, 0x00, 0x00, 0x00, 0x00, 0x00, 0x00, 0x00, 0x00,
  0x00, 0x02, 0x00, 0x29, 0xbf, 0xff, 0xf0, 0xf6, 0xf8, 0xf9, 0xf9, 0xfa,
  0xfa, 0xfa, 0xfc, 0xfb, 0xfc, 0xfd, 0xfd, 0xfd, 0xfd, 0xfc, 0xfb, 0xf9,
  0xf6, 0xf9, 0xe8, 0x31, 0x00, 0x00, 0x00, 0x00, 0x00, 0x00, 0x00, 0x00,
  0x00, 0x00, 0x00, 0x00, 0x00, 0x00, 0x00, 0x00, 0x00, 0x00, 0x00, 0x00,
  0x00, 0x00, 0x00, 0x00, 0x00, 0x00, 0x00, 0x00, 0x00, 0x00, 0x00, 0x00,
  0x00, 0x00, 0x00, 0x00, 0x00, 0x00, 0x00, 0x00, 0x00, 0x00, 0x00, 0x00,
  0x00, 0x00, 0x00, 0x00, 0x00, 0x00, 0x00, 0x00, 0x00, 0x00, 0x00, 0x00,
  0x00, 0x00, 0x00, 0x00, 0x00, 0x00, 0x00, 0x00, 0x00, 0x00, 0x00, 0x00,
  0x00, 0x00, 0x00, 0x00, 0x00, 0x00, 0x00, 0x00, 0x00, 0x00, 0x00, 0x00,
  0x00, 0x00, 0x00, 0x00, 0x00, 0x00, 0x00, 0x00, 0x00, 0x00, 0x00, 0x00,
  0x00, 0x00, 0x00, 0x00, 0x00, 0x00, 0x00, 0x00, 0x00, 0x00, 0x00, 0x00,
  0x00, 0x00, 0x00, 0x00, 0x00, 0x00, 0x00, 0x00, 0x00, 0x00, 0x00, 0x01,
  0x06, 0x8e, 0xf6, 0xf9, 0xf3, 0xf7, 0xf9, 0xfa, 0xfa, 0xfa, 0xfb, 0xfa,
  0xfb, 0xfc, 0xfc, 0xfc, 0xfc, 0xfc, 0xfc, 0xfb, 0xfa, 0xf8, 0xf5, 0xf7,
  0xf7, 0xa1, 0x0c, 0x00, 0x00, 0x00, 0x00, 0x00, 0x00, 0x00, 0x00, 0x00,
  0x00, 0x00, 0x00, 0x00, 0x00, 0x00, 0x00, 0x00, 0x00, 0x00, 0x00, 0x00,
  0x00, 0x00, 0x00, 0x00, 0x00, 0x00, 0x00, 0x00, 0x00, 0x00, 0x00, 0x00,
  0x00, 0x00, 0x00, 0x00, 0x00, 0x00, 0x00, 0x00, 0x00, 0x00, 0x00, 0x00,
  0x00, 0x00, 0x00, 0x00, 0x00, 0x00, 0x00, 0x00, 0x00, 0x00, 0x00, 0x00,
  0x00, 0x00, 0x00, 0x00, 0x00, 0x00, 0x00, 0x00, 0x00, 0x00, 0x00, 0x00,
  0x00, 0x00, 0x00, 0x00, 0x00, 0x00, 0x00, 0x00, 0x00, 0x00, 0x00, 0x00,
  0x00, 0x00, 0x00, 0x00, 0x00, 0x00, 0x00, 0x00, 0x00, 0x00, 0x00, 0x00,
  0x00, 0x00, 0x00, 0x00, 0x00, 0x00, 0x00, 0x00, 0x00, 0x00, 0x00, 0x00,
  0x00, 0x00, 0x00, 0x00, 0x00, 0x00, 0x00, 0x00, 0x02, 0x00, 0x4a, 0xde,
  0xff, 0xf3, 0xf6, 0xf7, 0xf9, 0xfb, 0xfb, 0xfb, 0xfa, 0xfb, 0xfa, 0xfb,
  0xfb, 0xfb, 0xfb, 0xfb, 0xfb, 0xfa, 0xf9, 0xf7, 0xf6, 0xf6, 0xf9, 0xf9,
  0x4b, 0x00, 0x00, 0x00, 0x00, 0x00, 0x00, 0x00, 0x00, 0x00, 0x00, 0x00,
  0x00, 0x00, 0x00, 0x00, 0x00, 0x00, 0x00, 0x00, 0x00, 0x00, 0x00, 0x00,
  0x00, 0x00, 0x00, 0x00, 0x00, 0x00, 0x00, 0x00, 0x00, 0x00, 0x00, 0x00,
  0x00, 0x00, 0x00, 0x00, 0x00, 0x00, 0x00, 0x00, 0x00, 0x00, 0x00, 0x00,
  0x00, 0x00, 0x00, 0x00, 0x00, 0x00, 0x00, 0x00, 0x00, 0x00, 0x00, 0x00,
  0x00, 0x00, 0x00, 0x00, 0x00, 0x00, 0x00, 0x00, 0x00, 0x00, 0x00, 0x00,
  0x00, 0x00, 0x00, 0x00, 0x00, 0x00, 0x00, 0x00, 0x00, 0x00, 0x00, 0x00,
  0x00, 0x00, 0x00, 0x00, 0x00, 0x00, 0x00, 0x00, 0x00, 0x00, 0x00, 0x00,
  0x00, 0x00, 0x00, 0x00, 0x00, 0x00, 0x00, 0x00, 0x00, 0x00, 0x00, 0x00,
  0x00, 0x00, 0x00, 0x00, 0x00, 0x00, 0x00, 0x18, 0xb4, 0xff, 0xfc, 0xfa,
  0xf9, 0xf9, 0xfb, 0xfc, 0xfb, 0xfb, 0xfb, 0xfb, 0xfa, 0xfa, 0xfa, 0xfa,
  0xfa, 0xfb, 0xfa, 0xf9, 0xf9, 0xf8, 0xf8, 0xf8, 0xf9, 0xfc, 0xc3, 0x20,
  0x00, 0x00, 0x00, 0x00, 0x00, 0x00, 0x00, 0x00, 0x00, 0x00, 0x00, 0x00,
  0x00, 0x00, 0x00, 0x00, 0x00, 0x00, 0x00, 0x00, 0x00, 0x00, 0x00, 0x00,
  0x00, 0x00, 0x00, 0x00, 0x00, 0x00, 0x00, 0x00, 0x00, 0x00, 0x00, 0x00,
  0x00, 0x00, 0x00, 0x00, 0x00, 0x00, 0x00, 0x00, 0x00, 0x00, 0x00, 0x00,
  0x00, 0x00, 0x00, 0x00, 0x00, 0x00, 0x00, 0x00, 0x00, 0x00, 0x00, 0x00,
  0x00, 0x00, 0x00, 0x00, 0x00, 0x00, 0x00, 0x00, 0x00, 0x00, 0x00, 0x00,
  0x00, 0x00, 0x00, 0x00, 0x00, 0x00, 0x00, 0x00, 0x00, 0x00, 0x00, 0x00,
  0x00, 0x00, 0x00, 0x00, 0x00, 0x00, 0x00, 0x00, 0x00, 0x00, 0x00, 0x00,
  0x00, 0x00, 0x00, 0x00, 0x00, 0x00, 0x00, 0x00, 0x00, 0x00, 0x00, 0x00,
  0x00, 0x00, 0x00, 0x00, 0x03, 0x74, 0xef, 0xff, 0xfb, 0xfd, 0xfc, 0xfb,
  0xfc, 0xfc, 0xfc, 0xfb, 0xfa, 0xfb, 0xfa, 0xf9, 0xfa, 0xfb, 0xfb, 0xfa,
  0xf9, 0xf9, 0xf8, 0xf8, 0xf9, 0xfa, 0xf9, 0xf9, 0xff, 0x6a, 0x04, 0x00,
  0x01, 0x00, 0x00, 0x00, 0x00, 0x00, 0x00, 0x00, 0x00, 0x00, 0x00, 0x00,
  0x00, 0x00, 0x00, 0x00, 0x00, 0x00, 0x00, 0x00, 0x00, 0x00, 0x00, 0x00,
  0x00, 0x00, 0x00, 0x00, 0x00, 0x00, 0x00, 0x00, 0x00, 0x00, 0x00, 0x00,
  0x00, 0x00, 0x00, 0x00, 0x00, 0x00, 0x00, 0x00, 0x00, 0x00, 0x00, 0x00,
  0x00, 0x00, 0x00, 0x00, 0x00, 0x00, 0x00, 0x00, 0x00, 0x00, 0x00, 0x00,
  0x00, 0x00, 0x00, 0x00, 0x00, 0x00, 0x00, 0x00, 0x00, 0x00, 0x00, 0x00,
  0x00, 0x00, 0x00, 0x00, 0x00, 0x00, 0x00, 0x00, 0x00, 0x00, 0x00, 0x00,
  0x00, 0x00, 0x00, 0x00, 0x00, 0x00, 0x00, 0x00, 0x00, 0x00, 0x00, 0x00,
  0x00, 0x00, 0x00, 0x00, 0x00, 0x00, 0x00, 0x00, 0x00, 0x00, 0x00, 0x00,
  0x00, 0x00, 0x28, 0xd5, 0xff, 0xfa, 0xfc, 0xfd, 0xfe, 0xfd, 0xfc, 0xfc,
  0xfb, 0xfb, 0xfa, 0xfa, 0xfa, 0xfb, 0xfa, 0xf9, 0xfa, 0xf9, 0xfa, 0xf9,
  0xf9, 0xfa, 0xf9, 0xfa, 0xf9, 0xf8, 0xfd, 0xd9, 0x34, 0x00, 0x01, 0x00,
  0x00, 0x00, 0x00, 0x00, 0x00, 0x00, 0x00, 0x00, 0x00, 0x00, 0x00, 0x00,
  0x00, 0x00, 0x00, 0x00, 0x00, 0x00, 0x00, 0x00, 0x00, 0x00, 0x00, 0x00,
  0x00, 0x00, 0x00, 0x00, 0x00, 0x00, 0x00, 0x00, 0x00, 0x00, 0x00, 0x00,
  0x00, 0x00, 0x00, 0x00, 0x00, 0x00, 0x00, 0x00, 0x00, 0x00, 0x00, 0x00,
  0x00, 0x00, 0x00, 0x00, 0x00, 0x00, 0x00, 0x00, 0x00, 0x00, 0x00, 0x00,
  0x00, 0x00, 0x00, 0x00, 0x00, 0x00, 0x00, 0x00, 0x00, 0x00, 0x00, 0x00,
  0x00, 0x00, 0x00, 0x00, 0x00, 0x00, 0x00, 0x00, 0x00, 0x00, 0x00, 0x00,
  0x00, 0x00, 0x00, 0x00, 0x00, 0x00, 0x00, 0x00, 0x00, 0x00, 0x00, 0x00,
  0x00, 0x00, 0x00, 0x00, 0x00, 0x00, 0x00, 0x00, 0x00, 0x00, 0x00, 0x05,
  0x8e, 0xf8, 0xfd, 0xf5, 0xfa, 0xfc, 0xfe, 0xfe, 0xfd, 0xfc, 0xfb, 0xfb,
  0xfa, 0xfa, 0xfb, 0xfb, 0xfb, 0xfa, 0xfa, 0xfa, 0xfa, 0xf9, 0xf9, 0xfa,
  0xfa, 0xf9, 0xf8, 0xf7, 0xf8, 0xff, 0x82, 0x0b, 0x00, 0x01, 0x00, 0x00,
  0x00, 0x00, 0x00, 0x00, 0x00, 0x00, 0x00, 0x00, 0x00, 0x00, 0x00, 0x00,
  0x00, 0x00, 0x00, 0x00, 0x00, 0x00, 0x00, 0x00, 0x00, 0x00, 0x00, 0x00,
  0x00, 0x00, 0x00, 0x00, 0x00, 0x00, 0x00, 0x00, 0x00, 0x00, 0x00, 0x00,
  0x00, 0x00, 0x00, 0x00, 0x00, 0x00, 0x00, 0x00, 0x00, 0x00, 0x00, 0x00,
  0x00, 0x00, 0x00, 0x00, 0x00, 0x00, 0x00, 0x00, 0x00, 0x00, 0x00, 0x00,
  0x00, 0x00, 0x00, 0x00, 0x00, 0x00, 0x00, 0x00, 0x00, 0x00, 0x00, 0x00,
  0x00, 0x00, 0x00, 0x00, 0x00, 0x00, 0x00, 0x00, 0x00, 0x00, 0x00, 0x00,
  0x00, 0x00, 0x00, 0x00, 0x00, 0x00, 0x00, 0x00, 0x00, 0x00, 0x00, 0x00,
  0x00, 0x00, 0x00, 0x00, 0x00, 0x00, 0x00, 0x00, 0x01, 0x32, 0xe1, 0xff,
  0xf7, 0xf6, 0xf9, 0xfc, 0xfe, 0xfe, 0xfd, 0xfc, 0xfb, 0xfb, 0xfa, 0xfa,
  0xfa, 0xfb, 0xfa, 0xf9, 0xfa, 0xfa, 0xf9, 0xf9, 0xfa, 0xfb, 0xfb, 0xfa,
  0xf8, 0xf8, 0xf8, 0xfe, 0xe4, 0x41, 0x00, 0x01, 0x00, 0x00, 0x00, 0x00,
  0x00, 0x00, 0x00, 0x00, 0x00, 0x00, 0x00, 0x00, 0x00, 0x00, 0x00, 0x00,
  0x00, 0x00, 0x00, 0x00, 0x00, 0x00, 0x00, 0x00, 0x00, 0x00, 0x00, 0x00,
  0x00, 0x00, 0x00, 0x00, 0x00, 0x00, 0x00, 0x00, 0x00, 0x00, 0x00, 0x00,
  0x00, 0x00, 0x00, 0x00, 0x00, 0x00, 0x00, 0x00, 0x00, 0x00, 0x00, 0x00,
  0x00, 0x00, 0x00, 0x00, 0x00, 0x00, 0x00, 0x00, 0x00, 0x00, 0x00, 0x00,
  0x00, 0x00, 0x00, 0x00, 0x00, 0x00, 0x00, 0x00, 0x00, 0x00, 0x00, 0x00,
  0x00, 0x00, 0x00, 0x00, 0x00, 0x00, 0x00, 0x00, 0x00, 0x00, 0x00, 0x00,
  0x00, 0x00, 0x00, 0x00, 0x00, 0x00, 0x00, 0x00, 0x00, 0x00, 0x00, 0x00,
  0x00, 0x00, 0x00, 0x00, 0x00, 0x00, 0x06, 0x99, 0xfb, 0xfe, 0xf9, 0xf9,
  0xfb, 0xfd, 0xfe, 0xfe, 0xfd, 0xfc, 0xfc, 0xfb, 0xfa, 0xfa, 0xfb, 0xfb,
  0xfa, 0xfa, 0xfb, 0xfa, 0xf9, 0xf9, 0xfa, 0xfb, 0xfc, 0xfb, 0xfb, 0xfa,
  0xfa, 0xf5, 0xff, 0x8c, 0x11, 0x00, 0x01, 0x00, 0x00, 0x00, 0x00, 0x00,
  0x00, 0x00, 0x00, 0x00, 0x00, 0x00, 0x00, 0x00, 0x00, 0x00, 0x00, 0x00,
  0x00, 0x00, 0x00, 0x00, 0x00, 0x00, 0x00, 0x00, 0x00, 0x00, 0x00, 0x00,
  0x00, 0x00, 0x00, 0x00, 0x00, 0x00, 0x00, 0x00, 0x00, 0x00, 0x00, 0x00,
  0x00, 0x00, 0x00, 0x00, 0x00, 0x00, 0x00, 0x00, 0x00, 0x00, 0x00, 0x00,
  0x00, 0x00, 0x00, 0x00, 0x00, 0x00, 0x00, 0x00, 0x00, 0x00, 0x00, 0x00,
  0x00, 0x00, 0x00, 0x00, 0x00, 0x00, 0x00, 0x00, 0x00, 0x00, 0x00, 0x00,
  0x00, 0x00, 0x00, 0x00, 0x00, 0x00, 0x00, 0x00, 0x00, 0x00, 0x00, 0x00,
  0x00, 0x00, 0x00, 0x00, 0x00, 0x00, 0x00, 0x00, 0x00, 0x00, 0x00, 0x00,
  0x00, 0x00, 0x00, 0x00, 0x3f, 0xe7, 0xfb, 0xfa, 0xfc, 0xfd, 0xfd, 0xfe,
  0xfe, 0xfe, 0xfd, 0xfc, 0xfb, 0xfb, 0xfb, 0xfb, 0xfa, 0xfa, 0xfa, 0xfa,
  0xfa, 0xfa, 0xf9, 0xfa, 0xfa, 0xfb, 0xfc, 0xfc, 0xfd, 0xfd, 0xfb, 0xf5,
  0xfb, 0xe7, 0x4d, 0x00, 0x02, 0x00, 0x00, 0x00, 0x00, 0x00, 0x00, 0x00,
  0x00, 0x00, 0x00, 0x00, 0x00, 0x00, 0x00, 0x00, 0x00, 0x00, 0x00, 0x00,
  0x00, 0x00, 0x00, 0x00, 0x00, 0x00, 0x00, 0x00, 0x00, 0x00, 0x00, 0x00,
  0x00, 0x00, 0x00, 0x00, 0x00, 0x00, 0x00, 0x00, 0x00, 0x00, 0x00, 0x00,
  0x00, 0x00, 0x00, 0x00, 0x00, 0x00, 0x00, 0x00, 0x00, 0x00, 0x00, 0x00,
  0x00, 0x00, 0x00, 0x00, 0x00, 0x00, 0x00, 0x00, 0x00, 0x00, 0x00, 0x00,
  0x00, 0x00, 0x00, 0x00, 0x00, 0x00, 0x00, 0x00, 0x00, 0x00, 0x00, 0x00,
  0x00, 0x00, 0x00, 0x00, 0x00, 0x00, 0x00, 0x00, 0x00, 0x00, 0x00, 0x00,
  0x00, 0x00, 0x00, 0x00, 0x00, 0x00, 0x00, 0x00, 0x00, 0x00, 0x00, 0x00,
  0x00, 0x14, 0xac, 0xf8, 0xf8, 0xf9, 0xfc, 0xfd, 0xfd, 0xfe, 0xfe, 0xfd,
  0xfd, 0xfc, 0xfc, 0xfb, 0xfa, 0xfa, 0xfa, 0xfa, 0xfa, 0xf9, 0xf9, 0xfa,
  0xf9, 0xfa, 0xfb, 0xfb, 0xfc, 0xfd, 0xfe, 0xfe, 0xfb, 0xf8, 0xf0, 0xff,
  0x9e, 0x18, 0x00, 0x02, 0x00, 0x00, 0x00, 0x00, 0x00, 0x00, 0x00, 0x00,
  0x00, 0x00, 0x00, 0x00, 0x00, 0x00, 0x00, 0x00, 0x00, 0x00, 0x00, 0x00,
  0x00, 0x00, 0x00, 0x00, 0x00, 0x00, 0x00, 0x00, 0x00, 0x00, 0x00, 0x00,
  0x00, 0x00, 0x00, 0x00, 0x00, 0x00, 0x00, 0x00, 0x00, 0x00, 0x00, 0x00,
  0x00, 0x00, 0x00, 0x00, 0x00, 0x00, 0x00, 0x00, 0x00, 0x00, 0x00, 0x00,
  0x00, 0x00, 0x00, 0x00, 0x00, 0x00, 0x00, 0x00, 0x00, 0x00, 0x00, 0x00,
  0x00, 0x00, 0x00, 0x00, 0x00, 0x00, 0x00, 0x00, 0x00, 0x00, 0x00, 0x00,
  0x00, 0x00, 0x00, 0x00, 0x00, 0x00, 0x00, 0x00, 0x00, 0x00, 0x00, 0x00,
  0x00, 0x00, 0x00, 0x00, 0x00, 0x00, 0x00, 0x00, 0x00, 0x00, 0x03, 0x5e,
  0xf4, 0xf6, 0xf7, 0xf9, 0xfb, 0xfc, 0xfd, 0xfd, 0xfd, 0xfe, 0xfd, 0xfc,
  0xfc, 0xfb, 0xfb, 0xfb, 0xfb, 0xfb, 0xfa, 0xf9, 0xf9, 0xf9, 0xf9, 0xfa,
  0xfb, 0xfb, 0xfc, 0xfd, 0xfe, 0xfd, 0xfb, 0xf9, 0xf4, 0xfc, 0xef, 0x5a,
  0x00, 0x03, 0x00, 0x00, 0x00, 0x00, 0x00, 0x00, 0x00, 0x00, 0x00, 0x00,
  0x00, 0x00, 0x00, 0x00, 0x00, 0x00, 0x00, 0x00, 0x00, 0x00, 0x00, 0x00,
  0x00, 0x00, 0x00, 0x00, 0x00, 0x00, 0x00, 0x00, 0x00, 0x00, 0x00, 0x00,
  0x00, 0x00, 0x00, 0x00, 0x00, 0x00, 0x00, 0x00, 0x00, 0x00, 0x00, 0x00,
  0x00, 0x00, 0x00, 0x00, 0x00, 0x00, 0x00, 0x00, 0x00, 0x00, 0x00, 0x00,
  0x00, 0x00, 0x00, 0x00, 0x00, 0x00, 0x00, 0x00, 0x00, 0x00, 0x00, 0x00,
  0x00, 0x00, 0x00, 0x00, 0x00, 0x00, 0x00, 0x00, 0x00, 0x00, 0x00, 0x00,
  0x00, 0x00, 0x00, 0x00, 0x00, 0x00, 0x00, 0x00, 0x00, 0x00, 0x00, 0x00,
  0x00, 0x00, 0x00, 0x00, 0x00, 0x00, 0x00, 0x00, 0x22, 0xc8, 0xfa, 0xf6,
  0xf7, 0xf9, 0xfa, 0xfb, 0xfc, 0xfc, 0xfd, 0xfd, 0xfd, 0xfc, 0xfc, 0xfc,
  0xfc, 0xfc, 0xfb, 0xfa, 0xfa, 0xfa, 0xfa, 0xfa, 0xfa, 0xfa, 0xfb, 0xfb,
  0xfc, 0xfd, 0xfd, 0xfe, 0xfb, 0xf9, 0xf9, 0xf2, 0xff, 0xa6, 0x17, 0x00,
  0x02, 0x00, 0x00, 0x00, 0x00, 0x00, 0x00, 0x00, 0x00, 0x00, 0x00, 0x00,
  0x00, 0x00, 0x00, 0x00, 0x00, 0x00, 0x00, 0x00, 0x00, 0x00, 0x00, 0x00,
  0x00, 0x00, 0x00, 0x00, 0x00, 0x00, 0x00, 0x00, 0x00, 0x00, 0x00, 0x00,
  0x00, 0x00, 0x00, 0x00, 0x00, 0x00, 0x00, 0x00, 0x00, 0x00, 0x00, 0x00,
  0x00, 0x00, 0x00, 0x00, 0x00, 0x00, 0x00, 0x00, 0x00, 0x00, 0x00, 0x00,
  0x00, 0x00, 0x00, 0x00, 0x00, 0x00, 0x00, 0x00, 0x00, 0x00, 0x00, 0x00,
  0x00, 0x00, 0x00, 0x00, 0x00, 0x00, 0x00, 0x00, 0x00, 0x00, 0x00, 0x00,
  0x00, 0x00, 0x00, 0x00, 0x00, 0x00, 0x00, 0x00, 0x00, 0x00, 0x00, 0x00,
  0x00, 0x00, 0x00, 0x01, 0x00, 0x08, 0x76, 0xfd, 0xf2, 0xf6, 0xf7, 0xf8,
  0xf9, 0xfa, 0xfb, 0xfc, 0xfc, 0xfd, 0xfd, 0xfc, 0xfd, 0xfd, 0xfb, 0xfb,
  0xfa, 0xfa, 0xfb, 0xfb, 0xfb, 0xfa, 0xfb, 0xfb, 0xfb, 0xfc, 0xfc, 0xfd,
  0xfe, 0xfe, 0xfc, 0xfa, 0xfa, 0xf5, 0xf9, 0xec, 0x62, 0x00, 0x04, 0x00,
  0x00, 0x00, 0x00, 0x00, 0x00, 0x00, 0x00, 0x00, 0x00, 0x00, 0x00, 0x00,
  0x00, 0x00, 0x00, 0x00, 0x00, 0x00, 0x00, 0x00, 0x00, 0x00, 0x00, 0x00,
  0x00, 0x00, 0x00, 0x00, 0x00, 0x00, 0x00, 0x00, 0x00, 0x00, 0x00, 0x00,
  0x00, 0x00, 0x00, 0x00, 0x00, 0x00, 0x00, 0x00, 0x00, 0x00, 0x00, 0x00,
  0x00, 0x00, 0x00, 0x00, 0x00, 0x00, 0x00, 0x00, 0x00, 0x00, 0x00, 0x00,
  0x00, 0x00, 0x00, 0x00, 0x00, 0x00, 0x00, 0x00, 0x00, 0x00, 0x00, 0x00,
  0x00, 0x00, 0x00, 0x00, 0x00, 0x00, 0x00, 0x00, 0x00, 0x00, 0x00, 0x00,
  0x00, 0x00, 0x00, 0x00, 0x00, 0x00, 0x00, 0x00, 0x00, 0x00, 0x00, 0x00,
  0x00, 0x00, 0x00, 0x3b, 0xde, 0xf5, 0xf3, 0xf6, 0xf7, 0xf8, 0xf9, 0xfa,
  0xfb, 0xfc, 0xfc, 0xfd, 0xfd, 0xfc, 0xfd, 0xfc, 0xfb, 0xfc, 0xfb, 0xfb,
  0xfb, 0xfb, 0xfb, 0xfb, 0xfb, 0xfc, 0xfc, 0xfc, 0xfc, 0xfd, 0xfd, 0xfd,
  0xfd, 0xfc, 0xfa, 0xf8, 0xef, 0xff, 0xaf, 0x1c, 0x00, 0x02, 0x00, 0x00,
  0x00, 0x00, 0x00, 0x00, 0x00, 0x00, 0x00, 0x00, 0x00, 0x00, 0x00, 0x00,
  0x00, 0x00, 0x00, 0x00, 0x00, 0x00, 0x00, 0x00, 0x00, 0x00, 0x00, 0x00,
  0x00, 0x00, 0x00, 0x00, 0x00, 0x00, 0x00, 0x00, 0x00, 0x00, 0x00, 0x00,
  0x00, 0x00, 0x00, 0x00, 0x00, 0x00, 0x00, 0x00, 0x00, 0x00, 0x00, 0x00,
  0x00, 0x00, 0x00, 0x00, 0x00, 0x00, 0x00, 0x00, 0x00, 0x00, 0x00, 0x00,
  0x00, 0x00, 0x00, 0x00, 0x00, 0x00, 0x00, 0x00, 0x00, 0x00, 0x00, 0x00,
  0x00, 0x00, 0x00, 0x00, 0x00, 0x00, 0x00, 0x00, 0x00, 0x00, 0x00, 0x00,
  0x00, 0x00, 0x00, 0x00, 0x00, 0x00, 0x00, 0x00, 0x00, 0x00, 0x02, 0x00,
  0x14, 0x97, 0xff, 0xf1, 0xf5, 0xf7, 0xf7, 0xf8, 0xf9, 0xfa, 0xfb, 0xfb,
  0xfc, 0xfc, 0xfc, 0xfd, 0xfd, 0xfc, 0xfb, 0xfb, 0xfc, 0xfc, 0xfc, 0xfc,
  0xfc, 0xfc, 0xfb, 0xfc, 0xfd, 0xfc, 0xfc, 0xfd, 0xfc, 0xfc, 0xfd, 0xfc,
  0xfb, 0xf8, 0xf3, 0xf6, 0xee, 0x73, 0x00, 0x03, 0x00, 0x00, 0x00, 0x00,
  0x00, 0x00, 0x00, 0x00, 0x00, 0x00, 0x00, 0x00, 0x00, 0x00, 0x00, 0x00,
  0x00, 0x00, 0x00, 0x00, 0x00, 0x00, 0x00, 0x00, 0x00, 0x00, 0x00, 0x00,
  0x00, 0x00, 0x00, 0x00, 0x00, 0x00, 0x00, 0x00, 0x00, 0x00, 0x00, 0x00,
  0x00, 0x00, 0x00, 0x00, 0x00, 0x00, 0x00, 0x00, 0x00, 0x00, 0x00, 0x00,
  0x00, 0x00, 0x00, 0x00, 0x00, 0x00, 0x00, 0x00, 0x00, 0x00, 0x00, 0x00,
  0x00, 0x00, 0x00, 0x00, 0x00, 0x00, 0x00, 0x00, 0x00, 0x00, 0x00, 0x00,
  0x00, 0x00, 0x00, 0x00, 0x00, 0x00, 0x00, 0x00, 0x00, 0x00, 0x00, 0x00,
  0x00, 0x00, 0x00, 0x00, 0x00, 0x00, 0x00, 0x01, 0x00, 0x00, 0x5b, 0xf2,
  0xf7, 0xf7, 0xf8, 0xf8, 0xf7, 0xf8, 0xf9, 0xfa, 0xfa, 0xfb, 0xfc, 0xfb,
  0xfc, 0xfc, 0xfc, 0xfc, 0xfb, 0xfb, 0xfb, 0xfb, 0xfb, 0xfb, 0xfb, 0xfb,
  0xfb, 0xfc, 0xfd, 0xfc, 0xfc, 0xfd, 0xfd, 0xfc, 0xfc, 0xfc, 0xfb, 0xf9,
  0xf7, 0xf0, 0xff, 0xbe, 0x22, 0x00, 0x02, 0x00, 0x00, 0x00, 0x00, 0x00,
  0x00, 0x00, 0x00, 0x00, 0x00, 0x00, 0x00, 0x00, 0x00, 0x00, 0x00, 0x00,
  0x00, 0x00, 0x00, 0x00, 0x00, 0x00, 0x00, 0x00, 0x00, 0x00, 0x00, 0x00,
  0x00, 0x00, 0x00, 0x00, 0x00, 0x00, 0x00, 0x00, 0x00, 0x00, 0x00, 0x00,
  0x00, 0x00, 0x00, 0x00, 0x00, 0x00, 0x00, 0x00, 0x00, 0x00, 0x00, 0x00,
  0x00, 0x00, 0x00, 0x00, 0x00, 0x00, 0x00, 0x00, 0x00, 0x00, 0x00, 0x00,
  0x00, 0x00, 0x00, 0x00, 0x00, 0x00, 0x00, 0x00, 0x00, 0x00, 0x00, 0x00,
  0x00, 0x00, 0x00, 0x00, 0x00, 0x00, 0x00, 0x00, 0x00, 0x00, 0x00, 0x00,
  0x00, 0x00, 0x00, 0x00, 0x00, 0x01, 0x00, 0x2f, 0xb8, 0xff, 0xf6, 0xfa,
  0xfa, 0xf9, 0xf8, 0xf8, 0xf9, 0xfa, 0xfa, 0xfb, 0xfc, 0xfb, 0xfb, 0xfb,
  0xfc, 0xfc, 0xfb, 0xfc, 0xfc, 0xfb, 0xfc, 0xfc, 0xfc, 0xfc, 0xfb, 0xfc,
  0xfd, 0xfc, 0xfc, 0xfd, 0xfc, 0xfb, 0xfb, 0xfc, 0xfb, 0xf9, 0xf8, 0xf4,
  0xfa, 0xee, 0x77, 0x00, 0x03, 0x00, 0x00, 0x00, 0x00, 0x00, 0x00, 0x00,
  0x00, 0x00, 0x00, 0x00, 0x00, 0x00, 0x00, 0x00, 0x00, 0x00, 0x00, 0x00,
  0x00, 0x00, 0x00, 0x00, 0x00, 0x00, 0x00, 0x00, 0x00, 0x00, 0x00, 0x00,
  0x00, 0x00, 0x00, 0x00, 0x00, 0x00, 0x00, 0x00, 0x00, 0x00, 0x00, 0x00,
  0x00, 0x00, 0x00, 0x00, 0x00, 0x00, 0x00, 0x00, 0x00, 0x00, 0x00, 0x00,
  0x00, 0x00, 0x00, 0x00, 0x00, 0x00, 0x00, 0x00, 0x00, 0x00, 0x00, 0x00,
  0x00, 0x00, 0x00, 0x00, 0x00, 0x00, 0x00, 0x00, 0x00, 0x00, 0x00, 0x00,
  0x00, 0x00, 0x00, 0x00, 0x00, 0x00, 0x00, 0x00, 0x00, 0x00, 0x00, 0x00,
  0x00, 0x00, 0x01, 0x00, 0x09, 0x82, 0xff, 0xf5, 0xf8, 0xfb, 0xfa, 0xfa,
  0xf9, 0xf8, 0xf9, 0xf9, 0xfa, 0xfb, 0xfa, 0xfb, 0xfa, 0xfb, 0xfc, 0xfb,
  0xfc, 0xfc, 0xfd, 0xfc, 0xfc, 0xfd, 0xfc, 0xfd, 0xfc, 0xfb, 0xfc, 0xfd,
  0xfd, 0xfc, 0xfb, 0xfc, 0xfc, 0xfb, 0xfa, 0xf9, 0xf9, 0xf7, 0xf2, 0xff,
  0xc4, 0x25, 0x00, 0x01, 0x00, 0x00, 0x00, 0x00, 0x00, 0x00, 0x00, 0x00,
  0x00, 0x00, 0x00, 0x00, 0x00, 0x00, 0x00, 0x00, 0x00, 0x00, 0x00, 0x00,
  0x00, 0x00, 0x00, 0x00, 0x00, 0x00, 0x00, 0x00, 0x00, 0x00, 0x00, 0x00,
  0x00, 0x00, 0x00, 0x00, 0x00, 0x00, 0x00, 0x00, 0x00, 0x00, 0x00, 0x00,
  0x00, 0x00, 0x00, 0x00, 0x00, 0x00, 0x00, 0x00, 0x00, 0x00, 0x00, 0x00,
  0x00, 0x00, 0x00, 0x00, 0x00, 0x00, 0x00, 0x00, 0x00, 0x00, 0x00, 0x00,
  0x00, 0x00, 0x00, 0x00, 0x00, 0x00, 0x00, 0x00, 0x00, 0x00, 0x00, 0x00,
  0x00, 0x00, 0x00, 0x00, 0x00, 0x00, 0x00, 0x00, 0x00, 0x00, 0x00, 0x00,
  0x02, 0x00, 0x52, 0xe0, 0xff, 0xf2, 0xf7, 0xfa, 0xfa, 0xfb, 0xfa, 0xf9,
  0xf9, 0xfa, 0xfb, 0xfa, 0xfb, 0xfb, 0xfa, 0xfa, 0xfb, 0xfc, 0xfb, 0xfc,
  0xfc, 0xfd, 0xfc, 0xfb, 0xfc, 0xfc, 0xfc, 0xfb, 0xfc, 0xfd, 0xfd, 0xfc,
  0xfb, 0xfc, 0xfb, 0xfa, 0xf9, 0xf9, 0xf8, 0xf7, 0xf3, 0xf7, 0xf5, 0x92,
  0x00, 0x03, 0x00, 0x00, 0x00, 0x00, 0x00, 0x00, 0x00, 0x00, 0x00, 0x00,
  0x00, 0x00, 0x00, 0x00, 0x00, 0x00, 0x00, 0x00, 0x00, 0x00, 0x00, 0x00,
  0x00, 0x00, 0x00, 0x00, 0x00, 0x00, 0x00, 0x00, 0x00, 0x00, 0x00, 0x00,
  0x00, 0x00, 0x00, 0x00, 0x00, 0x00, 0x00, 0x00, 0x00, 0x00, 0x00, 0x00,
  0x00, 0x00, 0x00, 0x00, 0x00, 0x00, 0x00, 0x00, 0x00, 0x00, 0x00, 0x00,
  0x00, 0x00, 0x00, 0x00, 0x00, 0x00, 0x00, 0x00, 0x00, 0x00, 0x00, 0x00,
  0x00, 0x00, 0x00, 0x00, 0x00, 0x00, 0x00, 0x00, 0x00, 0x00, 0x00, 0x00,
  0x00, 0x00, 0x00, 0x00, 0x00, 0x00, 0x00, 0x00, 0x00, 0x02, 0x00, 0x20,
  0xab, 0xff, 0xf4, 0xf6, 0xf7, 0xfa, 0xfb, 0xfc, 0xfb, 0xfa, 0xfa, 0xfa,
  0xfb, 0xfa, 0xfb, 0xfa, 0xfb, 0xfb, 0xfa, 0xfc, 0xfc, 0xfb, 0xfc, 0xfd,
  0xfc, 0xfc, 0xfc, 0xfd, 0xfc, 0xfc, 0xfd, 0xfd, 0xfd, 0xfc, 0xfb, 0xfb,
  0xfa, 0xfa, 0xf9, 0xf8, 0xf8, 0xf7, 0xf6, 0xf0, 0xff, 0xdd, 0x39, 0x00,
  0x01, 0x00, 0x00, 0x00, 0x00, 0x00, 0x00, 0x00, 0x00, 0x00, 0x00, 0x00,
  0x00, 0x00, 0x00, 0x00, 0x00, 0x00, 0x00, 0x00, 0x00, 0x00, 0x00, 0x00,
  0x00, 0x00, 0x00, 0x00, 0x00, 0x00, 0x00, 0x00, 0x00, 0x00, 0x00, 0x00,
  0x00, 0x00, 0x00, 0x00, 0x00, 0x00, 0x00, 0x00, 0x00, 0x00, 0x00, 0x00,
  0x00, 0x00, 0x00, 0x00, 0x00, 0x00, 0x00, 0x00, 0x00, 0x00, 0x00, 0x00,
  0x00, 0x00, 0x00, 0x00, 0x00, 0x00, 0x00, 0x00, 0x00, 0x00, 0x00, 0x00,
  0x00, 0x00, 0x00, 0x00, 0x00, 0x00, 0x00, 0x00, 0x00, 0x00, 0x00, 0x00,
  0x00, 0x00, 0x00, 0x00, 0x00, 0x00, 0x00, 0x02, 0x00, 0x74, 0xf8, 0xfd,
  0xf6, 0xf9, 0xf9, 0xfb, 0xfc, 0xfc, 0xfb, 0xfa, 0xfb, 0xfa, 0xfa, 0xfa,
  0xfa, 0xfa, 0xfa, 0xfb, 0xfb, 0xfb, 0xfb, 0xfb, 0xfc, 0xfd, 0xfd, 0xfc,
  0xfc, 0xfd, 0xfd, 0xfc, 0xfc, 0xfc, 0xfc, 0xfc, 0xfb, 0xfa, 0xfb, 0xfa,
  0xf9, 0xf9, 0xf8, 0xf8, 0xf8, 0xf6, 0xfb, 0xff, 0xab, 0x0c, 0x01, 0x00,
  0x00, 0x00, 0x00, 0x00, 0x00, 0x00, 0x00, 0x00, 0x00, 0x00, 0x00, 0x00,
  0x00, 0x00, 0x00, 0x00, 0x00, 0x00, 0x00, 0x00, 0x00, 0x00, 0x00, 0x00,
  0x00, 0x00, 0x00, 0x00, 0x00, 0x00, 0x00, 0x00, 0x00, 0x00, 0x00, 0x00,
  0x00, 0x00, 0x00, 0x00, 0x00, 0x00, 0x00, 0x00, 0x00, 0x00, 0x00, 0x00,
  0x00, 0x00, 0x00, 0x00, 0x00, 0x00, 0x00, 0x00, 0x00, 0x00, 0x00, 0x00,
  0x00, 0x00, 0x00, 0x00, 0x00, 0x00, 0x00, 0x00, 0x00, 0x00, 0x00, 0x00,
  0x00, 0x00, 0x00, 0x00, 0x00, 0x00, 0x00, 0x00, 0x00, 0x00, 0x00, 0x00,
  0x00, 0x00, 0x00, 0x00, 0x02, 0x00, 0x33, 0xc4, 0xff, 0xf3, 0xfb, 0xfc,
  0xfd, 0xfd, 0xfc, 0xfc, 0xfb, 0xfb, 0xfa, 0xfb, 0xfb, 0xfb, 0xfb, 0xfa,
  0xfb, 0xfb, 0xfb, 0xfc, 0xfc, 0xfc, 0xfc, 0xfd, 0xfc, 0xfd, 0xfd, 0xfd,
  0xfd, 0xfc, 0xfb, 0xfc, 0xfb, 0xfb, 0xfc, 0xfb, 0xfa, 0xfa, 0xfa, 0xf9,
  0xf9, 0xf9, 0xfa, 0xfb, 0xf9, 0xff, 0xea, 0x50, 0x05, 0x00, 0x00, 0x00,
  0x00, 0x00, 0x00, 0x00, 0x00, 0x00, 0x00, 0x00, 0x00, 0x00, 0x00, 0x00,
  0x00, 0x00, 0x00, 0x00, 0x00, 0x00, 0x00, 0x00, 0x00, 0x00, 0x00, 0x00,
  0x00, 0x00, 0x00, 0x00, 0x00, 0x00, 0x00, 0x00, 0x00, 0x00, 0x00, 0x00,
  0x00, 0x00, 0x00, 0x00, 0x00, 0x00, 0x00, 0x00, 0x00, 0x00, 0x00, 0x00,
  0x00, 0x00, 0x00, 0x00, 0x00, 0x00, 0x00, 0x00, 0x00, 0x00, 0x00, 0x00,
  0x00, 0x00, 0x00, 0x00, 0x00, 0x00, 0x00, 0x00, 0x00, 0x00, 0x00, 0x00,
  0x00, 0x00, 0x00, 0x00, 0x00, 0x00, 0x00, 0x00, 0x00, 0x00, 0x00, 0x00,
  0x00, 0x00, 0x02, 0x03, 0x8b, 0xfd, 0xf8, 0xf6, 0xfc, 0xfe, 0xff, 0xfe,
  0xfd, 0xfd, 0xfc, 0xfb, 0xfb, 0xfa, 0xfa, 0xfa, 0xfa, 0xfb, 0xfa, 0xfb,
  0xfc, 0xfc, 0xfc, 0xfb, 0xfc, 0xfd, 0xfc, 0xfd, 0xfe, 0xfd, 0xfd, 0xfc,
  0xfc, 0xfb, 0xfc, 0xfb, 0xfb, 0xfa, 0xfa, 0xfb, 0xfa, 0xfa, 0xf9, 0xfa,
  0xfb, 0xfc, 0xfa, 0xfc, 0xff, 0xbb, 0x16, 0x00, 0x00, 0x00, 0x00, 0x00,
  0x00, 0x00, 0x00, 0x00, 0x00, 0x00, 0x00, 0x00, 0x00, 0x00, 0x00, 0x00,
  0x00, 0x00, 0x00, 0x00, 0x00, 0x00, 0x00, 0x00, 0x00, 0x00, 0x00, 0x00,
  0x00, 0x00, 0x00, 0x00, 0x00, 0x00, 0x00, 0x00, 0x00, 0x00, 0x00, 0x00,
  0x00, 0x00, 0x00, 0x00, 0x00, 0x00, 0x00, 0x00, 0x00, 0x00, 0x00, 0x00,
  0x00, 0x00, 0x00, 0x00, 0x00, 0x00, 0x00, 0x00, 0x00, 0x00, 0x00, 0x00,
  0x00, 0x00, 0x00, 0x00, 0x00, 0x00, 0x00, 0x00, 0x00, 0x00, 0x00, 0x00,
  0x00, 0x00, 0x00, 0x00, 0x00, 0x00, 0x00, 0x00, 0x00, 0x00, 0x00, 0x03,
  0x00, 0x41, 0xd4, 0xff, 0xf1, 0xf8, 0xfc, 0xfe, 0xff, 0xfe, 0xfe, 0xfd,
  0xfc, 0xfb, 0xfb, 0xfa, 0xf9, 0xf9, 0xf9, 0xfa, 0xfb, 0xfb, 0xfb, 0xfb,
  0xfb, 0xfb, 0xfc, 0xfd, 0xfc, 0xfd, 0xfd, 0xfd, 0xfe, 0xfd, 0xfc, 0xfc,
  0xfb, 0xfc, 0xfa, 0xfb, 0xfb, 0xfb, 0xfa, 0xf9, 0xf9, 0xfa, 0xfb, 0xfb,
  0xf9, 0xf5, 0xfe, 0xf4, 0x64, 0x07, 0x00, 0x00, 0x00, 0x00, 0x00, 0x00,
  0x00, 0x00, 0x00, 0x00, 0x00, 0x00, 0x00, 0x00, 0x00, 0x00, 0x00, 0x00,
  0x00, 0x00, 0x00, 0x00, 0x00, 0x00, 0x00, 0x00, 0x00, 0x00, 0x00, 0x00,
  0x00, 0x00, 0x00, 0x00, 0x00, 0x00, 0x00, 0x00, 0x00, 0x00, 0x00, 0x00,
  0x00, 0x00, 0x00, 0x00, 0x00, 0x00, 0x00, 0x00, 0x00, 0x00, 0x00, 0x00,
  0x00, 0x00, 0x00, 0x00, 0x00, 0x00, 0x00, 0x00, 0x00, 0x00, 0x00, 0x00,
  0x00, 0x00, 0x00, 0x00, 0x00, 0x00, 0x00, 0x00, 0x00, 0x00, 0x00, 0x00,
  0x00, 0x00, 0x00, 0x00, 0x00, 0x00, 0x00, 0x00, 0x00, 0x01, 0x08, 0x9e,
  0xfe, 0xf8, 0xf6, 0xf9, 0xfb, 0xfe, 0xfe, 0xfe, 0xfd, 0xfd, 0xfc, 0xfa,
  0xfa, 0xfa, 0xfa, 0xfa, 0xfa, 0xfa, 0xfa, 0xfa, 0xfa, 0xfa, 0xfa, 0xfb,
  0xfc, 0xfd, 0xfd, 0xfc, 0xfc, 0xfd, 0xfd, 0xfd, 0xfc, 0xfd, 0xfc, 0xfb,
  0xfa, 0xfa, 0xfa, 0xfa, 0xfa, 0xfa, 0xfa, 0xfb, 0xfc, 0xfb, 0xf8, 0xf4,
  0xf5, 0xff, 0xd4, 0x22, 0x00, 0x00, 0x00, 0x00, 0x00, 0x00, 0x00, 0x00,
  0x00, 0x00, 0x00, 0x00, 0x00, 0x00, 0x00, 0x00, 0x00, 0x00, 0x00, 0x00,
  0x00, 0x00, 0x00, 0x00, 0x00, 0x00, 0x00, 0x00, 0x00, 0x00, 0x00, 0x00,
  0x00, 0x00, 0x00, 0x00, 0x00, 0x00, 0x00, 0x00, 0x00, 0x00, 0x00, 0x00,
  0x00, 0x00, 0x00, 0x00, 0x00, 0x00, 0x00, 0x00, 0x00, 0x00, 0x00, 0x00,
  0x00, 0x00, 0x00, 0x00, 0x00, 0x00, 0x00, 0x00, 0x00, 0x00, 0x00, 0x00,
  0x00, 0x00, 0x00, 0x00, 0x00, 0x00, 0x00, 0x00, 0x00, 0x00, 0x00, 0x00,
  0x00, 0x00, 0x00, 0x00, 0x00, 0x00, 0x02, 0x00, 0x56, 0xe1, 0xff, 0xf3,
  0xf9, 0xfa, 0xfc, 0xfe, 0xfe, 0xfe, 0xfe, 0xfd, 0xfb, 0xfb, 0xfa, 0xfb,
  0xfb, 0xfa, 0xfb, 0xfa, 0xfa, 0xf9, 0xfa, 0xfa, 0xfb, 0xfb, 0xfc, 0xfd,
  0xfc, 0xfd, 0xfd, 0xfd, 0xfc, 0xfc, 0xfd, 0xfd, 0xfc, 0xfc, 0xfa, 0xf9,
  0xf9, 0xf9, 0xfa, 0xfb, 0xfa, 0xfb, 0xfc, 0xfb, 0xf8, 0xf7, 0xf6, 0xfe,
  0xfa, 0x72, 0x07, 0x00, 0x00, 0x00, 0x00, 0x00, 0x00, 0x00, 0x00, 0x00,
  0x00, 0x00, 0x00, 0x00, 0x00, 0x00, 0x00, 0x00, 0x00, 0x00, 0x00, 0x00,
  0x00, 0x00, 0x00, 0x00, 0x00, 0x00, 0x00, 0x00, 0x00, 0x00, 0x00, 0x00,
  0x00, 0x00, 0x00, 0x00, 0x00, 0x00, 0x00, 0x00, 0x00, 0x00, 0x00, 0x00,
  0x00, 0x00, 0x00, 0x00, 0x00, 0x00, 0x00, 0x00, 0x00, 0x00, 0x00, 0x00,
  0x00, 0x00, 0x00, 0x00, 0x00, 0x00, 0x00, 0x00, 0x00, 0x00, 0x00, 0x00,
  0x00, 0x00, 0x00, 0x00, 0x00, 0x00, 0x00, 0x00, 0x00, 0x00, 0x00, 0x00,
  0x00, 0x00, 0x00, 0x00, 0x00, 0x1f, 0xba, 0xfb, 0xf4, 0xf7, 0xfa, 0xfb,
  0xfc, 0xfe, 0xfe, 0xfd, 0xfd, 0xfd, 0xfc, 0xfc, 0xfb, 0xfa, 0xfb, 0xfb,
  0xfb, 0xfb, 0xfa, 0xfa, 0xfb, 0xfb, 0xfc, 0xfb, 0xfd, 0xfd, 0xfc, 0xfc,
  0xfd, 0xfc, 0xfc, 0xfc, 0xfc, 0xfc, 0xfb, 0xfb, 0xfa, 0xfa, 0xfa, 0xfa,
  0xfa, 0xfb, 0xfb, 0xfb, 0xfc, 0xfc, 0xfb, 0xfb, 0xfb, 0xfe, 0xfc, 0xda,
  0x28, 0x00, 0x00, 0x00, 0x00, 0x00, 0x00, 0x00, 0x00, 0x00, 0x00, 0x00,
  0x00, 0x00, 0x00, 0x00, 0x00, 0x00, 0x00, 0x00, 0x00, 0x00, 0x00, 0x00,
  0x00, 0x00, 0x00, 0x00, 0x00, 0x00, 0x00, 0x00, 0x00, 0x00, 0x00, 0x00,
  0x00, 0x00, 0x00, 0x00, 0x00, 0x00, 0x00, 0x00, 0x00, 0x00, 0x00, 0x00,
  0x00, 0x00, 0x00, 0x00, 0x00, 0x00, 0x00, 0x00, 0x00, 0x00, 0x00, 0x00,
  0x00, 0x00, 0x00, 0x00, 0x00, 0x00, 0x00, 0x00, 0x00, 0x00, 0x00, 0x00,
  0x00, 0x00, 0x00, 0x00, 0x00, 0x00, 0x00, 0x00, 0x00, 0x00, 0x00, 0x00,
  0x00, 0x01, 0x04, 0x86, 0xf2, 0xf9, 0xf2, 0xf9, 0xfb, 0xfc, 0xfd, 0xfe,
  0xfd, 0xfd, 0xfc, 0xfc, 0xfd, 0xfc, 0xfc, 0xfb, 0xfb, 0xfc, 0xfb, 0xfa,
  0xfb, 0xfb, 0xfa, 0xfb, 0xfb, 0xfc, 0xfc, 0xfd, 0xfd, 0xfc, 0xfd, 0xfc,
  0xfc, 0xfc, 0xfb, 0xfb, 0xfb, 0xfa, 0xfb, 0xfb, 0xfb, 0xfb, 0xfb, 0xfa,
  0xfb, 0xfc, 0xfd, 0xfd, 0xfd, 0xfd, 0xfe, 0xfe, 0xfd, 0xff, 0x79, 0x07,
  0x00, 0x01, 0x00, 0x00, 0x00, 0x00, 0x00, 0x00, 0x00, 0x00, 0x00, 0x00,
  0x00, 0x00, 0x00, 0x00, 0x00, 0x00, 0x00, 0x00, 0x00, 0x00, 0x00, 0x00,
  0x00, 0x00, 0x00, 0x00, 0x00, 0x00, 0x00, 0x00, 0x00, 0x00, 0x00, 0x00,
  0x00, 0x00, 0x00, 0x00, 0x00, 0x00, 0x00, 0x00, 0x00, 0x00, 0x00, 0x00,
  0x00, 0x00, 0x00, 0x00, 0x00, 0x00, 0x00, 0x00, 0x00, 0x00, 0x00, 0x00,
  0x00, 0x00, 0x00, 0x00, 0x00, 0x00, 0x00, 0x00, 0x00, 0x00, 0x00, 0x00,
  0x00, 0x00, 0x00, 0x00, 0x00, 0x00, 0x00, 0x00, 0x00, 0x00, 0x00, 0x00,
  0x40, 0xdf, 0xfd, 0xf2, 0xf7, 0xf9, 0xfa, 0xfc, 0xfd, 0xfd, 0xfd, 0xfc,
  0xfd, 0xfd, 0xfd, 0xfc, 0xfc, 0xfb, 0xfb, 0xfb, 0xfa, 0xfa, 0xfa, 0xfa,
  0xfb, 0xfc, 0xfc, 0xfb, 0xfb, 0xfc, 0xfd, 0xfd, 0xfd, 0xfc, 0xfc, 0xfc,
  0xfb, 0xfb, 0xfa, 0xfb, 0xfb, 0xfa, 0xfa, 0xfa, 0xfa, 0xfa, 0xfb, 0xfc,
  0xfd, 0xfe, 0xfe, 0xfe, 0xfd, 0xfb, 0xf9, 0xfa, 0xe0, 0x2e, 0x00, 0x00,
  0x00, 0x00, 0x00, 0x00, 0x00, 0x00, 0x00, 0x00, 0x00, 0x00, 0x00, 0x00,
  0x00, 0x00, 0x00, 0x00, 0x00, 0x00, 0x00, 0x00, 0x00, 0x00, 0x00, 0x00,
  0x00, 0x00, 0x00, 0x00, 0x00, 0x00, 0x00, 0x00, 0x00, 0x00, 0x00, 0x00,
  0x00, 0x00, 0x00, 0x00, 0x00, 0x00, 0x00, 0x00, 0x00, 0x00, 0x00, 0x00,
  0x00, 0x00, 0x00, 0x00, 0x00, 0x00, 0x00, 0x00, 0x00, 0x00, 0x00, 0x00,
  0x00, 0x00, 0x00, 0x00, 0x00, 0x00, 0x00, 0x00, 0x00, 0x00, 0x00, 0x00,
  0x00, 0x00, 0x00, 0x00, 0x00, 0x00, 0x00, 0x00, 0x00, 0x16, 0xb1, 0xf9,
  0xf8, 0xf6, 0xf9, 0xf9, 0xfa, 0xfb, 0xfc, 0xfc, 0xfc, 0xfc, 0xfc, 0xfc,
  0xfc, 0xfc, 0xfc, 0xfb, 0xfa, 0xfb, 0xfb, 0xfb, 0xfb, 0xfb, 0xfb, 0xfc,
  0xfb, 0xfb, 0xfb, 0xfb, 0xfc, 0xfc, 0xfc, 0xfc, 0xfd, 0xfc, 0xfb, 0xfb,
  0xfa, 0xfa, 0xfa, 0xfa, 0xfa, 0xfb, 0xfb, 0xfa, 0xfb, 0xfc, 0xfd, 0xfe,
  0xff, 0xfe, 0xfc, 0xf8, 0xf5, 0xf4, 0xff, 0x7e, 0x0a, 0x00, 0x01, 0x00,
  0x00, 0x00, 0x00, 0x00, 0x00, 0x00, 0x00, 0x00, 0x00, 0x00, 0x00, 0x00,
  0x00, 0x00, 0x00, 0x00, 0x00, 0x00, 0x00, 0x00, 0x00, 0x00, 0x00, 0x00,
  0x00, 0x00, 0x00, 0x00, 0x00, 0x00, 0x00, 0x00, 0x00, 0x00, 0x00, 0x00,
  0x00, 0x00, 0x00, 0x00, 0x00, 0x00, 0x00, 0x00, 0x00, 0x00, 0x00, 0x00,
  0x00, 0x00, 0x00, 0x00, 0x00, 0x00, 0x00, 0x00, 0x00, 0x00, 0x00, 0x00,
  0x00, 0x00, 0x00, 0x00, 0x00, 0x00, 0x00, 0x00, 0x00, 0x00, 0x00, 0x00,
  0x00, 0x00, 0x00, 0x00, 0x00, 0x00, 0x06, 0x6e, 0xf4, 0xfb, 0xf4, 0xf8,
  0xf8, 0xf9, 0xf9, 0xfa, 0xfb, 0xfb, 0xfb, 0xfb, 0xfb, 0xfb, 0xfb, 0xfb,
  0xfb, 0xfc, 0xfc, 0xfc, 0xfc, 0xfc, 0xfc, 0xfc, 0xfc, 0xfb, 0xfb, 0xfc,
  0xfc, 0xfc, 0xfb, 0xfb, 0xfb, 0xfb, 0xfb, 0xfb, 0xfc, 0xfb, 0xfa, 0xf9,
  0xfa, 0xfb, 0xfb, 0xfb, 0xfc, 0xfb, 0xfb, 0xfc, 0xfd, 0xfe, 0xff, 0xff,
  0xfd, 0xf8, 0xf6, 0xf5, 0xf9, 0xe6, 0x38, 0x00, 0x00, 0x00, 0x00, 0x00,
  0x00, 0x00, 0x00, 0x00, 0x00, 0x00, 0x00, 0x00, 0x00, 0x00, 0x00, 0x00,
  0x00, 0x00, 0x00, 0x00, 0x00, 0x00, 0x00, 0x00, 0x00, 0x00, 0x00, 0x00,
  0x00, 0x00, 0x00, 0x00, 0x00, 0x00, 0x00, 0x00, 0x00, 0x00, 0x00, 0x00,
  0x00, 0x00, 0x00, 0x00, 0x00, 0x00, 0x00, 0x00, 0x00, 0x00, 0x00, 0x00,
  0x00, 0x00, 0x00, 0x00, 0x00, 0x00, 0x00, 0x00, 0x00, 0x00, 0x00, 0x00,
  0x00, 0x00, 0x00, 0x00, 0x00, 0x00, 0x00, 0x00, 0x00, 0x00, 0x00, 0x00,
  0x00, 0x00, 0x00, 0x00, 0x30, 0xd9, 0xfa, 0xf4, 0xf4, 0xf7, 0xf8, 0xf8,
  0xf9, 0xfa, 0xfa, 0xfb, 0xfc, 0xfb, 0xfb, 0xfc, 0xfc, 0xfc, 0xfc, 0xfc,
  0xfc, 0xfc, 0xfc, 0xfb, 0xfb, 0xfc, 0xfb, 0xfb, 0xfc, 0xfc, 0xfb, 0xfc,
  0xfb, 0xfb, 0xfb, 0xfb, 0xfb, 0xfb, 0xfc, 0xfb, 0xfa, 0xfb, 0xfb, 0xfb,
  0xfb, 0xfc, 0xfc, 0xfc, 0xfb, 0xfc, 0xfd, 0xfd, 0xfe, 0xfe, 0xfd, 0xfb,
  0xfa, 0xf9, 0xf5, 0xff, 0x7d, 0x0a, 0x00, 0x01, 0x00, 0x00, 0x00, 0x00,
  0x00, 0x00, 0x00, 0x00, 0x00, 0x00, 0x00, 0x00, 0x00, 0x00, 0x00, 0x00,
  0x00, 0x00, 0x00, 0x00, 0x00, 0x00, 0x00, 0x00, 0x00, 0x00, 0x00, 0x00,
  0x00, 0x00, 0x00, 0x00, 0x00, 0x00, 0x00, 0x00, 0x00, 0x00, 0x00, 0x00,
  0x00, 0x00, 0x00, 0x00, 0x00, 0x00, 0x00, 0x00, 0x00, 0x00, 0x00, 0x00,
  0x00, 0x00, 0x00, 0x00, 0x00, 0x00, 0x00, 0x00, 0x00, 0x00, 0x00, 0x00,
  0x00, 0x00, 0x00, 0x00, 0x00, 0x00, 0x00, 0x00, 0x00, 0x00, 0x00, 0x00,
  0x00, 0x11, 0x8e, 0xfc, 0xfa, 0xf4, 0xf5, 0xf7, 0xf8, 0xf8, 0xf9, 0xfa,
  0xfa, 0xfb, 0xfc, 0xfb, 0xfb, 0xfb, 0xfb, 0xfc, 0xfd, 0xfc, 0xfc, 0xfd,
  0xfc, 0xfb, 0xfc, 0xfc, 0xfb, 0xfb, 0xfc, 0xfc, 0xfb, 0xfc, 0xfb, 0xfa,
  0xfb, 0xfb, 0xfb, 0xfb, 0xfb, 0xfa, 0xfb, 0xfb, 0xfa, 0xfb, 0xfc, 0xfb,
  0xfc, 0xfc, 0xfc, 0xfd, 0xfc, 0xfd, 0xfe, 0xfd, 0xfe, 0xfd, 0xfc, 0xfc,
  0xf7, 0xfb, 0xd8, 0x36, 0x00, 0x02, 0x00, 0x00, 0x00, 0x00, 0x00, 0x00,
  0x00, 0x00, 0x00, 0x00, 0x00, 0x00, 0x00, 0x00, 0x00, 0x00, 0x00, 0x00,
  0x00, 0x00, 0x00, 0x00, 0x00, 0x00, 0x00, 0x00, 0x00, 0x00, 0x00, 0x00,
  0x00, 0x00, 0x00, 0x00, 0x00, 0x00, 0x00, 0x00, 0x00, 0x00, 0x00, 0x00,
  0x00, 0x00, 0x00, 0x00, 0x00, 0x00, 0x00, 0x00, 0x00, 0x00, 0x00, 0x00,
  0x00, 0x00, 0x00, 0x00, 0x00, 0x00, 0x00, 0x00, 0x00, 0x00, 0x00, 0x00,
  0x00, 0x00, 0x00, 0x00, 0x00, 0x00, 0x00, 0x00, 0x00, 0x00, 0x00, 0x41,
  0xee, 0xfe, 0xf8, 0xf7, 0xf7, 0xf8, 0xf9, 0xfa, 0xf9, 0xf9, 0xfa, 0xfb,
  0xfb, 0xfb, 0xfa, 0xfb, 0xfb, 0xfc, 0xfd, 0xfc, 0xfc, 0xfd, 0xfc, 0xfb,
  0xfc, 0xfc, 0xfc, 0xfc, 0xfc, 0xfc, 0xfb, 0xfc, 0xfb, 0xfa, 0xfa, 0xfa,
  0xfa, 0xfa, 0xfa, 0xfa, 0xfb, 0xfc, 0xfb, 0xfc, 0xfc, 0xfc, 0xfd, 0xfc,
  0xfd, 0xfd, 0xfc, 0xfc, 0xfd, 0xfd, 0xfd, 0xfd, 0xfc, 0xfb, 0xf8, 0xf1,
  0xff, 0x82, 0x0b, 0x00, 0x01, 0x00, 0x00, 0x00, 0x00, 0x00, 0x00, 0x00,
  0x00, 0x00, 0x00, 0x00, 0x00, 0x00, 0x00, 0x00, 0x00, 0x00, 0x00, 0x00,
  0x00, 0x00, 0x00, 0x00, 0x00, 0x00, 0x00, 0x00, 0x00, 0x00, 0x00, 0x00,
  0x00, 0x00, 0x00, 0x00, 0x00, 0x00, 0x00, 0x00, 0x00, 0x00, 0x00, 0x00,
  0x00, 0x00, 0x00, 0x00, 0x00, 0x00, 0x00, 0x00, 0x00, 0x00, 0x00, 0x00,
  0x00, 0x00, 0x00, 0x00, 0x00, 0x00, 0x00, 0x00, 0x00, 0x00, 0x00, 0x00,
  0x00, 0x00, 0x00, 0x00, 0x00, 0x00, 0x00, 0x00, 0x1c, 0xa6, 0xff, 0xf9,
  0xfa, 0xfa, 0xfa, 0xfa, 0xf9, 0xf9, 0xf9, 0xf9, 0xf9, 0xfa, 0xfa, 0xfb,
  0xfb, 0xfb, 0xfb, 0xfc, 0xfd, 0xfd, 0xfd, 0xfd, 0xfc, 0xfb, 0xfb, 0xfb,
  0xfc, 0xfb, 0xfc, 0xfb, 0xfc, 0xfb, 0xfb, 0xfb, 0xfc, 0xfb, 0xfa, 0xfb,
  0xfb, 0xfa, 0xfb, 0xfc, 0xfc, 0xfb, 0xfc, 0xfd, 0xfc, 0xfd, 0xfc, 0xfc,
  0xfd, 0xfc, 0xfd, 0xfc, 0xfc, 0xfc, 0xfb, 0xfa, 0xf8, 0xf3, 0xfa, 0xe1,
  0x48, 0x00, 0x02, 0x00, 0x00, 0x00, 0x00, 0x00, 0x00, 0x00, 0x00, 0x00,
  0x00, 0x00, 0x00, 0x00, 0x00, 0x00, 0x00, 0x00, 0x00, 0x00, 0x00, 0x00,
  0x00, 0x00, 0x00, 0x00, 0x00, 0x00, 0x00, 0x00, 0x00, 0x00, 0x00, 0x00,
  0x00, 0x00, 0x00, 0x00, 0x00, 0x00, 0x00, 0x00, 0x00, 0x00, 0x00, 0x00,
  0x00, 0x00, 0x00, 0x00, 0x00, 0x00, 0x00, 0x00, 0x00, 0x00, 0x00, 0x00,
  0x00, 0x00, 0x00, 0x00, 0x00, 0x00, 0x00, 0x00, 0x00, 0x00, 0x00, 0x00,
  0x00, 0x00, 0x00, 0x00, 0x00, 0x01, 0x58, 0xfb, 0xfa, 0xf8, 0xfa, 0xfc,
  0xfc, 0xfb, 0xfa, 0xfa, 0xfa, 0xfa, 0xfa, 0xf9, 0xfb, 0xfa, 0xfb, 0xfc,
  0xfb, 0xfc, 0xfc, 0xfc, 0xfc, 0xfc, 0xfc, 0xfc, 0xfc, 0xfc, 0xfb, 0xfc,
  0xfb, 0xfc, 0xfb, 0xfa, 0xfb, 0xfb, 0xfb, 0xfb, 0xfb, 0xfb, 0xfa, 0xfb,
  0xfb, 0xfc, 0xfb, 0xfb, 0xfd, 0xfd, 0xfc, 0xfd, 0xfc, 0xfc, 0xfc, 0xfc,
  0xfd, 0xfc, 0xfb, 0xfb, 0xfa, 0xf9, 0xf8, 0xf6, 0xef, 0xff, 0x9f, 0x1a,
  0x00, 0x02, 0x00, 0x00, 0x00, 0x00, 0x00, 0x00, 0x00, 0x00, 0x00, 0x00,
  0x00, 0x00, 0x00, 0x00, 0x00, 0x00, 0x00, 0x00, 0x00, 0x00, 0x00, 0x00,
  0x00, 0x00, 0x00, 0x00, 0x00, 0x00, 0x00, 0x00, 0x00, 0x00, 0x00, 0x00,
  0x00, 0x00, 0x00, 0x00, 0x00, 0x00, 0x00, 0x00, 0x00, 0x00, 0x00, 0x00,
  0x00, 0x00, 0x00, 0x00, 0x00, 0x00, 0x00, 0x00, 0x00, 0x00, 0x00, 0x00,
  0x00, 0x00, 0x00, 0x00, 0x00, 0x00, 0x00, 0x00, 0x00, 0x00, 0x00, 0x00,
  0x00, 0x01, 0x00, 0x26, 0xba, 0xff, 0xf7, 0xf8, 0xfa, 0xfd, 0xfd, 0xfc,
  0xfb, 0xfb, 0xfb, 0xfb, 0xfb, 0xfa, 0xfa, 0xfb, 0xfa, 0xfb, 0xfc, 0xfb,
  0xfc, 0xfb, 0xfb, 0xfb, 0xfc, 0xfd, 0xfd, 0xfc, 0xfb, 0xfc, 0xfc, 0xfb,
  0xfa, 0xfb, 0xfb, 0xfa, 0xfa, 0xfb, 0xfa, 0xfa, 0xfa, 0xfb, 0xfc, 0xfc,
  0xfb, 0xfc, 0xfc, 0xfd, 0xfd, 0xfc, 0xfd, 0xfc, 0xfb, 0xfc, 0xfd, 0xfc,
  0xfb, 0xfa, 0xf9, 0xf8, 0xf7, 0xf8, 0xf3, 0xfa, 0xf5, 0x64, 0x00, 0x02,
  0x00, 0x00, 0x00, 0x00, 0x00, 0x00, 0x00, 0x00, 0x00, 0x00, 0x00, 0x00,
  0x00, 0x00, 0x00, 0x00, 0x00, 0x00, 0x00, 0x00, 0x00, 0x00, 0x00, 0x00,
  0x00, 0x00, 0x00, 0x00, 0x00, 0x00, 0x00, 0x00, 0x00, 0x00, 0x00, 0x00,
  0x00, 0x00, 0x00, 0x00, 0x00, 0x00, 0x00, 0x00, 0x00, 0x00, 0x00, 0x00,
  0x00, 0x00, 0x00, 0x00, 0x00, 0x00, 0x00, 0x00, 0x00, 0x00, 0x00, 0x00,
  0x00, 0x00, 0x00, 0x00, 0x00, 0x00, 0x00, 0x00, 0x00, 0x00, 0x01, 0x00,
  0x07, 0x6b, 0xff, 0xf9, 0xf7, 0xf8, 0xfb, 0xfe, 0xfe, 0xfc, 0xfb, 0xfa,
  0xfb, 0xfa, 0xfb, 0xfa, 0xf9, 0xfa, 0xfb, 0xfa, 0xfb, 0xfc, 0xfb, 0xfb,
  0xfc, 0xfb, 0xfc, 0xfd, 0xfc, 0xfc, 0xfc, 0xfb, 0xfb, 0xfa, 0xfb, 0xfc,
  0xfb, 0xfa, 0xfb, 0xfa, 0xf9, 0xfa, 0xfb, 0xfb, 0xfb, 0xfb, 0xfc, 0xfc,
  0xfb, 0xfc, 0xfc, 0xfd, 0xfd, 0xfc, 0xfc, 0xfc, 0xfc, 0xfc, 0xfb, 0xfa,
  0xf9, 0xf9, 0xf8, 0xf8, 0xf8, 0xf0, 0xff, 0xb8, 0x2b, 0x00, 0x03, 0x00,
  0x00, 0x00, 0x00, 0x00, 0x00, 0x00, 0x00, 0x00, 0x00, 0x00, 0x00, 0x00,
  0x00, 0x00, 0x00, 0x00, 0x00, 0x00, 0x00, 0x00, 0x00, 0x00, 0x00, 0x00,
  0x00, 0x00, 0x00, 0x00, 0x00, 0x00, 0x00, 0x00, 0x00, 0x00, 0x00, 0x00,
  0x00, 0x00, 0x00, 0x00, 0x00, 0x00, 0x00, 0x00, 0x00, 0x00, 0x00, 0x00,
  0x00, 0x00, 0x00, 0x00, 0x00, 0x00, 0x00, 0x00, 0x00, 0x00, 0x00, 0x00,
  0x00, 0x00, 0x00, 0x00, 0x00, 0x00, 0x00, 0x00, 0x01, 0x00, 0x34, 0xca,
  0xff, 0xf8, 0xf9, 0xfa, 0xfc, 0xfe, 0xfe, 0xfd, 0xfb, 0xfb, 0xfb, 0xfb,
  0xfb, 0xfa, 0xf9, 0xfa, 0xfb, 0xfb, 0xfa, 0xfb, 0xfb, 0xfb, 0xfb, 0xfc,
  0xfc, 0xfc, 0xfc, 0xfb, 0xfc, 0xfb, 0xfb, 0xfb, 0xfb, 0xfc, 0xfb, 0xfa,
  0xfb, 0xfa, 0xfa, 0xfa, 0xfb, 0xfc, 0xfc, 0xfc, 0xfb, 0xfb, 0xfc, 0xfb,
  0xfc, 0xfc, 0xfc, 0xfd, 0xfc, 0xfb, 0xfc, 0xfc, 0xfb, 0xfa, 0xfa, 0xfa,
  0xf9, 0xf9, 0xf9, 0xf6, 0xf6, 0xff, 0x81, 0x00, 0x01, 0x01, 0x00, 0x00,
  0x00, 0x00, 0x00, 0x00, 0x00, 0x00, 0x00, 0x00, 0x00, 0x00, 0x00, 0x00,
  0x00, 0x00, 0x00, 0x00, 0x00, 0x00, 0x00, 0x00, 0x00, 0x00, 0x00, 0x00,
  0x00, 0x00, 0x00, 0x00, 0x00, 0x00, 0x00, 0x00, 0x00, 0x00, 0x00, 0x00,
  0x00, 0x00, 0x00, 0x00, 0x00, 0x00, 0x00, 0x00, 0x00, 0x00, 0x00, 0x00,
  0x00, 0x00, 0x00, 0x00, 0x00, 0x00, 0x00, 0x00, 0x00, 0x00, 0x00, 0x00,
  0x00, 0x00, 0x00, 0x00, 0x00, 0x01, 0x00, 0x0d, 0x80, 0xff, 0xf3, 0xf8,
  0xfb, 0xfd, 0xfd, 0xfe, 0xfe, 0xfd, 0xfc, 0xfb, 0xfa, 0xfa, 0xfa, 0xf9,
  0xfa, 0xfb, 0xfa, 0xfa, 0xfa, 0xfb, 0xfc, 0xfb, 0xfc, 0xfd, 0xfc, 0xfb,
  0xfb, 0xfc, 0xfb, 0xfb, 0xfc, 0xfc, 0xfa, 0xfb, 0xfb, 0xfa, 0xfa, 0xfa,
  0xfb, 0xfa, 0xfb, 0xfc, 0xfc, 0xfd, 0xfc, 0xfc, 0xfb, 0xfb, 0xfb, 0xfb,
  0xfc, 0xfd, 0xfc, 0xfc, 0xfb, 0xfb, 0xfb, 0xfa, 0xf9, 0xf9, 0xfa, 0xf9,
  0xf8, 0xf9, 0xf2, 0xff, 0xc9, 0x39, 0x00, 0x03, 0x00, 0x00, 0x00, 0x00,
  0x00, 0x00, 0x00, 0x00, 0x00, 0x00, 0x00, 0x00, 0x00, 0x00, 0x00, 0x00,
  0x00, 0x00, 0x00, 0x00, 0x00, 0x00, 0x00, 0x00, 0x00, 0x00, 0x00, 0x00,
  0x00, 0x00, 0x00, 0x00, 0x00, 0x00, 0x00, 0x00, 0x00, 0x00, 0x00, 0x00,
  0x00, 0x00, 0x00, 0x00, 0x00, 0x00, 0x00, 0x00, 0x00, 0x00, 0x00, 0x00,
  0x00, 0x00, 0x00, 0x00, 0x00, 0x00, 0x00, 0x00, 0x00, 0x00, 0x00, 0x00,
  0x00, 0x00, 0x00, 0x01, 0x00, 0x46, 0xd8, 0xfe, 0xf1, 0xf8, 0xfc, 0xfe,
  0xff, 0xfe, 0xfe, 0xfd, 0xfc, 0xfb, 0xfa, 0xfa, 0xfa, 0xfa, 0xfb, 0xfa,
  0xfb, 0xfb, 0xfa, 0xfb, 0xfc, 0xfc, 0xfc, 0xfd, 0xfc, 0xfc, 0xfc, 0xfb,
  0xfc, 0xfc, 0xfb, 0xfb, 0xfb, 0xfa, 0xfb, 0xfa, 0xfb, 0xfb, 0xfb, 0xfb,
  0xfb, 0xfb, 0xfb, 0xfc, 0xfc, 0xfc, 0xfc, 0xfc, 0xfc, 0xfc, 0xfc, 0xfc,
  0xfd, 0xfc, 0xfb, 0xfb, 0xfa, 0xfa, 0xfa, 0xf9, 0xf9, 0xf9, 0xf8, 0xf8,
  0xf8, 0xf8, 0xff, 0x90, 0x02, 0x01, 0x01, 0x00, 0x00, 0x00, 0x00, 0x00,
  0x00, 0x00, 0x00, 0x00, 0x00, 0x00, 0x00, 0x00, 0x00, 0x00, 0x00, 0x00,
  0x00, 0x00, 0x00, 0x00, 0x00, 0x00, 0x00, 0x00, 0x00, 0x00, 0x00, 0x00,
  0x00, 0x00, 0x00, 0x00, 0x00, 0x00, 0x00, 0x00, 0x00, 0x00, 0x00, 0x00,
  0x00, 0x00, 0x00, 0x00, 0x00, 0x00, 0x00, 0x00, 0x00, 0x00, 0x00, 0x00,
  0x00, 0x00, 0x00, 0x00, 0x00, 0x00, 0x00, 0x00, 0x00, 0x00, 0x00, 0x00,
  0x02, 0x00, 0x15, 0x99, 0xff, 0xf0, 0xf6, 0xf9, 0xfd, 0xfe, 0xfe, 0xff,
  0xfe, 0xfd, 0xfc, 0xfc, 0xfb, 0xfb, 0xfb, 0xfa, 0xfa, 0xfb, 0xfc, 0xfb,
  0xfa, 0xfb, 0xfb, 0xfc, 0xfd, 0xfc, 0xfb, 0xfb, 0xfb, 0xfb, 0xfc, 0xfd,
  0xfb, 0xfc, 0xfb, 0xfa, 0xfa, 0xfa, 0xfb, 0xfb, 0xfb, 0xfb, 0xfc, 0xfc,
  0xfc, 0xfb, 0xfb, 0xfb, 0xfd, 0xfd, 0xfd, 0xfd, 0xfc, 0xfc, 0xfd, 0xfc,
  0xfb, 0xfb, 0xfa, 0xfb, 0xfb, 0xfa, 0xfa, 0xfa, 0xfa, 0xfa, 0xfb, 0xf4,
  0xff, 0xcf, 0x3a, 0x00, 0x03, 0x00, 0x00, 0x00, 0x00, 0x00, 0x00, 0x00,
  0x00, 0x00, 0x00, 0x00, 0x00, 0x00, 0x00, 0x00, 0x00, 0x00, 0x00, 0x00,
  0x00, 0x00, 0x00, 0x00, 0x00, 0x00, 0x00, 0x00, 0x00, 0x00, 0x00, 0x00,
  0x00, 0x00, 0x00, 0x00, 0x00, 0x00, 0x00, 0x00, 0x00, 0x00, 0x00, 0x00,
  0x00, 0x00, 0x00, 0x00, 0x00, 0x00, 0x00, 0x00, 0x00, 0x00, 0x00, 0x00,
  0x00, 0x00, 0x00, 0x00, 0x00, 0x00, 0x00, 0x00, 0x00, 0x00, 0x02, 0x00,
  0x5b, 0xe9, 0xfb, 0xf4, 0xfa, 0xfa, 0xfd, 0xfd, 0xfe, 0xfe, 0xfe, 0xfd,
  0xfc, 0xfb, 0xfc, 0xfc, 0xfb, 0xfb, 0xfb, 0xfb, 0xfb, 0xfa, 0xfa, 0xfb,
  0xfb, 0xfc, 0xfc, 0xfb, 0xfb, 0xfa, 0xfb, 0xfc, 0xfc, 0xfc, 0xfb, 0xfc,
  0xfb, 0xfb, 0xfb, 0xfb, 0xfb, 0xfb, 0xfb, 0xfb, 0xfc, 0xfc, 0xfc, 0xfb,
  0xfc, 0xfb, 0xfc, 0xfd, 0xfc, 0xfd, 0xfc, 0xfc, 0xfc, 0xfc, 0xfc, 0xfb,
  0xfa, 0xfb, 0xfb, 0xfb, 0xfb, 0xfb, 0xfc, 0xfd, 0xfc, 0xf6, 0xf6, 0xfc,
  0x97, 0x05, 0x02, 0x00, 0x00, 0x00, 0x00, 0x00, 0x00, 0x00, 0x00, 0x00,
  0x00, 0x00, 0x00, 0x00, 0x00, 0x00, 0x00, 0x00, 0x00, 0x00, 0x00, 0x00,
  0x00, 0x00, 0x00, 0x00, 0x00, 0x00, 0x00, 0x00, 0x00, 0x00, 0x00, 0x00,
  0x00, 0x00, 0x00, 0x00, 0x00, 0x00, 0x00, 0x00, 0x00, 0x00, 0x00, 0x00,
  0x00, 0x00, 0x00, 0x00, 0x00, 0x00, 0x00, 0x00, 0x00, 0x00, 0x00, 0x00,
  0x00, 0x00, 0x00, 0x00, 0x00, 0x00, 0x00, 0x03, 0x00, 0x24, 0xb2, 0xff,
  0xf1, 0xfa, 0xfb, 0xfc, 0xfc, 0xfd, 0xfd, 0xfd, 0xfe, 0xfd, 0xfc, 0xfb,
  0xfc, 0xfc, 0xfb, 0xfc, 0xfc, 0xfc, 0xfa, 0xfb, 0xfa, 0xfb, 0xfc, 0xfb,
  0xfb, 0xfc, 0xfb, 0xfa, 0xfb, 0xfc, 0xfb, 0xfb, 0xfc, 0xfc, 0xfb, 0xfb,
  0xfc, 0xfc, 0xfc, 0xfc, 0xfc, 0xfb, 0xfb, 0xfc, 0xfb, 0xfc, 0xfc, 0xfc,
  0xfb, 0xfc, 0xfd, 0xfd, 0xfc, 0xfb, 0xfb, 0xfb, 0xfb, 0xfb, 0xfa, 0xfb,
  0xfc, 0xfb, 0xfb, 0xfb, 0xfd, 0xfe, 0xfc, 0xf9, 0xf0, 0xff, 0xda, 0x44,
  0x00, 0x02, 0x00, 0x00, 0x00, 0x00, 0x00, 0x00, 0x00, 0x00, 0x00, 0x00,
  0x00, 0x00, 0x00, 0x00, 0x00, 0x00, 0x00, 0x00, 0x00, 0x00, 0x00, 0x00,
  0x00, 0x00, 0x00, 0x00, 0x00, 0x00, 0x00, 0x00, 0x00, 0x00, 0x00, 0x00,
  0x00, 0x00, 0x00, 0x00, 0x00, 0x00, 0x00, 0x00, 0x00, 0x00, 0x00, 0x00,
  0x00, 0x00, 0x00, 0x00, 0x00, 0x00, 0x00, 0x00, 0x00, 0x00, 0x00, 0x00,
  0x00, 0x00, 0x00, 0x00, 0x01, 0x00, 0x02, 0x7d, 0xf6, 0xf4, 0xf4, 0xf9,
  0xfa, 0xfb, 0xfb, 0xfc, 0xfd, 0xfe, 0xfe, 0xfd, 0xfc, 0xfb, 0xfb, 0xfb,
  0xfc, 0xfc, 0xfc, 0xfb, 0xfb, 0xfb, 0xfa, 0xfb, 0xfb, 0xfc, 0xfc, 0xfb,
  0xfc, 0xfc, 0xfc, 0xfb, 0xfb, 0xfc, 0xfb, 0xfb, 0xfc, 0xfb, 0xfb, 0xfb,
  0xfb, 0xfb, 0xfc, 0xfb, 0xfb, 0xfc, 0xfb, 0xfc, 0xfc, 0xfc, 0xfc, 0xfb,
  0xfc, 0xfd, 0xfc, 0xfb, 0xfc, 0xfb, 0xfa, 0xfb, 0xfa, 0xfb, 0xfc, 0xfc,
  0xfc, 0xfc, 0xfd, 0xfe, 0xfc, 0xfa, 0xf6, 0xf7, 0xff, 0xad, 0x0a, 0x01,
  0x00, 0x00, 0x00, 0x00, 0x00, 0x00, 0x00, 0x00, 0x00, 0x00, 0x00, 0x00,
  0x00, 0x00, 0x00, 0x00, 0x00, 0x00, 0x00, 0x00, 0x00, 0x00, 0x00, 0x00,
  0x00, 0x00, 0x00, 0x00, 0x00, 0x00, 0x00, 0x00, 0x00, 0x00, 0x00, 0x00,
  0x00, 0x00, 0x00, 0x00, 0x00, 0x00, 0x00, 0x00, 0x00, 0x00, 0x00, 0x00,
  0x00, 0x00, 0x00, 0x00, 0x00, 0x00, 0x00, 0x00, 0x00, 0x00, 0x00, 0x00,
  0x00, 0x00, 0x02, 0x00, 0x46, 0xd2, 0xff, 0xed, 0xf7, 0xf8, 0xfa, 0xfb,
  0xfc, 0xfc, 0xfc, 0xfd, 0xfd, 0xfd, 0xfc, 0xfb, 0xfb, 0xfc, 0xfd, 0xfc,
  0xfb, 0xfb, 0xfa, 0xfa, 0xfb, 0xfb, 0xfa, 0xfb, 0xfc, 0xfb, 0xfb, 0xfc,
  0xfb, 0xfa, 0xfb, 0xfb, 0xfa, 0xfa, 0xfb, 0xfc, 0xfb, 0xfc, 0xfc, 0xfc,
  0xfb, 0xfc, 0xfb, 0xfa, 0xfb, 0xfc, 0xfb, 0xfc, 0xfc, 0xfb, 0xfb, 0xfb,
  0xfb, 0xfb, 0xfc, 0xfb, 0xfa, 0xfb, 0xfa, 0xfb, 0xfc, 0xfc, 0xfb, 0xfc,
  0xfc, 0xfd, 0xfc, 0xfa, 0xfa, 0xf5, 0xff, 0xe5, 0x53, 0x00, 0x01, 0x00,
  0x00, 0x00, 0x00, 0x00, 0x00, 0x00, 0x00, 0x00, 0x00, 0x00, 0x00, 0x00,
  0x00, 0x00, 0x00, 0x00, 0x00, 0x00, 0x00, 0x00, 0x00, 0x00, 0x00, 0x00,
  0x00, 0x00, 0x00, 0x00, 0x00, 0x00, 0x00, 0x00, 0x00, 0x00, 0x00, 0x00,
  0x00, 0x00, 0x00, 0x00, 0x00, 0x00, 0x00, 0x00, 0x00, 0x00, 0x00, 0x00,
  0x00, 0x00, 0x00, 0x00, 0x00, 0x00, 0x00, 0x00, 0x00, 0x00, 0x00, 0x01,
  0x00, 0x16, 0xa7, 0xff, 0xf0, 0xf3, 0xf6, 0xf8, 0xfa, 0xfb, 0xfc, 0xfb,
  0xfc, 0xfd, 0xfc, 0xfd, 0xfc, 0xfb, 0xfb, 0xfc, 0xfd, 0xfc, 0xfb, 0xfb,
  0xfa, 0xfa, 0xfb, 0xfa, 0xfb, 0xfa, 0xfb, 0xfc, 0xfb, 0xfc, 0xfb, 0xfa,
  0xfb, 0xfb, 0xfa, 0xfa, 0xfb, 0xfc, 0xfb, 0xfb, 0xfb, 0xfb, 0xfc, 0xfb,
  0xfb, 0xfc, 0xfb, 0xfc, 0xfb, 0xfb, 0xfc, 0xfb, 0xfb, 0xfc, 0xfb, 0xfc,
  0xfb, 0xfa, 0xfb, 0xfb, 0xfb, 0xfa, 0xfb, 0xfc, 0xfc, 0xfb, 0xfc, 0xfd,
  0xfc, 0xfb, 0xfa, 0xf7, 0xf7, 0xff, 0xbb, 0x11, 0x01, 0x00, 0x00, 0x00,
  0x00, 0x00, 0x00, 0x00, 0x00, 0x00, 0x00, 0x00, 0x00, 0x00, 0x00, 0x00,
  0x00, 0x00, 0x00, 0x00, 0x00, 0x00, 0x00, 0x00, 0x00, 0x00, 0x00, 0x00,
  0x00, 0x00, 0x00, 0x00, 0x00, 0x00, 0x00, 0x00, 0x00, 0x00, 0x00, 0x00,
  0x00, 0x00, 0x00, 0x00, 0x00, 0x00, 0x00, 0x00, 0x00, 0x00, 0x00, 0x00,
  0x00, 0x00, 0x00, 0x00, 0x00, 0x00, 0x00, 0x00, 0x00, 0x03, 0x00, 0x69,
  0xe9, 0xfe, 0xef, 0xf6, 0xf7, 0xf8, 0xf9, 0xfa, 0xfb, 0xfc, 0xfc, 0xfc,
  0xfc, 0xfb, 0xfc, 0xfd, 0xfc, 0xfc, 0xfd, 0xfc, 0xfb, 0xfb, 0xfa, 0xfa,
  0xfa, 0xfb, 0xfb, 0xfa, 0xfb, 0xfc, 0xfc, 0xfc, 0xfb, 0xfa, 0xfa, 0xfa,
  0xfa, 0xfa, 0xfb, 0xfc, 0xfc, 0xfc, 0xfc, 0xfc, 0xfb, 0xfa, 0xfb, 0xfc,
  0xfb, 0xfc, 0xfc, 0xfc, 0xfb, 0xfb, 0xfc, 0xfc, 0xfc, 0xfc, 0xfb, 0xfa,
  0xfb, 0xfa, 0xfa, 0xfa, 0xfa, 0xfb, 0xfb, 0xfb, 0xfc, 0xfd, 0xfc, 0xfb,
  0xfa, 0xf8, 0xf2, 0xfd, 0xee, 0x63, 0x04, 0x00, 0x00, 0x00, 0x00, 0x00,
  0x00, 0x00, 0x00, 0x00, 0x00, 0x00, 0x00, 0x00, 0x00, 0x00, 0x00, 0x00,
  0x00, 0x00, 0x00, 0x00, 0x00, 0x00, 0x00, 0x00, 0x00, 0x00, 0x00, 0x00,
  0x00, 0x00, 0x00, 0x00, 0x00, 0x00, 0x00, 0x00, 0x00, 0x00, 0x00, 0x00,
  0x00, 0x00, 0x00, 0x00, 0x00, 0x00, 0x00, 0x00, 0x00, 0x00, 0x00, 0x00,
  0x00, 0x00, 0x00, 0x00, 0x00, 0x00, 0x01, 0x00, 0x23, 0xc1, 0xff, 0xf1,
  0xf5, 0xf7, 0xf7, 0xf8, 0xf9, 0xfa, 0xfa, 0xfb, 0xfb, 0xfb, 0xfb, 0xfb,
  0xfc, 0xfd, 0xfc, 0xfc, 0xfd, 0xfc, 0xfb, 0xfc, 0xfb, 0xfb, 0xfb, 0xfa,
  0xfb, 0xfa, 0xfb, 0xfb, 0xfb, 0xfb, 0xfb, 0xfb, 0xfb, 0xfb, 0xfb, 0xfb,
  0xfb, 0xfb, 0xfb, 0xfa, 0xfb, 0xfc, 0xfb, 0xfb, 0xfb, 0xfc, 0xfb, 0xfc,
  0xfc, 0xfb, 0xfb, 0xfc, 0xfb, 0xfb, 0xfb, 0xfb, 0xfb, 0xfa, 0xfb, 0xfb,
  0xfb, 0xfb, 0xfb, 0xfb, 0xfc, 0xfc, 0xfc, 0xfc, 0xfc, 0xfb, 0xfa, 0xf8,
  0xf3, 0xf3, 0xfb, 0xc8, 0x1c, 0x00, 0x00, 0x00, 0x00, 0x00, 0x00, 0x00,
  0x00, 0x00, 0x00, 0x00, 0x00, 0x00, 0x00, 0x00, 0x00, 0x00, 0x00, 0x00,
  0x00, 0x00, 0x00, 0x00, 0x00, 0x00, 0x00, 0x00, 0x00, 0x00, 0x00, 0x00,
  0x00, 0x00, 0x00, 0x00, 0x00, 0x00, 0x00, 0x00, 0x00, 0x00, 0x00, 0x00,
  0x00, 0x00, 0x00, 0x00, 0x00, 0x00, 0x00, 0x00, 0x00, 0x00, 0x00, 0x00,
  0x00, 0x00, 0x00, 0x00, 0x02, 0x02, 0x83, 0xf4, 0xfb, 0xf1, 0xf8, 0xf7,
  0xf8, 0xf8, 0xf9, 0xf9, 0xfb, 0xfa, 0xfa, 0xfa, 0xfb, 0xfb, 0xfc, 0xfd,
  0xfc, 0xfc, 0xfd, 0xfc, 0xfb, 0xfc, 0xfc, 0xfc, 0xfa, 0xfa, 0xfa, 0xfa,
  0xfa, 0xfa, 0xfa, 0xfa, 0xfb, 0xfc, 0xfc, 0xfc, 0xfc, 0xfc, 0xfb, 0xfa,
  0xfa, 0xfb, 0xfc, 0xfb, 0xfb, 0xfb, 0xfb, 0xfc, 0xfc, 0xfb, 0xfb, 0xfc,
  0xfc, 0xfc, 0xfb, 0xfa, 0xfa, 0xfa, 0xfa, 0xfb, 0xfc, 0xfc, 0xfc, 0xfc,
  0xfc, 0xfb, 0xfb, 0xfb, 0xfb, 0xfc, 0xfb, 0xfa, 0xf9, 0xf7, 0xf6, 0xf2,
  0xf9, 0xf4, 0x6e, 0x07, 0x00, 0x00, 0x00, 0x00, 0x00, 0x00, 0x00, 0x00,
  0x00, 0x00, 0x00, 0x00, 0x00, 0x00, 0x00, 0x00, 0x00, 0x00, 0x00, 0x00,
  0x00, 0x00, 0x00, 0x00, 0x00, 0x00, 0x00, 0x00, 0x00, 0x00, 0x00, 0x00,
  0x00, 0x00, 0x00, 0x00, 0x00, 0x00, 0x00, 0x00, 0x00, 0x00, 0x00, 0x00,
  0x00, 0x00, 0x00, 0x00, 0x00, 0x00, 0x00, 0x00, 0x00, 0x00, 0x00, 0x00,
  0x00, 0x01, 0x00, 0x3b, 0xd7, 0xff, 0xf1, 0xf7, 0xf7, 0xf8, 0xf9, 0xf9,
  0xfa, 0xfa, 0xfa, 0xfa, 0xfb, 0xfa, 0xfb, 0xfb, 0xfc, 0xfd, 0xfc, 0xfb,
  0xfc, 0xfc, 0xfb, 0xfb, 0xfb, 0xfb, 0xfb, 0xfa, 0xfb, 0xfb, 0xfa, 0xfb,
  0xfb, 0xfa, 0xfb, 0xfc, 0xfb, 0xfb, 0xfb, 0xfb, 0xfb, 0xfa, 0xfb, 0xfc,
  0xfb, 0xfc, 0xfc, 0xfc, 0xfc, 0xfb, 0xfc, 0xfc, 0xfb, 0xfb, 0xfb, 0xfb,
  0xfb, 0xfb, 0xfb, 0xfa, 0xfa, 0xfb, 0xfb, 0xfb, 0xfc, 0xfb, 0xfc, 0xfc,
  0xfc, 0xfc, 0xfb, 0xfb, 0xfb, 0xfa, 0xf9, 0xf8, 0xf7, 0xf5, 0xf4, 0xfb,
  0xd1, 0x23, 0x00, 0x00, 0x00, 0x00, 0x00, 0x00, 0x00, 0x00, 0x00, 0x00,
  0x00, 0x00, 0x00, 0x00, 0x00, 0x00, 0x00, 0x00, 0x00, 0x00, 0x00, 0x00,
  0x00, 0x00, 0x00, 0x00, 0x00, 0x00, 0x00, 0x00, 0x00, 0x00, 0x00, 0x00,
  0x00, 0x00, 0x00, 0x00, 0x00, 0x00, 0x00, 0x00, 0x00, 0x00, 0x00, 0x00,
  0x00, 0x00, 0x00, 0x00, 0x00, 0x00, 0x00, 0x00, 0x00, 0x00, 0x00, 0x01,
  0x0c, 0xa3, 0xfd, 0xf8, 0xf3, 0xf8, 0xf8, 0xf8, 0xf9, 0xfa, 0xfa, 0xfb,
  0xfa, 0xfa, 0xfb, 0xfa, 0xfb, 0xfc, 0xfc, 0xfd, 0xfc, 0xfc, 0xfc, 0xfb,
  0xfb, 0xfc, 0xfc, 0xfc, 0xfc, 0xfb, 0xfb, 0xfb, 0xfb, 0xfa, 0xfb, 0xfa,
  0xfb, 0xfc, 0xfb, 0xfb, 0xfa, 0xfa, 0xfb, 0xfa, 0xfb, 0xfc, 0xfb, 0xfc,
  0xfc, 0xfc, 0xfc, 0xfb, 0xfc, 0xfc, 0xfb, 0xfa, 0xfa, 0xfa, 0xfb, 0xfc,
  0xfb, 0xfa, 0xfb, 0xfa, 0xfa, 0xfb, 0xfc, 0xfb, 0xfc, 0xfc, 0xfc, 0xfc,
  0xfc, 0xfb, 0xfa, 0xfa, 0xf9, 0xf8, 0xf8, 0xf7, 0xf4, 0xf7, 0xfa, 0x72,
  0x08, 0x00, 0x00, 0x00, 0x00, 0x00, 0x00, 0x00, 0x00, 0x00, 0x00, 0x00,
  0x00, 0x00, 0x00, 0x00, 0x00, 0x00, 0x00, 0x00, 0x00, 0x00, 0x00, 0x00,
  0x00, 0x00, 0x00, 0x00, 0x00, 0x00, 0x00, 0x00, 0x00, 0x00, 0x00, 0x00,
  0x00, 0x00, 0x00, 0x00, 0x00, 0x00, 0x00, 0x00, 0x00, 0x00, 0x00, 0x00,
  0x00, 0x00, 0x00, 0x00, 0x00, 0x00, 0x00, 0x00, 0x01, 0x01, 0x54, 0xe8,
  0xfe, 0xf2, 0xf7, 0xf7, 0xf8, 0xf9, 0xf9, 0xfa, 0xfa, 0xfb, 0xfb, 0xfb,
  0xfa, 0xfb, 0xfb, 0xfb, 0xfc, 0xfd, 0xfd, 0xfd, 0xfc, 0xfb, 0xfc, 0xfc,
  0xfc, 0xfc, 0xfb, 0xfb, 0xfb, 0xfc, 0xfb, 0xfb, 0xfa, 0xfa, 0xfb, 0xfc,
  0xfc, 0xfc, 0xfa, 0xfa, 0xfa, 0xfa, 0xfb, 0xfb, 0xfb, 0xfc, 0xfc, 0xfb,
  0xfb, 0xfc, 0xfb, 0xfc, 0xfb, 0xfa, 0xfa, 0xfa, 0xfb, 0xfc, 0xfb, 0xfa,
  0xfb, 0xfb, 0xfa, 0xfb, 0xfc, 0xfc, 0xfc, 0xfb, 0xfb, 0xfb, 0xfb, 0xfb,
  0xfa, 0xf9, 0xf9, 0xf9, 0xf8, 0xf8, 0xf6, 0xf4, 0xf9, 0xd9, 0x2d, 0x00,
  0x00, 0x00, 0x00, 0x00, 0x00, 0x00, 0x00, 0x00, 0x00, 0x00, 0x00, 0x00,
  0x00, 0x00, 0x00, 0x00, 0x00, 0x00, 0x00, 0x00, 0x00, 0x00, 0x00, 0x00,
  0x00, 0x00, 0x00, 0x00, 0x00, 0x00, 0x00, 0x00, 0x00, 0x00, 0x00, 0x00,
  0x00, 0x00, 0x00, 0x00, 0x00, 0x00, 0x00, 0x00, 0x00, 0x00, 0x00, 0x00,
  0x00, 0x00, 0x00, 0x00, 0x00, 0x00, 0x00, 0x1d, 0xbf, 0xfc, 0xf6, 0xf5,
  0xf8, 0xf8, 0xf8, 0xf9, 0xf9, 0xfa, 0xfa, 0xfb, 0xfa, 0xfa, 0xfb, 0xfa,
  0xfa, 0xfb, 0xfc, 0xfc, 0xfc, 0xfc, 0xfc, 0xfb, 0xfc, 0xfb, 0xfb, 0xfb,
  0xfc, 0xfc, 0xfc, 0xfb, 0xfc, 0xfb, 0xfb, 0xfa, 0xfb, 0xfb, 0xfb, 0xfb,
  0xfb, 0xfb, 0xfb, 0xfb, 0xfa, 0xfb, 0xfc, 0xfb, 0xfb, 0xfc, 0xfc, 0xfb,
  0xfc, 0xfc, 0xfb, 0xfb, 0xfb, 0xfa, 0xfb, 0xfc, 0xfb, 0xfa, 0xfb, 0xfa,
  0xfa, 0xfb, 0xfc, 0xfb, 0xfb, 0xfc, 0xfc, 0xfb, 0xfa, 0xfa, 0xfa, 0xfa,
  0xf9, 0xf8, 0xf8, 0xf7, 0xf6, 0xf4, 0xf4, 0xfe, 0x84, 0x0e, 0x00, 0x00,
  0x00, 0x00, 0x00, 0x00, 0x00, 0x00, 0x00, 0x00, 0x00, 0x00, 0x00, 0x00,
  0x00, 0x00, 0x00, 0x00, 0x00, 0x00, 0x00, 0x00, 0x00, 0x00, 0x00, 0x00,
  0x00, 0x00, 0x00, 0x00, 0x00, 0x00, 0x00, 0x00, 0x00, 0x00, 0x00, 0x00,
  0x00, 0x00, 0x00, 0x00, 0x00, 0x00, 0x00, 0x00, 0x00, 0x00, 0x00, 0x00,
  0x00, 0x00, 0x00, 0x00, 0x05, 0x78, 0xf6, 0xfc, 0xf5, 0xf8, 0xf8, 0xf8,
  0xf9, 0xf9, 0xfa, 0xf9, 0xfa, 0xfb, 0xfb, 0xfb, 0xfb, 0xf9, 0xfa, 0xfb,
  0xfc, 0xfb, 0xfc, 0xfb, 0xfb, 0xfc, 0xfc, 0xfc, 0xfc, 0xfb, 0xfc, 0xfc,
  0xfc, 0xfc, 0xfc, 0xfc, 0xfb, 0xfa, 0xfa, 0xfa, 0xfa, 0xfa, 0xfc, 0xfc,
  0xfc, 0xfc, 0xfb, 0xfb, 0xfc, 0xfb, 0xfb, 0xfb, 0xfc, 0xfb, 0xfc, 0xfb,
  0xfc, 0xfc, 0xfc, 0xfb, 0xfb, 0xfc, 0xfb, 0xfa, 0xfa, 0xfb, 0xfb, 0xfb,
  0xfc, 0xfc, 0xfc, 0xfc, 0xfc, 0xfb, 0xfb, 0xfa, 0xf9, 0xf9, 0xf9, 0xf9,
  0xf8, 0xf8, 0xf7, 0xf6, 0xf5, 0xf9, 0xe3, 0x3d, 0x00, 0x00, 0x00, 0x00,
  0x00, 0x00, 0x00, 0x00, 0x00, 0x00, 0x00, 0x00, 0x00, 0x00, 0x00, 0x00,
  0x00, 0x00, 0x00, 0x00, 0x00, 0x00, 0x00, 0x00, 0x00, 0x00, 0x00, 0x00,
  0x00, 0x00, 0x00, 0x00, 0x00, 0x00, 0x00, 0x00, 0x00, 0x00, 0x00, 0x00,
  0x00, 0x00, 0x00, 0x00, 0x00, 0x00, 0x00, 0x00, 0x00, 0x00, 0x00, 0x00,
  0x00, 0x00, 0x36, 0xdc, 0xfe, 0xf8, 0xf8, 0xf8, 0xf9, 0xf9, 0xf9, 0xfa,
  0xfa, 0xfa, 0xfa, 0xfa, 0xfa, 0xfa, 0xfa, 0xfa, 0xfa, 0xfb, 0xfc, 0xfb,
  0xfb, 0xfb, 0xfc, 0xfb, 0xfb, 0xfc, 0xfc, 0xfc, 0xfb, 0xfb, 0xfc, 0xfb,
  0xfb, 0xfb, 0xfb, 0xfb, 0xfb, 0xfa, 0xfa, 0xfb, 0xfb, 0xfb, 0xfb, 0xfc,
  0xfb, 0xfb, 0xfc, 0xfc, 0xfc, 0xfc, 0xfb, 0xfc, 0xfc, 0xfc, 0xfc, 0xfb,
  0xfb, 0xfb, 0xfa, 0xfb, 0xfb, 0xfa, 0xfb, 0xfb, 0xfc, 0xfb, 0xfc, 0xfd,
  0xfc, 0xfc, 0xfc, 0xfb, 0xfb, 0xfa, 0xfa, 0xfa, 0xfa, 0xf9, 0xf9, 0xf9,
  0xf9, 0xfa, 0xfa, 0xf6, 0xff, 0x92, 0x12, 0x00, 0x01, 0x00, 0x00, 0x00,
  0x00, 0x00, 0x00, 0x00, 0x00, 0x00, 0x00, 0x00, 0x00, 0x00, 0x00, 0x00,
  0x00, 0x00, 0x00, 0x00, 0x00, 0x00, 0x00, 0x00, 0x00, 0x00, 0x00, 0x00,
  0x00, 0x00, 0x00, 0x00, 0x00, 0x00, 0x00, 0x00, 0x00, 0x00, 0x00, 0x00,
  0x00, 0x00, 0x00, 0x00, 0x00, 0x00, 0x00, 0x00, 0x00, 0x00, 0x00, 0x13,
  0x99, 0xfc, 0xf9, 0xf8, 0xfa, 0xf9, 0xf8, 0xf9, 0xfa, 0xfa, 0xfb, 0xfb,
  0xfa, 0xf9, 0xf9, 0xf9, 0xfa, 0xfa, 0xfb, 0xfa, 0xfb, 0xfb, 0xfa, 0xfb,
  0xfc, 0xfc, 0xfc, 0xfb, 0xfc, 0xfb, 0xfc, 0xfb, 0xfc, 0xfb, 0xfb, 0xfa,
  0xfb, 0xfc, 0xfb, 0xfb, 0xfb, 0xfb, 0xfc, 0xfc, 0xfc, 0xfb, 0xfc, 0xfc,
  0xfb, 0xfc, 0xfd, 0xfc, 0xfb, 0xfc, 0xfc, 0xfc, 0xfb, 0xfc, 0xfb, 0xfc,
  0xfb, 0xfa, 0xfb, 0xfa, 0xfb, 0xfc, 0xfc, 0xfb, 0xfc, 0xfc, 0xfb, 0xfb,
  0xfc, 0xfb, 0xfa, 0xfb, 0xfb, 0xfb, 0xfa, 0xf9, 0xfa, 0xfa, 0xfb, 0xfc,
  0xfb, 0xf9, 0xfa, 0xee, 0x4d, 0x00, 0x00, 0x00, 0x00, 0x00, 0x00, 0x00,
  0x00, 0x00, 0x00, 0x00, 0x00, 0x00, 0x00, 0x00, 0x00, 0x00, 0x00, 0x00,
  0x00, 0x00, 0x00, 0x00, 0x00, 0x00, 0x00, 0x00, 0x00, 0x00, 0x00, 0x00,
  0x00, 0x00, 0x00, 0x00, 0x00, 0x00, 0x00, 0x00, 0x00, 0x00, 0x00, 0x00,
  0x00, 0x00, 0x00, 0x00, 0x00, 0x00, 0x00, 0x00, 0x02, 0x54, 0xf3, 0xf9,
  0xf5, 0xf8, 0xf9, 0xfa, 0xfa, 0xf9, 0xfa, 0xfb, 0xfa, 0xfa, 0xf9, 0xf9,
  0xf9, 0xfa, 0xfb, 0xfa, 0xfb, 0xfb, 0xfb, 0xfa, 0xfb, 0xfb, 0xfb, 0xfc,
  0xfd, 0xfc, 0xfb, 0xfb, 0xfd, 0xfc, 0xfb, 0xfb, 0xfc, 0xfb, 0xfb, 0xfc,
  0xfb, 0xfc, 0xfb, 0xfa, 0xfb, 0xfb, 0xfb, 0xfc, 0xfb, 0xfb, 0xfc, 0xfb,
  0xfb, 0xfb, 0xfb, 0xfb, 0xfb, 0xfb, 0xfc, 0xfc, 0xfb, 0xfc, 0xfb, 0xfa,
  0xfa, 0xfa, 0xfa, 0xfb, 0xfb, 0xfb, 0xfc, 0xfb, 0xfc, 0xfc, 0xfc, 0xfb,
  0xfb, 0xfb, 0xfa, 0xfb, 0xfa, 0xf9, 0xfa, 0xfb, 0xfc, 0xfd, 0xfb, 0xf8,
  0xf1, 0xff, 0xa3, 0x21, 0x00, 0x01, 0x00, 0x00, 0x00, 0x00, 0x00, 0x00,
  0x00, 0x00, 0x00, 0x00, 0x00, 0x00, 0x00, 0x00, 0x00, 0x00, 0x00, 0x00,
  0x00, 0x00, 0x00, 0x00, 0x00, 0x00, 0x00, 0x00, 0x00, 0x00, 0x00, 0x00,
  0x00, 0x00, 0x00, 0x00, 0x00, 0x00, 0x00, 0x00, 0x00, 0x00, 0x00, 0x00,
  0x00, 0x00, 0x00, 0x00, 0x00, 0x00, 0x2c, 0xbf, 0xfd, 0xf4, 0xf4, 0xf9,
  0xfb, 0xfb, 0xfb, 0xfa, 0xfa, 0xfb, 0xfb, 0xfb, 0xfa, 0xfa, 0xfa, 0xfb,
  0xfb, 0xfa, 0xfb, 0xfc, 0xfb, 0xfa, 0xfb, 0xfc, 0xfb, 0xfc, 0xfd, 0xfc,
  0xfb, 0xfb, 0xfc, 0xfd, 0xfc, 0xfb, 0xfc, 0xfb, 0xfb, 0xfc, 0xfb, 0xfc,
  0xfb, 0xfb, 0xfb, 0xfa, 0xfb, 0xfc, 0xfb, 0xfc, 0xfb, 0xfc, 0xfc, 0xfc,
  0xfc, 0xfc, 0xfc, 0xfc, 0xfd, 0xfc, 0xfb, 0xfc, 0xfb, 0xfb, 0xfb, 0xfb,
  0xfb, 0xfb, 0xfa, 0xfb, 0xfc, 0xfb, 0xfb, 0xfb, 0xfb, 0xfb, 0xfc, 0xfb,
  0xfa, 0xfb, 0xfb, 0xfb, 0xfa, 0xfb, 0xfd, 0xfd, 0xfb, 0xf7, 0xf2, 0xf9,
  0xf9, 0x60, 0x01, 0x00, 0x01, 0x00, 0x00, 0x00, 0x00, 0x00, 0x00, 0x00,
  0x00, 0x00, 0x00, 0x00, 0x00, 0x00, 0x00, 0x00, 0x00, 0x00, 0x00, 0x00,
  0x00, 0x00, 0x00, 0x00, 0x00, 0x00, 0x00, 0x00, 0x00, 0x00, 0x00, 0x00,
  0x00, 0x00, 0x00, 0x00, 0x00, 0x00, 0x00, 0x00, 0x00, 0x00, 0x00, 0x00,
  0x00, 0x01, 0x00, 0x0a, 0x7d, 0xff, 0xf9, 0xf5, 0xf7, 0xfa, 0xfb, 0xfc,
  0xfb, 0xfa, 0xfa, 0xfb, 0xfb, 0xfa, 0xfb, 0xfb, 0xfb, 0xfa, 0xfa, 0xfb,
  0xfc, 0xfc, 0xfb, 0xfa, 0xfa, 0xfb, 0xfc, 0xfb, 0xfb, 0xfb, 0xfc, 0xfc,
  0xfc, 0xfb, 0xfc, 0xfd, 0xfc, 0xfb, 0xfc, 0xfb, 0xfc, 0xfc, 0xfb, 0xfc,
  0xfb, 0xfb, 0xfb, 0xfc, 0xfb, 0xfc, 0xfc, 0xfc, 0xfb, 0xfc, 0xfd, 0xfc,
  0xfd, 0xfd, 0xfc, 0xfc, 0xfb, 0xfb, 0xfc, 0xfc, 0xfc, 0xfc, 0xfc, 0xfc,
  0xfc, 0xfb, 0xfa, 0xfb, 0xfa, 0xfa, 0xfa, 0xfa, 0xfa, 0xfa, 0xfb, 0xfb,
  0xfb, 0xfa, 0xfb, 0xfc, 0xfd, 0xfe, 0xfc, 0xf9, 0xf7, 0xf4, 0xff, 0xb0,
  0x2b, 0x00, 0x01, 0x00, 0x00, 0x00, 0x00, 0x00, 0x00, 0x00, 0x00, 0x00,
  0x00, 0x00, 0x00, 0x00, 0x00, 0x00, 0x00, 0x00, 0x00, 0x00, 0x00, 0x00,
  0x00, 0x00, 0x00, 0x00, 0x00, 0x00, 0x00, 0x00, 0x00, 0x00, 0x00, 0x00,
  0x00, 0x00, 0x00, 0x00, 0x00, 0x00, 0x00, 0x00, 0x00, 0x00, 0x00, 0x00,
  0x00, 0x4a, 0xe1, 0xfe, 0xf9, 0xfa, 0xfa, 0xfb, 0xfc, 0xfc, 0xfb, 0xfa,
  0xfa, 0xfb, 0xfb, 0xfa, 0xfb, 0xfb, 0xfb, 0xfa, 0xfa, 0xfb, 0xfb, 0xfb,
  0xfb, 0xfb, 0xfa, 0xfb, 0xfc, 0xfb, 0xfc, 0xfc, 0xfc, 0xfc, 0xfc, 0xfc,
  0xfb, 0xfc, 0xfc, 0xfb, 0xfc, 0xfb, 0xfc, 0xfc, 0xfb, 0xfc, 0xfc, 0xfc,
  0xfb, 0xfb, 0xfc, 0xfb, 0xfc, 0xfc, 0xfb, 0xfc, 0xfd, 0xfc, 0xfd, 0xfd,
  0xfc, 0xfc, 0xfc, 0xfb, 0xfb, 0xfc, 0xfb, 0xfc, 0xfc, 0xfb, 0xfc, 0xfb,
  0xfa, 0xfb, 0xfa, 0xfa, 0xfa, 0xfa, 0xfa, 0xfa, 0xfb, 0xfb, 0xfa, 0xfb,
  0xfb, 0xfc, 0xfe, 0xfd, 0xfc, 0xfa, 0xfa, 0xfa, 0xf9, 0xff, 0x71, 0x02,
  0x00, 0x01, 0x00, 0x00, 0x00, 0x00, 0x00, 0x00, 0x00, 0x00, 0x00, 0x00,
  0x00, 0x00, 0x00, 0x00, 0x00, 0x00, 0x00, 0x00, 0x00, 0x00, 0x00, 0x00,
  0x00, 0x00, 0x00, 0x00, 0x00, 0x00, 0x00, 0x00, 0x00, 0x00, 0x00, 0x00,
  0x00, 0x00, 0x00, 0x00, 0x00, 0x00, 0x00, 0x00, 0x00, 0x00, 0x25, 0xa4,
  0xff, 0xf9, 0xfc, 0xfd, 0xfd, 0xfd, 0xfe, 0xfd, 0xfc, 0xfb, 0xfa, 0xfb,
  0xfb, 0xfa, 0xfb, 0xfa, 0xfb, 0xfb, 0xfb, 0xfb, 0xfb, 0xfc, 0xfb, 0xfa,
  0xfb, 0xfb, 0xfa, 0xfb, 0xfb, 0xfb, 0xfc, 0xfb, 0xfa, 0xfb, 0xfc, 0xfc,
  0xfb, 0xfc, 0xfc, 0xfb, 0xfc, 0xfd, 0xfc, 0xfc, 0xfb, 0xfc, 0xfb, 0xfa,
  0xfb, 0xfc, 0xfb, 0xfc, 0xfd, 0xfc, 0xfb, 0xfc, 0xfc, 0xfc, 0xfc, 0xfc,
  0xfc, 0xfb, 0xfb, 0xfc, 0xfc, 0xfc, 0xfc, 0xfb, 0xfc, 0xfb, 0xfa, 0xfb,
  0xfb, 0xfb, 0xfb, 0xfb, 0xfb, 0xfb, 0xfb, 0xfa, 0xfb, 0xfc, 0xfc, 0xfd,
  0xfe, 0xfd, 0xfd, 0xfd, 0xfc, 0xfd, 0xf7, 0xff, 0xbf, 0x38, 0x00, 0x01,
  0x00, 0x00, 0x00, 0x00, 0x00, 0x00, 0x00, 0x00, 0x00, 0x00, 0x00, 0x00,
  0x00, 0x00, 0x00, 0x00, 0x00, 0x00, 0x00, 0x00, 0x00, 0x00, 0x00, 0x00,
  0x00, 0x00, 0x00, 0x00, 0x00, 0x00, 0x00, 0x00, 0x00, 0x00, 0x00, 0x00,
  0x00, 0x00, 0x00, 0x00, 0x00, 0x01, 0x00, 0x05, 0x6d, 0xfd, 0xfb, 0xf8,
  0xfc, 0xfd, 0xfd, 0xfe, 0xfe, 0xfd, 0xfc, 0xfb, 0xfb, 0xfb, 0xfa, 0xfb,
  0xfb, 0xfa, 0xfb, 0xfb, 0xfc, 0xfc, 0xfc, 0xfc, 0xfb, 0xfb, 0xfc, 0xfc,
  0xfb, 0xfa, 0xfa, 0xfb, 0xfb, 0xfb, 0xfa, 0xfb, 0xfc, 0xfb, 0xfb, 0xfc,
  0xfc, 0xfb, 0xfc, 0xfd, 0xfd, 0xfc, 0xfb, 0xfc, 0xfa, 0xfb, 0xfc, 0xfc,
  0xfb, 0xfc, 0xfd, 0xfc, 0xfb, 0xfb, 0xfb, 0xfc, 0xfc, 0xfb, 0xfb, 0xfc,
  0xfc, 0xfb, 0xfc, 0xfc, 0xfc, 0xfb, 0xfc, 0xfb, 0xfa, 0xfb, 0xfb, 0xfb,
  0xfb, 0xfb, 0xfa, 0xfb, 0xfb, 0xfa, 0xfb, 0xfc, 0xfc, 0xfd, 0xfd, 0xfe,
  0xfe, 0xfe, 0xfe, 0xfc, 0xf9, 0xf7, 0xff, 0x83, 0x06, 0x00, 0x01, 0x00,
  0x00, 0x00, 0x00, 0x00, 0x00, 0x00, 0x00, 0x00, 0x00, 0x00, 0x00, 0x00,
  0x00, 0x00, 0x00, 0x00, 0x00, 0x00, 0x00, 0x00, 0x00, 0x00, 0x00, 0x00,
  0x00, 0x00, 0x00, 0x00, 0x00, 0x00, 0x00, 0x00, 0x00, 0x00, 0x00, 0x00,
  0x00, 0x00, 0x00, 0x01, 0x00, 0x3b, 0xcb, 0xff, 0xf5, 0xf8, 0xfb, 0xfd,
  0xfe, 0xfe, 0xfe, 0xfd, 0xfd, 0xfc, 0xfc, 0xfb, 0xfa, 0xfb, 0xfa, 0xfa,
  0xfb, 0xfb, 0xfc, 0xfb, 0xfb, 0xfc, 0xfb, 0xfa, 0xfb, 0xfc, 0xfc, 0xfb,
  0xfb, 0xfc, 0xfc, 0xfb, 0xfa, 0xfb, 0xfc, 0xfb, 0xfc, 0xfb, 0xfb, 0xfb,
  0xfc, 0xfd, 0xfd, 0xfc, 0xfb, 0xfc, 0xfb, 0xfb, 0xfc, 0xfb, 0xfc, 0xfc,
  0xfd, 0xfc, 0xfb, 0xfc, 0xfb, 0xfb, 0xfb, 0xfc, 0xfc, 0xfb, 0xfc, 0xfc,
  0xfc, 0xfc, 0xfc, 0xfb, 0xfc, 0xfb, 0xfa, 0xfb, 0xfb, 0xfb, 0xfb, 0xfa,
  0xfb, 0xfa, 0xfa, 0xfa, 0xfb, 0xfb, 0xfc, 0xfd, 0xfc, 0xfd, 0xfe, 0xff,
  0xfe, 0xfa, 0xf7, 0xf3, 0xff, 0xce, 0x45, 0x00, 0x02, 0x00, 0x00, 0x00,
  0x00, 0x00, 0x00, 0x00, 0x00, 0x00, 0x00, 0x00, 0x00, 0x00, 0x00, 0x00,
  0x00, 0x00, 0x00, 0x00, 0x00, 0x00, 0x00, 0x00, 0x00, 0x00, 0x00, 0x00,
  0x00, 0x00, 0x00, 0x00, 0x00, 0x00, 0x00, 0x00, 0x00, 0x00, 0x00, 0x00,
  0x02, 0x00, 0x0f, 0x88, 0xff, 0xf6, 0xf6, 0xf8, 0xfb, 0xfd, 0xfe, 0xff,
  0xfe, 0xfd, 0xfd, 0xfc, 0xfb, 0xfc, 0xfb, 0xfa, 0xfb, 0xfb, 0xfb, 0xfb,
  0xfb, 0xfb, 0xfb, 0xfc, 0xfb, 0xfa, 0xfb, 0xfb, 0xfb, 0xfb, 0xfb, 0xfb,
  0xfb, 0xfb, 0xfa, 0xfb, 0xfc, 0xfb, 0xfc, 0xfb, 0xfc, 0xfc, 0xfc, 0xfc,
  0xfd, 0xfc, 0xfb, 0xfb, 0xfc, 0xfc, 0xfc, 0xfb, 0xfc, 0xfd, 0xfd, 0xfc,
  0xfb, 0xfc, 0xfb, 0xfb, 0xfa, 0xfb, 0xfb, 0xfc, 0xfb, 0xfc, 0xfc, 0xfb,
  0xfc, 0xfb, 0xfc, 0xfb, 0xfa, 0xfb, 0xfb, 0xfb, 0xfa, 0xfb, 0xfa, 0xfb,
  0xfb, 0xfb, 0xfb, 0xfc, 0xfc, 0xfd, 0xfc, 0xfd, 0xfe, 0xff, 0xfe, 0xfb,
  0xf8, 0xf6, 0xf6, 0xff, 0x94, 0x0b, 0x00, 0x01, 0x00, 0x00, 0x00, 0x00,
  0x00, 0x00, 0x00, 0x00, 0x00, 0x00, 0x00, 0x00, 0x00, 0x00, 0x00, 0x00,
  0x00, 0x00, 0x00, 0x00, 0x00, 0x00, 0x00, 0x00, 0x00, 0x00, 0x00, 0x00,
  0x00, 0x00, 0x00, 0x00, 0x00, 0x00, 0x00, 0x00, 0x00, 0x00, 0x01, 0x00,
  0x4a, 0xd8, 0xff, 0xf5, 0xfb, 0xfa, 0xfd, 0xfd, 0xfe, 0xfe, 0xfe, 0xfd,
  0xfc, 0xfc, 0xfb, 0xfb, 0xfb, 0xfb, 0xfa, 0xfa, 0xfa, 0xfc, 0xfc, 0xfc,
  0xfc, 0xfc, 0xfb, 0xfa, 0xfa, 0xfa, 0xfa, 0xfa, 0xfa, 0xfa, 0xfa, 0xfb,
  0xfa, 0xfb, 0xfc, 0xfc, 0xfc, 0xfb, 0xfc, 0xfd, 0xfd, 0xfd, 0xfd, 0xfd,
  0xfb, 0xfb, 0xfb, 0xfb, 0xfb, 0xfc, 0xfc, 0xfc, 0xfd, 0xfc, 0xfb, 0xfc,
  0xfc, 0xfc, 0xfb, 0xfa, 0xfb, 0xfc, 0xfc, 0xfb, 0xfb, 0xfc, 0xfb, 0xfb,
  0xfc, 0xfb, 0xfa, 0xfb, 0xfb, 0xfb, 0xfb, 0xfa, 0xfb, 0xfb, 0xfc, 0xfc,
  0xfc, 0xfc, 0xfd, 0xfc, 0xfd, 0xfd, 0xfe, 0xfe, 0xfe, 0xfc, 0xfb, 0xfb,
  0xf5, 0xff, 0xd6, 0x4c, 0x00, 0x03, 0x00, 0x00, 0x00, 0x00, 0x00, 0x00,
  0x00, 0x00, 0x00, 0x00, 0x00, 0x00, 0x00, 0x00, 0x00, 0x00, 0x00, 0x00,
  0x00, 0x00, 0x00, 0x00, 0x00, 0x00, 0x00, 0x00, 0x00, 0x00, 0x00, 0x00,
  0x00, 0x00, 0x00, 0x00, 0x00, 0x00, 0x00, 0x02, 0x00, 0x16, 0x99, 0xff,
  0xf0, 0xf7, 0xfc, 0xfd, 0xfe, 0xfe, 0xfd, 0xfd, 0xfd, 0xfd, 0xfd, 0xfc,
  0xfc, 0xfc, 0xfc, 0xfc, 0xfb, 0xfb, 0xfb, 0xfb, 0xfb, 0xfb, 0xfb, 0xfb,
  0xfb, 0xfa, 0xfb, 0xfb, 0xfb, 0xfb, 0xfb, 0xfb, 0xfb, 0xfb, 0xfa, 0xfc,
  0xfb, 0xfb, 0xfb, 0xfb, 0xfc, 0xfd, 0xfc, 0xfc, 0xfc, 0xfc, 0xfb, 0xfc,
  0xfb, 0xfa, 0xfb, 0xfc, 0xfb, 0xfc, 0xfc, 0xfc, 0xfb, 0xfb, 0xfb, 0xfc,
  0xfc, 0xfb, 0xfb, 0xfb, 0xfb, 0xfc, 0xfc, 0xfb, 0xfc, 0xfb, 0xfc, 0xfb,
  0xfa, 0xfb, 0xfb, 0xfb, 0xfa, 0xfb, 0xfb, 0xfc, 0xfc, 0xfc, 0xfd, 0xfd,
  0xfd, 0xfd, 0xfc, 0xfd, 0xfe, 0xfd, 0xfd, 0xfe, 0xfd, 0xfc, 0xf8, 0xf5,
  0xff, 0x9f, 0x0f, 0x00, 0x01, 0x00, 0x00, 0x00, 0x00, 0x00, 0x00, 0x00,
  0x00, 0x00, 0x00, 0x00, 0x00, 0x00, 0x00, 0x00, 0x00, 0x00, 0x00, 0x00,
  0x00, 0x00, 0x00, 0x00, 0x00, 0x00, 0x00, 0x00, 0x00, 0x00, 0x00, 0x00,
  0x00, 0x00, 0x00, 0x00, 0x00, 0x01, 0x00, 0x5c, 0xe2, 0xfe, 0xef, 0xf9,
  0xfc, 0xfe, 0xfe, 0xff, 0xfe, 0xfe, 0xfd, 0xfc, 0xfd, 0xfc, 0xfc, 0xfd,
  0xfc, 0xfb, 0xfc, 0xfc, 0xfc, 0xfa, 0xfa, 0xfa, 0xfa, 0xfb, 0xfb, 0xfa,
  0xfa, 0xfb, 0xfa, 0xfb, 0xfb, 0xfb, 0xfb, 0xfb, 0xfa, 0xfb, 0xfb, 0xfa,
  0xfb, 0xfc, 0xfc, 0xfd, 0xfc, 0xfb, 0xfb, 0xfb, 0xfc, 0xfb, 0xfa, 0xfb,
  0xfb, 0xfc, 0xfb, 0xfc, 0xfb, 0xfc, 0xfc, 0xfc, 0xfc, 0xfb, 0xfb, 0xfc,
  0xfb, 0xfc, 0xfb, 0xfc, 0xfc, 0xfb, 0xfc, 0xfc, 0xfc, 0xfb, 0xfa, 0xfb,
  0xfb, 0xfb, 0xfa, 0xfc, 0xfc, 0xfc, 0xfd, 0xfd, 0xfd, 0xfd, 0xfd, 0xfe,
  0xfd, 0xfc, 0xfe, 0xfe, 0xfd, 0xfe, 0xfe, 0xfc, 0xfb, 0xf1, 0xff, 0xde,
  0x54, 0x00, 0x03, 0x00, 0x00, 0x00, 0x00, 0x00, 0x00, 0x00, 0x00, 0x00,
  0x00, 0x00, 0x00, 0x00, 0x00, 0x00, 0x00, 0x00, 0x00, 0x00, 0x00, 0x00,
  0x00, 0x00, 0x00, 0x00, 0x00, 0x00, 0x00, 0x00, 0x00, 0x00, 0x00, 0x00,
  0x00, 0x00, 0x03, 0x00, 0x23, 0xb1, 0xff, 0xf2, 0xf8, 0xfb, 0xfc, 0xfd,
  0xfe, 0xfe, 0xfe, 0xfe, 0xfd, 0xfc, 0xfd, 0xfc, 0xfb, 0xfc, 0xfd, 0xfc,
  0xfc, 0xfb, 0xfb, 0xfb, 0xfa, 0xfa, 0xfa, 0xfb, 0xfb, 0xfb, 0xfb, 0xfa,
  0xfb, 0xfa, 0xfb, 0xfb, 0xfb, 0xfa, 0xfb, 0xfa, 0xfa, 0xfb, 0xfb, 0xfb,
  0xfc, 0xfd, 0xfc, 0xfb, 0xfc, 0xfc, 0xfb, 0xfa, 0xfb, 0xfc, 0xfc, 0xfb,
  0xfc, 0xfb, 0xfb, 0xfb, 0xfb, 0xfb, 0xfb, 0xfc, 0xfb, 0xfb, 0xfc, 0xfd,
  0xfc, 0xfc, 0xfc, 0xfb, 0xfc, 0xfb, 0xfb, 0xfa, 0xfa, 0xfa, 0xfb, 0xfa,
  0xfa, 0xfb, 0xfc, 0xfb, 0xfc, 0xfc, 0xfc, 0xfc, 0xfd, 0xfe, 0xfe, 0xfd,
  0xfd, 0xfd, 0xfd, 0xfe, 0xff, 0xfd, 0xfb, 0xf5, 0xf5, 0xff, 0xaa, 0x12,
  0x00, 0x01, 0x00, 0x00, 0x00, 0x00, 0x00, 0x00, 0x00, 0x00, 0x00, 0x00,
  0x00, 0x00, 0x00, 0x00, 0x00, 0x00, 0x00, 0x00, 0x00, 0x00, 0x00, 0x00,
  0x00, 0x00, 0x00, 0x00, 0x00, 0x00, 0x00, 0x00, 0x00, 0x00, 0x00, 0x00,
  0x01, 0x01, 0x77, 0xf1, 0xfc, 0xf5, 0xfb, 0xfb, 0xfb, 0xfc, 0xfd, 0xfd,
  0xfd, 0xfe, 0xfd, 0xfc, 0xfd, 0xfc, 0xfc, 0xfc, 0xfc, 0xfd, 0xfc, 0xfb,
  0xfb, 0xfb, 0xfb, 0xfb, 0xfb, 0xfb, 0xfb, 0xfc, 0xfb, 0xfb, 0xfb, 0xfb,
  0xfb, 0xfa, 0xfa, 0xfb, 0xfb, 0xfb, 0xfb, 0xfb, 0xfc, 0xfb, 0xfc, 0xfc,
  0xfc, 0xfb, 0xfc, 0xfb, 0xfb, 0xfb, 0xfc, 0xfc, 0xfb, 0xfc, 0xfb, 0xfb,
  0xfa, 0xfb, 0xfb, 0xfb, 0xfa, 0xfc, 0xfb, 0xfc, 0xfc, 0xfc, 0xfc, 0xfc,
  0xfc, 0xfb, 0xfc, 0xfb, 0xfb, 0xfb, 0xfb, 0xfb, 0xfb, 0xfb, 0xfb, 0xfb,
  0xfc, 0xfc, 0xfc, 0xfc, 0xfc, 0xfd, 0xfd, 0xfd, 0xfd, 0xfd, 0xfd, 0xfc,
  0xfe, 0xfd, 0xfe, 0xfd, 0xfa, 0xf9, 0xf2, 0xff, 0xe3, 0x5b, 0x00, 0x02,
  0x00, 0x00, 0x00, 0x00, 0x00, 0x00, 0x00, 0x00, 0x00, 0x00, 0x00, 0x00,
  0x00, 0x00, 0x00, 0x00, 0x00, 0x00, 0x00, 0x00, 0x00, 0x00, 0x00, 0x00,
  0x00, 0x00, 0x00, 0x00, 0x00, 0x00, 0x00, 0x00, 0x00, 0x03, 0x00, 0x3d,
  0xcf, 0xff, 0xf0, 0xf9, 0xfa, 0xfb, 0xfc, 0xfd, 0xfd, 0xfe, 0xfe, 0xfe,
  0xfd, 0xfd, 0xfc, 0xfd, 0xfd, 0xfc, 0xfc, 0xfd, 0xfc, 0xfb, 0xfb, 0xfa,
  0xfb, 0xfc, 0xfc, 0xfc, 0xfb, 0xfb, 0xfc, 0xfb, 0xfa, 0xfa, 0xfa, 0xfa,
  0xfb, 0xfb, 0xfb, 0xfb, 0xfc, 0xfc, 0xfb, 0xfc, 0xfb, 0xfb, 0xfb, 0xfb,
  0xfc, 0xfc, 0xfc, 0xfc, 0xfb, 0xfb, 0xfc, 0xfb, 0xfb, 0xfa, 0xfb, 0xfc,
  0xfc, 0xfb, 0xfb, 0xfc, 0xfc, 0xfd, 0xfb, 0xfb, 0xfc, 0xfb, 0xfb, 0xfc,
  0xfb, 0xfc, 0xfc, 0xfc, 0xfc, 0xfb, 0xfa, 0xfc, 0xfc, 0xfc, 0xfc, 0xfd,
  0xfd, 0xfd, 0xfd, 0xfd, 0xfc, 0xfc, 0xfc, 0xfd, 0xfe, 0xfd, 0xfd, 0xfd,
  0xfd, 0xfc, 0xfa, 0xf9, 0xf6, 0xf3, 0xff, 0xbb, 0x1a, 0x00, 0x00, 0x00,
  0x00, 0x00, 0x00, 0x00, 0x00, 0x00, 0x00, 0x00, 0x00, 0x00, 0x00, 0x00,
  0x00, 0x00, 0x00, 0x00, 0x00, 0x00, 0x00, 0x00, 0x00, 0x00, 0x00, 0x00,
  0x00, 0x00, 0x00, 0x00, 0x00, 0x00, 0x01, 0x00, 0x0f, 0xa1, 0xfd, 0xf3,
  0xf3, 0xf9, 0xfa, 0xfb, 0xfc, 0xfc, 0xfc, 0xfd, 0xfd, 0xfd, 0xfe, 0xfd,
  0xfc, 0xfc, 0xfd, 0xfc, 0xfc, 0xfd, 0xfc, 0xfb, 0xfc, 0xfb, 0xfb, 0xfc,
  0xfb, 0xfc, 0xfb, 0xfa, 0xfb, 0xfb, 0xfb, 0xfb, 0xfb, 0xfb, 0xfb, 0xfa,
  0xfa, 0xfb, 0xfc, 0xfb, 0xfc, 0xfb, 0xfb, 0xfc, 0xfc, 0xfc, 0xfb, 0xfc,
  0xfc, 0xfc, 0xfb, 0xfb, 0xfc, 0xfb, 0xfa, 0xfb, 0xfc, 0xfc, 0xfc, 0xfb,
  0xfc, 0xfc, 0xfc, 0xfc, 0xfc, 0xfc, 0xfc, 0xfc, 0xfc, 0xfc, 0xfb, 0xfc,
  0xfc, 0xfc, 0xfc, 0xfb, 0xfb, 0xfb, 0xfc, 0xfd, 0xfc, 0xfd, 0xfd, 0xfd,
  0xfd, 0xfc, 0xfd, 0xfd, 0xfc, 0xfd, 0xfd, 0xfd, 0xfc, 0xfc, 0xfc, 0xfc,
  0xfb, 0xf9, 0xf9, 0xf1, 0xfc, 0xee, 0x71, 0x02, 0x01, 0x00, 0x00, 0x00,
  0x00, 0x00, 0x00, 0x00, 0x00, 0x00, 0x00, 0x00, 0x00, 0x00, 0x00, 0x00,
  0x00, 0x00, 0x00, 0x00, 0x00, 0x00, 0x00, 0x00, 0x00, 0x00, 0x00, 0x00,
  0x00, 0x00, 0x00, 0x00, 0x02, 0x00, 0x63, 0xe6, 0xfe, 0xee, 0xf6, 0xf7,
  0xf9, 0xfb, 0xfc, 0xfb, 0xfc, 0xfc, 0xfc, 0xfc, 0xfc, 0xfd, 0xfd, 0xfd,
  0xfd, 0xfc, 0xfb, 0xfc, 0xfc, 0xfb, 0xfb, 0xfc, 0xfc, 0xfb, 0xfb, 0xfc,
  0xfb, 0xfa, 0xfa, 0xfb, 0xfc, 0xfc, 0xfc, 0xfc, 0xfa, 0xfb, 0xfa, 0xfb,
  0xfc, 0xfc, 0xfc, 0xfb, 0xfb, 0xfc, 0xfc, 0xfd, 0xfb, 0xfc, 0xfd, 0xfd,
  0xfc, 0xfb, 0xfb, 0xfc, 0xfc, 0xfc, 0xfb, 0xfc, 0xfc, 0xfb, 0xfb, 0xfb,
  0xfc, 0xfb, 0xfc, 0xfb, 0xfb, 0xfc, 0xfc, 0xfc, 0xfb, 0xfc, 0xfd, 0xfc,
  0xfb, 0xfc, 0xfc, 0xfb, 0xfd, 0xfd, 0xfc, 0xfd, 0xfe, 0xfe, 0xfd, 0xfc,
  0xfd, 0xfc, 0xfc, 0xfc, 0xfc, 0xfc, 0xfd, 0xfd, 0xfc, 0xfb, 0xfb, 0xfa,
  0xf9, 0xf6, 0xf2, 0xff, 0xce, 0x29, 0x00, 0x00, 0x00, 0x00, 0x00, 0x00,
  0x00, 0x00, 0x00, 0x00, 0x00, 0x00, 0x00, 0x00, 0x00, 0x00, 0x00, 0x00,
  0x00, 0x00, 0x00, 0x00, 0x00, 0x00, 0x00, 0x00, 0x00, 0x00, 0x00, 0x00,
  0x00, 0x01, 0x00, 0x2a, 0xc8, 0xff, 0xf1, 0xf3, 0xf6, 0xf7, 0xf9, 0xfb,
  0xfc, 0xfb, 0xfb, 0xfc, 0xfd, 0xfd, 0xfc, 0xfc, 0xfc, 0xfc, 0xfd, 0xfc,
  0xfb, 0xfc, 0xfc, 0xfb, 0xfc, 0xfb, 0xfb, 0xfc, 0xfb, 0xfc, 0xfb, 0xfa,
  0xfa, 0xfb, 0xfc, 0xfb, 0xfc, 0xfb, 0xfa, 0xfb, 0xfa, 0xfb, 0xfb, 0xfc,
  0xfc, 0xfb, 0xfb, 0xfc, 0xfc, 0xfd, 0xfc, 0xfc, 0xfc, 0xfc, 0xfd, 0xfc,
  0xfb, 0xfc, 0xfb, 0xfc, 0xfc, 0xfc, 0xfb, 0xfc, 0xfb, 0xfb, 0xfc, 0xfb,
  0xfc, 0xfb, 0xfb, 0xfc, 0xfb, 0xfc, 0xfb, 0xfb, 0xfb, 0xfb, 0xfb, 0xfb,
  0xfc, 0xfc, 0xfc, 0xfc, 0xfd, 0xfe, 0xfd, 0xfe, 0xfd, 0xfc, 0xfd, 0xfd,
  0xfd, 0xfd, 0xfd, 0xfd, 0xfd, 0xfc, 0xfc, 0xfb, 0xfa, 0xf9, 0xf9, 0xf8,
  0xf2, 0xf9, 0xf5, 0x83, 0x09, 0x00, 0x00, 0x00, 0x00, 0x00, 0x00, 0x00,
  0x00, 0x00, 0x00, 0x00, 0x00, 0x00, 0x00, 0x00, 0x00, 0x00, 0x00, 0x00,
  0x00, 0x00, 0x00, 0x00, 0x00, 0x00, 0x00, 0x00, 0x00, 0x00, 0x00, 0x01,
  0x09, 0x8c, 0xf7, 0xfa, 0xf1, 0xf7, 0xf7, 0xf8, 0xfa, 0xfb, 0xfa, 0xfb,
  0xfb, 0xfc, 0xfb, 0xfc, 0xfc, 0xfb, 0xfc, 0xfc, 0xfb, 0xfc, 0xfd, 0xfc,
  0xfd, 0xfd, 0xfc, 0xfc, 0xfb, 0xfc, 0xfb, 0xfa, 0xfb, 0xfc, 0xfb, 0xfa,
  0xfb, 0xfb, 0xfb, 0xfb, 0xfb, 0xfb, 0xfa, 0xfb, 0xfc, 0xfc, 0xfc, 0xfb,
  0xfb, 0xfb, 0xfc, 0xfb, 0xfc, 0xfc, 0xfb, 0xfc, 0xfc, 0xfc, 0xfc, 0xfc,
  0xfb, 0xfc, 0xfd, 0xfc, 0xfb, 0xfc, 0xfb, 0xfa, 0xfb, 0xfb, 0xfb, 0xfa,
  0xfb, 0xfc, 0xfb, 0xfc, 0xfb, 0xfb, 0xfc, 0xfb, 0xfb, 0xfc, 0xfd, 0xfc,
  0xfc, 0xfd, 0xfe, 0xfd, 0xfc, 0xfd, 0xfd, 0xfc, 0xfd, 0xfe, 0xfe, 0xfd,
  0xfc, 0xfc, 0xfc, 0xfb, 0xfc, 0xfb, 0xfa, 0xf9, 0xf8, 0xf8, 0xf6, 0xf3,
  0xfe, 0xdc, 0x2b, 0x00, 0x00, 0x00, 0x00, 0x00, 0x00, 0x00, 0x00, 0x00,
  0x00, 0x00, 0x00, 0x00, 0x00, 0x00, 0x00, 0x00, 0x00, 0x00, 0x00, 0x00,
  0x00, 0x00, 0x00, 0x00, 0x00, 0x00, 0x00, 0x00, 0x00, 0x02, 0x44, 0xe0,
  0xff, 0xf2, 0xf7, 0xf8, 0xf8, 0xf9, 0xfa, 0xfb, 0xfa, 0xfa, 0xfb, 0xfb,
  0xfc, 0xfc, 0xfb, 0xfc, 0xfc, 0xfc, 0xfc, 0xfc, 0xfd, 0xfd, 0xfc, 0xfc,
  0xfc, 0xfb, 0xfc, 0xfb, 0xfb, 0xfb, 0xfb, 0xfc, 0xfb, 0xfa, 0xfb, 0xfa,
  0xfa, 0xfa, 0xfb, 0xfb, 0xfa, 0xfb, 0xfc, 0xfb, 0xfb, 0xfc, 0xfc, 0xfc,
  0xfc, 0xfb, 0xfc, 0xfc, 0xfb, 0xfb, 0xfc, 0xfb, 0xfb, 0xfb, 0xfb, 0xfc,
  0xfc, 0xfc, 0xfb, 0xfc, 0xfb, 0xfa, 0xfa, 0xfa, 0xfb, 0xfa, 0xfb, 0xfc,
  0xfb, 0xfc, 0xfb, 0xfb, 0xfc, 0xfc, 0xfd, 0xfc, 0xfd, 0xfd, 0xfc, 0xfe,
  0xfd, 0xfc, 0xfc, 0xfc, 0xfc, 0xfc, 0xfd, 0xfd, 0xfd, 0xfd, 0xfc, 0xfc,
  0xfc, 0xfc, 0xfb, 0xfb, 0xfa, 0xf9, 0xf8, 0xf8, 0xf8, 0xf3, 0xf8, 0xf7,
  0x83, 0x0c, 0x00, 0x00, 0x00, 0x00, 0x00, 0x00, 0x00, 0x00, 0x00, 0x00,
  0x00, 0x00, 0x00, 0x00, 0x00, 0x00, 0x00, 0x00, 0x00, 0x00, 0x00, 0x00,
  0x00, 0x00, 0x00, 0x00, 0x00, 0x00, 0x00, 0x16, 0xb0, 0xfd, 0xf7, 0xf4,
  0xf8, 0xf8, 0xf8, 0xf9, 0xfa, 0xfb, 0xfb, 0xfb, 0xfc, 0xfb, 0xfd, 0xfc,
  0xfb, 0xfc, 0xfd, 0xfd, 0xfd, 0xfd, 0xfc, 0xfd, 0xfc, 0xfb, 0xfb, 0xfc,
  0xfb, 0xfa, 0xfb, 0xfc, 0xfb, 0xfc, 0xfb, 0xfa, 0xfb, 0xfa, 0xfa, 0xfa,
  0xfa, 0xfa, 0xfa, 0xfb, 0xfc, 0xfb, 0xfb, 0xfc, 0xfb, 0xfa, 0xfb, 0xfc,
  0xfc, 0xfd, 0xfb, 0xfc, 0xfb, 0xfb, 0xfc, 0xfc, 0xfc, 0xfb, 0xfb, 0xfb,
  0xfc, 0xfc, 0xfb, 0xfa, 0xfb, 0xfb, 0xfa, 0xfb, 0xfb, 0xfb, 0xfc, 0xfb,
  0xfa, 0xfb, 0xfc, 0xfc, 0xfd, 0xfd, 0xfc, 0xfc, 0xfc, 0xfd, 0xfc, 0xfd,
  0xfd, 0xfd, 0xfd, 0xfd, 0xfd, 0xfd, 0xfd, 0xfd, 0xfd, 0xfd, 0xfc, 0xfb,
  0xfb, 0xfb, 0xfa, 0xf9, 0xf9, 0xf8, 0xf7, 0xf5, 0xf3, 0xfb, 0xde, 0x2f,
  0x00, 0x00, 0x00, 0x00, 0x00, 0x00, 0x00, 0x00, 0x00, 0x00, 0x00, 0x00,
  0x00, 0x00, 0x00, 0x00, 0x00, 0x00, 0x00, 0x00, 0x00, 0x00, 0x00, 0x00,
  0x00, 0x00, 0x00, 0x00, 0x07, 0x66, 0xf2, 0xfc, 0xf3, 0xf8, 0xf8, 0xf9,
  0xf9, 0xf9, 0xfa, 0xfb, 0xfa, 0xfb, 0xfb, 0xfb, 0xfc, 0xfb, 0xfc, 0xfc,
  0xfc, 0xfc, 0xfc, 0xfc, 0xfc, 0xfd, 0xfc, 0xfb, 0xfc, 0xfc, 0xfb, 0xfb,
  0xfb, 0xfb, 0xfb, 0xfc, 0xfb, 0xfa, 0xfa, 0xfb, 0xfb, 0xfb, 0xfb, 0xfb,
  0xfb, 0xfb, 0xfc, 0xfb, 0xfc, 0xfb, 0xfa, 0xfb, 0xfb, 0xfb, 0xfc, 0xfc,
  0xfb, 0xfc, 0xfb, 0xfb, 0xfb, 0xfb, 0xfb, 0xfc, 0xfc, 0xfb, 0xfb, 0xfc,
  0xfb, 0xfa, 0xfa, 0xfa, 0xfb, 0xfc, 0xfb, 0xfb, 0xfb, 0xfb, 0xfb, 0xfb,
  0xfb, 0xfc, 0xfd, 0xfd, 0xfd, 0xfd, 0xfd, 0xfc, 0xfd, 0xfc, 0xfc, 0xfc,
  0xfc, 0xfc, 0xfc, 0xfc, 0xfc, 0xfc, 0xfc, 0xfc, 0xfb, 0xfc, 0xfb, 0xfb,
  0xfa, 0xf9, 0xf8, 0xf8, 0xf7, 0xf6, 0xf3, 0xf6, 0xfb, 0x90, 0x11, 0x00,
  0x00, 0x00, 0x00, 0x00, 0x00, 0x00, 0x00, 0x00, 0x00, 0x00, 0x00, 0x00,
  0x00, 0x00, 0x00, 0x00, 0x00, 0x00, 0x00, 0x00, 0x00, 0x00, 0x00, 0x00,
  0x00, 0x00, 0x2e, 0xd2, 0xfd, 0xf4, 0xf6, 0xf8, 0xf8, 0xf9, 0xfa, 0xf9,
  0xfa, 0xfb, 0xfa, 0xfa, 0xfc, 0xfc, 0xfb, 0xfb, 0xfc, 0xfd, 0xfd, 0xfd,
  0xfd, 0xfd, 0xfd, 0xfd, 0xfc, 0xfb, 0xfb, 0xfb, 0xfb, 0xfb, 0xfb, 0xfc,
  0xfc, 0xfc, 0xfb, 0xfa, 0xfa, 0xfb, 0xfc, 0xfc, 0xfb, 0xfc, 0xfa, 0xfb,
  0xfc, 0xfb, 0xfc, 0xfb, 0xfb, 0xfc, 0xfc, 0xfb, 0xfb, 0xfb, 0xfc, 0xfb,
  0xfc, 0xfb, 0xfa, 0xfb, 0xfb, 0xfb, 0xfb, 0xfc, 0xfc, 0xfb, 0xfb, 0xfa,
  0xfb, 0xfb, 0xfc, 0xfc, 0xfb, 0xfa, 0xfa, 0xfb, 0xfc, 0xfb, 0xfb, 0xfc,
  0xfd, 0xfd, 0xfe, 0xfd, 0xfc, 0xfd, 0xfc, 0xfb, 0xfb, 0xfb, 0xfc, 0xfc,
  0xfc, 0xfb, 0xfb, 0xfc, 0xfc, 0xfc, 0xfc, 0xfb, 0xfa, 0xfa, 0xfa, 0xf9,
  0xf9, 0xf8, 0xf7, 0xf7, 0xf6, 0xf4, 0xfa, 0xe9, 0x40, 0x00, 0x00, 0x00,
  0x00, 0x00, 0x00, 0x00, 0x00, 0x00, 0x00, 0x00, 0x00, 0x00, 0x00, 0x00,
  0x00, 0x00, 0x00, 0x00, 0x00, 0x00, 0x00, 0x00, 0x00, 0x00, 0x00, 0x11,
  0x8f, 0xfb, 0xf6, 0xf2, 0xf7, 0xf8, 0xf9, 0xf9, 0xfa, 0xfa, 0xfa, 0xfb,
  0xfa, 0xfb, 0xfb, 0xfb, 0xfb, 0xfb, 0xfc, 0xfc, 0xfc, 0xfc, 0xfc, 0xfc,
  0xfc, 0xfc, 0xfd, 0xfc, 0xfc, 0xfc, 0xfc, 0xfc, 0xfc, 0xfc, 0xfc, 0xfb,
  0xfb, 0xfb, 0xfa, 0xfb, 0xfc, 0xfc, 0xfc, 0xfc, 0xfb, 0xfb, 0xfc, 0xfb,
  0xfc, 0xfb, 0xfb, 0xfc, 0xfb, 0xfc, 0xfc, 0xfc, 0xfc, 0xfc, 0xfb, 0xfc,
  0xfb, 0xfb, 0xfc, 0xfc, 0xfc, 0xfc, 0xfc, 0xfc, 0xfb, 0xfa, 0xfa, 0xfb,
  0xfb, 0xfb, 0xfb, 0xfb, 0xfb, 0xfb, 0xfb, 0xfc, 0xfc, 0xfc, 0xfd, 0xfd,
  0xfd, 0xfc, 0xfd, 0xfc, 0xfb, 0xfc, 0xfc, 0xfc, 0xfc, 0xfd, 0xfc, 0xfb,
  0xfb, 0xfb, 0xfb, 0xfb, 0xfb, 0xfa, 0xfb, 0xfa, 0xf9, 0xf9, 0xf8, 0xf8,
  0xf8, 0xf8, 0xf8, 0xf7, 0xf6, 0xfe, 0xa1, 0x17, 0x00, 0x00, 0x00, 0x00,
  0x00, 0x00, 0x00, 0x00, 0x00, 0x00, 0x00, 0x00, 0x00, 0x00, 0x00, 0x00,
  0x00, 0x00, 0x00, 0x00, 0x00, 0x00, 0x00, 0x00, 0x05, 0x4f, 0xe7, 0xfb,
  0xf4, 0xf5, 0xf7, 0xf9, 0xfa, 0xfa, 0xfa, 0xfb, 0xfb, 0xfb, 0xfb, 0xfa,
  0xfa, 0xfa, 0xfb, 0xfc, 0xfb, 0xfb, 0xfc, 0xfb, 0xfb, 0xfc, 0xfc, 0xfc,
  0xfc, 0xfd, 0xfd, 0xfd, 0xfd, 0xfc, 0xfc, 0xfb, 0xfb, 0xfc, 0xfc, 0xfc,
  0xfb, 0xfb, 0xfc, 0xfc, 0xfd, 0xfc, 0xfc, 0xfc, 0xfb, 0xfc, 0xfb, 0xfc,
  0xfc, 0xfb, 0xfc, 0xfc, 0xfc, 0xfc, 0xfc, 0xfc, 0xfc, 0xfb, 0xfc, 0xfc,
  0xfb, 0xfc, 0xfc, 0xfc, 0xfb, 0xfc, 0xfb, 0xfb, 0xfb, 0xfb, 0xfb, 0xfb,
  0xfc, 0xfc, 0xfc, 0xfc, 0xfb, 0xfc, 0xfc, 0xfc, 0xfd, 0xfd, 0xfd, 0xfd,
  0xfd, 0xfb, 0xfc, 0xfd, 0xfd, 0xfd, 0xfc, 0xfc, 0xfc, 0xfc, 0xfb, 0xfa,
  0xfa, 0xfa, 0xfa, 0xfa, 0xfb, 0xfa, 0xfa, 0xf9, 0xf8, 0xf9, 0xf9, 0xf9,
  0xf9, 0xf8, 0xf6, 0xf9, 0xf3, 0x50, 0x03, 0x00, 0x00, 0x00, 0x00, 0x00,
  0x00, 0x00, 0x00, 0x00, 0x00, 0x00, 0x00, 0x00, 0x00, 0x00, 0x00, 0x00,
  0x00, 0x00, 0x00, 0x00, 0x00, 0x00, 0x28, 0xb7, 0xfe, 0xf7, 0xf8, 0xf8,
  0xf9, 0xfa, 0xfa, 0xfb, 0xfb, 0xfa, 0xfa, 0xfa, 0xfa, 0xfb, 0xfb, 0xfa,
  0xfc, 0xfb, 0xfb, 0xfb, 0xfb, 0xfb, 0xfb, 0xfc, 0xfd, 0xfc, 0xfb, 0xfc,
  0xfc, 0xfc, 0xfc, 0xfb, 0xfb, 0xfb, 0xfb, 0xfb, 0xfb, 0xfc, 0xfb, 0xfa,
  0xfc, 0xfc, 0xfc, 0xfc, 0xfb, 0xfc, 0xfc, 0xfb, 0xfc, 0xfb, 0xfb, 0xfc,
  0xfb, 0xfc, 0xfc, 0xfc, 0xfc, 0xfc, 0xfb, 0xfc, 0xfb, 0xfb, 0xfc, 0xfc,
  0xfb, 0xfb, 0xfc, 0xfb, 0xfb, 0xfc, 0xfc, 0xfb, 0xfc, 0xfb, 0xfc, 0xfc,
  0xfb, 0xfb, 0xfc, 0xfc, 0xfc, 0xfc, 0xfd, 0xfd, 0xfd, 0xfd, 0xfd, 0xfc,
  0xfd, 0xfd, 0xfc, 0xfd, 0xfc, 0xfb, 0xfb, 0xfc, 0xfc, 0xfb, 0xfb, 0xfb,
  0xfb, 0xfa, 0xfb, 0xfa, 0xfa, 0xf9, 0xf8, 0xf8, 0xf8, 0xf9, 0xfa, 0xf9,
  0xf6, 0xf2, 0xff, 0xaf, 0x24, 0x00, 0x00, 0x00, 0x00, 0x00, 0x00, 0x00,
  0x00, 0x00, 0x00, 0x00, 0x00, 0x00, 0x00, 0x00, 0x00, 0x00, 0x00, 0x00,
  0x00, 0x01, 0x00, 0x0b, 0x75, 0xfd, 0xfb, 0xfa, 0xfb, 0xfb, 0xfb, 0xfb,
  0xfb, 0xfa, 0xfb, 0xfb, 0xfa, 0xf9, 0xf9, 0xfa, 0xfa, 0xfa, 0xfb, 0xfa,
  0xfb, 0xfb, 0xfa, 0xfb, 0xfc, 0xfc, 0xfc, 0xfc, 0xfb, 0xfb, 0xfb, 0xfc,
  0xfc, 0xfc, 0xfc, 0xfc, 0xfc, 0xfc, 0xfc, 0xfc, 0xfb, 0xfb, 0xfc, 0xfb,
  0xfb, 0xfc, 0xfb, 0xfb, 0xfc, 0xfc, 0xfb, 0xfc, 0xfc, 0xfb, 0xfc, 0xfb,
  0xfb, 0xfb, 0xfc, 0xfc, 0xfc, 0xfb, 0xfc, 0xfc, 0xfc, 0xfc, 0xfb, 0xfb,
  0xfb, 0xfc, 0xfc, 0xfb, 0xfb, 0xfb, 0xfb, 0xfb, 0xfd, 0xfc, 0xfc, 0xfc,
  0xfc, 0xfc, 0xfb, 0xfc, 0xfd, 0xfc, 0xfc, 0xfc, 0xfd, 0xfc, 0xfc, 0xfc,
  0xfc, 0xfd, 0xfc, 0xfb, 0xfb, 0xfb, 0xfb, 0xfc, 0xfa, 0xfb, 0xfa, 0xfa,
  0xfb, 0xfa, 0xf9, 0xf9, 0xf9, 0xf9, 0xf9, 0xfa, 0xfb, 0xfa, 0xf6, 0xf1,
  0xf5, 0xfa, 0x63, 0x06, 0x00, 0x01, 0x00, 0x00, 0x00, 0x00, 0x00, 0x00,
  0x00, 0x00, 0x00, 0x00, 0x00, 0x00, 0x00, 0x00, 0x00, 0x00, 0x00, 0x00,
  0x00, 0x40, 0xd3, 0xfc, 0xf7, 0xfa, 0xfd, 0xfd, 0xfc, 0xfc, 0xfb, 0xfa,
  0xfa, 0xfa, 0xfa, 0xf9, 0xf9, 0xf9, 0xfb, 0xfb, 0xfa, 0xfb, 0xfa, 0xfb,
  0xfb, 0xfb, 0xfc, 0xfc, 0xfb, 0xfb, 0xfc, 0xfb, 0xfc, 0xfd, 0xfc, 0xfc,
  0xfd, 0xfd, 0xfd, 0xfd, 0xfd, 0xfc, 0xfb, 0xfc, 0xfb, 0xfb, 0xfc, 0xfb,
  0xfc, 0xfc, 0xfb, 0xfb, 0xfb, 0xfc, 0xfd, 0xfc, 0xfb, 0xfc, 0xfc, 0xfc,
  0xfc, 0xfc, 0xfb, 0xfb, 0xfc, 0xfd, 0xfd, 0xfc, 0xfc, 0xfb, 0xfa, 0xfc,
  0xfc, 0xfc, 0xfb, 0xfc, 0xfc, 0xfb, 0xfc, 0xfc, 0xfc, 0xfc, 0xfb, 0xfb,
  0xfc, 0xfc, 0xfc, 0xfd, 0xfd, 0xfd, 0xfd, 0xfb, 0xfc, 0xfd, 0xfd, 0xfd,
  0xfc, 0xfb, 0xfb, 0xfa, 0xfb, 0xfb, 0xfa, 0xfa, 0xf9, 0xfa, 0xfb, 0xfa,
  0xf9, 0xfa, 0xfa, 0xfa, 0xfa, 0xfb, 0xfc, 0xfa, 0xf8, 0xf6, 0xf3, 0xff,
  0xbb, 0x30, 0x00, 0x00, 0x00, 0x00, 0x00, 0x00, 0x00, 0x00, 0x00, 0x00,
  0x00, 0x00, 0x00, 0x00, 0x00, 0x00, 0x00, 0x00, 0x01, 0x00, 0x16, 0x97,
  0xff, 0xf3, 0xf6, 0xfa, 0xfd, 0xfe, 0xfd, 0xfc, 0xfb, 0xfb, 0xfa, 0xfa,
  0xfa, 0xfa, 0xfa, 0xfa, 0xfa, 0xfa, 0xfb, 0xfb, 0xfa, 0xfb, 0xfc, 0xfb,
  0xfb, 0xfb, 0xfb, 0xfb, 0xfb, 0xfc, 0xfb, 0xfc, 0xfb, 0xfb, 0xfc, 0xfd,
  0xfc, 0xfd, 0xfc, 0xfc, 0xfc, 0xfc, 0xfc, 0xfc, 0xfb, 0xfb, 0xfc, 0xfc,
  0xfc, 0xfc, 0xfc, 0xfc, 0xfc, 0xfc, 0xfb, 0xfc, 0xfb, 0xfb, 0xfc, 0xfb,
  0xfc, 0xfc, 0xfb, 0xfc, 0xfc, 0xfc, 0xfc, 0xfb, 0xfb, 0xfb, 0xfc, 0xfd,
  0xfc, 0xfc, 0xfb, 0xfc, 0xfc, 0xfc, 0xfc, 0xfc, 0xfb, 0xfc, 0xfb, 0xfb,
  0xfc, 0xfc, 0xfc, 0xfc, 0xfc, 0xfc, 0xfc, 0xfc, 0xfc, 0xfc, 0xfc, 0xfc,
  0xfb, 0xfa, 0xfb, 0xfb, 0xfa, 0xfa, 0xfa, 0xfa, 0xfa, 0xfa, 0xf9, 0xfa,
  0xfa, 0xfa, 0xfb, 0xfc, 0xfd, 0xfb, 0xfa, 0xfa, 0xfa, 0xf9, 0xff, 0x70,
  0x07, 0x00, 0x01, 0x00, 0x00, 0x00, 0x00, 0x00, 0x00, 0x00, 0x00, 0x00,
  0x00, 0x00, 0x00, 0x00, 0x00, 0x01, 0x00, 0x03, 0x5e, 0xeb, 0xfb, 0xf3,
  0xf6, 0xf9, 0xfe, 0xff, 0xfd, 0xfc, 0xfb, 0xfa, 0xfb, 0xfb, 0xfa, 0xfb,
  0xfa, 0xf9, 0xf9, 0xf9, 0xfa, 0xfb, 0xfa, 0xfb, 0xfb, 0xfa, 0xfb, 0xfa,
  0xfa, 0xfa, 0xfb, 0xfb, 0xfc, 0xfb, 0xfb, 0xfc, 0xfd, 0xfc, 0xfd, 0xfc,
  0xfd, 0xfd, 0xfd, 0xfd, 0xfd, 0xfc, 0xfb, 0xfc, 0xfb, 0xfb, 0xfc, 0xfd,
  0xfd, 0xfc, 0xfb, 0xfb, 0xfc, 0xfc, 0xfb, 0xfa, 0xfc, 0xfb, 0xfc, 0xfc,
  0xfb, 0xfb, 0xfb, 0xfb, 0xfb, 0xfc, 0xfc, 0xfb, 0xfc, 0xfd, 0xfd, 0xfd,
  0xfc, 0xfc, 0xfd, 0xfc, 0xfd, 0xfc, 0xfc, 0xfc, 0xfb, 0xfc, 0xfd, 0xfb,
  0xfc, 0xfb, 0xfb, 0xfc, 0xfb, 0xfb, 0xfb, 0xfb, 0xfb, 0xfc, 0xfb, 0xfa,
  0xfb, 0xfb, 0xfa, 0xfa, 0xfa, 0xf9, 0xf9, 0xfa, 0xfa, 0xfa, 0xfb, 0xfb,
  0xfc, 0xfd, 0xfe, 0xfc, 0xfc, 0xfd, 0xfe, 0xf8, 0xff, 0xbc, 0x33, 0x00,
  0x01, 0x00, 0x00, 0x00, 0x00, 0x00, 0x00, 0x00, 0x00, 0x00, 0x00, 0x00,
  0x00, 0x00, 0x00, 0x01, 0x00, 0x2d, 0xb2, 0xff, 0xf6, 0xf9, 0xf9, 0xfc,
  0xfd, 0xfe, 0xfe, 0xfd, 0xfc, 0xfb, 0xfa, 0xfb, 0xfb, 0xfb, 0xfa, 0xf9,
  0xf9, 0xfa, 0xf9, 0xfa, 0xfb, 0xfa, 0xfa, 0xfb, 0xfb, 0xfa, 0xfb, 0xfb,
  0xfa, 0xfa, 0xfb, 0xfc, 0xfb, 0xfc, 0xfd, 0xfc, 0xfc, 0xfd, 0xfc, 0xfc,
  0xfc, 0xfd, 0xfc, 0xfb, 0xfb, 0xfb, 0xfc, 0xfb, 0xfc, 0xfd, 0xfc, 0xfb,
  0xfc, 0xfb, 0xfb, 0xfc, 0xfb, 0xfb, 0xfc, 0xfc, 0xfb, 0xfb, 0xfc, 0xfc,
  0xfc, 0xfc, 0xfc, 0xfb, 0xfc, 0xfc, 0xfc, 0xfc, 0xfd, 0xfc, 0xfc, 0xfb,
  0xfb, 0xfb, 0xfb, 0xfc, 0xfc, 0xfb, 0xfb, 0xfc, 0xfd, 0xfd, 0xfc, 0xfc,
  0xfc, 0xfb, 0xfb, 0xfb, 0xfc, 0xfc, 0xfb, 0xfc, 0xfb, 0xfb, 0xfc, 0xfb,
  0xfa, 0xfa, 0xfa, 0xf9, 0xf9, 0xfa, 0xfb, 0xfb, 0xfa, 0xfb, 0xfc, 0xfd,
  0xfe, 0xfe, 0xfe, 0xfe, 0xfd, 0xf9, 0xf7, 0xff, 0x7a, 0x08, 0x00, 0x01,
  0x00, 0x00, 0x00, 0x00, 0x00, 0x00, 0x00, 0x00, 0x00, 0x00, 0x00, 0x00,
  0x01, 0x00, 0x0b, 0x7c, 0xfb, 0xf9, 0xf8, 0xfd, 0xfc, 0xfd, 0xfe, 0xfd,
  0xfe, 0xfd, 0xfd, 0xfc, 0xfb, 0xfc, 0xfb, 0xfa, 0xfa, 0xf9, 0xfa, 0xfa,
  0xfa, 0xf9, 0xfa, 0xfb, 0xfa, 0xfb, 0xfc, 0xfb, 0xfa, 0xfb, 0xfb, 0xfb,
  0xfa, 0xfb, 0xfc, 0xfb, 0xfc, 0xfd, 0xfc, 0xfc, 0xfd, 0xfd, 0xfd, 0xfc,
  0xfb, 0xfc, 0xfc, 0xfc, 0xfb, 0xfc, 0xfb, 0xfb, 0xfc, 0xfc, 0xfc, 0xfc,
  0xfc, 0xfb, 0xfc, 0xfc, 0xfc, 0xfc, 0xfc, 0xfc, 0xfb, 0xfb, 0xfc, 0xfc,
  0xfc, 0xfb, 0xfc, 0xfc, 0xfb, 0xfc, 0xfc, 0xfb, 0xfc, 0xfc, 0xfc, 0xfc,
  0xfc, 0xfb, 0xfc, 0xfb, 0xfc, 0xfd, 0xfc, 0xfc, 0xfb, 0xfb, 0xfc, 0xfb,
  0xfa, 0xfb, 0xfc, 0xfb, 0xfb, 0xfc, 0xfb, 0xfb, 0xfc, 0xfb, 0xfa, 0xfa,
  0xfa, 0xf9, 0xfa, 0xfb, 0xfa, 0xfb, 0xfc, 0xfb, 0xfc, 0xfd, 0xfe, 0xff,
  0xfe, 0xfd, 0xfb, 0xf7, 0xef, 0xff, 0xc8, 0x40, 0x00, 0x01, 0x00, 0x00,
  0x00, 0x00, 0x00, 0x00, 0x00, 0x00, 0x00, 0x00, 0x00, 0x00, 0x00, 0x00,
  0x46, 0xcb, 0xff, 0xf4, 0xfb, 0xfe, 0xfd, 0xfe, 0xff, 0xfe, 0xfd, 0xfd,
  0xfe, 0xfd, 0xfc, 0xfc, 0xfb, 0xfb, 0xfa, 0xfa, 0xfa, 0xfa, 0xfb, 0xfa,
  0xf9, 0xfa, 0xfa, 0xfb, 0xfb, 0xfa, 0xfb, 0xfa, 0xfb, 0xfb, 0xfb, 0xfb,
  0xfc, 0xfb, 0xfc, 0xfd, 0xfd, 0xfc, 0xfd, 0xfd, 0xfc, 0xfb, 0xfc, 0xfd,
  0xfc, 0xfd, 0xfc, 0xfb, 0xfc, 0xfb, 0xfc, 0xfd, 0xfc, 0xfd, 0xfc, 0xfb,
  0xfc, 0xfc, 0xfb, 0xfb, 0xfc, 0xfd, 0xfc, 0xfb, 0xfc, 0xfc, 0xfc, 0xfb,
  0xfc, 0xfc, 0xfb, 0xfb, 0xfc, 0xfb, 0xfc, 0xfd, 0xfc, 0xfd, 0xfc, 0xfc,
  0xfd, 0xfc, 0xfd, 0xfc, 0xfb, 0xfc, 0xfb, 0xfc, 0xfc, 0xfb, 0xfb, 0xfb,
  0xfc, 0xfb, 0xfb, 0xfb, 0xfb, 0xfb, 0xfc, 0xfb, 0xfa, 0xfb, 0xfa, 0xfa,
  0xfb, 0xfa, 0xfb, 0xfb, 0xfc, 0xfc, 0xfd, 0xfe, 0xfe, 0xff, 0xfe, 0xfd,
  0xfc, 0xf7, 0xf3, 0xf5, 0xff, 0x8c, 0x0c, 0x00, 0x02, 0x00, 0x00, 0x00,
  0x00, 0x00, 0x00, 0x00, 0x00, 0x00, 0x00, 0x02, 0x00, 0x17, 0x9a, 0xff,
  0xf6, 0xf6, 0xfa, 0xfd, 0xfe, 0xff, 0xfe, 0xff, 0xfe, 0xfd, 0xfe, 0xfd,
  0xfd, 0xfd, 0xfc, 0xfb, 0xfb, 0xfb, 0xfb, 0xfb, 0xfb, 0xfb, 0xfa, 0xfa,
  0xfa, 0xfb, 0xfb, 0xfa, 0xfa, 0xfa, 0xfb, 0xfb, 0xfa, 0xfb, 0xfb, 0xfc,
  0xfd, 0xfd, 0xfc, 0xfd, 0xfe, 0xfd, 0xfc, 0xfc, 0xfc, 0xfd, 0xfd, 0xfd,
  0xfc, 0xfc, 0xfb, 0xfc, 0xfd, 0xfd, 0xfd, 0xfd, 0xfc, 0xfb, 0xfc, 0xfc,
  0xfc, 0xfb, 0xfd, 0xfd, 0xfd, 0xfc, 0xfb, 0xfc, 0xfb, 0xfc, 0xfc, 0xfb,
  0xfc, 0xfc, 0xfb, 0xfb, 0xfc, 0xfd, 0xfc, 0xfd, 0xfc, 0xfc, 0xfd, 0xfc,
  0xfd, 0xfc, 0xfb, 0xfc, 0xfc, 0xfc, 0xfc, 0xfc, 0xfc, 0xfc, 0xfb, 0xfc,
  0xfc, 0xfc, 0xfb, 0xfa, 0xfb, 0xfc, 0xfa, 0xfb, 0xfb, 0xfb, 0xfa, 0xfb,
  0xfc, 0xfc, 0xfd, 0xfe, 0xfd, 0xfe, 0xff, 0xff, 0xfe, 0xfd, 0xfc, 0xfa,
  0xfa, 0xf4, 0xff, 0xd4, 0x4d, 0x00, 0x02, 0x00, 0x00, 0x00, 0x00, 0x00,
  0x00, 0x00, 0x00, 0x00, 0x00, 0x01, 0x01, 0x61, 0xe3, 0xff, 0xf5, 0xf8,
  0xfa, 0xfd, 0xfe, 0xff, 0xfe, 0xfe, 0xfe, 0xfd, 0xfe, 0xff, 0xfe, 0xfd,
  0xfc, 0xfc, 0xfc, 0xfc, 0xfc, 0xfc, 0xfb, 0xfb, 0xfa, 0xfa, 0xfb, 0xfb,
  0xfb, 0xfb, 0xfb, 0xfb, 0xfb, 0xfc, 0xfb, 0xfc, 0xfc, 0xfc, 0xfc, 0xfd,
  0xfc, 0xfd, 0xfd, 0xfd, 0xfd, 0xfd, 0xfd, 0xfc, 0xfc, 0xfc, 0xfd, 0xfd,
  0xfb, 0xfc, 0xfd, 0xfc, 0xfc, 0xfd, 0xfc, 0xfb, 0xfb, 0xfb, 0xfb, 0xfb,
  0xfc, 0xfc, 0xfc, 0xfc, 0xfb, 0xfc, 0xfc, 0xfb, 0xfb, 0xfb, 0xfb, 0xfb,
  0xfc, 0xfc, 0xfd, 0xfd, 0xfc, 0xfd, 0xfc, 0xfc, 0xfd, 0xfd, 0xfc, 0xfc,
  0xfb, 0xfc, 0xfc, 0xfc, 0xfc, 0xfb, 0xfb, 0xfb, 0xfc, 0xfb, 0xfb, 0xfb,
  0xfa, 0xfa, 0xfa, 0xfb, 0xfa, 0xfb, 0xfb, 0xfa, 0xfb, 0xfb, 0xfc, 0xfd,
  0xfe, 0xfe, 0xfe, 0xfe, 0xfe, 0xfe, 0xfe, 0xfd, 0xfd, 0xfd, 0xfd, 0xfa,
  0xf5, 0xff, 0x99, 0x10, 0x00, 0x02, 0x00, 0x00, 0x00, 0x00, 0x00, 0x00,
  0x00, 0x00, 0x02, 0x00, 0x27, 0xb1, 0xff, 0xf3, 0xf8, 0xfa, 0xfa, 0xfd,
  0xfe, 0xfe, 0xfd, 0xfd, 0xfd, 0xfd, 0xfe, 0xfe, 0xfe, 0xfd, 0xfc, 0xfd,
  0xfc, 0xfb, 0xfc, 0xfb, 0xfa, 0xfb, 0xfa, 0xfa, 0xfb, 0xfa, 0xfa, 0xfb,
  0xfc, 0xfc, 0xfb, 0xfb, 0xfb, 0xfb, 0xfb, 0xfc, 0xfc, 0xfd, 0xfd, 0xfc,
  0xfc, 0xfc, 0xfc, 0xfc, 0xfc, 0xfd, 0xfd, 0xfd, 0xfc, 0xfd, 0xfc, 0xfc,
  0xfd, 0xfc, 0xfc, 0xfd, 0xfc, 0xfc, 0xfc, 0xfc, 0xfc, 0xfc, 0xfc, 0xfc,
  0xfc, 0xfc, 0xfb, 0xfc, 0xfb, 0xfc, 0xfc, 0xfc, 0xfc, 0xfc, 0xfb, 0xfd,
  0xfd, 0xfd, 0xfd, 0xfc, 0xfd, 0xfc, 0xfd, 0xfd, 0xfd, 0xfc, 0xfb, 0xfc,
  0xfc, 0xfc, 0xfc, 0xfc, 0xfc, 0xfb, 0xfc, 0xfb, 0xfa, 0xfb, 0xfb, 0xfb,
  0xfb, 0xfb, 0xfa, 0xfb, 0xfb, 0xfa, 0xfb, 0xfc, 0xfc, 0xfd, 0xfe, 0xfd,
  0xfe, 0xfd, 0xfd, 0xfd, 0xfd, 0xfe, 0xfe, 0xfe, 0xfd, 0xfc, 0xf3, 0xff,
  0xdd, 0x55, 0x00, 0x03, 0x00, 0x00, 0x00, 0x00, 0x00, 0x00, 0x00, 0x01,
  0x00, 0x06, 0x72, 0xed, 0xfc, 0xef, 0xf9, 0xfa, 0xfb, 0xfc, 0xfd, 0xfd,
  0xfd, 0xfd, 0xfd, 0xfd, 0xfd, 0xfd, 0xfd, 0xfd, 0xfd, 0xfd, 0xfc, 0xfb,
  0xfb, 0xfa, 0xfa, 0xfa, 0xfa, 0xfa, 0xfa, 0xfa, 0xfa, 0xfb, 0xfb, 0xfb,
  0xfc, 0xfc, 0xfc, 0xfc, 0xfc, 0xfc, 0xfc, 0xfc, 0xfc, 0xfc, 0xfc, 0xfc,
  0xfd, 0xfd, 0xfd, 0xfc, 0xfc, 0xfc, 0xfc, 0xfc, 0xfc, 0xfc, 0xfc, 0xfc,
  0xfc, 0xfc, 0xfc, 0xfc, 0xfc, 0xfc, 0xfc, 0xfc, 0xfc, 0xfc, 0xfd, 0xfc,
  0xfb, 0xfb, 0xfb, 0xfc, 0xfd, 0xfc, 0xfc, 0xfc, 0xfc, 0xfc, 0xfc, 0xfc,
  0xfc, 0xfc, 0xfc, 0xfc, 0xfc, 0xfc, 0xfc, 0xfc, 0xfb, 0xfb, 0xfb, 0xfb,
  0xfb, 0xfb, 0xfb, 0xfb, 0xfb, 0xfa, 0xfa, 0xfa, 0xfb, 0xfb, 0xfb, 0xfb,
  0xfa, 0xfa, 0xfa, 0xfb, 0xfc, 0xfc, 0xfd, 0xfd, 0xfd, 0xfd, 0xfd, 0xfd,
  0xfd, 0xfd, 0xfd, 0xfd, 0xfd, 0xfd, 0xfc, 0xf9, 0xf4, 0xf1, 0xff, 0xa3,
  0x12, 0x00, 0x01, 0x00, 0x00, 0x00, 0x00, 0x00, 0x00, 0x02, 0x00, 0x2c,
  0xbc, 0xff, 0xef, 0xf5, 0xfa, 0xfb, 0xfc, 0xfd, 0xfc, 0xfd, 0xfe, 0xfe,
  0xfe, 0xfe, 0xff, 0xff, 0xfe, 0xfe, 0xfe, 0xfe, 0xfd, 0xfc, 0xfc, 0xfb,
  0xfb, 0xfb, 0xfb, 0xfb, 0xfb, 0xfb, 0xfb, 0xfc, 0xfc, 0xfc, 0xfd, 0xfd,
  0xfd, 0xfd, 0xfd, 0xfd, 0xfd, 0xfd, 0xfd, 0xfd, 0xfd, 0xfd, 0xfd, 0xff,
  0xfe, 0xfd, 0xfd, 0xfd, 0xfd, 0xfd, 0xfd, 0xfd, 0xfd, 0xfd, 0xfd, 0xfd,
  0xfd, 0xfd, 0xfd, 0xfd, 0xfd, 0xfd, 0xfd, 0xfd, 0xfd, 0xfd, 0xfc, 0xfc,
  0xfc, 0xfd, 0xfd, 0xfd, 0xfd, 0xfd, 0xfd, 0xfd, 0xfd, 0xfe, 0xfd, 0xfd,
  0xfd, 0xfd, 0xfd, 0xfd, 0xfd, 0xfd, 0xfd, 0xfc, 0xfc, 0xfc, 0xfc, 0xfc,
  0xfc, 0xfc, 0xfb, 0xfb, 0xfb, 0xfb, 0xfc, 0xfd, 0xfd, 0xfc, 0xfb, 0xfb,
  0xfb, 0xfc, 0xfd, 0xfe, 0xfe, 0xfe, 0xfe, 0xfe, 0xfe, 0xfe, 0xfe, 0xfe,
  0xfe, 0xfe, 0xfe, 0xfe, 0xfd, 0xf9, 0xf7, 0xee, 0xff, 0xdd, 0x55, 0x00,
  0x03, 0x00, 0x00, 0x00, 0x00, 0x00, 0x00, 0x02, 0x00, 0x73, 0xee, 0xfb,
  0xed, 0xf5, 0xf6, 0xf7, 0xf8, 0xf9, 0xf9, 0xfa, 0xfa, 0xfa, 0xfa, 0xfa,
  0xfb, 0xfb, 0xfa, 0xfa, 0xfa, 0xfa, 0xf9, 0xf8, 0xf8, 0xf7, 0xf7, 0xf7,
  0xf7, 0xf7, 0xf7, 0xf7, 0xf7, 0xf8, 0xf8, 0xf8, 0xf9, 0xf9, 0xf9, 0xf9,
  0xf9, 0xf9, 0xf9, 0xf9, 0xfa, 0xfa, 0xfa, 0xf9, 0xfa, 0xfa, 0xf9, 0xfa,
  0xfa, 0xf9, 0xf9, 0xf9, 0xf9, 0xf9, 0xf9, 0xf9, 0xf9, 0xf9, 0xfa, 0xf9,
  0xfa, 0xfa, 0xfa, 0xf9, 0xf9, 0xfa, 0xf9, 0xf9, 0xf9, 0xf8, 0xf9, 0xf9,
  0xf9, 0xf9, 0xf9, 0xf9, 0xf9, 0xf9, 0xf9, 0xfa, 0xfa, 0xf9, 0xfa, 0xf9,
  0xf9, 0xf9, 0xf9, 0xfa, 0xf9, 0xf8, 0xf8, 0xf8, 0xf8, 0xf9, 0xf8, 0xf8,
  0xf8, 0xf7, 0xf7, 0xf7, 0xf8, 0xf9, 0xf8, 0xf8, 0xf7, 0xf7, 0xf7, 0xf8,
  0xf8, 0xfa, 0xfa, 0xfa, 0xfa, 0xfa, 0xfa, 0xfa, 0xfa, 0xfa, 0xfa, 0xfa,
  0xfa, 0xf9, 0xf8, 0xf6, 0xf4, 0xf0, 0xed, 0xfd, 0x9e, 0x07, 0x01, 0x01,
  0x00, 0x00, 0x00, 0x00, 0x01, 0x00, 0x2d, 0xc2, 0xff, 0xf1, 0xf4, 0xf4,
  0xf3, 0xf3, 0xf4, 0xf5, 0xf6, 0xf7, 0xf7, 0xf7, 0xf7, 0xf7, 0xf7, 0xf7,
  0xf7, 0xf7, 0xf7, 0xf8, 0xf8, 0xf7, 0xf7, 0xf6, 0xf6, 0xf6, 0xf6, 0xf6,
  0xf6, 0xf6, 0xf6, 0xf6, 0xf7, 0xf7, 0xf7, 0xf7, 0xf7, 0xf6, 0xf6, 0xf7,
  0xf6, 0xf7, 0xf7, 0xf7, 0xf7, 0xf7, 0xf8, 0xf7, 0xf6, 0xf7, 0xf7, 0xf8,
  0xf8, 0xf8, 0xf8, 0xf7, 0xf8, 0xf8, 0xf8, 0xf8, 0xf7, 0xf7, 0xf7, 0xf7,
  0xf7, 0xf8, 0xf7, 0xf7, 0xf7, 0xf7, 0xf7, 0xf7, 0xf7, 0xf7, 0xf7, 0xf7,
  0xf7, 0xf7, 0xf7, 0xf7, 0xf8, 0xf8, 0xf7, 0xf7, 0xf7, 0xf8, 0xf8, 0xf8,
  0xf8, 0xf8, 0xf7, 0xf7, 0xf7, 0xf7, 0xf7, 0xf6, 0xf7, 0xf7, 0xf6, 0xf6,
  0xf6, 0xf6, 0xf6, 0xf5, 0xf6, 0xf6, 0xf6, 0xf6, 0xf7, 0xf8, 0xf8, 0xf7,
  0xf7, 0xf7, 0xf7, 0xf8, 0xf9, 0xf9, 0xf9, 0xf9, 0xfa, 0xf8, 0xf9, 0xf8,
  0xf7, 0xf6, 0xf6, 0xf6, 0xeb, 0xff, 0xdd, 0x4e, 0x00, 0x02, 0x00, 0x00,
  0x00, 0x00, 0x00, 0x0e, 0x8c, 0xf4, 0xff, 0xfd, 0xff, 0xff, 0xff, 0xff,
  0xff, 0xff, 0xff, 0xff, 0xff, 0xff, 0xff, 0xff, 0xff, 0xff, 0xff, 0xff,
  0xff, 0xff, 0xff, 0xff, 0xff, 0xff, 0xff, 0xff, 0xff, 0xff, 0xff, 0xff,
  0xff, 0xff, 0xff, 0xff, 0xff, 0xff, 0xff, 0xff, 0xff, 0xff, 0xff, 0xff,
  0xff, 0xff, 0xff, 0xff, 0xff, 0xff, 0xff, 0xff, 0xff, 0xff, 0xff, 0xff,
  0xff, 0xff, 0xff, 0xff, 0xff, 0xff, 0xff, 0xff, 0xff, 0xff, 0xff, 0xff,
  0xff, 0xff, 0xff, 0xff, 0xff, 0xff, 0xff, 0xff, 0xff, 0xff, 0xff, 0xff,
  0xff, 0xff, 0xff, 0xff, 0xff, 0xff, 0xff, 0xff, 0xff, 0xff, 0xff, 0xff,
  0xff, 0xff, 0xff, 0xff, 0xff, 0xff, 0xff, 0xff, 0xff, 0xff, 0xff, 0xff,
  0xff, 0xff, 0xff, 0xff, 0xff, 0xff, 0xff, 0xff, 0xff, 0xff, 0xff, 0xff,
  0xff, 0xff, 0xff, 0xff, 0xff, 0xff, 0xff, 0xff, 0xff, 0xff, 0xff, 0xfe,
  0xfe, 0xff, 0xfa, 0xf6, 0xfe, 0xb4, 0x1f, 0x00, 0x01, 0x00, 0x00, 0x00,
  0x00, 0x13, 0x7d, 0xaf, 0xab, 0xae, 0xb1, 0xb3, 0xb5, 0xb7, 0xb8, 0xba,
  0xbb, 0xbc, 0xbd, 0xbd, 0xbd, 0xbe, 0xbe, 0xbe, 0xbd, 0xbc, 0xbb, 0xbb,
  0xba, 0xba, 0xba, 0xb9, 0xb9, 0xb9, 0xb9, 0xb9, 0xb8, 0xb8, 0xb8, 0xb9,
  0xb8, 0xb7, 0xb8, 0xb8, 0xb7, 0xb8, 0xb8, 0xb8, 0xb8, 0xb8, 0xb9, 0xb9,
  0xb8, 0xb8, 0xb9, 0xb9, 0xb8, 0xb8, 0xb8, 0xb8, 0xb8, 0xb8, 0xb7, 0xb7,
  0xb7, 0xb8, 0xb8, 0xb8, 0xb8, 0xb7, 0xb7, 0xb7, 0xb7, 0xb7, 0xb7, 0xb7,
  0xb6, 0xb6, 0xb6, 0xb6, 0xb6, 0xb5, 0xb5, 0xb5, 0xb5, 0xb6, 0xb6, 0xb7,
  0xb8, 0xb8, 0xb8, 0xb7, 0xb7, 0xb8, 0xb8, 0xb8, 0xb8, 0xb8, 0xb7, 0xb7,
  0xb7, 0xb7, 0xb7, 0xb7, 0xb7, 0xb7, 0xb7, 0xb7, 0xb7, 0xb7, 0xb7, 0xb7,
  0xb8, 0xb7, 0xb8, 0xb8, 0xb8, 0xba, 0xba, 0xbc, 0xbc, 0xbc, 0xbc, 0xbc,
  0xbd, 0xbb, 0xb9, 0xb8, 0xb8, 0xb7, 0xb4, 0xb1, 0xae, 0xab, 0xa8, 0xa7,
  0xa5, 0x99, 0xa2, 0x8a, 0x25, 0x00, 0x01, 0x00, 0x00, 0x00, 0x00, 0x00,
  0x0c, 0x13, 0x12, 0x13, 0x14, 0x14, 0x14, 0x16, 0x16, 0x17, 0x18, 0x19,
  0x1a, 0x1b, 0x1c, 0x1c, 0x1c, 0x1c, 0x1c, 0x1a, 0x19, 0x19, 0x19, 0x19,
  0x19, 0x18, 0x18, 0x18, 0x18, 0x18, 0x17, 0x17, 0x17, 0x18, 0x18, 0x17,
  0x17, 0x17, 0x17, 0x17, 0x17, 0x17, 0x17, 0x18, 0x18, 0x18, 0x18, 0x17,
  0x18, 0x18, 0x18, 0x17, 0x17, 0x17, 0x17, 0x17, 0x17, 0x16, 0x16, 0x17,
  0x17, 0x16, 0x16, 0x16, 0x15, 0x15, 0x15, 0x16, 0x16, 0x16, 0x15, 0x16,
  0x16, 0x16, 0x16, 0x16, 0x16, 0x16, 0x16, 0x16, 0x15, 0x16, 0x16, 0x17,
  0x17, 0x17, 0x16, 0x17, 0x17, 0x17, 0x17, 0x17, 0x17, 0x17, 0x16, 0x17,
  0x17, 0x17, 0x17, 0x17, 0x17, 0x17, 0x17, 0x17, 0x17, 0x17, 0x17, 0x17,
  0x18, 0x18, 0x18, 0x1a, 0x19, 0x1b, 0x1b, 0x1b, 0x1b, 0x1c, 0x1c, 0x1c,
  0x1b, 0x1a, 0x1a, 0x18, 0x17, 0x15, 0x12, 0x12, 0x11, 0x11, 0x11, 0x0f,
  0x0f, 0x0a, 0x00, 0x00, 0x00, 0x00, 0x00, 0x00, 0x00, 0x01, 0x00, 0x00,
  0x00, 0x00, 0x00, 0x00, 0x00, 0x00, 0x00, 0x00, 0x00, 0x00, 0x00, 0x00,
  0x00, 0x00, 0x00, 0x00, 0x00, 0x00, 0x00, 0x00, 0x00, 0x00, 0x00, 0x00,
  0x00, 0x00, 0x00, 0x00, 0x00, 0x00, 0x00, 0x00, 0x00, 0x00, 0x00, 0x00,
  0x00, 0x00, 0x00, 0x00, 0x00, 0x00, 0x00, 0x00, 0x00, 0x00, 0x00, 0x00,
  0x00, 0x00, 0x00, 0x00, 0x00, 0x00, 0x00, 0x00, 0x00, 0x00, 0x00, 0x00,
  0x00, 0x00, 0x00, 0x00, 0x00, 0x00, 0x00, 0x00, 0x00, 0x00, 0x00, 0x00,
  0x00, 0x00, 0x00, 0x00, 0x00, 0x00, 0x00, 0x00, 0x00, 0x00, 0x00, 0x00,
  0x00, 0x00, 0x00, 0x00, 0x00, 0x00, 0x00, 0x00, 0x00, 0x00, 0x00, 0x00,
  0x00, 0x00, 0x00, 0x00, 0x00, 0x00, 0x00, 0x00, 0x00, 0x00, 0x00, 0x00,
  0x00, 0x00, 0x00, 0x00, 0x00, 0x00, 0x00, 0x00, 0x00, 0x00, 0x00, 0x00,
  0x00, 0x00, 0x00, 0x00, 0x00, 0x00, 0x00, 0x00, 0x00, 0x00, 0x00, 0x01,
  0x01, 0x00, 0x00, 0x00, 0x00, 0x00, 0x00, 0x00, 0x00, 0x00, 0x00, 0x00,
  0x00, 0x00, 0x00, 0x00, 0x00, 0x00, 0x00, 0x00, 0x01, 0x01, 0x01, 0x01,
  0x01, 0x01, 0x01, 0x01, 0x00, 0x00, 0x00, 0x00, 0x00, 0x00, 0x00, 0x00,
  0x00, 0x00, 0x00, 0x00, 0x00, 0x00, 0x00, 0x00, 0x00, 0x00, 0x00, 0x00,
  0x00, 0x00, 0x00, 0x00, 0x00, 0x00, 0x00, 0x00, 0x00, 0x00, 0x00, 0x00,
  0x00, 0x00, 0x00, 0x00, 0x00, 0x00, 0x00, 0x00, 0x00, 0x00, 0x00, 0x00,
  0x00, 0x00, 0x00, 0x00, 0x00, 0x00, 0x00, 0x00, 0x00, 0x00, 0x00, 0x00,
  0x00, 0x00, 0x00, 0x00, 0x00, 0x00, 0x00, 0x00, 0x00, 0x00, 0x00, 0x00,
  0x00, 0x00, 0x00, 0x00, 0x00, 0x00, 0x00, 0x00, 0x00, 0x00, 0x00, 0x00,
  0x00, 0x00, 0x00, 0x00, 0x00, 0x00, 0x00, 0x00, 0x00, 0x00, 0x00, 0x00,
  0x00, 0x01, 0x01, 0x01, 0x01, 0x01, 0x01, 0x01, 0x01, 0x00, 0x00, 0x00,
  0x00, 0x00, 0x00, 0x00, 0x00, 0x00, 0x00, 0x00, 0x00, 0x00, 0x00, 0x00,
  0x00, 0x00, 0x00, 0x00, 0x00, 0x00, 0x00, 0x00, 0x00, 0x00, 0x00, 0x00,
  0x00, 0x00, 0x00, 0x00, 0x00, 0x00, 0x00, 0x00, 0x00, 0x00, 0x00, 0x00,
  0x00, 0x00, 0x00, 0x00, 0x00, 0x00, 0x00, 0x00, 0x00, 0x00, 0x00, 0x00,
  0x00, 0x00, 0x00, 0x00, 0x00, 0x00, 0x00, 0x00, 0x00, 0x00, 0x00, 0x00,
  0x00, 0x00, 0x00, 0x00, 0x00, 0x00, 0x00, 0x00, 0x00, 0x00, 0x00, 0x00,
  0x00, 0x00, 0x00, 0x00, 0x00, 0x00, 0x00, 0x00, 0x00, 0x00, 0x00, 0x00,
  0x00, 0x00, 0x00, 0x00, 0x00, 0x00, 0x00, 0x00, 0x00, 0x00, 0x00, 0x00,
  0x00, 0x00, 0x00, 0x00, 0x00, 0x00, 0x00, 0x00, 0x00, 0x00, 0x00, 0x00,
  0x00, 0x00, 0x00, 0x00, 0x00, 0x00, 0x00, 0x00, 0x00, 0x00, 0x00, 0x00,
  0x00, 0x00, 0x00, 0x00, 0x00, 0x00, 0x00, 0x00, 0x00, 0x00, 0x00, 0x00,
  0x00, 0x00, 0x00, 0x00, 0x00, 0x00, 0x00, 0x00, 0x00, 0x00, 0x00, 0x00,
  0x00, 0x00, 0x00, 0x00, 0x00, 0x00, 0x00, 0x00, 0x00, 0x00, 0x00, 0x00
};
