static const unsigned char _tmp_aera_boot_mid_left_raw[] = {
  0x00, 0x00, 0x00, 0x00, 0x00, 0x00, 0x00, 0x00, 0x00, 0x00, 0x00, 0x00,
  0x00, 0x00, 0x00, 0x00, 0x00, 0x00, 0x00, 0x00, 0x00, 0x00, 0x00, 0x00,
  0x00, 0x00, 0x00, 0x00, 0x00, 0x00, 0x00, 0x00, 0x00, 0x00, 0x00, 0x00,
  0x00, 0x00, 0x00, 0x00, 0x00, 0x00, 0x00, 0x00, 0x00, 0x00, 0x00, 0x00,
  0x00, 0x00, 0x00, 0x00, 0x00, 0x00, 0x00, 0x00, 0x00, 0x00, 0x00, 0x00,
  0x00, 0x00, 0x00, 0x00, 0x00, 0x00, 0x00, 0x00, 0x00, 0x00, 0x00, 0x00,
  0x00, 0x00, 0x00, 0x00, 0x00, 0x00, 0x00, 0x00, 0x00, 0x00, 0x00, 0x00,
  0x00, 0x00, 0x00, 0x00, 0x00, 0x00, 0x00, 0x00, 0x00, 0x00, 0x00, 0x00,
  0x00, 0x00, 0x00, 0x00, 0x00, 0x00, 0x00, 0x00, 0x00, 0x00, 0x00, 0x00,
  0x00, 0x00, 0x00, 0x00, 0x00, 0x00, 0x00, 0x00, 0x00, 0x00, 0x00, 0x00,
  0x00, 0x00, 0x00, 0x00, 0x00, 0x00, 0x00, 0x00, 0x00, 0x00, 0x00, 0x00,
  0x00, 0x00, 0x00, 0x00, 0x00, 0x00, 0x00, 0x00, 0x00, 0x00, 0x00, 0x00,
  0x00, 0x00, 0x00, 0x00, 0x00, 0x00, 0x00, 0x00, 0x00, 0x00, 0x00, 0x00,
  0x00, 0x00, 0x00, 0x00, 0x00, 0x00, 0x00, 0x00, 0x00, 0x00, 0x00, 0x00,
  0x00, 0x00, 0x00, 0x00, 0x00, 0x00, 0x00, 0x00, 0x00, 0x00, 0x00, 0x00,
  0x00, 0x00, 0x00, 0x00, 0x00, 0x00, 0x00, 0x00, 0x00, 0x00, 0x00, 0x00,
  0x00, 0x00, 0x00, 0x00, 0x00, 0x00, 0x00, 0x00, 0x00, 0x00, 0x00, 0x00,
  0x00, 0x00, 0x00, 0x00, 0x00, 0x00, 0x00, 0x00, 0x00, 0x00, 0x00, 0x00,
  0x00, 0x00, 0x00, 0x00, 0x00, 0x00, 0x00, 0x00, 0x00, 0x00, 0x00, 0x00,
  0x00, 0x00, 0x00, 0x00, 0x00, 0x00, 0x00, 0x00, 0x00, 0x00, 0x00, 0x00,
  0x00, 0x00, 0x00, 0x00, 0x00, 0x00, 0x00, 0x00, 0x00, 0x00, 0x00, 0x00,
  0x00, 0x00, 0x00, 0x00, 0x00, 0x00, 0x00, 0x00, 0x00, 0x00, 0x00, 0x00,
  0x00, 0x00, 0x00, 0x00, 0x00, 0x00, 0x00, 0x00, 0x00, 0x00, 0x00, 0x00,
  0x00, 0x00, 0x00, 0x00, 0x00, 0x00, 0x00, 0x00, 0x00, 0x00, 0x00, 0x00,
  0x00, 0x00, 0x00, 0x00, 0x00, 0x00, 0x00, 0x00, 0x00, 0x00, 0x00, 0x00,
  0x00, 0x00, 0x00, 0x00, 0x00, 0x00, 0x00, 0x00, 0x00, 0x00, 0x00, 0x00,
  0x00, 0x00, 0x00, 0x00, 0x00, 0x00, 0x00, 0x00, 0x00, 0x00, 0x00, 0x00,
  0x00, 0x00, 0x00, 0x00, 0x00, 0x00, 0x00, 0x00, 0x00, 0x00, 0x00, 0x00,
  0x00, 0x00, 0x00, 0x00, 0x00, 0x00, 0x00, 0x00, 0x00, 0x00, 0x00, 0x00,
  0x00, 0x00, 0x00, 0x00, 0x00, 0x00, 0x00, 0x00, 0x00, 0x00, 0x00, 0x00,
  0x00, 0x00, 0x00, 0x00, 0x00, 0x00, 0x00, 0x00, 0x00, 0x00, 0x00, 0x00,
  0x00, 0x00, 0x00, 0x00, 0x00, 0x00, 0x00, 0x00, 0x00, 0x00, 0x00, 0x00,
  0x00, 0x00, 0x00, 0x00, 0x00, 0x00, 0x00, 0x00, 0x00, 0x00, 0x00, 0x00,
  0x00, 0x00, 0x00, 0x00, 0x00, 0x00, 0x00, 0x00, 0x00, 0x00, 0x00, 0x00,
  0x00, 0x00, 0x00, 0x00, 0x00, 0x00, 0x00, 0x00, 0x00, 0x00, 0x00, 0x00,
  0x00, 0x00, 0x00, 0x00, 0x00, 0x00, 0x01, 0x03, 0x03, 0x03, 0x03, 0x03,
  0x03, 0x03, 0x03, 0x03, 0x03, 0x03, 0x03, 0x03, 0x03, 0x03, 0x03, 0x03,
  0x03, 0x03, 0x03, 0x03, 0x03, 0x03, 0x03, 0x03, 0x03, 0x03, 0x03, 0x03,
  0x03, 0x03, 0x03, 0x03, 0x03, 0x03, 0x03, 0x03, 0x03, 0x03, 0x03, 0x03,
  0x03, 0x03, 0x03, 0x03, 0x03, 0x03, 0x03, 0x03, 0x03, 0x03, 0x03, 0x03,
  0x03, 0x03, 0x03, 0x03, 0x03, 0x03, 0x03, 0x03, 0x03, 0x03, 0x03, 0x03,
  0x03, 0x03, 0x03, 0x03, 0x03, 0x03, 0x03, 0x03, 0x03, 0x03, 0x03, 0x03,
  0x03, 0x03, 0x03, 0x03, 0x03, 0x03, 0x03, 0x03, 0x03, 0x03, 0x03, 0x03,
  0x03, 0x04, 0x02, 0x00, 0x00, 0x00, 0x00, 0x00, 0x00, 0x00, 0x00, 0x00,
  0x00, 0x00, 0x00, 0x00, 0x00, 0x00, 0x00, 0x00, 0x00, 0x00, 0x00, 0x00,
  0x00, 0x00, 0x00, 0x00, 0x00, 0x00, 0x00, 0x00, 0x00, 0x00, 0x00, 0x00,
  0x00, 0x00, 0x00, 0x00, 0x00, 0x00, 0x00, 0x00, 0x00, 0x00, 0x00, 0x00,
  0x00, 0x00, 0x00, 0x00, 0x00, 0x00, 0x00, 0x00, 0x00, 0x00, 0x00, 0x00,
  0x00, 0x00, 0x00, 0x00, 0x00, 0x00, 0x00, 0x00, 0x00, 0x00, 0x00, 0x00,
  0x00, 0x00, 0x00, 0x00, 0x00, 0x00, 0x00, 0x00, 0x00, 0x00, 0x00, 0x00,
  0x00, 0x00, 0x00, 0x00, 0x00, 0x00, 0x00, 0x00, 0x00, 0x00, 0x00, 0x00,
  0x00, 0x00, 0x00, 0x00, 0x00, 0x00, 0x00, 0x00, 0x00, 0x00, 0x00, 0x00,
  0x00, 0x00, 0x00, 0x00, 0x00, 0x00, 0x00, 0x00, 0x00, 0x00, 0x00, 0x00,
  0x00, 0x00, 0x00, 0x00, 0x00, 0x00, 0x00, 0x00, 0x00, 0x00, 0x00, 0x00,
  0x00, 0x00, 0x00, 0x00, 0x00, 0x00, 0x00, 0x00, 0x00, 0x00, 0x00, 0x00,
  0x00, 0x00, 0x00, 0x00, 0x00, 0x00, 0x00, 0x00, 0x00, 0x00, 0x00, 0x00,
  0x00, 0x00, 0x00, 0x00, 0x00, 0x00, 0x00, 0x00, 0x00, 0x00, 0x00, 0x00,
  0x00, 0x00, 0x00, 0x00, 0x00, 0x00, 0x00, 0x00, 0x00, 0x00, 0x00, 0x00,
  0x00, 0x00, 0x00, 0x00, 0x00, 0x00, 0x00, 0x00, 0x00, 0x00, 0x00, 0x00,
  0x00, 0x00, 0x00, 0x00, 0x00, 0x00, 0x00, 0x00, 0x00, 0x00, 0x00, 0x00,
  0x00, 0x00, 0x00, 0x00, 0x00, 0x00, 0x00, 0x00, 0x00, 0x00, 0x00, 0x00,
  0x00, 0x00, 0x00, 0x00, 0x00, 0x00, 0x00, 0x00, 0x00, 0x00, 0x00, 0x00,
  0x00, 0x00, 0x00, 0x00, 0x00, 0x00, 0x00, 0x00, 0x00, 0x00, 0x00, 0x00,
  0x00, 0x00, 0x00, 0x00, 0x00, 0x00, 0x00, 0x00, 0x00, 0x00, 0x00, 0x00,
  0x00, 0x00, 0x00, 0x00, 0x00, 0x00, 0x00, 0x00, 0x00, 0x00, 0x00, 0x00,
  0x00, 0x00, 0x00, 0x00, 0x1c, 0x4c, 0x51, 0x50, 0x52, 0x52, 0x52, 0x51,
  0x50, 0x50, 0x4f, 0x4f, 0x51, 0x50, 0x50, 0x52, 0x53, 0x54, 0x54, 0x55,
  0x55, 0x54, 0x54, 0x54, 0x53, 0x53, 0x53, 0x53, 0x53, 0x53, 0x53, 0x53,
  0x53, 0x54, 0x55, 0x55, 0x56, 0x56, 0x57, 0x56, 0x56, 0x56, 0x57, 0x58,
  0x59, 0x59, 0x59, 0x59, 0x59, 0x59, 0x58, 0x58, 0x58, 0x58, 0x58, 0x58,
  0x57, 0x57, 0x56, 0x55, 0x54, 0x53, 0x52, 0x50, 0x50, 0x4f, 0x4e, 0x4e,
  0x4e, 0x4e, 0x4e, 0x4e, 0x4e, 0x4e, 0x4e, 0x4e, 0x4e, 0x4f, 0x50, 0x52,
  0x53, 0x54, 0x56, 0x57, 0x58, 0x5a, 0x5b, 0x5b, 0x5b, 0x59, 0x5b, 0x5e,
  0x3b, 0x07, 0x00, 0x00, 0x00, 0x00, 0x00, 0x00, 0x00, 0x00, 0x00, 0x00,
  0x00, 0x00, 0x00, 0x00, 0x00, 0x00, 0x00, 0x00, 0x00, 0x00, 0x00, 0x00,
  0x00, 0x00, 0x00, 0x00, 0x00, 0x00, 0x00, 0x00, 0x00, 0x00, 0x00, 0x00,
  0x00, 0x00, 0x00, 0x00, 0x00, 0x00, 0x00, 0x00, 0x00, 0x00, 0x00, 0x00,
  0x00, 0x00, 0x00, 0x00, 0x00, 0x00, 0x00, 0x00, 0x00, 0x00, 0x00, 0x00,
  0x00, 0x00, 0x00, 0x00, 0x00, 0x00, 0x00, 0x00, 0x00, 0x00, 0x00, 0x00,
  0x00, 0x00, 0x00, 0x00, 0x00, 0x00, 0x00, 0x00, 0x00, 0x00, 0x00, 0x00,
  0x00, 0x00, 0x0d, 0x79, 0xd7, 0xd4, 0xd3, 0xd6, 0xd6, 0xd6, 0xd7, 0xd7,
  0xd7, 0xd7, 0xd8, 0xd9, 0xda, 0xda, 0xda, 0xdb, 0xdb, 0xdb, 0xdb, 0xdb,
  0xda, 0xd9, 0xd9, 0xd8, 0xd8, 0xd8, 0xd8, 0xd8, 0xd7, 0xd7, 0xd8, 0xd8,
  0xd9, 0xd9, 0xda, 0xda, 0xdb, 0xdb, 0xdb, 0xdb, 0xdb, 0xdc, 0xdc, 0xde,
  0xde, 0xde, 0xde, 0xde, 0xde, 0xde, 0xdd, 0xdd, 0xde, 0xdd, 0xdd, 0xdc,
  0xdb, 0xdb, 0xda, 0xda, 0xd9, 0xd8, 0xd7, 0xd7, 0xd6, 0xd5, 0xd4, 0xd4,
  0xd4, 0xd5, 0xd4, 0xd3, 0xd4, 0xd3, 0xd3, 0xd3, 0xd4, 0xd4, 0xd5, 0xd7,
  0xd8, 0xda, 0xdc, 0xde, 0xe0, 0xe1, 0xe2, 0xe2, 0xe1, 0xe0, 0xe9, 0xac,
  0x2a, 0x00, 0x01, 0x00, 0x00, 0x00, 0x00, 0x00, 0x00, 0x00, 0x00, 0x00,
  0x00, 0x00, 0x00, 0x00, 0x00, 0x00, 0x00, 0x00, 0x00, 0x00, 0x00, 0x00,
  0x00, 0x00, 0x00, 0x00, 0x00, 0x00, 0x00, 0x00, 0x00, 0x00, 0x00, 0x00,
  0x00, 0x00, 0x00, 0x00, 0x00, 0x00, 0x00, 0x00, 0x00, 0x00, 0x00, 0x00,
  0x00, 0x00, 0x00, 0x00, 0x00, 0x00, 0x00, 0x00, 0x00, 0x00, 0x00, 0x00,
  0x00, 0x00, 0x00, 0x00, 0x00, 0x00, 0x00, 0x00, 0x00, 0x00, 0x00, 0x00,
  0x00, 0x00, 0x00, 0x00, 0x00, 0x00, 0x00, 0x00, 0x00, 0x00, 0x00, 0x00,
  0x01, 0x48, 0xd8, 0xff, 0xf9, 0xfb, 0xfe, 0xff, 0xfe, 0xff, 0xff, 0xff,
  0xff, 0xff, 0xff, 0xff, 0xff, 0xff, 0xff, 0xff, 0xff, 0xff, 0xff, 0xff,
  0xfe, 0xff, 0xfe, 0xfe, 0xfe, 0xff, 0xff, 0xff, 0xff, 0xff, 0xff, 0xff,
  0xff, 0xff, 0xff, 0xff, 0xff, 0xff, 0xff, 0xff, 0xff, 0xff, 0xff, 0xff,
  0xff, 0xff, 0xff, 0xff, 0xff, 0xff, 0xff, 0xff, 0xff, 0xff, 0xff, 0xff,
  0xff, 0xff, 0xff, 0xff, 0xff, 0xff, 0xff, 0xff, 0xff, 0xff, 0xff, 0xff,
  0xff, 0xff, 0xff, 0xfe, 0xff, 0xfe, 0xfe, 0xfe, 0xfe, 0xfd, 0xfe, 0xff,
  0xfe, 0xff, 0xff, 0xff, 0xff, 0xff, 0xff, 0xff, 0xfc, 0xff, 0xe3, 0x58,
  0x00, 0x02, 0x00, 0x00, 0x00, 0x00, 0x00, 0x00, 0x00, 0x00, 0x00, 0x00,
  0x00, 0x00, 0x00, 0x00, 0x00, 0x00, 0x00, 0x00, 0x00, 0x00, 0x00, 0x00,
  0x00, 0x00, 0x00, 0x00, 0x00, 0x00, 0x00, 0x00, 0x00, 0x00, 0x00, 0x00,
  0x00, 0x00, 0x00, 0x00, 0x00, 0x00, 0x00, 0x00, 0x00, 0x00, 0x00, 0x00,
  0x00, 0x00, 0x00, 0x00, 0x00, 0x00, 0x00, 0x00, 0x00, 0x00, 0x00, 0x00,
  0x00, 0x00, 0x00, 0x00, 0x00, 0x00, 0x00, 0x00, 0x00, 0x00, 0x00, 0x00,
  0x00, 0x00, 0x00, 0x00, 0x00, 0x00, 0x00, 0x00, 0x00, 0x01, 0x00, 0x19,
  0x9d, 0xfe, 0xf1, 0xee, 0xf2, 0xf4, 0xf4, 0xf4, 0xf5, 0xf4, 0xf4, 0xf4,
  0xf4, 0xf5, 0xf5, 0xf5, 0xf5, 0xf5, 0xf5, 0xf5, 0xf4, 0xf4, 0xf4, 0xf4,
  0xf4, 0xf4, 0xf3, 0xf4, 0xf4, 0xf4, 0xf4, 0xf4, 0xf4, 0xf4, 0xf4, 0xf4,
  0xf4, 0xf4, 0xf4, 0xf4, 0xf4, 0xf4, 0xf4, 0xf4, 0xf5, 0xf5, 0xf5, 0xf5,
  0xf5, 0xf5, 0xf5, 0xf4, 0xf4, 0xf4, 0xf4, 0xf4, 0xf4, 0xf4, 0xf4, 0xf4,
  0xf4, 0xf4, 0xf4, 0xf4, 0xf5, 0xf5, 0xf4, 0xf4, 0xf4, 0xf4, 0xf4, 0xf4,
  0xf4, 0xf4, 0xf4, 0xf4, 0xf3, 0xf3, 0xf3, 0xf3, 0xf3, 0xf4, 0xf4, 0xf4,
  0xf5, 0xf5, 0xf4, 0xf4, 0xf4, 0xf5, 0xf4, 0xf0, 0xf8, 0xf2, 0x85, 0x00,
  0x03, 0x00, 0x00, 0x00, 0x00, 0x00, 0x00, 0x00, 0x00, 0x00, 0x00, 0x00,
  0x00, 0x00, 0x00, 0x00, 0x00, 0x00, 0x00, 0x00, 0x00, 0x00, 0x00, 0x00,
  0x00, 0x00, 0x00, 0x00, 0x00, 0x00, 0x00, 0x00, 0x00, 0x00, 0x00, 0x00,
  0x00, 0x00, 0x00, 0x00, 0x00, 0x00, 0x00, 0x00, 0x00, 0x00, 0x00, 0x00,
  0x00, 0x00, 0x00, 0x00, 0x00, 0x00, 0x00, 0x00, 0x00, 0x00, 0x00, 0x00,
  0x00, 0x00, 0x00, 0x00, 0x00, 0x00, 0x00, 0x00, 0x00, 0x00, 0x00, 0x00,
  0x00, 0x00, 0x00, 0x00, 0x00, 0x00, 0x00, 0x01, 0x00, 0x06, 0x5f, 0xe3,
  0xf9, 0xef, 0xf3, 0xf5, 0xf5, 0xf6, 0xf5, 0xf5, 0xf6, 0xf6, 0xf6, 0xf6,
  0xf5, 0xf6, 0xf6, 0xf6, 0xf6, 0xf6, 0xf6, 0xf6, 0xf6, 0xf6, 0xf6, 0xf6,
  0xf6, 0xf7, 0xf7, 0xf7, 0xf6, 0xf6, 0xf6, 0xf6, 0xf6, 0xf6, 0xf6, 0xf6,
  0xf6, 0xf6, 0xf6, 0xf6, 0xf6, 0xf6, 0xf6, 0xf6, 0xf5, 0xf6, 0xf6, 0xf6,
  0xf6, 0xf6, 0xf6, 0xf6, 0xf6, 0xf6, 0xf6, 0xf6, 0xf6, 0xf6, 0xf6, 0xf6,
  0xf6, 0xf6, 0xf6, 0xf6, 0xf5, 0xf6, 0xf6, 0xf6, 0xf6, 0xf6, 0xf6, 0xf6,
  0xf6, 0xf6, 0xf6, 0xf6, 0xf6, 0xf6, 0xf6, 0xf6, 0xf7, 0xf7, 0xf7, 0xf7,
  0xf7, 0xf6, 0xf6, 0xf6, 0xf6, 0xf5, 0xf1, 0xf3, 0xff, 0xb4, 0x12, 0x01,
  0x00, 0x00, 0x00, 0x00, 0x00, 0x00, 0x00, 0x00, 0x00, 0x00, 0x00, 0x00,
  0x00, 0x00, 0x00, 0x00, 0x00, 0x00, 0x00, 0x00, 0x00, 0x00, 0x00, 0x00,
  0x00, 0x00, 0x00, 0x00, 0x00, 0x00, 0x00, 0x00, 0x00, 0x00, 0x00, 0x00,
  0x00, 0x00, 0x00, 0x00, 0x00, 0x00, 0x00, 0x00, 0x00, 0x00, 0x00, 0x00,
  0x00, 0x00, 0x00, 0x00, 0x00, 0x00, 0x00, 0x00, 0x00, 0x00, 0x00, 0x00,
  0x00, 0x00, 0x00, 0x00, 0x00, 0x00, 0x00, 0x00, 0x00, 0x00, 0x00, 0x00,
  0x00, 0x00, 0x00, 0x00, 0x00, 0x00, 0x01, 0x00, 0x24, 0xb6, 0xff, 0xf1,
  0xf4, 0xf6, 0xf5, 0xf6, 0xf7, 0xf7, 0xf8, 0xf9, 0xfa, 0xfa, 0xfa, 0xfa,
  0xfb, 0xfb, 0xfb, 0xfb, 0xfb, 0xfa, 0xfa, 0xfa, 0xfa, 0xfa, 0xfa, 0xfa,
  0xfa, 0xfa, 0xfa, 0xfa, 0xfa, 0xfa, 0xf9, 0xf9, 0xf9, 0xf9, 0xf9, 0xf9,
  0xf9, 0xf9, 0xf9, 0xf9, 0xf9, 0xf9, 0xf9, 0xf9, 0xf9, 0xfa, 0xfa, 0xfa,
  0xfa, 0xfa, 0xfa, 0xf9, 0xfa, 0xfa, 0xfa, 0xfa, 0xfa, 0xfa, 0xf9, 0xf9,
  0xf9, 0xf8, 0xf8, 0xf8, 0xf8, 0xf8, 0xf8, 0xf8, 0xf8, 0xf8, 0xf9, 0xf9,
  0xf9, 0xf9, 0xf9, 0xf9, 0xf9, 0xf9, 0xf9, 0xf9, 0xfb, 0xfb, 0xfb, 0xfb,
  0xfb, 0xfb, 0xfb, 0xfb, 0xf9, 0xf5, 0xf3, 0xff, 0xd4, 0x3f, 0x00, 0x00,
  0x00, 0x00, 0x00, 0x00, 0x00, 0x00, 0x00, 0x00, 0x00, 0x00, 0x00, 0x00,
  0x00, 0x00, 0x00, 0x00, 0x00, 0x00, 0x00, 0x00, 0x00, 0x00, 0x00, 0x00,
  0x00, 0x00, 0x00, 0x00, 0x00, 0x00, 0x00, 0x00, 0x00, 0x00, 0x00, 0x00,
  0x00, 0x00, 0x00, 0x00, 0x00, 0x00, 0x00, 0x00, 0x00, 0x00, 0x00, 0x00,
  0x00, 0x00, 0x00, 0x00, 0x00, 0x00, 0x00, 0x00, 0x00, 0x00, 0x00, 0x00,
  0x00, 0x00, 0x00, 0x00, 0x00, 0x00, 0x00, 0x00, 0x00, 0x00, 0x00, 0x00,
  0x00, 0x00, 0x00, 0x00, 0x01, 0x00, 0x0b, 0x74, 0xf3, 0xf9, 0xf3, 0xf7,
  0xf6, 0xf6, 0xf6, 0xf7, 0xf8, 0xf9, 0xfa, 0xfc, 0xfd, 0xfd, 0xfe, 0xfe,
  0xfe, 0xfe, 0xfe, 0xfe, 0xfd, 0xfc, 0xfc, 0xfc, 0xfc, 0xfc, 0xfc, 0xfc,
  0xfc, 0xfc, 0xfc, 0xfc, 0xfc, 0xfb, 0xfb, 0xfb, 0xfb, 0xfb, 0xfb, 0xfb,
  0xfb, 0xfb, 0xfb, 0xfb, 0xfb, 0xfb, 0xfc, 0xfc, 0xfc, 0xfc, 0xfc, 0xfc,
  0xfc, 0xfb, 0xfb, 0xfc, 0xfc, 0xfc, 0xfc, 0xfc, 0xfc, 0xfb, 0xfb, 0xfb,
  0xfa, 0xfa, 0xfa, 0xfa, 0xfa, 0xfa, 0xfa, 0xfa, 0xfa, 0xfb, 0xfb, 0xfb,
  0xfb, 0xfa, 0xfa, 0xfa, 0xfa, 0xfb, 0xfb, 0xfd, 0xfd, 0xfe, 0xfe, 0xfe,
  0xfe, 0xfe, 0xfe, 0xfc, 0xf7, 0xf2, 0xfe, 0xe6, 0x68, 0x00, 0x01, 0x00,
  0x00, 0x00, 0x00, 0x00, 0x00, 0x00, 0x00, 0x00, 0x00, 0x00, 0x00, 0x00,
  0x00, 0x00, 0x00, 0x00, 0x00, 0x00, 0x00, 0x00, 0x00, 0x00, 0x00, 0x00,
  0x00, 0x00, 0x00, 0x00, 0x00, 0x00, 0x00, 0x00, 0x00, 0x00, 0x00, 0x00,
  0x00, 0x00, 0x00, 0x00, 0x00, 0x00, 0x00, 0x00, 0x00, 0x00, 0x00, 0x00,
  0x00, 0x00, 0x00, 0x00, 0x00, 0x00, 0x00, 0x00, 0x00, 0x00, 0x00, 0x00,
  0x00, 0x00, 0x00, 0x00, 0x00, 0x00, 0x00, 0x00, 0x00, 0x00, 0x00, 0x00,
  0x00, 0x00, 0x00, 0x01, 0x00, 0x35, 0xc5, 0xff, 0xef, 0xf6, 0xf7, 0xf8,
  0xf8, 0xf8, 0xf7, 0xf9, 0xf9, 0xfa, 0xfc, 0xfd, 0xfd, 0xfd, 0xfd, 0xfd,
  0xfd, 0xfd, 0xfd, 0xfd, 0xfc, 0xfd, 0xfc, 0xfc, 0xfd, 0xfd, 0xfd, 0xfc,
  0xfc, 0xfc, 0xfb, 0xfb, 0xfc, 0xfc, 0xfb, 0xfb, 0xfb, 0xfc, 0xfc, 0xfc,
  0xfc, 0xfc, 0xfc, 0xfc, 0xfc, 0xfb, 0xfc, 0xfd, 0xfd, 0xfc, 0xfb, 0xfb,
  0xfb, 0xfb, 0xfc, 0xfd, 0xfd, 0xfd, 0xfd, 0xfd, 0xfc, 0xfc, 0xfb, 0xfa,
  0xfb, 0xfa, 0xfa, 0xfa, 0xfa, 0xfa, 0xfa, 0xfa, 0xfb, 0xfc, 0xfb, 0xfb,
  0xfc, 0xfc, 0xfc, 0xfc, 0xfc, 0xfd, 0xfc, 0xfe, 0xfe, 0xfe, 0xfe, 0xfe,
  0xfe, 0xfe, 0xfc, 0xf8, 0xf5, 0xfb, 0xf6, 0x93, 0x00, 0x01, 0x00, 0x00,
  0x00, 0x00, 0x00, 0x00, 0x00, 0x00, 0x00, 0x00, 0x00, 0x00, 0x00, 0x00,
  0x00, 0x00, 0x00, 0x00, 0x00, 0x00, 0x00, 0x00, 0x00, 0x00, 0x00, 0x00,
  0x00, 0x00, 0x00, 0x00, 0x00, 0x00, 0x00, 0x00, 0x00, 0x00, 0x00, 0x00,
  0x00, 0x00, 0x00, 0x00, 0x00, 0x00, 0x00, 0x00, 0x00, 0x00, 0x00, 0x00,
  0x00, 0x00, 0x00, 0x00, 0x00, 0x00, 0x00, 0x00, 0x00, 0x00, 0x00, 0x00,
  0x00, 0x00, 0x00, 0x00, 0x00, 0x00, 0x00, 0x00, 0x00, 0x00, 0x00, 0x00,
  0x00, 0x02, 0x00, 0x13, 0x8c, 0xfc, 0xf4, 0xf2, 0xf7, 0xf8, 0xf8, 0xf8,
  0xf7, 0xf8, 0xf9, 0xf9, 0xfa, 0xfc, 0xfc, 0xfc, 0xfc, 0xfc, 0xfb, 0xfb,
  0xfc, 0xfc, 0xfc, 0xfc, 0xfd, 0xfc, 0xfc, 0xfd, 0xfc, 0xfc, 0xfb, 0xfb,
  0xfb, 0xfb, 0xfc, 0xfb, 0xfc, 0xfb, 0xfa, 0xfb, 0xfc, 0xfb, 0xfb, 0xfb,
  0xfb, 0xfb, 0xfb, 0xfb, 0xfc, 0xfc, 0xfd, 0xfc, 0xfb, 0xfc, 0xfb, 0xfb,
  0xfc, 0xfc, 0xfc, 0xfc, 0xfc, 0xfc, 0xfd, 0xfc, 0xfb, 0xfc, 0xfb, 0xfa,
  0xfb, 0xfb, 0xfb, 0xfb, 0xfb, 0xfb, 0xfb, 0xfb, 0xfc, 0xfc, 0xfc, 0xfc,
  0xfc, 0xfb, 0xfc, 0xfd, 0xfc, 0xfd, 0xfd, 0xfd, 0xfd, 0xfd, 0xfd, 0xfd,
  0xfd, 0xfb, 0xf9, 0xf6, 0xf8, 0xff, 0xb9, 0x06, 0x01, 0x00, 0x00, 0x00,
  0x00, 0x00, 0x00, 0x00, 0x00, 0x00, 0x00, 0x00, 0x00, 0x00, 0x00, 0x00,
  0x00, 0x00, 0x00, 0x00, 0x00, 0x00, 0x00, 0x00, 0x00, 0x00, 0x00, 0x00,
  0x00, 0x00, 0x00, 0x00, 0x00, 0x00, 0x00, 0x00, 0x00, 0x00, 0x00, 0x00,
  0x00, 0x00, 0x00, 0x00, 0x00, 0x00, 0x00, 0x00, 0x00, 0x00, 0x00, 0x00,
  0x00, 0x00, 0x00, 0x00, 0x00, 0x00, 0x00, 0x00, 0x00, 0x00, 0x00, 0x00,
  0x00, 0x00, 0x00, 0x00, 0x00, 0x00, 0x00, 0x00, 0x00, 0x00, 0x00, 0x00,
  0x00, 0x00, 0x52, 0xd9, 0xff, 0xf0, 0xf5, 0xf8, 0xf8, 0xf9, 0xf8, 0xf8,
  0xf9, 0xf8, 0xf9, 0xfa, 0xfb, 0xfb, 0xfc, 0xfc, 0xfb, 0xfa, 0xfa, 0xfb,
  0xfc, 0xfb, 0xfc, 0xfc, 0xfc, 0xfc, 0xfc, 0xfc, 0xfb, 0xfc, 0xfb, 0xfb,
  0xfb, 0xfc, 0xfb, 0xfc, 0xfb, 0xfb, 0xfc, 0xfc, 0xfc, 0xfc, 0xfc, 0xfc,
  0xfc, 0xfc, 0xfc, 0xfc, 0xfc, 0xfb, 0xfc, 0xfb, 0xfa, 0xfb, 0xfc, 0xfb,
  0xfc, 0xfc, 0xfc, 0xfc, 0xfc, 0xfc, 0xfc, 0xfb, 0xfc, 0xfb, 0xfb, 0xfc,
  0xfb, 0xfc, 0xfc, 0xfb, 0xfb, 0xfb, 0xfc, 0xfb, 0xfc, 0xfd, 0xfc, 0xfc,
  0xfc, 0xfd, 0xfc, 0xfd, 0xfd, 0xfc, 0xfd, 0xfd, 0xfd, 0xfc, 0xfd, 0xfc,
  0xfa, 0xf9, 0xf8, 0xf7, 0xff, 0xd7, 0x34, 0x00, 0x00, 0x00, 0x00, 0x00,
  0x00, 0x00, 0x00, 0x00, 0x00, 0x00, 0x00, 0x00, 0x00, 0x00, 0x00, 0x00,
  0x00, 0x00, 0x00, 0x00, 0x00, 0x00, 0x00, 0x00, 0x00, 0x00, 0x00, 0x00,
  0x00, 0x00, 0x00, 0x00, 0x00, 0x00, 0x00, 0x00, 0x00, 0x00, 0x00, 0x00,
  0x00, 0x00, 0x00, 0x00, 0x00, 0x00, 0x00, 0x00, 0x00, 0x00, 0x00, 0x00,
  0x00, 0x00, 0x00, 0x00, 0x00, 0x00, 0x00, 0x00, 0x00, 0x00, 0x00, 0x00,
  0x00, 0x00, 0x00, 0x00, 0x00, 0x00, 0x00, 0x00, 0x00, 0x00, 0x03, 0x00,
  0x23, 0xac, 0xff, 0xf6, 0xf6, 0xf8, 0xf9, 0xfa, 0xfb, 0xfa, 0xf9, 0xf9,
  0xf9, 0xfa, 0xf9, 0xfa, 0xfb, 0xfb, 0xfc, 0xfb, 0xfa, 0xfa, 0xfb, 0xfc,
  0xfc, 0xfc, 0xfb, 0xfb, 0xfc, 0xfb, 0xfb, 0xfc, 0xfb, 0xfb, 0xfa, 0xfb,
  0xfc, 0xfb, 0xfb, 0xfc, 0xfc, 0xfc, 0xfb, 0xfc, 0xfc, 0xfc, 0xfb, 0xfb,
  0xfc, 0xfc, 0xfc, 0xfc, 0xfb, 0xfc, 0xfb, 0xfb, 0xfc, 0xfb, 0xfb, 0xfb,
  0xfb, 0xfc, 0xfc, 0xfc, 0xfc, 0xfc, 0xfc, 0xfc, 0xfb, 0xfb, 0xfc, 0xfc,
  0xfb, 0xfb, 0xfc, 0xfc, 0xfc, 0xfc, 0xfc, 0xfc, 0xfb, 0xfc, 0xfd, 0xfc,
  0xfc, 0xfd, 0xfd, 0xfe, 0xfc, 0xfc, 0xfd, 0xfd, 0xfc, 0xfb, 0xfa, 0xfa,
  0xf9, 0xf8, 0xf6, 0xfe, 0xe8, 0x6b, 0x00, 0x00, 0x00, 0x00, 0x00, 0x00,
  0x00, 0x00, 0x00, 0x00, 0x00, 0x00, 0x00, 0x00, 0x00, 0x00, 0x00, 0x00,
  0x00, 0x00, 0x00, 0x00, 0x00, 0x00, 0x00, 0x00, 0x00, 0x00, 0x00, 0x00,
  0x00, 0x00, 0x00, 0x00, 0x00, 0x00, 0x00, 0x00, 0x00, 0x00, 0x00, 0x00,
  0x00, 0x00, 0x00, 0x00, 0x00, 0x00, 0x00, 0x00, 0x00, 0x00, 0x00, 0x00,
  0x00, 0x00, 0x00, 0x00, 0x00, 0x00, 0x00, 0x00, 0x00, 0x00, 0x00, 0x00,
  0x00, 0x00, 0x00, 0x00, 0x00, 0x00, 0x00, 0x00, 0x01, 0x00, 0x09, 0x72,
  0xed, 0xfe, 0xf8, 0xfb, 0xfb, 0xfb, 0xfb, 0xfb, 0xfa, 0xfb, 0xfa, 0xf9,
  0xfa, 0xf9, 0xfa, 0xfb, 0xfa, 0xfb, 0xfb, 0xfb, 0xfa, 0xfb, 0xfb, 0xfb,
  0xfa, 0xfb, 0xfc, 0xfb, 0xfc, 0xfc, 0xfb, 0xfa, 0xfa, 0xfa, 0xfb, 0xfc,
  0xfc, 0xfc, 0xfb, 0xfb, 0xfc, 0xfc, 0xfc, 0xfc, 0xfb, 0xfc, 0xfc, 0xfc,
  0xfc, 0xfb, 0xfb, 0xfb, 0xfb, 0xfa, 0xfb, 0xfc, 0xfb, 0xfb, 0xfc, 0xfc,
  0xfb, 0xfb, 0xfb, 0xfb, 0xfb, 0xfb, 0xfb, 0xfb, 0xfc, 0xfb, 0xfc, 0xfd,
  0xfc, 0xfb, 0xfb, 0xfb, 0xfb, 0xfa, 0xfb, 0xfc, 0xfb, 0xfc, 0xfc, 0xfc,
  0xfd, 0xfc, 0xfd, 0xfc, 0xfd, 0xfc, 0xfc, 0xfb, 0xfb, 0xfa, 0xf9, 0xf8,
  0xf8, 0xf6, 0xfa, 0xf5, 0x9d, 0x00, 0x00, 0x00, 0x00, 0x00, 0x00, 0x00,
  0x00, 0x00, 0x00, 0x00, 0x00, 0x00, 0x00, 0x00, 0x00, 0x00, 0x00, 0x00,
  0x00, 0x00, 0x00, 0x00, 0x00, 0x00, 0x00, 0x00, 0x00, 0x00, 0x00, 0x00,
  0x00, 0x00, 0x00, 0x00, 0x00, 0x00, 0x00, 0x00, 0x00, 0x00, 0x00, 0x00,
  0x00, 0x00, 0x00, 0x00, 0x00, 0x00, 0x00, 0x00, 0x00, 0x00, 0x00, 0x00,
  0x00, 0x00, 0x00, 0x00, 0x00, 0x00, 0x00, 0x00, 0x00, 0x00, 0x00, 0x00,
  0x00, 0x00, 0x00, 0x00, 0x00, 0x00, 0x00, 0x03, 0x00, 0x3d, 0xc6, 0xff,
  0xf6, 0xfa, 0xfd, 0xfd, 0xfc, 0xfb, 0xfb, 0xfb, 0xfb, 0xfa, 0xfa, 0xfa,
  0xf9, 0xfa, 0xfa, 0xfb, 0xfa, 0xfa, 0xfb, 0xfb, 0xfb, 0xfb, 0xfb, 0xfb,
  0xfa, 0xfb, 0xfc, 0xfb, 0xfb, 0xfb, 0xfb, 0xfb, 0xfb, 0xfb, 0xfc, 0xfb,
  0xfb, 0xfc, 0xfc, 0xfc, 0xfc, 0xfb, 0xfc, 0xfb, 0xfc, 0xfd, 0xfc, 0xfc,
  0xfb, 0xfa, 0xfa, 0xfb, 0xfb, 0xfb, 0xfc, 0xfb, 0xfc, 0xfb, 0xfb, 0xfa,
  0xfa, 0xfa, 0xfa, 0xfa, 0xfa, 0xfa, 0xfb, 0xfc, 0xfb, 0xfc, 0xfc, 0xfc,
  0xfb, 0xfc, 0xfb, 0xfb, 0xfb, 0xfb, 0xfc, 0xfb, 0xfc, 0xfd, 0xfc, 0xfd,
  0xfc, 0xfd, 0xfd, 0xfc, 0xfc, 0xfb, 0xfa, 0xfa, 0xf9, 0xf9, 0xf8, 0xf7,
  0xf5, 0xf7, 0xfe, 0xc4, 0x10, 0x00, 0x00, 0x00, 0x00, 0x00, 0x00, 0x00,
  0x00, 0x00, 0x00, 0x00, 0x00, 0x00, 0x00, 0x00, 0x00, 0x00, 0x00, 0x00,
  0x00, 0x00, 0x00, 0x00, 0x00, 0x00, 0x00, 0x00, 0x00, 0x00, 0x00, 0x00,
  0x00, 0x00, 0x00, 0x00, 0x00, 0x00, 0x00, 0x00, 0x00, 0x00, 0x00, 0x00,
  0x00, 0x00, 0x00, 0x00, 0x00, 0x00, 0x00, 0x00, 0x00, 0x00, 0x00, 0x00,
  0x00, 0x00, 0x00, 0x00, 0x00, 0x00, 0x00, 0x00, 0x00, 0x00, 0x00, 0x00,
  0x00, 0x00, 0x00, 0x00, 0x00, 0x01, 0x00, 0x17, 0x98, 0xfe, 0xfa, 0xf4,
  0xfa, 0xfd, 0xfe, 0xfe, 0xfc, 0xfc, 0xfc, 0xfa, 0xfa, 0xfb, 0xfa, 0xf9,
  0xf9, 0xfa, 0xfb, 0xfb, 0xfb, 0xfb, 0xfc, 0xfc, 0xfc, 0xfc, 0xfb, 0xfb,
  0xfb, 0xfb, 0xfc, 0xfc, 0xfb, 0xfc, 0xfc, 0xfc, 0xfc, 0xfb, 0xfc, 0xfc,
  0xfb, 0xfb, 0xfb, 0xfb, 0xfc, 0xfb, 0xfc, 0xfc, 0xfc, 0xfc, 0xfc, 0xfb,
  0xfa, 0xfa, 0xfb, 0xfc, 0xfc, 0xfb, 0xfc, 0xfc, 0xfb, 0xfa, 0xfb, 0xfb,
  0xfb, 0xfa, 0xfb, 0xfb, 0xfa, 0xfb, 0xfc, 0xfb, 0xfb, 0xfb, 0xfb, 0xfc,
  0xfc, 0xfb, 0xfb, 0xfb, 0xfb, 0xfb, 0xfc, 0xfc, 0xfd, 0xfd, 0xfd, 0xfc,
  0xfc, 0xfc, 0xfc, 0xfb, 0xfa, 0xfb, 0xfa, 0xf9, 0xf8, 0xf7, 0xf7, 0xf6,
  0xf6, 0xff, 0xdf, 0x3c, 0x00, 0x00, 0x00, 0x00, 0x00, 0x00, 0x00, 0x00,
  0x00, 0x00, 0x00, 0x00, 0x00, 0x00, 0x00, 0x00, 0x00, 0x00, 0x00, 0x00,
  0x00, 0x00, 0x00, 0x00, 0x00, 0x00, 0x00, 0x00, 0x00, 0x00, 0x00, 0x00,
  0x00, 0x00, 0x00, 0x00, 0x00, 0x00, 0x00, 0x00, 0x00, 0x00, 0x00, 0x00,
  0x00, 0x00, 0x00, 0x00, 0x00, 0x00, 0x00, 0x00, 0x00, 0x00, 0x00, 0x00,
  0x00, 0x00, 0x00, 0x00, 0x00, 0x00, 0x00, 0x00, 0x00, 0x00, 0x00, 0x00,
  0x00, 0x00, 0x00, 0x00, 0x03, 0x00, 0x5c, 0xe0, 0xff, 0xf4, 0xf6, 0xf9,
  0xfe, 0xff, 0xfe, 0xfd, 0xfd, 0xfc, 0xfc, 0xfb, 0xfa, 0xfa, 0xfa, 0xfa,
  0xfa, 0xfa, 0xfb, 0xfb, 0xfb, 0xfb, 0xfb, 0xfb, 0xfb, 0xfc, 0xfc, 0xfc,
  0xfc, 0xfd, 0xfc, 0xfb, 0xfb, 0xfb, 0xfb, 0xfb, 0xfb, 0xfc, 0xfc, 0xfc,
  0xfc, 0xfc, 0xfc, 0xfb, 0xfb, 0xfc, 0xfd, 0xfc, 0xfc, 0xfc, 0xfa, 0xfb,
  0xfb, 0xfb, 0xfc, 0xfb, 0xfc, 0xfb, 0xfb, 0xfb, 0xfb, 0xfb, 0xfb, 0xfa,
  0xfb, 0xfb, 0xfa, 0xfa, 0xfb, 0xfc, 0xfb, 0xfc, 0xfc, 0xfc, 0xfc, 0xfc,
  0xfc, 0xfc, 0xfc, 0xfc, 0xfb, 0xfc, 0xfd, 0xfc, 0xfc, 0xfd, 0xfc, 0xfb,
  0xfb, 0xfb, 0xfa, 0xfb, 0xfa, 0xfa, 0xfa, 0xf9, 0xf8, 0xf7, 0xf6, 0xf6,
  0xfd, 0xf0, 0x7a, 0x01, 0x00, 0x00, 0x00, 0x00, 0x00, 0x00, 0x00, 0x00,
  0x00, 0x00, 0x00, 0x00, 0x00, 0x00, 0x00, 0x00, 0x00, 0x00, 0x00, 0x00,
  0x00, 0x00, 0x00, 0x00, 0x00, 0x00, 0x00, 0x00, 0x00, 0x00, 0x00, 0x00,
  0x00, 0x00, 0x00, 0x00, 0x00, 0x00, 0x00, 0x00, 0x00, 0x00, 0x00, 0x00,
  0x00, 0x00, 0x00, 0x00, 0x00, 0x00, 0x00, 0x00, 0x00, 0x00, 0x00, 0x00,
  0x00, 0x00, 0x00, 0x00, 0x00, 0x00, 0x00, 0x00, 0x00, 0x00, 0x00, 0x00,
  0x00, 0x00, 0x02, 0x00, 0x25, 0xb0, 0xff, 0xf9, 0xf6, 0xf9, 0xfb, 0xff,
  0xfe, 0xfe, 0xfd, 0xfc, 0xfd, 0xfd, 0xfb, 0xfa, 0xfb, 0xfb, 0xfb, 0xfb,
  0xfb, 0xfb, 0xfa, 0xfb, 0xfb, 0xfc, 0xfc, 0xfc, 0xfb, 0xfb, 0xfb, 0xfc,
  0xfc, 0xfc, 0xfb, 0xfc, 0xfc, 0xfa, 0xfc, 0xfc, 0xfb, 0xfb, 0xfc, 0xfd,
  0xfd, 0xfc, 0xfb, 0xfc, 0xfc, 0xfc, 0xfd, 0xfc, 0xfc, 0xfb, 0xfb, 0xfc,
  0xfc, 0xfb, 0xfc, 0xfc, 0xfb, 0xfa, 0xfa, 0xfa, 0xfa, 0xfa, 0xfa, 0xfc,
  0xfb, 0xfb, 0xfa, 0xfb, 0xfc, 0xfb, 0xfc, 0xfc, 0xfc, 0xfb, 0xfb, 0xfd,
  0xfd, 0xfd, 0xfd, 0xfc, 0xfc, 0xfd, 0xfd, 0xfd, 0xfd, 0xfc, 0xfb, 0xfb,
  0xfa, 0xfa, 0xfb, 0xfa, 0xf9, 0xf9, 0xf9, 0xf8, 0xf7, 0xf7, 0xf5, 0xf8,
  0xfc, 0xb9, 0x0d, 0x00, 0x00, 0x00, 0x00, 0x00, 0x00, 0x00, 0x00, 0x00,
  0x00, 0x00, 0x00, 0x00, 0x00, 0x00, 0x00, 0x00, 0x00, 0x00, 0x00, 0x00,
  0x00, 0x00, 0x00, 0x00, 0x00, 0x00, 0x00, 0x00, 0x00, 0x00, 0x00, 0x00,
  0x00, 0x00, 0x00, 0x00, 0x00, 0x00, 0x00, 0x00, 0x00, 0x00, 0x00, 0x00,
  0x00, 0x00, 0x00, 0x00, 0x00, 0x00, 0x00, 0x00, 0x00, 0x00, 0x00, 0x00,
  0x00, 0x00, 0x00, 0x00, 0x00, 0x00, 0x00, 0x00, 0x00, 0x00, 0x00, 0x00,
  0x00, 0x03, 0x00, 0x6b, 0xe9, 0xff, 0xf5, 0xfa, 0xfd, 0xfe, 0xff, 0xfe,
  0xfd, 0xfd, 0xfc, 0xfc, 0xfc, 0xfb, 0xfb, 0xfa, 0xfb, 0xfb, 0xfa, 0xfa,
  0xfa, 0xfb, 0xfb, 0xfb, 0xfb, 0xfb, 0xfb, 0xfb, 0xfc, 0xfc, 0xfc, 0xfb,
  0xfb, 0xfb, 0xfb, 0xfb, 0xfb, 0xfb, 0xfb, 0xfb, 0xfb, 0xfc, 0xfc, 0xfd,
  0xfc, 0xfb, 0xfc, 0xfc, 0xfb, 0xfc, 0xfc, 0xfb, 0xfc, 0xfc, 0xfb, 0xfb,
  0xfc, 0xfb, 0xfb, 0xfb, 0xfb, 0xfb, 0xfb, 0xfb, 0xfb, 0xfb, 0xfb, 0xfb,
  0xfb, 0xfa, 0xfb, 0xfc, 0xfb, 0xfb, 0xfb, 0xfb, 0xfc, 0xfc, 0xfc, 0xfc,
  0xfc, 0xfc, 0xfc, 0xfc, 0xfc, 0xfc, 0xfc, 0xfc, 0xfc, 0xfb, 0xfc, 0xfb,
  0xfb, 0xfb, 0xfa, 0xfa, 0xfa, 0xf9, 0xf8, 0xf8, 0xf7, 0xf5, 0xf6, 0xff,
  0xe2, 0x2f, 0x00, 0x00, 0x00, 0x00, 0x00, 0x00, 0x00, 0x00, 0x00, 0x00,
  0x00, 0x00, 0x00, 0x00, 0x00, 0x00, 0x00, 0x00, 0x00, 0x00, 0x00, 0x00,
  0x00, 0x00, 0x00, 0x00, 0x00, 0x00, 0x00, 0x00, 0x00, 0x00, 0x00, 0x00,
  0x00, 0x00, 0x00, 0x00, 0x00, 0x00, 0x00, 0x00, 0x00, 0x00, 0x00, 0x00,
  0x00, 0x00, 0x00, 0x00, 0x00, 0x00, 0x00, 0x00, 0x00, 0x00, 0x00, 0x00,
  0x00, 0x00, 0x00, 0x00, 0x00, 0x00, 0x00, 0x00, 0x00, 0x00, 0x00, 0x01,
  0x00, 0x2e, 0xba, 0xff, 0xf6, 0xf6, 0xfd, 0xfe, 0xfe, 0xfe, 0xfd, 0xfe,
  0xfd, 0xfc, 0xfd, 0xfc, 0xfc, 0xfb, 0xfa, 0xfb, 0xfc, 0xfa, 0xf9, 0xfa,
  0xfb, 0xfb, 0xfc, 0xfb, 0xfa, 0xfb, 0xfb, 0xfc, 0xfd, 0xfc, 0xfb, 0xfc,
  0xfb, 0xfa, 0xfa, 0xfa, 0xfa, 0xfa, 0xfb, 0xfc, 0xfb, 0xfc, 0xfc, 0xfc,
  0xfb, 0xfb, 0xfb, 0xfc, 0xfb, 0xfb, 0xfb, 0xfb, 0xfb, 0xfb, 0xfc, 0xfc,
  0xfb, 0xfa, 0xfb, 0xfc, 0xfc, 0xfc, 0xfc, 0xfc, 0xfb, 0xfa, 0xfa, 0xfb,
  0xfa, 0xfb, 0xfc, 0xfb, 0xfc, 0xfc, 0xfc, 0xfd, 0xfd, 0xfb, 0xfb, 0xfb,
  0xfb, 0xfb, 0xfc, 0xfc, 0xfc, 0xfc, 0xfc, 0xfc, 0xfb, 0xfb, 0xfb, 0xfb,
  0xfb, 0xfa, 0xfa, 0xfb, 0xfa, 0xf9, 0xf8, 0xf7, 0xf6, 0xf6, 0xfe, 0xf2,
  0x5f, 0x02, 0x00, 0x00, 0x00, 0x00, 0x00, 0x00, 0x00, 0x00, 0x00, 0x00,
  0x00, 0x00, 0x00, 0x00, 0x00, 0x00, 0x00, 0x00, 0x00, 0x00, 0x00, 0x00,
  0x00, 0x00, 0x00, 0x00, 0x00, 0x00, 0x00, 0x00, 0x00, 0x00, 0x00, 0x00,
  0x00, 0x00, 0x00, 0x00, 0x00, 0x00, 0x00, 0x00, 0x00, 0x00, 0x00, 0x00,
  0x00, 0x00, 0x00, 0x00, 0x00, 0x00, 0x00, 0x00, 0x00, 0x00, 0x00, 0x00,
  0x00, 0x00, 0x00, 0x00, 0x00, 0x00, 0x00, 0x00, 0x00, 0x00, 0x01, 0x01,
  0x77, 0xef, 0xff, 0xf3, 0xf9, 0xfd, 0xfe, 0xfe, 0xfd, 0xfe, 0xfe, 0xfd,
  0xfc, 0xfd, 0xfc, 0xfb, 0xfb, 0xfa, 0xfb, 0xfb, 0xfa, 0xf9, 0xfa, 0xfb,
  0xfb, 0xfb, 0xfb, 0xfa, 0xfb, 0xfb, 0xfc, 0xfc, 0xfb, 0xfc, 0xfb, 0xfb,
  0xfa, 0xfa, 0xfb, 0xfb, 0xfa, 0xfb, 0xfb, 0xfc, 0xfb, 0xfc, 0xfc, 0xfb,
  0xfb, 0xfa, 0xfb, 0xfc, 0xfc, 0xfc, 0xfc, 0xfc, 0xfc, 0xfb, 0xfb, 0xfb,
  0xfa, 0xfb, 0xfc, 0xfb, 0xfb, 0xfb, 0xfb, 0xfb, 0xfa, 0xfa, 0xfa, 0xfa,
  0xfb, 0xfc, 0xfb, 0xfc, 0xfd, 0xfd, 0xfc, 0xfc, 0xfc, 0xfb, 0xfc, 0xfc,
  0xfb, 0xfc, 0xfd, 0xfd, 0xfc, 0xfb, 0xfb, 0xfc, 0xfc, 0xfb, 0xfa, 0xfb,
  0xfa, 0xf9, 0xfa, 0xfa, 0xfa, 0xfa, 0xf9, 0xf7, 0xf7, 0xfd, 0xfa, 0x99,
  0x09, 0x00, 0x00, 0x00, 0x00, 0x00, 0x00, 0x00, 0x00, 0x00, 0x00, 0x00,
  0x00, 0x00, 0x00, 0x00, 0x00, 0x00, 0x00, 0x00, 0x00, 0x00, 0x00, 0x00,
  0x00, 0x00, 0x00, 0x00, 0x00, 0x00, 0x00, 0x00, 0x00, 0x00, 0x00, 0x00,
  0x00, 0x00, 0x00, 0x00, 0x00, 0x00, 0x00, 0x00, 0x00, 0x00, 0x00, 0x00,
  0x00, 0x00, 0x00, 0x00, 0x00, 0x00, 0x00, 0x00, 0x00, 0x00, 0x00, 0x00,
  0x00, 0x00, 0x00, 0x00, 0x00, 0x00, 0x00, 0x00, 0x00, 0x00, 0x36, 0xc4,
  0xff, 0xf8, 0xf6, 0xfa, 0xfc, 0xfd, 0xfd, 0xfd, 0xfd, 0xfd, 0xfd, 0xfc,
  0xfc, 0xfc, 0xfb, 0xfc, 0xfb, 0xfb, 0xfb, 0xfa, 0xfa, 0xfa, 0xfb, 0xfb,
  0xfa, 0xfb, 0xfa, 0xfb, 0xfc, 0xfb, 0xfb, 0xfc, 0xfb, 0xfa, 0xfa, 0xfb,
  0xfb, 0xfb, 0xfb, 0xfa, 0xfa, 0xfa, 0xfb, 0xfb, 0xfc, 0xfc, 0xfb, 0xfb,
  0xfa, 0xfa, 0xfb, 0xfb, 0xfb, 0xfb, 0xfb, 0xfb, 0xfb, 0xfa, 0xfb, 0xfa,
  0xfb, 0xfc, 0xfc, 0xfc, 0xfc, 0xfc, 0xfb, 0xfb, 0xfb, 0xfb, 0xfa, 0xfb,
  0xfc, 0xfb, 0xfc, 0xfd, 0xfc, 0xfd, 0xfc, 0xfc, 0xfb, 0xfb, 0xfb, 0xfb,
  0xfc, 0xfc, 0xfc, 0xfc, 0xfb, 0xfc, 0xfb, 0xfb, 0xfb, 0xfb, 0xfb, 0xfa,
  0xf9, 0xfa, 0xfa, 0xfb, 0xfb, 0xfa, 0xf9, 0xfa, 0xfc, 0xff, 0xcf, 0x1c,
  0x00, 0x00, 0x00, 0x00, 0x00, 0x00, 0x00, 0x00, 0x00, 0x00, 0x00, 0x00,
  0x00, 0x00, 0x00, 0x00, 0x00, 0x00, 0x00, 0x00, 0x00, 0x00, 0x00, 0x00,
  0x00, 0x00, 0x00, 0x00, 0x00, 0x00, 0x00, 0x00, 0x00, 0x00, 0x00, 0x00,
  0x00, 0x00, 0x00, 0x00, 0x00, 0x00, 0x00, 0x00, 0x00, 0x00, 0x00, 0x00,
  0x00, 0x00, 0x00, 0x00, 0x00, 0x00, 0x00, 0x00, 0x00, 0x00, 0x00, 0x00,
  0x00, 0x00, 0x00, 0x00, 0x00, 0x00, 0x00, 0x00, 0x09, 0x87, 0xf4, 0xfe,
  0xf4, 0xf8, 0xf9, 0xfb, 0xfc, 0xfc, 0xfc, 0xfc, 0xfc, 0xfd, 0xfd, 0xfc,
  0xfb, 0xfb, 0xfb, 0xfc, 0xfc, 0xfc, 0xfb, 0xfb, 0xfb, 0xfb, 0xfa, 0xfa,
  0xfb, 0xfa, 0xfb, 0xfc, 0xfb, 0xfc, 0xfb, 0xfa, 0xfb, 0xfb, 0xfc, 0xfc,
  0xfa, 0xfa, 0xfa, 0xfa, 0xfb, 0xfa, 0xfb, 0xfc, 0xfb, 0xfc, 0xfb, 0xfa,
  0xfa, 0xfa, 0xfa, 0xfa, 0xfa, 0xfa, 0xfa, 0xfa, 0xfb, 0xfa, 0xfa, 0xfb,
  0xfb, 0xfc, 0xfc, 0xfb, 0xfc, 0xfb, 0xfb, 0xfc, 0xfc, 0xfb, 0xfb, 0xfc,
  0xfb, 0xfc, 0xfd, 0xfd, 0xfd, 0xfd, 0xfc, 0xfc, 0xfb, 0xfa, 0xfb, 0xfc,
  0xfb, 0xfb, 0xfb, 0xfc, 0xfb, 0xfa, 0xfa, 0xfa, 0xfa, 0xfa, 0xfa, 0xf9,
  0xfa, 0xfa, 0xfb, 0xfc, 0xfb, 0xfb, 0xfc, 0xfc, 0xff, 0xee, 0x45, 0x00,
  0x00, 0x00, 0x00, 0x00, 0x00, 0x00, 0x00, 0x00, 0x00, 0x00, 0x00, 0x00,
  0x00, 0x00, 0x00, 0x00, 0x00, 0x00, 0x00, 0x00, 0x00, 0x00, 0x00, 0x00,
  0x00, 0x00, 0x00, 0x00, 0x00, 0x00, 0x00, 0x00, 0x00, 0x00, 0x00, 0x00,
  0x00, 0x00, 0x00, 0x00, 0x00, 0x00, 0x00, 0x00, 0x00, 0x00, 0x00, 0x00,
  0x00, 0x00, 0x00, 0x00, 0x00, 0x00, 0x00, 0x00, 0x00, 0x00, 0x00, 0x00,
  0x00, 0x00, 0x00, 0x00, 0x00, 0x00, 0x00, 0x4f, 0xd8, 0xff, 0xf6, 0xf7,
  0xf9, 0xfb, 0xfc, 0xfb, 0xfc, 0xfd, 0xfc, 0xfc, 0xfc, 0xfc, 0xfc, 0xfc,
  0xfc, 0xfc, 0xfc, 0xfb, 0xfb, 0xfc, 0xfb, 0xfa, 0xfb, 0xfb, 0xfb, 0xfb,
  0xfa, 0xfb, 0xfc, 0xfc, 0xfb, 0xfa, 0xfb, 0xfb, 0xfa, 0xfb, 0xfb, 0xfb,
  0xfb, 0xfb, 0xfb, 0xfb, 0xfa, 0xfb, 0xfc, 0xfb, 0xfc, 0xfb, 0xfb, 0xfb,
  0xfb, 0xfb, 0xfb, 0xfb, 0xfb, 0xfb, 0xfb, 0xfb, 0xfb, 0xfb, 0xfa, 0xfb,
  0xfc, 0xfb, 0xfc, 0xfb, 0xfc, 0xfc, 0xfb, 0xfb, 0xfc, 0xfb, 0xfb, 0xfc,
  0xfc, 0xfd, 0xfc, 0xfc, 0xfc, 0xfc, 0xfb, 0xfc, 0xfb, 0xfb, 0xfc, 0xfb,
  0xfb, 0xfb, 0xfb, 0xfb, 0xfa, 0xfb, 0xfb, 0xf9, 0xf9, 0xfa, 0xfa, 0xf9,
  0xfa, 0xfb, 0xfc, 0xfb, 0xfc, 0xfd, 0xfd, 0xff, 0xfa, 0x7a, 0x08, 0x00,
  0x01, 0x00, 0x00, 0x00, 0x00, 0x00, 0x00, 0x00, 0x00, 0x00, 0x00, 0x00,
  0x00, 0x00, 0x00, 0x00, 0x00, 0x00, 0x00, 0x00, 0x00, 0x00, 0x00, 0x00,
  0x00, 0x00, 0x00, 0x00, 0x00, 0x00, 0x00, 0x00, 0x00, 0x00, 0x00, 0x00,
  0x00, 0x00, 0x00, 0x00, 0x00, 0x00, 0x00, 0x00, 0x00, 0x00, 0x00, 0x00,
  0x00, 0x00, 0x00, 0x00, 0x00, 0x00, 0x00, 0x00, 0x00, 0x00, 0x00, 0x00,
  0x00, 0x00, 0x00, 0x00, 0x00, 0x1e, 0xa8, 0xfc, 0xf8, 0xf3, 0xf8, 0xfa,
  0xfb, 0xfb, 0xfc, 0xfb, 0xfb, 0xfc, 0xfc, 0xfb, 0xfc, 0xfb, 0xfc, 0xfd,
  0xfd, 0xfc, 0xfb, 0xfc, 0xfc, 0xfb, 0xfa, 0xfb, 0xfc, 0xfc, 0xfb, 0xfa,
  0xfb, 0xfc, 0xfb, 0xfc, 0xfb, 0xfa, 0xfb, 0xfb, 0xfa, 0xfb, 0xfc, 0xfc,
  0xfc, 0xfc, 0xfc, 0xfb, 0xfc, 0xfb, 0xfa, 0xfb, 0xfc, 0xfb, 0xfc, 0xfc,
  0xfc, 0xfc, 0xfc, 0xfc, 0xfc, 0xfc, 0xfc, 0xfc, 0xfc, 0xfc, 0xfc, 0xfc,
  0xfc, 0xfc, 0xfc, 0xfb, 0xfc, 0xfc, 0xfc, 0xfb, 0xfc, 0xfc, 0xfb, 0xfb,
  0xfb, 0xfb, 0xfb, 0xfb, 0xfc, 0xfb, 0xfc, 0xfb, 0xfa, 0xfb, 0xfa, 0xfa,
  0xfa, 0xfa, 0xfa, 0xfb, 0xfb, 0xfb, 0xfa, 0xf9, 0xfa, 0xfa, 0xfa, 0xfb,
  0xfb, 0xfc, 0xfd, 0xfd, 0xfe, 0xfd, 0xff, 0xff, 0xb5, 0x14, 0x00, 0x01,
  0x00, 0x00, 0x00, 0x00, 0x00, 0x00, 0x00, 0x00, 0x00, 0x00, 0x00, 0x00,
  0x00, 0x00, 0x00, 0x00, 0x00, 0x00, 0x00, 0x00, 0x00, 0x00, 0x00, 0x00,
  0x00, 0x00, 0x00, 0x00, 0x00, 0x00, 0x00, 0x00, 0x00, 0x00, 0x00, 0x00,
  0x00, 0x00, 0x00, 0x00, 0x00, 0x00, 0x00, 0x00, 0x00, 0x00, 0x00, 0x00,
  0x00, 0x00, 0x00, 0x00, 0x00, 0x00, 0x00, 0x00, 0x00, 0x00, 0x00, 0x00,
  0x00, 0x00, 0x00, 0x01, 0x6c, 0xee, 0xfd, 0xf4, 0xf6, 0xf9, 0xfa, 0xfb,
  0xfb, 0xfa, 0xfb, 0xfc, 0xfd, 0xfc, 0xfb, 0xfc, 0xfd, 0xfc, 0xfd, 0xfc,
  0xfb, 0xfc, 0xfd, 0xfc, 0xfb, 0xfb, 0xfb, 0xfc, 0xfc, 0xfb, 0xfa, 0xfb,
  0xfc, 0xfc, 0xfb, 0xfa, 0xfb, 0xfb, 0xfb, 0xfa, 0xfb, 0xfc, 0xfc, 0xfc,
  0xfc, 0xfc, 0xfb, 0xfc, 0xfb, 0xfa, 0xfb, 0xfb, 0xfb, 0xfb, 0xfb, 0xfb,
  0xfc, 0xfc, 0xfc, 0xfc, 0xfc, 0xfc, 0xfc, 0xfc, 0xfc, 0xfc, 0xfb, 0xfb,
  0xfc, 0xfc, 0xfb, 0xfb, 0xfc, 0xfc, 0xfb, 0xfc, 0xfc, 0xfb, 0xfb, 0xfb,
  0xfb, 0xfb, 0xfc, 0xfc, 0xfc, 0xfb, 0xfb, 0xfc, 0xfb, 0xfa, 0xfb, 0xfb,
  0xfb, 0xfb, 0xfb, 0xfb, 0xfb, 0xfa, 0xfa, 0xfb, 0xfa, 0xfb, 0xfc, 0xfb,
  0xfc, 0xfd, 0xfe, 0xfd, 0xfc, 0xfa, 0xfd, 0xe2, 0x2e, 0x00, 0x00, 0x00,
  0x00, 0x00, 0x00, 0x00, 0x00, 0x00, 0x00, 0x00, 0x00, 0x00, 0x00, 0x00,
  0x00, 0x00, 0x00, 0x00, 0x00, 0x00, 0x00, 0x00, 0x00, 0x00, 0x00, 0x00,
  0x00, 0x00, 0x00, 0x00, 0x00, 0x00, 0x00, 0x00, 0x00, 0x00, 0x00, 0x00,
  0x00, 0x00, 0x00, 0x00, 0x00, 0x00, 0x00, 0x00, 0x00, 0x00, 0x00, 0x00,
  0x00, 0x00, 0x00, 0x00, 0x00, 0x00, 0x00, 0x00, 0x00, 0x00, 0x00, 0x00,
  0x00, 0x00, 0x2e, 0xc2, 0xff, 0xf7, 0xf6, 0xf9, 0xfa, 0xfb, 0xfa, 0xf9,
  0xfa, 0xfc, 0xfc, 0xfd, 0xfd, 0xfc, 0xfd, 0xfd, 0xfd, 0xfd, 0xfc, 0xfb,
  0xfc, 0xfc, 0xfc, 0xfb, 0xfc, 0xfc, 0xfc, 0xfc, 0xfb, 0xfb, 0xfb, 0xfa,
  0xfb, 0xfb, 0xfa, 0xfa, 0xfa, 0xfa, 0xfa, 0xfa, 0xfb, 0xfb, 0xfc, 0xfb,
  0xfc, 0xfb, 0xfa, 0xfb, 0xfb, 0xfb, 0xfb, 0xfa, 0xfa, 0xfb, 0xfb, 0xfc,
  0xfb, 0xfc, 0xfc, 0xfc, 0xfc, 0xfc, 0xfc, 0xfc, 0xfb, 0xfc, 0xfb, 0xfb,
  0xfb, 0xfa, 0xfb, 0xfa, 0xfb, 0xfc, 0xfb, 0xfb, 0xfc, 0xfc, 0xfb, 0xfb,
  0xfb, 0xfc, 0xfd, 0xfd, 0xfd, 0xfc, 0xfc, 0xfb, 0xfa, 0xfa, 0xfa, 0xfa,
  0xfa, 0xfb, 0xfa, 0xfa, 0xfa, 0xfa, 0xfb, 0xfb, 0xfb, 0xfc, 0xfb, 0xfc,
  0xfd, 0xfe, 0xfd, 0xfa, 0xf6, 0xf9, 0xfa, 0x5c, 0x03, 0x00, 0x01, 0x00,
  0x00, 0x00, 0x00, 0x00, 0x00, 0x00, 0x00, 0x00, 0x00, 0x00, 0x00, 0x00,
  0x00, 0x00, 0x00, 0x00, 0x00, 0x00, 0x00, 0x00, 0x00, 0x00, 0x00, 0x00,
  0x00, 0x00, 0x00, 0x00, 0x00, 0x00, 0x00, 0x00, 0x00, 0x00, 0x00, 0x00,
  0x00, 0x00, 0x00, 0x00, 0x00, 0x00, 0x00, 0x00, 0x00, 0x00, 0x00, 0x00,
  0x00, 0x00, 0x00, 0x00, 0x00, 0x00, 0x00, 0x00, 0x00, 0x00, 0x01, 0x00,
  0x09, 0x86, 0xf7, 0xfa, 0xf5, 0xf9, 0xfb, 0xfb, 0xfb, 0xfb, 0xfa, 0xfa,
  0xfb, 0xfc, 0xfc, 0xfc, 0xfc, 0xfc, 0xfc, 0xfc, 0xfc, 0xfc, 0xfb, 0xfb,
  0xfb, 0xfb, 0xfc, 0xfc, 0xfb, 0xfc, 0xfb, 0xfc, 0xfc, 0xfb, 0xfb, 0xfb,
  0xfa, 0xfb, 0xfc, 0xfb, 0xfb, 0xfb, 0xfa, 0xfa, 0xfb, 0xfc, 0xfb, 0xfc,
  0xfb, 0xfa, 0xfb, 0xfb, 0xfb, 0xfb, 0xfb, 0xfb, 0xfb, 0xfb, 0xfb, 0xfb,
  0xfb, 0xfb, 0xfc, 0xfc, 0xfb, 0xfb, 0xfb, 0xfc, 0xfb, 0xfb, 0xfa, 0xfb,
  0xfb, 0xfb, 0xfb, 0xfb, 0xfc, 0xfb, 0xfc, 0xfb, 0xfb, 0xfc, 0xfc, 0xfc,
  0xfb, 0xfc, 0xfc, 0xfc, 0xfc, 0xfc, 0xfb, 0xfb, 0xfb, 0xfb, 0xfb, 0xfb,
  0xfa, 0xfb, 0xfb, 0xfb, 0xfb, 0xfb, 0xfc, 0xfc, 0xfc, 0xfc, 0xfc, 0xfd,
  0xfe, 0xfd, 0xf9, 0xf5, 0xf5, 0xfd, 0x91, 0x10, 0x00, 0x01, 0x00, 0x00,
  0x00, 0x00, 0x00, 0x00, 0x00, 0x00, 0x00, 0x00, 0x00, 0x00, 0x00, 0x00,
  0x00, 0x00, 0x00, 0x00, 0x00, 0x00, 0x00, 0x00, 0x00, 0x00, 0x00, 0x00,
  0x00, 0x00, 0x00, 0x00, 0x00, 0x00, 0x00, 0x00, 0x00, 0x00, 0x00, 0x00,
  0x00, 0x00, 0x00, 0x00, 0x00, 0x00, 0x00, 0x00, 0x00, 0x00, 0x00, 0x00,
  0x00, 0x00, 0x00, 0x00, 0x00, 0x00, 0x00, 0x00, 0x00, 0x00, 0x01, 0x4a,
  0xdd, 0xff, 0xf4, 0xf6, 0xfa, 0xfb, 0xfb, 0xfc, 0xfb, 0xfa, 0xfa, 0xfb,
  0xfc, 0xfc, 0xfc, 0xfb, 0xfb, 0xfc, 0xfb, 0xfb, 0xfb, 0xfc, 0xfc, 0xfc,
  0xfc, 0xfb, 0xfb, 0xfc, 0xfc, 0xfc, 0xfc, 0xfb, 0xfc, 0xfc, 0xfb, 0xfa,
  0xfb, 0xfb, 0xfb, 0xfb, 0xfb, 0xfb, 0xfb, 0xfc, 0xfc, 0xfc, 0xfc, 0xfb,
  0xfa, 0xfb, 0xfa, 0xfa, 0xfa, 0xfa, 0xfa, 0xfa, 0xfb, 0xfc, 0xfc, 0xfc,
  0xfc, 0xfb, 0xfb, 0xfc, 0xfc, 0xfc, 0xfc, 0xfb, 0xfa, 0xfb, 0xfc, 0xfc,
  0xfc, 0xfc, 0xfc, 0xfb, 0xfc, 0xfb, 0xfa, 0xfb, 0xfc, 0xfc, 0xfc, 0xfb,
  0xfc, 0xfc, 0xfc, 0xfb, 0xfb, 0xfa, 0xfb, 0xfc, 0xfc, 0xfc, 0xfb, 0xfa,
  0xfb, 0xfb, 0xfb, 0xfa, 0xfb, 0xfb, 0xfc, 0xfd, 0xfc, 0xfd, 0xfd, 0xfd,
  0xfc, 0xf9, 0xf6, 0xf6, 0xfc, 0xc4, 0x23, 0x00, 0x02, 0x00, 0x00, 0x00,
  0x00, 0x00, 0x00, 0x00, 0x00, 0x00, 0x00, 0x00, 0x00, 0x00, 0x00, 0x00,
  0x00, 0x00, 0x00, 0x00, 0x00, 0x00, 0x00, 0x00, 0x00, 0x00, 0x00, 0x00,
  0x00, 0x00, 0x00, 0x00, 0x00, 0x00, 0x00, 0x00, 0x00, 0x00, 0x00, 0x00,
  0x00, 0x00, 0x00, 0x00, 0x00, 0x00, 0x00, 0x00, 0x00, 0x00, 0x00, 0x00,
  0x00, 0x00, 0x00, 0x00, 0x00, 0x00, 0x00, 0x01, 0x00, 0x1e, 0xa9, 0xff,
  0xf7, 0xf4, 0xf9, 0xfa, 0xfc, 0xfc, 0xfc, 0xfb, 0xfb, 0xfb, 0xfa, 0xfb,
  0xfb, 0xfb, 0xfc, 0xfc, 0xfb, 0xfb, 0xfc, 0xfc, 0xfb, 0xfb, 0xfb, 0xfb,
  0xfc, 0xfc, 0xfb, 0xfb, 0xfb, 0xfb, 0xfc, 0xfc, 0xfb, 0xfa, 0xfb, 0xfa,
  0xfa, 0xfa, 0xfa, 0xfa, 0xfb, 0xfc, 0xfb, 0xfb, 0xfb, 0xfb, 0xfb, 0xfb,
  0xfa, 0xfa, 0xfb, 0xfb, 0xfb, 0xfb, 0xfb, 0xfc, 0xfb, 0xfb, 0xfb, 0xfb,
  0xfc, 0xfc, 0xfb, 0xfb, 0xfb, 0xfb, 0xfb, 0xfb, 0xfc, 0xfc, 0xfb, 0xfb,
  0xfb, 0xfb, 0xfb, 0xfc, 0xfb, 0xfa, 0xfb, 0xfc, 0xfb, 0xfb, 0xfb, 0xfb,
  0xfb, 0xfb, 0xfb, 0xfa, 0xfb, 0xfc, 0xfb, 0xfb, 0xfc, 0xfb, 0xfa, 0xfb,
  0xfa, 0xfa, 0xfb, 0xfc, 0xfc, 0xfc, 0xfc, 0xfc, 0xfd, 0xfe, 0xfd, 0xfc,
  0xfa, 0xf8, 0xf8, 0xfc, 0xef, 0x43, 0x00, 0x00, 0x00, 0x00, 0x00, 0x00,
  0x00, 0x00, 0x00, 0x00, 0x00, 0x00, 0x00, 0x00, 0x00, 0x00, 0x00, 0x00,
  0x00, 0x00, 0x00, 0x00, 0x00, 0x00, 0x00, 0x00, 0x00, 0x00, 0x00, 0x00,
  0x00, 0x00, 0x00, 0x00, 0x00, 0x00, 0x00, 0x00, 0x00, 0x00, 0x00, 0x00,
  0x00, 0x00, 0x00, 0x00, 0x00, 0x00, 0x00, 0x00, 0x00, 0x00, 0x00, 0x00,
  0x00, 0x00, 0x00, 0x00, 0x00, 0x01, 0x00, 0x08, 0x6b, 0xef, 0xfc, 0xf5,
  0xf7, 0xfa, 0xfb, 0xfc, 0xfd, 0xfc, 0xfb, 0xfc, 0xfc, 0xfb, 0xfa, 0xfa,
  0xfa, 0xfb, 0xfb, 0xfb, 0xfb, 0xfc, 0xfc, 0xfb, 0xfb, 0xfb, 0xfb, 0xfc,
  0xfc, 0xfb, 0xfb, 0xfa, 0xfb, 0xfc, 0xfc, 0xfb, 0xfb, 0xfa, 0xfb, 0xfb,
  0xfa, 0xfa, 0xfa, 0xfa, 0xfb, 0xfa, 0xfa, 0xfa, 0xfa, 0xfb, 0xfa, 0xfb,
  0xfb, 0xfa, 0xfb, 0xfc, 0xfc, 0xfc, 0xfc, 0xfb, 0xfa, 0xfb, 0xfb, 0xfc,
  0xfc, 0xfb, 0xfa, 0xfa, 0xfa, 0xfa, 0xfb, 0xfb, 0xfc, 0xfc, 0xfc, 0xfc,
  0xfc, 0xfb, 0xfc, 0xfb, 0xfb, 0xfb, 0xfc, 0xfb, 0xfc, 0xfb, 0xfa, 0xfb,
  0xfb, 0xfc, 0xfb, 0xfb, 0xfb, 0xfc, 0xfc, 0xfb, 0xfb, 0xfa, 0xfa, 0xfb,
  0xfb, 0xfc, 0xfb, 0xfb, 0xfb, 0xfc, 0xfd, 0xfd, 0xfd, 0xfd, 0xfc, 0xfb,
  0xf9, 0xf9, 0xfc, 0xff, 0x70, 0x07, 0x00, 0x01, 0x00, 0x00, 0x00, 0x00,
  0x00, 0x00, 0x00, 0x00, 0x00, 0x00, 0x00, 0x00, 0x00, 0x00, 0x00, 0x00,
  0x00, 0x00, 0x00, 0x00, 0x00, 0x00, 0x00, 0x00, 0x00, 0x00, 0x00, 0x00,
  0x00, 0x00, 0x00, 0x00, 0x00, 0x00, 0x00, 0x00, 0x00, 0x00, 0x00, 0x00,
  0x00, 0x00, 0x00, 0x00, 0x00, 0x00, 0x00, 0x00, 0x00, 0x00, 0x00, 0x00,
  0x00, 0x00, 0x00, 0x00, 0x00, 0x00, 0x33, 0xc6, 0xff, 0xf8, 0xfb, 0xfb,
  0xfc, 0xfd, 0xfd, 0xfd, 0xfc, 0xfb, 0xfb, 0xfc, 0xfb, 0xfa, 0xfb, 0xfb,
  0xfb, 0xfb, 0xfc, 0xfc, 0xfb, 0xfc, 0xfb, 0xfb, 0xfb, 0xfb, 0xfb, 0xfb,
  0xfc, 0xfb, 0xfb, 0xfb, 0xfc, 0xfb, 0xfc, 0xfb, 0xfa, 0xfa, 0xfb, 0xfb,
  0xfb, 0xfb, 0xfb, 0xfc, 0xfb, 0xfb, 0xfb, 0xfa, 0xfa, 0xfb, 0xfb, 0xfb,
  0xfb, 0xfb, 0xfc, 0xfb, 0xfb, 0xfb, 0xfc, 0xfb, 0xfc, 0xfb, 0xfb, 0xfc,
  0xfb, 0xfa, 0xfb, 0xfb, 0xfa, 0xfa, 0xfc, 0xfc, 0xfb, 0xfb, 0xfb, 0xfb,
  0xfc, 0xfb, 0xfc, 0xfb, 0xfb, 0xfc, 0xfb, 0xfc, 0xfb, 0xfb, 0xfc, 0xfc,
  0xfb, 0xfc, 0xfb, 0xfb, 0xfb, 0xfb, 0xfb, 0xfa, 0xfb, 0xfa, 0xfa, 0xfc,
  0xfb, 0xfc, 0xfc, 0xfc, 0xfc, 0xfc, 0xfc, 0xfd, 0xfc, 0xfd, 0xfc, 0xfa,
  0xfc, 0xfc, 0xff, 0xa4, 0x19, 0x00, 0x02, 0x00, 0x00, 0x00, 0x00, 0x00,
  0x00, 0x00, 0x00, 0x00, 0x00, 0x00, 0x00, 0x00, 0x00, 0x00, 0x00, 0x00,
  0x00, 0x00, 0x00, 0x00, 0x00, 0x00, 0x00, 0x00, 0x00, 0x00, 0x00, 0x00,
  0x00, 0x00, 0x00, 0x00, 0x00, 0x00, 0x00, 0x00, 0x00, 0x00, 0x00, 0x00,
  0x00, 0x00, 0x00, 0x00, 0x00, 0x00, 0x00, 0x00, 0x00, 0x00, 0x00, 0x00,
  0x00, 0x00, 0x02, 0x00, 0x12, 0x8b, 0xfa, 0xfa, 0xf9, 0xfd, 0xfd, 0xfe,
  0xfd, 0xfc, 0xfc, 0xfc, 0xfc, 0xfc, 0xfb, 0xfb, 0xfb, 0xfc, 0xfc, 0xfc,
  0xfc, 0xfb, 0xfb, 0xfb, 0xfc, 0xfb, 0xfa, 0xfa, 0xfa, 0xfa, 0xfa, 0xfb,
  0xfb, 0xfc, 0xfc, 0xfb, 0xfa, 0xfb, 0xfb, 0xfb, 0xfb, 0xfb, 0xfc, 0xfb,
  0xfb, 0xfb, 0xfb, 0xfb, 0xfb, 0xfb, 0xfb, 0xfb, 0xfb, 0xfc, 0xfb, 0xfb,
  0xfb, 0xfb, 0xfc, 0xfb, 0xfb, 0xfc, 0xfc, 0xfb, 0xfc, 0xfc, 0xfc, 0xfb,
  0xfa, 0xfb, 0xfb, 0xfb, 0xfb, 0xfc, 0xfc, 0xfb, 0xfb, 0xfa, 0xfb, 0xfc,
  0xfb, 0xfc, 0xfb, 0xfb, 0xfc, 0xfb, 0xfc, 0xfc, 0xfc, 0xfc, 0xfb, 0xfb,
  0xfc, 0xfb, 0xfa, 0xfa, 0xfa, 0xfa, 0xfb, 0xfb, 0xfb, 0xfb, 0xfb, 0xfb,
  0xfc, 0xfd, 0xfc, 0xfc, 0xfb, 0xfc, 0xfc, 0xfd, 0xfd, 0xfc, 0xfc, 0xfd,
  0xfd, 0xff, 0xd9, 0x34, 0x00, 0x03, 0x00, 0x00, 0x00, 0x00, 0x00, 0x00,
  0x00, 0x00, 0x00, 0x00, 0x00, 0x00, 0x00, 0x00, 0x00, 0x00, 0x00, 0x00,
  0x00, 0x00, 0x00, 0x00, 0x00, 0x00, 0x00, 0x00, 0x00, 0x00, 0x00, 0x00,
  0x00, 0x00, 0x00, 0x00, 0x00, 0x00, 0x00, 0x00, 0x00, 0x00, 0x00, 0x00,
  0x00, 0x00, 0x00, 0x00, 0x00, 0x00, 0x00, 0x00, 0x00, 0x00, 0x00, 0x00,
  0x00, 0x00, 0x00, 0x4e, 0xdc, 0xff, 0xf6, 0xfa, 0xfb, 0xfd, 0xfd, 0xfd,
  0xfc, 0xfc, 0xfb, 0xfc, 0xfd, 0xfc, 0xfb, 0xfc, 0xfb, 0xfb, 0xfb, 0xfb,
  0xfb, 0xfc, 0xfb, 0xfc, 0xfb, 0xfa, 0xfa, 0xfa, 0xfb, 0xfb, 0xfb, 0xfc,
  0xfb, 0xfc, 0xfa, 0xfa, 0xfa, 0xfb, 0xfc, 0xfc, 0xfc, 0xfb, 0xfa, 0xfa,
  0xfa, 0xfa, 0xfa, 0xfa, 0xfb, 0xfc, 0xfc, 0xfc, 0xfc, 0xfb, 0xfa, 0xfa,
  0xfa, 0xfb, 0xfc, 0xfc, 0xfb, 0xfb, 0xfb, 0xfc, 0xfc, 0xfc, 0xfb, 0xfa,
  0xfa, 0xfb, 0xfc, 0xfc, 0xfb, 0xfb, 0xfc, 0xfc, 0xfb, 0xfb, 0xfb, 0xfb,
  0xfc, 0xfb, 0xfa, 0xfb, 0xfc, 0xfb, 0xfc, 0xfc, 0xfb, 0xfb, 0xfc, 0xfb,
  0xfb, 0xfa, 0xfa, 0xfa, 0xfa, 0xfa, 0xfa, 0xfa, 0xfa, 0xfb, 0xfb, 0xfc,
  0xfd, 0xfd, 0xfc, 0xfb, 0xfb, 0xfc, 0xfd, 0xfd, 0xfd, 0xfd, 0xfc, 0xfc,
  0xfb, 0xfc, 0x5c, 0x00, 0x00, 0x00, 0x00, 0x00, 0x00, 0x00, 0x00, 0x00,
  0x00, 0x00, 0x00, 0x00, 0x00, 0x00, 0x00, 0x00, 0x00, 0x00, 0x00, 0x00,
  0x00, 0x00, 0x00, 0x00, 0x00, 0x00, 0x00, 0x00, 0x00, 0x00, 0x00, 0x00,
  0x00, 0x00, 0x00, 0x00, 0x00, 0x00, 0x00, 0x00, 0x00, 0x00, 0x00, 0x00,
  0x00, 0x00, 0x00, 0x00, 0x00, 0x00, 0x00, 0x00, 0x00, 0x00, 0x00, 0x03,
  0x00, 0x22, 0xa9, 0xff, 0xf8, 0xf6, 0xf9, 0xfb, 0xfc, 0xfc, 0xfc, 0xfc,
  0xfb, 0xfc, 0xfc, 0xfc, 0xfc, 0xfc, 0xfc, 0xfc, 0xfb, 0xfb, 0xfb, 0xfb,
  0xfc, 0xfc, 0xfb, 0xfb, 0xfb, 0xfb, 0xfb, 0xfa, 0xfb, 0xfb, 0xfb, 0xfb,
  0xfc, 0xfb, 0xfb, 0xfb, 0xfb, 0xfb, 0xfb, 0xfb, 0xfa, 0xfb, 0xfb, 0xfb,
  0xfb, 0xfb, 0xfa, 0xfb, 0xfc, 0xfb, 0xfb, 0xfc, 0xfb, 0xfa, 0xfb, 0xfb,
  0xfa, 0xfb, 0xfb, 0xfa, 0xfb, 0xfc, 0xfb, 0xfb, 0xfc, 0xfb, 0xfa, 0xfb,
  0xfb, 0xfc, 0xfb, 0xfc, 0xfc, 0xfc, 0xfb, 0xfc, 0xfb, 0xfb, 0xfc, 0xfc,
  0xfb, 0xfb, 0xfb, 0xfc, 0xfb, 0xfc, 0xfb, 0xfa, 0xfb, 0xfb, 0xfb, 0xfb,
  0xfb, 0xfb, 0xfb, 0xfb, 0xfb, 0xfb, 0xfb, 0xfb, 0xfb, 0xfb, 0xfc, 0xfc,
  0xfc, 0xfc, 0xfb, 0xfb, 0xfc, 0xfd, 0xfd, 0xfe, 0xfe, 0xfd, 0xf9, 0xf6,
  0xff, 0x8b, 0x11, 0x00, 0x02, 0x00, 0x00, 0x00, 0x00, 0x00, 0x00, 0x00,
  0x00, 0x00, 0x00, 0x00, 0x00, 0x00, 0x00, 0x00, 0x00, 0x00, 0x00, 0x00,
  0x00, 0x00, 0x00, 0x00, 0x00, 0x00, 0x00, 0x00, 0x00, 0x00, 0x00, 0x00,
  0x00, 0x00, 0x00, 0x00, 0x00, 0x00, 0x00, 0x00, 0x00, 0x00, 0x00, 0x00,
  0x00, 0x00, 0x00, 0x00, 0x00, 0x00, 0x00, 0x00, 0x00, 0x01, 0x00, 0x04,
  0x66, 0xe9, 0xfd, 0xf4, 0xf8, 0xfa, 0xfc, 0xfc, 0xfd, 0xfc, 0xfb, 0xfc,
  0xfc, 0xfb, 0xfc, 0xfd, 0xfd, 0xfd, 0xfb, 0xfb, 0xfc, 0xfc, 0xfc, 0xfb,
  0xfc, 0xfb, 0xfa, 0xfb, 0xfc, 0xfb, 0xfa, 0xfb, 0xfa, 0xfa, 0xfb, 0xfc,
  0xfc, 0xfc, 0xfc, 0xfc, 0xfb, 0xfa, 0xfa, 0xfa, 0xfa, 0xfa, 0xfa, 0xfa,
  0xfa, 0xfb, 0xfb, 0xfc, 0xfc, 0xfc, 0xfc, 0xfb, 0xfb, 0xfc, 0xfb, 0xfb,
  0xfa, 0xfa, 0xfa, 0xfb, 0xfc, 0xfc, 0xfb, 0xfc, 0xfb, 0xfb, 0xfc, 0xfc,
  0xfb, 0xfb, 0xfc, 0xfc, 0xfd, 0xfc, 0xfc, 0xfb, 0xfb, 0xfc, 0xfb, 0xfc,
  0xfc, 0xfc, 0xfb, 0xfc, 0xfb, 0xfa, 0xfa, 0xfa, 0xfa, 0xfb, 0xfc, 0xfc,
  0xfc, 0xfc, 0xfc, 0xfc, 0xfc, 0xfc, 0xfc, 0xfc, 0xfc, 0xfb, 0xfb, 0xfb,
  0xfc, 0xfb, 0xfb, 0xfc, 0xfc, 0xfd, 0xfe, 0xff, 0xfc, 0xf8, 0xf3, 0xff,
  0xbc, 0x2d, 0x00, 0x02, 0x00, 0x00, 0x00, 0x00, 0x00, 0x00, 0x00, 0x00,
  0x00, 0x00, 0x00, 0x00, 0x00, 0x00, 0x00, 0x00, 0x00, 0x00, 0x00, 0x00,
  0x00, 0x00, 0x00, 0x00, 0x00, 0x00, 0x00, 0x00, 0x00, 0x00, 0x00, 0x00,
  0x00, 0x00, 0x00, 0x00, 0x00, 0x00, 0x00, 0x00, 0x00, 0x00, 0x00, 0x00,
  0x00, 0x00, 0x00, 0x00, 0x00, 0x00, 0x00, 0x00, 0x03, 0x00, 0x2e, 0xba,
  0xff, 0xf3, 0xf6, 0xfa, 0xfc, 0xfb, 0xfc, 0xfd, 0xfc, 0xfb, 0xfb, 0xfb,
  0xfb, 0xfc, 0xfc, 0xfc, 0xfc, 0xfb, 0xfc, 0xfb, 0xfb, 0xfb, 0xfc, 0xfb,
  0xfc, 0xfb, 0xfa, 0xfb, 0xfb, 0xfa, 0xfb, 0xfb, 0xfb, 0xfb, 0xfc, 0xfb,
  0xfb, 0xfc, 0xfb, 0xfa, 0xfb, 0xfb, 0xfb, 0xfb, 0xfb, 0xfb, 0xfb, 0xfb,
  0xfb, 0xfb, 0xfb, 0xfb, 0xfc, 0xfb, 0xfb, 0xfc, 0xfb, 0xfc, 0xfb, 0xfb,
  0xfa, 0xfa, 0xfb, 0xfc, 0xfb, 0xfc, 0xfb, 0xfc, 0xfc, 0xfb, 0xfb, 0xfc,
  0xfc, 0xfb, 0xfb, 0xfc, 0xfc, 0xfb, 0xfc, 0xfc, 0xfb, 0xfb, 0xfc, 0xfc,
  0xfc, 0xfb, 0xfc, 0xfb, 0xfb, 0xfa, 0xfa, 0xfb, 0xfc, 0xfb, 0xfb, 0xfb,
  0xfb, 0xfb, 0xfc, 0xfc, 0xfc, 0xfc, 0xfc, 0xfc, 0xfb, 0xfb, 0xfb, 0xfc,
  0xfb, 0xfb, 0xfc, 0xfc, 0xfd, 0xfe, 0xfe, 0xfc, 0xf7, 0xf3, 0xfb, 0xe8,
  0x48, 0x00, 0x03, 0x00, 0x00, 0x00, 0x00, 0x00, 0x00, 0x00, 0x00, 0x00,
  0x00, 0x00, 0x00, 0x00, 0x00, 0x00, 0x00, 0x00, 0x00, 0x00, 0x00, 0x00,
  0x00, 0x00, 0x00, 0x00, 0x00, 0x00, 0x00, 0x00, 0x00, 0x00, 0x00, 0x00,
  0x00, 0x00, 0x00, 0x00, 0x00, 0x00, 0x00, 0x00, 0x00, 0x00, 0x00, 0x00,
  0x00, 0x00, 0x00, 0x00, 0x00, 0x00, 0x01, 0x00, 0x0a, 0x77, 0xef, 0xfb,
  0xf1, 0xf9, 0xfb, 0xfb, 0xfb, 0xfc, 0xfd, 0xfc, 0xfc, 0xfb, 0xfa, 0xfb,
  0xfc, 0xfc, 0xfc, 0xfb, 0xfc, 0xfd, 0xfc, 0xfb, 0xfc, 0xfc, 0xfb, 0xfc,
  0xfb, 0xfa, 0xfb, 0xfa, 0xfb, 0xfb, 0xfa, 0xfb, 0xfb, 0xfc, 0xfc, 0xfb,
  0xfb, 0xfc, 0xfc, 0xfb, 0xfc, 0xfc, 0xfc, 0xfc, 0xfc, 0xfc, 0xfc, 0xfc,
  0xfb, 0xfa, 0xfb, 0xfa, 0xfa, 0xfb, 0xfc, 0xfb, 0xfb, 0xfc, 0xfc, 0xfb,
  0xfa, 0xfb, 0xfc, 0xfb, 0xfc, 0xfc, 0xfc, 0xfc, 0xfc, 0xfc, 0xfc, 0xfc,
  0xfc, 0xfc, 0xfb, 0xfc, 0xfc, 0xfb, 0xfb, 0xfc, 0xfb, 0xfc, 0xfd, 0xfc,
  0xfb, 0xfc, 0xfc, 0xfb, 0xfa, 0xfa, 0xfb, 0xfc, 0xfb, 0xfb, 0xfc, 0xfc,
  0xfb, 0xfc, 0xfd, 0xfc, 0xfd, 0xfc, 0xfc, 0xfb, 0xfa, 0xfa, 0xfa, 0xfa,
  0xfb, 0xfc, 0xfc, 0xfd, 0xfe, 0xfe, 0xfd, 0xf8, 0xf4, 0xf7, 0xff, 0x70,
  0x00, 0x00, 0x01, 0x00, 0x00, 0x00, 0x00, 0x00, 0x00, 0x00, 0x00, 0x00,
  0x00, 0x00, 0x00, 0x00, 0x00, 0x00, 0x00, 0x00, 0x00, 0x00, 0x00, 0x00,
  0x00, 0x00, 0x00, 0x00, 0x00, 0x00, 0x00, 0x00, 0x00, 0x00, 0x00, 0x00,
  0x00, 0x00, 0x00, 0x00, 0x00, 0x00, 0x00, 0x00, 0x00, 0x00, 0x00, 0x00,
  0x00, 0x00, 0x00, 0x00, 0x00, 0x03, 0x00, 0x41, 0xcb, 0xff, 0xf3, 0xf5,
  0xf9, 0xfb, 0xfc, 0xfc, 0xfc, 0xfc, 0xfb, 0xfc, 0xfb, 0xfa, 0xfb, 0xfc,
  0xfd, 0xfc, 0xfc, 0xfd, 0xfc, 0xfc, 0xfb, 0xfc, 0xfc, 0xfb, 0xfc, 0xfb,
  0xfb, 0xfb, 0xfa, 0xfb, 0xfb, 0xfb, 0xfb, 0xfa, 0xfb, 0xfc, 0xfb, 0xfa,
  0xfb, 0xfb, 0xfb, 0xfc, 0xfb, 0xfc, 0xfc, 0xfc, 0xfc, 0xfc, 0xfb, 0xfb,
  0xfb, 0xfc, 0xfb, 0xfb, 0xfc, 0xfb, 0xfc, 0xfb, 0xfc, 0xfc, 0xfb, 0xfb,
  0xfb, 0xfb, 0xfb, 0xfc, 0xfc, 0xfc, 0xfc, 0xfc, 0xfb, 0xfc, 0xfc, 0xfc,
  0xfc, 0xfb, 0xfc, 0xfc, 0xfc, 0xfb, 0xfc, 0xfb, 0xfc, 0xfc, 0xfb, 0xfc,
  0xfc, 0xfc, 0xfb, 0xfa, 0xfa, 0xfb, 0xfc, 0xfb, 0xfb, 0xfc, 0xfc, 0xfb,
  0xfc, 0xfb, 0xfc, 0xfd, 0xfc, 0xfc, 0xfb, 0xfa, 0xfb, 0xfb, 0xfa, 0xfb,
  0xfc, 0xfc, 0xfd, 0xfe, 0xfe, 0xfd, 0xf9, 0xf5, 0xf6, 0xff, 0x9d, 0x16,
  0x00, 0x02, 0x00, 0x00, 0x00, 0x00, 0x00, 0x00, 0x00, 0x00, 0x00, 0x00,
  0x00, 0x00, 0x00, 0x00, 0x00, 0x00, 0x00, 0x00, 0x00, 0x00, 0x00, 0x00,
  0x00, 0x00, 0x00, 0x00, 0x00, 0x00, 0x00, 0x00, 0x00, 0x00, 0x00, 0x00,
  0x00, 0x00, 0x00, 0x00, 0x00, 0x00, 0x00, 0x00, 0x00, 0x00, 0x00, 0x00,
  0x00, 0x00, 0x00, 0x01, 0x00, 0x17, 0x95, 0xfa, 0xfb, 0xf4, 0xfa, 0xfa,
  0xfc, 0xfb, 0xfc, 0xfb, 0xfb, 0xfc, 0xfb, 0xfa, 0xfa, 0xfb, 0xfc, 0xfd,
  0xfd, 0xfc, 0xfc, 0xfc, 0xfc, 0xfc, 0xfc, 0xfb, 0xfa, 0xfb, 0xfb, 0xfa,
  0xfb, 0xfa, 0xfb, 0xfa, 0xfa, 0xfb, 0xfa, 0xfa, 0xfb, 0xfb, 0xfa, 0xfb,
  0xfc, 0xfb, 0xfc, 0xfc, 0xfc, 0xfb, 0xfc, 0xfc, 0xfb, 0xfc, 0xfc, 0xfc,
  0xfc, 0xfb, 0xfb, 0xfc, 0xfb, 0xfc, 0xfb, 0xfa, 0xfb, 0xfb, 0xfb, 0xfc,
  0xfd, 0xfc, 0xfb, 0xfc, 0xfb, 0xfa, 0xfb, 0xfc, 0xfb, 0xfc, 0xfc, 0xfb,
  0xfc, 0xfb, 0xfa, 0xfb, 0xfc, 0xfc, 0xfb, 0xfc, 0xfc, 0xfb, 0xfb, 0xfa,
  0xfb, 0xfb, 0xfa, 0xfb, 0xfb, 0xfa, 0xfb, 0xfc, 0xfb, 0xfb, 0xfc, 0xfb,
  0xfb, 0xfc, 0xfd, 0xfc, 0xfc, 0xfb, 0xfa, 0xfb, 0xfb, 0xfa, 0xfb, 0xfc,
  0xfc, 0xfd, 0xfd, 0xfe, 0xfd, 0xfa, 0xf8, 0xf6, 0xff, 0xc2, 0x31, 0x00,
  0x03, 0x00, 0x00, 0x00, 0x00, 0x00, 0x00, 0x00, 0x00, 0x00, 0x00, 0x00,
  0x00, 0x00, 0x00, 0x00, 0x00, 0x00, 0x00, 0x00, 0x00, 0x00, 0x00, 0x00,
  0x00, 0x00, 0x00, 0x00, 0x00, 0x00, 0x00, 0x00, 0x00, 0x00, 0x00, 0x00,
  0x00, 0x00, 0x00, 0x00, 0x00, 0x00, 0x00, 0x00, 0x00, 0x00, 0x00, 0x00,
  0x00, 0x00, 0x03, 0x00, 0x5a, 0xdf, 0xff, 0xf5, 0xfa, 0xfc, 0xfb, 0xfc,
  0xfb, 0xfb, 0xfb, 0xfc, 0xfb, 0xfa, 0xfb, 0xfb, 0xfb, 0xfc, 0xfc, 0xfc,
  0xfc, 0xfb, 0xfb, 0xfc, 0xfc, 0xfb, 0xfa, 0xfa, 0xfb, 0xfb, 0xfa, 0xfb,
  0xfb, 0xfa, 0xfb, 0xfb, 0xfb, 0xfb, 0xfa, 0xfb, 0xfb, 0xfa, 0xfb, 0xfc,
  0xfc, 0xfb, 0xfa, 0xfb, 0xfc, 0xfb, 0xfb, 0xfc, 0xfb, 0xfb, 0xfc, 0xfb,
  0xfc, 0xfb, 0xfb, 0xfc, 0xfb, 0xfb, 0xfa, 0xfb, 0xfc, 0xfb, 0xfc, 0xfc,
  0xfb, 0xfb, 0xfc, 0xfb, 0xfa, 0xfa, 0xfb, 0xfc, 0xfb, 0xfb, 0xfc, 0xfb,
  0xfa, 0xfa, 0xfb, 0xfb, 0xfb, 0xfb, 0xfc, 0xfc, 0xfb, 0xfc, 0xfb, 0xfa,
  0xfb, 0xfb, 0xfb, 0xfb, 0xfb, 0xfb, 0xfc, 0xfb, 0xfb, 0xfc, 0xfb, 0xfc,
  0xfc, 0xfc, 0xfc, 0xfc, 0xfb, 0xfb, 0xfb, 0xfa, 0xfa, 0xfb, 0xfc, 0xfb,
  0xfc, 0xfd, 0xfd, 0xfc, 0xfa, 0xfa, 0xf7, 0xff, 0xe6, 0x4c, 0x00, 0x04,
  0x00, 0x00, 0x00, 0x00, 0x00, 0x00, 0x00, 0x00, 0x00, 0x00, 0x00, 0x00,
  0x00, 0x00, 0x00, 0x00, 0x00, 0x00, 0x00, 0x00, 0x00, 0x00, 0x00, 0x00,
  0x00, 0x00, 0x00, 0x00, 0x00, 0x00, 0x00, 0x00, 0x00, 0x00, 0x00, 0x00,
  0x00, 0x00, 0x00, 0x00, 0x00, 0x00, 0x00, 0x00, 0x00, 0x00, 0x00, 0x00,
  0x01, 0x00, 0x26, 0xb0, 0xff, 0xf8, 0xf5, 0xfc, 0xfc, 0xfb, 0xfc, 0xfb,
  0xfb, 0xfb, 0xfb, 0xfa, 0xfb, 0xfc, 0xfc, 0xfc, 0xfc, 0xfc, 0xfc, 0xfc,
  0xfc, 0xfc, 0xfc, 0xfc, 0xfb, 0xfa, 0xfa, 0xfa, 0xfa, 0xfa, 0xfb, 0xfc,
  0xfb, 0xfa, 0xfb, 0xfa, 0xfa, 0xfa, 0xfa, 0xfb, 0xfa, 0xfb, 0xfc, 0xfc,
  0xfb, 0xfa, 0xfa, 0xfb, 0xfc, 0xfc, 0xfc, 0xfa, 0xfb, 0xfc, 0xfb, 0xfc,
  0xfc, 0xfc, 0xfc, 0xfb, 0xfa, 0xfa, 0xfa, 0xfb, 0xfc, 0xfb, 0xfb, 0xfc,
  0xfc, 0xfb, 0xfb, 0xfa, 0xfa, 0xfb, 0xfc, 0xfc, 0xfc, 0xfb, 0xfa, 0xfa,
  0xfa, 0xfb, 0xfa, 0xfb, 0xfb, 0xfc, 0xfd, 0xfc, 0xfb, 0xfc, 0xfb, 0xfa,
  0xfb, 0xfa, 0xfb, 0xfc, 0xfb, 0xfb, 0xfb, 0xfb, 0xfc, 0xfc, 0xfb, 0xfb,
  0xfb, 0xfb, 0xfb, 0xfb, 0xfc, 0xfb, 0xfa, 0xfa, 0xfb, 0xfc, 0xfc, 0xfc,
  0xfc, 0xfc, 0xfc, 0xfb, 0xfa, 0xf8, 0xfa, 0xff, 0x76, 0x00, 0x02, 0x00,
  0x00, 0x00, 0x00, 0x00, 0x00, 0x00, 0x00, 0x00, 0x00, 0x00, 0x00, 0x00,
  0x00, 0x00, 0x00, 0x00, 0x00, 0x00, 0x00, 0x00, 0x00, 0x00, 0x00, 0x00,
  0x00, 0x00, 0x00, 0x00, 0x00, 0x00, 0x00, 0x00, 0x00, 0x00, 0x00, 0x00,
  0x00, 0x00, 0x00, 0x00, 0x00, 0x00, 0x00, 0x00, 0x00, 0x00, 0x00, 0x03,
  0x03, 0x76, 0xee, 0xff, 0xf2, 0xf8, 0xfc, 0xfd, 0xfc, 0xfb, 0xfc, 0xfc,
  0xfb, 0xfa, 0xfb, 0xfb, 0xfb, 0xfc, 0xfc, 0xfb, 0xfb, 0xfb, 0xfb, 0xfb,
  0xfb, 0xfb, 0xfc, 0xfa, 0xfb, 0xfb, 0xfb, 0xfb, 0xfa, 0xfb, 0xfc, 0xfb,
  0xfb, 0xfb, 0xfb, 0xfb, 0xfb, 0xfb, 0xfa, 0xfa, 0xfb, 0xfc, 0xfb, 0xfb,
  0xfb, 0xfb, 0xfa, 0xfb, 0xfb, 0xfb, 0xfa, 0xfb, 0xfc, 0xfc, 0xfb, 0xfb,
  0xfb, 0xfc, 0xfb, 0xfb, 0xfb, 0xfb, 0xfa, 0xfb, 0xfc, 0xfc, 0xfc, 0xfc,
  0xfc, 0xfb, 0xfa, 0xfb, 0xfb, 0xfb, 0xfb, 0xfb, 0xfa, 0xfb, 0xfb, 0xfb,
  0xfa, 0xfa, 0xfb, 0xfc, 0xfb, 0xfc, 0xfd, 0xfc, 0xfb, 0xfc, 0xfb, 0xfa,
  0xfa, 0xfb, 0xfb, 0xfc, 0xfc, 0xfc, 0xfc, 0xfb, 0xfb, 0xfc, 0xfc, 0xfc,
  0xfc, 0xfc, 0xfc, 0xfb, 0xfb, 0xfb, 0xfa, 0xfb, 0xfb, 0xfb, 0xfb, 0xfc,
  0xfb, 0xfb, 0xfa, 0xf9, 0xf9, 0xf5, 0xff, 0x9e, 0x12, 0x00, 0x02, 0x00,
  0x00, 0x00, 0x00, 0x00, 0x00, 0x00, 0x00, 0x00, 0x00, 0x00, 0x00, 0x00,
  0x00, 0x00, 0x00, 0x00, 0x00, 0x00, 0x00, 0x00, 0x00, 0x00, 0x00, 0x00,
  0x00, 0x00, 0x00, 0x00, 0x00, 0x00, 0x00, 0x00, 0x00, 0x00, 0x00, 0x00,
  0x00, 0x00, 0x00, 0x00, 0x00, 0x00, 0x00, 0x00, 0x00, 0x01, 0x00, 0x40,
  0xcb, 0xff, 0xf6, 0xf3, 0xf9, 0xfb, 0xfd, 0xfc, 0xfc, 0xfb, 0xfb, 0xfb,
  0xfb, 0xfa, 0xfa, 0xfb, 0xfc, 0xfc, 0xfb, 0xfa, 0xfa, 0xfa, 0xfa, 0xfa,
  0xfa, 0xfc, 0xfb, 0xfb, 0xfc, 0xfc, 0xfb, 0xfa, 0xfb, 0xfc, 0xfb, 0xfb,
  0xfb, 0xfc, 0xfc, 0xfb, 0xfa, 0xfa, 0xfa, 0xfb, 0xfc, 0xfb, 0xfb, 0xfb,
  0xfc, 0xfb, 0xfa, 0xfa, 0xfa, 0xfa, 0xfb, 0xfc, 0xfc, 0xfb, 0xfa, 0xfb,
  0xfc, 0xfb, 0xfc, 0xfc, 0xfc, 0xfb, 0xfa, 0xfb, 0xfc, 0xfb, 0xfc, 0xfb,
  0xfb, 0xfa, 0xfb, 0xfb, 0xfa, 0xfa, 0xfa, 0xfb, 0xfc, 0xfc, 0xfb, 0xfb,
  0xfb, 0xfb, 0xfc, 0xfb, 0xfb, 0xfc, 0xfd, 0xfb, 0xfb, 0xfc, 0xfb, 0xfa,
  0xfb, 0xfb, 0xfc, 0xfd, 0xfd, 0xfc, 0xfb, 0xfb, 0xfc, 0xfd, 0xfc, 0xfc,
  0xfc, 0xfc, 0xfb, 0xfc, 0xfb, 0xfb, 0xfb, 0xfa, 0xfa, 0xfb, 0xfb, 0xfa,
  0xfb, 0xfa, 0xfa, 0xf9, 0xf4, 0xff, 0xc2, 0x34, 0x00, 0x03, 0x00, 0x00,
  0x00, 0x00, 0x00, 0x00, 0x00, 0x00, 0x00, 0x00, 0x00, 0x00, 0x00, 0x00,
  0x00, 0x00, 0x00, 0x00, 0x00, 0x00, 0x00, 0x00, 0x00, 0x00, 0x00, 0x00,
  0x00, 0x00, 0x00, 0x00, 0x00, 0x00, 0x00, 0x00, 0x00, 0x00, 0x00, 0x00,
  0x00, 0x00, 0x00, 0x00, 0x00, 0x00, 0x00, 0x00, 0x01, 0x0e, 0x98, 0xf9,
  0xfe, 0xf7, 0xf9, 0xfa, 0xfb, 0xfc, 0xfd, 0xfd, 0xfb, 0xfc, 0xfa, 0xfa,
  0xfb, 0xfb, 0xfb, 0xfc, 0xfb, 0xfb, 0xfa, 0xfb, 0xfb, 0xfa, 0xfa, 0xfb,
  0xfb, 0xfb, 0xfc, 0xfb, 0xfb, 0xfb, 0xfb, 0xfb, 0xfc, 0xfc, 0xfc, 0xfb,
  0xfc, 0xfb, 0xfb, 0xfb, 0xfb, 0xfa, 0xfb, 0xfc, 0xfb, 0xfc, 0xfc, 0xfb,
  0xfc, 0xfb, 0xfa, 0xfa, 0xfa, 0xfb, 0xfc, 0xfb, 0xfc, 0xfb, 0xfb, 0xfb,
  0xfc, 0xfb, 0xfb, 0xfb, 0xfc, 0xfb, 0xfa, 0xfb, 0xfc, 0xfb, 0xfb, 0xfa,
  0xfa, 0xfb, 0xfb, 0xfa, 0xfa, 0xfb, 0xfc, 0xfb, 0xfc, 0xfa, 0xfb, 0xfc,
  0xfc, 0xfb, 0xfc, 0xfc, 0xfb, 0xfc, 0xfb, 0xfc, 0xfb, 0xfc, 0xfb, 0xfb,
  0xfb, 0xfc, 0xfd, 0xfd, 0xfc, 0xfb, 0xfc, 0xfc, 0xfd, 0xfb, 0xfb, 0xfb,
  0xfb, 0xfc, 0xfb, 0xfc, 0xfc, 0xfb, 0xfa, 0xfb, 0xfa, 0xfa, 0xfb, 0xfa,
  0xf9, 0xf9, 0xf8, 0xf4, 0xfa, 0xe4, 0x56, 0x00, 0x05, 0x00, 0x00, 0x00,
  0x00, 0x00, 0x00, 0x00, 0x00, 0x00, 0x00, 0x00, 0x00, 0x00, 0x00, 0x00,
  0x00, 0x00, 0x00, 0x00, 0x00, 0x00, 0x00, 0x00, 0x00, 0x00, 0x00, 0x00,
  0x00, 0x00, 0x00, 0x00, 0x00, 0x00, 0x00, 0x00, 0x00, 0x00, 0x00, 0x00,
  0x00, 0x00, 0x00, 0x00, 0x00, 0x00, 0x00, 0x00, 0x50, 0xda, 0xff, 0xfa,
  0xfb, 0xfd, 0xfc, 0xfc, 0xfb, 0xfc, 0xfc, 0xfb, 0xfb, 0xfb, 0xfb, 0xfb,
  0xfb, 0xfb, 0xfb, 0xfb, 0xfa, 0xfb, 0xfb, 0xfa, 0xfb, 0xfb, 0xfb, 0xfa,
  0xfa, 0xfb, 0xfb, 0xfb, 0xfb, 0xfb, 0xfb, 0xfb, 0xfb, 0xfb, 0xfb, 0xfb,
  0xfa, 0xfb, 0xfb, 0xfb, 0xfb, 0xfb, 0xfc, 0xfb, 0xfc, 0xfc, 0xfb, 0xfc,
  0xfc, 0xfb, 0xfb, 0xfb, 0xfb, 0xfc, 0xfc, 0xfb, 0xfc, 0xfb, 0xfb, 0xfc,
  0xfb, 0xfb, 0xfb, 0xfb, 0xfc, 0xfb, 0xfb, 0xfb, 0xfb, 0xfa, 0xfb, 0xfa,
  0xfb, 0xfb, 0xfb, 0xfb, 0xfc, 0xfb, 0xfb, 0xfc, 0xfb, 0xfb, 0xfc, 0xfb,
  0xfc, 0xfb, 0xfb, 0xfc, 0xfb, 0xfc, 0xfc, 0xfb, 0xfb, 0xfc, 0xfc, 0xfb,
  0xfc, 0xfc, 0xfc, 0xfc, 0xfb, 0xfc, 0xfc, 0xfc, 0xfc, 0xfc, 0xfc, 0xfc,
  0xfc, 0xfc, 0xfb, 0xfc, 0xfb, 0xfa, 0xfb, 0xfb, 0xfb, 0xfa, 0xf9, 0xf8,
  0xf8, 0xf7, 0xf4, 0xf5, 0xfe, 0x7a, 0x00, 0x03, 0x00, 0x00, 0x00, 0x00,
  0x00, 0x00, 0x00, 0x00, 0x00, 0x00, 0x00, 0x00, 0x00, 0x00, 0x00, 0x00,
  0x00, 0x00, 0x00, 0x00, 0x00, 0x00, 0x00, 0x00, 0x00, 0x00, 0x00, 0x00,
  0x00, 0x00, 0x00, 0x00, 0x00, 0x00, 0x00, 0x00, 0x00, 0x00, 0x00, 0x00,
  0x00, 0x00, 0x00, 0x00, 0x00, 0x00, 0x12, 0xa1, 0xfb, 0xfe, 0xf9, 0xfc,
  0xfc, 0xfd, 0xfc, 0xfb, 0xfb, 0xfb, 0xfc, 0xfc, 0xfc, 0xfb, 0xfa, 0xfb,
  0xfb, 0xfa, 0xfa, 0xfb, 0xfa, 0xfb, 0xfa, 0xfb, 0xfc, 0xfa, 0xfa, 0xfb,
  0xfa, 0xfa, 0xfb, 0xfc, 0xfc, 0xfb, 0xfa, 0xfa, 0xfa, 0xfa, 0xfa, 0xfb,
  0xfa, 0xfa, 0xfb, 0xfc, 0xfc, 0xfb, 0xfc, 0xfb, 0xfb, 0xfc, 0xfb, 0xfb,
  0xfc, 0xfc, 0xfc, 0xfc, 0xfb, 0xfb, 0xfc, 0xfb, 0xfb, 0xfc, 0xfb, 0xfc,
  0xfc, 0xfc, 0xfc, 0xfb, 0xfc, 0xfc, 0xfb, 0xfa, 0xfb, 0xfb, 0xfa, 0xfb,
  0xfc, 0xfc, 0xfc, 0xfb, 0xfb, 0xfc, 0xfb, 0xfc, 0xfc, 0xfc, 0xfc, 0xfc,
  0xfb, 0xfa, 0xfb, 0xfc, 0xfb, 0xfc, 0xfc, 0xfc, 0xfc, 0xfb, 0xfb, 0xfc,
  0xfb, 0xfb, 0xfb, 0xfc, 0xfb, 0xfb, 0xfb, 0xfd, 0xfc, 0xfb, 0xfb, 0xfb,
  0xfb, 0xfb, 0xfc, 0xfb, 0xfa, 0xfa, 0xfb, 0xfb, 0xfa, 0xfa, 0xf9, 0xf8,
  0xf7, 0xf5, 0xf2, 0xff, 0xa2, 0x12, 0x00, 0x01, 0x00, 0x00, 0x00, 0x00,
  0x00, 0x00, 0x00, 0x00, 0x00, 0x00, 0x00, 0x00, 0x00, 0x00, 0x00, 0x00,
  0x00, 0x00, 0x00, 0x00, 0x00, 0x00, 0x00, 0x00, 0x00, 0x00, 0x00, 0x00,
  0x00, 0x00, 0x00, 0x00, 0x00, 0x00, 0x00, 0x00, 0x00, 0x00, 0x00, 0x00,
  0x00, 0x00, 0x00, 0x00, 0x00, 0x5c, 0xe3, 0xff, 0xf6, 0xf7, 0xfb, 0xfc,
  0xfc, 0xfc, 0xfb, 0xfc, 0xfb, 0xfb, 0xfb, 0xfb, 0xfa, 0xfa, 0xfb, 0xfb,
  0xfb, 0xfb, 0xfb, 0xfb, 0xfb, 0xfa, 0xfb, 0xfb, 0xfb, 0xfa, 0xfa, 0xfb,
  0xfb, 0xfa, 0xfb, 0xfb, 0xfb, 0xfb, 0xfb, 0xfb, 0xfb, 0xfb, 0xfb, 0xfb,
  0xfb, 0xfb, 0xfc, 0xfb, 0xfb, 0xfc, 0xfb, 0xfb, 0xfb, 0xfc, 0xfb, 0xfb,
  0xfb, 0xfb, 0xfb, 0xfb, 0xfc, 0xfb, 0xfb, 0xfb, 0xfb, 0xfb, 0xfb, 0xfb,
  0xfb, 0xfb, 0xfb, 0xfb, 0xfc, 0xfb, 0xfa, 0xfb, 0xfb, 0xfa, 0xfb, 0xfc,
  0xfb, 0xfb, 0xfb, 0xfc, 0xfb, 0xfc, 0xfc, 0xfb, 0xfb, 0xfb, 0xfb, 0xfb,
  0xfb, 0xfa, 0xfb, 0xfb, 0xfc, 0xfd, 0xfc, 0xfc, 0xfb, 0xfb, 0xfb, 0xfb,
  0xfb, 0xfb, 0xfc, 0xfc, 0xfc, 0xfc, 0xfc, 0xfc, 0xfb, 0xfc, 0xfc, 0xfc,
  0xfc, 0xfc, 0xfb, 0xfb, 0xfb, 0xfa, 0xfb, 0xfa, 0xf9, 0xfa, 0xf9, 0xf8,
  0xf7, 0xf2, 0xff, 0xc5, 0x39, 0x00, 0x03, 0x00, 0x00, 0x00, 0x00, 0x00,
  0x00, 0x00, 0x00, 0x00, 0x00, 0x00, 0x00, 0x00, 0x00, 0x00, 0x00, 0x00,
  0x00, 0x00, 0x00, 0x00, 0x00, 0x00, 0x00, 0x00, 0x00, 0x00, 0x00, 0x00,
  0x00, 0x00, 0x00, 0x00, 0x00, 0x00, 0x00, 0x00, 0x00, 0x00, 0x00, 0x00,
  0x00, 0x00, 0x00, 0x1b, 0xb0, 0xfd, 0xfb, 0xf4, 0xf7, 0xfa, 0xfb, 0xfb,
  0xfb, 0xfc, 0xfb, 0xfa, 0xfa, 0xfa, 0xfa, 0xfb, 0xfa, 0xfb, 0xfc, 0xfb,
  0xfa, 0xfb, 0xfa, 0xfb, 0xfb, 0xfa, 0xfa, 0xfa, 0xfb, 0xfb, 0xfb, 0xfb,
  0xfb, 0xfa, 0xfa, 0xfa, 0xfb, 0xfc, 0xfc, 0xfc, 0xfb, 0xfb, 0xfa, 0xfb,
  0xfc, 0xfb, 0xfc, 0xfb, 0xfc, 0xfb, 0xfa, 0xfb, 0xfc, 0xfb, 0xfb, 0xfc,
  0xfc, 0xfc, 0xfb, 0xfc, 0xfb, 0xfb, 0xfc, 0xfc, 0xfb, 0xfa, 0xfa, 0xfa,
  0xfc, 0xfc, 0xfc, 0xfc, 0xfb, 0xfa, 0xfb, 0xfa, 0xfa, 0xfb, 0xfc, 0xfc,
  0xfb, 0xfc, 0xfc, 0xfa, 0xfb, 0xfc, 0xfb, 0xfa, 0xfa, 0xfa, 0xfb, 0xfb,
  0xfb, 0xfb, 0xfc, 0xfc, 0xfc, 0xfc, 0xfc, 0xfb, 0xfa, 0xfa, 0xfa, 0xfa,
  0xfb, 0xfc, 0xfb, 0xfc, 0xfb, 0xfb, 0xfc, 0xfb, 0xfc, 0xfc, 0xfc, 0xfc,
  0xfb, 0xfc, 0xfc, 0xfb, 0xfa, 0xfa, 0xfa, 0xfa, 0xf9, 0xfa, 0xf8, 0xf7,
  0xf3, 0xfa, 0xe4, 0x5f, 0x00, 0x04, 0x00, 0x00, 0x00, 0x00, 0x00, 0x00,
  0x00, 0x00, 0x00, 0x00, 0x00, 0x00, 0x00, 0x00, 0x00, 0x00, 0x00, 0x00,
  0x00, 0x00, 0x00, 0x00, 0x00, 0x00, 0x00, 0x00, 0x00, 0x00, 0x00, 0x00,
  0x00, 0x00, 0x00, 0x00, 0x00, 0x00, 0x00, 0x00, 0x00, 0x00, 0x00, 0x00,
  0x00, 0x03, 0x6b, 0xeb, 0xff, 0xf7, 0xf6, 0xf8, 0xfa, 0xfb, 0xfb, 0xfb,
  0xfb, 0xfa, 0xfb, 0xfb, 0xfb, 0xfb, 0xfb, 0xfa, 0xfb, 0xfc, 0xfb, 0xfb,
  0xfb, 0xfb, 0xfb, 0xfb, 0xfb, 0xfa, 0xfb, 0xfb, 0xfb, 0xfb, 0xfa, 0xfa,
  0xfa, 0xfa, 0xfa, 0xfb, 0xfc, 0xfb, 0xfb, 0xfa, 0xfa, 0xfa, 0xfb, 0xfc,
  0xfb, 0xfc, 0xfb, 0xfc, 0xfb, 0xfb, 0xfb, 0xfc, 0xfb, 0xfc, 0xfb, 0xfb,
  0xfb, 0xfb, 0xfc, 0xfb, 0xfb, 0xfc, 0xfc, 0xfb, 0xfa, 0xfb, 0xfb, 0xfb,
  0xfb, 0xfb, 0xfc, 0xfb, 0xfa, 0xfb, 0xfb, 0xfb, 0xfb, 0xfc, 0xfb, 0xfc,
  0xfb, 0xfb, 0xfb, 0xfa, 0xfb, 0xfb, 0xfa, 0xfa, 0xfb, 0xfa, 0xfb, 0xfc,
  0xfc, 0xfb, 0xfc, 0xfd, 0xfc, 0xfc, 0xfb, 0xfa, 0xfb, 0xfb, 0xfa, 0xfb,
  0xfc, 0xfb, 0xfc, 0xfc, 0xfc, 0xfc, 0xfb, 0xfc, 0xfc, 0xfb, 0xfc, 0xfc,
  0xfc, 0xfc, 0xfb, 0xfa, 0xfb, 0xfb, 0xfb, 0xfa, 0xf9, 0xf9, 0xf7, 0xf4,
  0xf6, 0xfa, 0x86, 0x00, 0x03, 0x00, 0x00, 0x00, 0x00, 0x00, 0x00, 0x00,
  0x00, 0x00, 0x00, 0x00, 0x00, 0x00, 0x00, 0x00, 0x00, 0x00, 0x00, 0x00,
  0x00, 0x00, 0x00, 0x00, 0x00, 0x00, 0x00, 0x00, 0x00, 0x00, 0x00, 0x00,
  0x00, 0x00, 0x00, 0x00, 0x00, 0x00, 0x00, 0x00, 0x00, 0x00, 0x00, 0x00,
  0x27, 0xbc, 0xfe, 0xfa, 0xf8, 0xf9, 0xf9, 0xfa, 0xfb, 0xfa, 0xfb, 0xfa,
  0xfa, 0xfa, 0xfb, 0xfb, 0xfb, 0xfb, 0xfa, 0xfb, 0xfb, 0xfb, 0xfb, 0xfa,
  0xfb, 0xfb, 0xfa, 0xfb, 0xfb, 0xfa, 0xfa, 0xfb, 0xfa, 0xfb, 0xfb, 0xfb,
  0xfa, 0xfb, 0xfc, 0xfb, 0xfc, 0xfb, 0xfb, 0xfb, 0xfb, 0xfb, 0xfc, 0xfb,
  0xfb, 0xfc, 0xfb, 0xfc, 0xfc, 0xfb, 0xfc, 0xfc, 0xfb, 0xfb, 0xfa, 0xfb,
  0xfc, 0xfc, 0xfb, 0xfc, 0xfc, 0xfb, 0xfb, 0xfa, 0xfb, 0xfb, 0xfa, 0xfa,
  0xfa, 0xfb, 0xfb, 0xfa, 0xfa, 0xfb, 0xfc, 0xfc, 0xfb, 0xfb, 0xfb, 0xfa,
  0xfa, 0xfb, 0xfa, 0xfb, 0xfc, 0xfb, 0xfa, 0xfb, 0xfa, 0xfb, 0xfc, 0xfb,
  0xfb, 0xfc, 0xfc, 0xfc, 0xfc, 0xfb, 0xfa, 0xfb, 0xfb, 0xfa, 0xfb, 0xfc,
  0xfb, 0xfc, 0xfc, 0xfc, 0xfc, 0xfb, 0xfc, 0xfd, 0xfc, 0xfc, 0xfd, 0xfc,
  0xfc, 0xfb, 0xfb, 0xfc, 0xfc, 0xfb, 0xfb, 0xfa, 0xfa, 0xf9, 0xf7, 0xf4,
  0xff, 0xab, 0x12, 0x00, 0x01, 0x00, 0x00, 0x00, 0x00, 0x00, 0x00, 0x00,
  0x00, 0x00, 0x00, 0x00, 0x00, 0x00, 0x00, 0x00, 0x00, 0x00, 0x00, 0x00,
  0x00, 0x00, 0x00, 0x00, 0x00, 0x00, 0x00, 0x00, 0x00, 0x00, 0x00, 0x00,
  0x00, 0x00, 0x00, 0x00, 0x00, 0x00, 0x00, 0x00, 0x01, 0x00, 0x07, 0x7c,
  0xf2, 0xfc, 0xf7, 0xf9, 0xfb, 0xfb, 0xfa, 0xfb, 0xfa, 0xfb, 0xfa, 0xf9,
  0xfa, 0xfb, 0xfb, 0xfb, 0xfa, 0xfb, 0xfc, 0xfc, 0xfb, 0xfa, 0xfb, 0xfb,
  0xfb, 0xfa, 0xfb, 0xfc, 0xfb, 0xfa, 0xfb, 0xfa, 0xfb, 0xfc, 0xfb, 0xfc,
  0xfc, 0xfb, 0xfc, 0xfc, 0xfb, 0xfc, 0xfc, 0xfc, 0xfc, 0xfc, 0xfc, 0xfb,
  0xfc, 0xfd, 0xfc, 0xfd, 0xfc, 0xfb, 0xfb, 0xfa, 0xfb, 0xfa, 0xfb, 0xfc,
  0xfb, 0xfc, 0xfb, 0xfb, 0xfc, 0xfb, 0xfa, 0xfb, 0xfb, 0xfb, 0xfb, 0xfb,
  0xfa, 0xfb, 0xfb, 0xfa, 0xfb, 0xfa, 0xfb, 0xfb, 0xfa, 0xfb, 0xfb, 0xfb,
  0xfa, 0xfb, 0xfa, 0xfb, 0xfc, 0xfb, 0xfc, 0xfb, 0xfb, 0xfc, 0xfb, 0xfc,
  0xfc, 0xfb, 0xfb, 0xfc, 0xfb, 0xfa, 0xfb, 0xfb, 0xfa, 0xfb, 0xfc, 0xfb,
  0xfc, 0xfc, 0xfc, 0xfc, 0xfb, 0xfc, 0xfc, 0xfc, 0xfd, 0xfc, 0xfd, 0xfc,
  0xfb, 0xfc, 0xfc, 0xfc, 0xfc, 0xfb, 0xfa, 0xfa, 0xfb, 0xf9, 0xf5, 0xff,
  0xcb, 0x3a, 0x00, 0x02, 0x00, 0x00, 0x00, 0x00, 0x00, 0x00, 0x00, 0x00,
  0x00, 0x00, 0x00, 0x00, 0x00, 0x00, 0x00, 0x00, 0x00, 0x00, 0x00, 0x00,
  0x00, 0x00, 0x00, 0x00, 0x00, 0x00, 0x00, 0x00, 0x00, 0x00, 0x00, 0x00,
  0x00, 0x00, 0x00, 0x00, 0x00, 0x00, 0x00, 0x00, 0x00, 0x35, 0xcc, 0xff,
  0xf7, 0xf8, 0xf9, 0xfa, 0xfb, 0xfa, 0xfa, 0xfa, 0xfa, 0xfb, 0xfa, 0xf9,
  0xfa, 0xfa, 0xfb, 0xfa, 0xfb, 0xfc, 0xfc, 0xfb, 0xfa, 0xfb, 0xfb, 0xfb,
  0xfa, 0xfb, 0xfc, 0xfb, 0xfb, 0xfa, 0xfa, 0xfb, 0xfc, 0xfb, 0xfc, 0xfc,
  0xfb, 0xfc, 0xfd, 0xfc, 0xfd, 0xfc, 0xfb, 0xfc, 0xfc, 0xfb, 0xfc, 0xfd,
  0xfd, 0xfd, 0xfd, 0xfc, 0xfb, 0xfb, 0xfa, 0xfa, 0xfa, 0xfb, 0xfc, 0xfc,
  0xfc, 0xfc, 0xfc, 0xfc, 0xfb, 0xfa, 0xfb, 0xfb, 0xfb, 0xfb, 0xfa, 0xfa,
  0xfb, 0xfc, 0xfc, 0xfb, 0xfa, 0xfb, 0xfb, 0xfa, 0xfa, 0xfa, 0xfb, 0xfb,
  0xfa, 0xfa, 0xfb, 0xfc, 0xfb, 0xfc, 0xfb, 0xfb, 0xfc, 0xfc, 0xfc, 0xfc,
  0xfc, 0xfc, 0xfb, 0xfa, 0xfa, 0xfa, 0xfb, 0xfa, 0xfb, 0xfc, 0xfb, 0xfb,
  0xfc, 0xfc, 0xfc, 0xfb, 0xfc, 0xfb, 0xfc, 0xfd, 0xfc, 0xfd, 0xfc, 0xfc,
  0xfd, 0xfc, 0xfb, 0xfb, 0xfa, 0xfb, 0xfb, 0xfb, 0xfb, 0xf7, 0xff, 0xe8,
  0x68, 0x00, 0x04, 0x00, 0x00, 0x00, 0x00, 0x00, 0x00, 0x00, 0x00, 0x00,
  0x00, 0x00, 0x00, 0x00, 0x00, 0x00, 0x00, 0x00, 0x00, 0x00, 0x00, 0x00,
  0x00, 0x00, 0x00, 0x00, 0x00, 0x00, 0x00, 0x00, 0x00, 0x00, 0x00, 0x00,
  0x00, 0x00, 0x00, 0x00, 0x00, 0x01, 0x00, 0x0e, 0x91, 0xf9, 0xfa, 0xf6,
  0xf8, 0xf9, 0xfa, 0xfa, 0xfb, 0xfb, 0xfb, 0xfb, 0xfa, 0xfa, 0xf9, 0xfa,
  0xfa, 0xfa, 0xfb, 0xfc, 0xfb, 0xfc, 0xfb, 0xfa, 0xfb, 0xfb, 0xfb, 0xfa,
  0xfb, 0xfc, 0xfc, 0xfb, 0xfa, 0xfb, 0xfc, 0xfb, 0xfb, 0xfb, 0xfb, 0xfb,
  0xfc, 0xfc, 0xfc, 0xfc, 0xfb, 0xfb, 0xfb, 0xfc, 0xfb, 0xfc, 0xfc, 0xfc,
  0xfb, 0xfc, 0xfc, 0xfb, 0xfb, 0xfb, 0xfa, 0xfa, 0xfb, 0xfc, 0xfb, 0xfa,
  0xfb, 0xfb, 0xfb, 0xfb, 0xfb, 0xfa, 0xfb, 0xfb, 0xfa, 0xfb, 0xfb, 0xfa,
  0xfb, 0xfb, 0xfc, 0xfb, 0xfb, 0xfb, 0xfb, 0xfb, 0xfb, 0xfc, 0xfb, 0xfb,
  0xfb, 0xfb, 0xfc, 0xfc, 0xfb, 0xfc, 0xfb, 0xfb, 0xfb, 0xfb, 0xfb, 0xfb,
  0xfb, 0xfb, 0xfb, 0xfc, 0xfb, 0xfb, 0xfc, 0xfb, 0xfa, 0xfb, 0xfc, 0xfb,
  0xfb, 0xfb, 0xfc, 0xfb, 0xfb, 0xfc, 0xfd, 0xfc, 0xfd, 0xfe, 0xfd, 0xfd,
  0xfc, 0xfc, 0xfc, 0xfc, 0xfb, 0xfc, 0xfd, 0xfc, 0xf9, 0xfb, 0xfd, 0x8e,
  0x00, 0x04, 0x00, 0x00, 0x00, 0x00, 0x00, 0x00, 0x00, 0x00, 0x00, 0x00,
  0x00, 0x00, 0x00, 0x00, 0x00, 0x00, 0x00, 0x00, 0x00, 0x00, 0x00, 0x00,
  0x00, 0x00, 0x00, 0x00, 0x00, 0x00, 0x00, 0x00, 0x00, 0x00, 0x00, 0x00,
  0x00, 0x00, 0x00, 0x00, 0x00, 0x01, 0x49, 0xdd, 0xfe, 0xf5, 0xf8, 0xfa,
  0xf9, 0xfa, 0xfb, 0xfc, 0xfb, 0xfb, 0xfb, 0xfa, 0xfa, 0xf9, 0xfa, 0xfb,
  0xfb, 0xfb, 0xfb, 0xfc, 0xfc, 0xfb, 0xfa, 0xfa, 0xfa, 0xfa, 0xfb, 0xfb,
  0xfb, 0xfb, 0xfa, 0xfa, 0xfb, 0xfc, 0xfc, 0xfc, 0xfc, 0xfc, 0xfb, 0xfb,
  0xfb, 0xfc, 0xfc, 0xfc, 0xfc, 0xfc, 0xfb, 0xfc, 0xfc, 0xfc, 0xfc, 0xfb,
  0xfc, 0xfc, 0xfc, 0xfb, 0xfb, 0xfa, 0xfa, 0xfb, 0xfc, 0xfc, 0xfb, 0xfa,
  0xfb, 0xfa, 0xfb, 0xfb, 0xfa, 0xfa, 0xfa, 0xfa, 0xfb, 0xfc, 0xfb, 0xfa,
  0xfb, 0xfb, 0xfc, 0xfc, 0xfc, 0xfc, 0xfb, 0xfb, 0xfb, 0xfb, 0xfc, 0xfc,
  0xfc, 0xfc, 0xfc, 0xfb, 0xfc, 0xfb, 0xfa, 0xfb, 0xfa, 0xfa, 0xfa, 0xfb,
  0xfc, 0xfc, 0xfc, 0xfb, 0xfb, 0xfc, 0xfb, 0xfa, 0xfa, 0xfb, 0xfc, 0xfc,
  0xfc, 0xfb, 0xfc, 0xfc, 0xfc, 0xfc, 0xfd, 0xfd, 0xfe, 0xfe, 0xfd, 0xfc,
  0xfd, 0xfd, 0xfd, 0xfd, 0xfd, 0xfd, 0xfc, 0xfa, 0xfa, 0xff, 0xb6, 0x14,
  0x00, 0x00, 0x00, 0x00, 0x00, 0x00, 0x00, 0x00, 0x00, 0x00, 0x00, 0x00,
  0x00, 0x00, 0x00, 0x00, 0x00, 0x00, 0x00, 0x00, 0x00, 0x00, 0x00, 0x00,
  0x00, 0x00, 0x00, 0x00, 0x00, 0x00, 0x00, 0x00, 0x00, 0x00, 0x00, 0x00,
  0x00, 0x00, 0x02, 0x00, 0x1d, 0xa7, 0xfd, 0xf6, 0xf5, 0xfa, 0xfb, 0xfb,
  0xfb, 0xfa, 0xfb, 0xfc, 0xfc, 0xfb, 0xfa, 0xfa, 0xf9, 0xfa, 0xfa, 0xfa,
  0xfa, 0xfb, 0xfc, 0xfc, 0xfb, 0xfb, 0xfb, 0xfb, 0xfa, 0xfb, 0xfc, 0xfb,
  0xfb, 0xfb, 0xfb, 0xfc, 0xfb, 0xfb, 0xfb, 0xfb, 0xfb, 0xfc, 0xfc, 0xfb,
  0xfb, 0xfb, 0xfb, 0xfb, 0xfb, 0xfc, 0xfb, 0xfb, 0xfb, 0xfb, 0xfb, 0xfc,
  0xfb, 0xfc, 0xfb, 0xfb, 0xfa, 0xfa, 0xfb, 0xfb, 0xfb, 0xfb, 0xfb, 0xfa,
  0xfa, 0xfb, 0xfa, 0xfa, 0xfb, 0xfb, 0xfb, 0xfb, 0xfb, 0xfb, 0xfa, 0xfa,
  0xfb, 0xfc, 0xfb, 0xfb, 0xfc, 0xfb, 0xfa, 0xfa, 0xfb, 0xfc, 0xfb, 0xfc,
  0xfb, 0xfb, 0xfb, 0xfc, 0xfb, 0xfa, 0xfa, 0xfb, 0xfb, 0xfb, 0xfc, 0xfc,
  0xfb, 0xfc, 0xfb, 0xfb, 0xfc, 0xfb, 0xfa, 0xfb, 0xfa, 0xfb, 0xfb, 0xfb,
  0xfb, 0xfc, 0xfd, 0xfc, 0xfd, 0xfe, 0xfe, 0xfd, 0xfd, 0xfd, 0xfc, 0xfc,
  0xfc, 0xfc, 0xfd, 0xfd, 0xfc, 0xfc, 0xfd, 0xf9, 0xff, 0xb7, 0x0e, 0x01,
  0x00, 0x00, 0x00, 0x00, 0x00, 0x00, 0x00, 0x00, 0x00, 0x00, 0x00, 0x00,
  0x00, 0x00, 0x00, 0x00, 0x00, 0x00, 0x00, 0x00, 0x00, 0x00, 0x00, 0x00,
  0x00, 0x00, 0x00, 0x00, 0x00, 0x00, 0x00, 0x00, 0x00, 0x00, 0x00, 0x00,
  0x01, 0x00, 0x06, 0x68, 0xf0, 0xfc, 0xf2, 0xf7, 0xfb, 0xfc, 0xfc, 0xfb,
  0xfb, 0xfb, 0xfb, 0xfb, 0xfb, 0xfb, 0xfb, 0xfa, 0xf9, 0xf9, 0xfa, 0xfa,
  0xfb, 0xfc, 0xfb, 0xfb, 0xfc, 0xfc, 0xfb, 0xfb, 0xfa, 0xfc, 0xfc, 0xfc,
  0xfc, 0xfc, 0xfb, 0xfa, 0xfa, 0xfb, 0xfb, 0xfb, 0xfc, 0xfc, 0xfb, 0xfb,
  0xfb, 0xfa, 0xfb, 0xfc, 0xfb, 0xfa, 0xfa, 0xfa, 0xfa, 0xfb, 0xfc, 0xfb,
  0xfc, 0xfb, 0xfb, 0xfa, 0xfb, 0xfa, 0xfa, 0xfa, 0xfb, 0xfc, 0xfb, 0xfb,
  0xfa, 0xfb, 0xfb, 0xfc, 0xfc, 0xfc, 0xfb, 0xfa, 0xfa, 0xfb, 0xfb, 0xfb,
  0xfc, 0xfb, 0xfb, 0xfc, 0xfb, 0xfa, 0xfa, 0xfb, 0xfc, 0xfb, 0xfb, 0xfc,
  0xfc, 0xfb, 0xfc, 0xfb, 0xfb, 0xfb, 0xfa, 0xfa, 0xfc, 0xfc, 0xfb, 0xfb,
  0xfc, 0xfc, 0xfc, 0xfc, 0xfb, 0xfa, 0xfb, 0xfb, 0xfa, 0xfa, 0xfb, 0xfb,
  0xfc, 0xfd, 0xfc, 0xfd, 0xfd, 0xfd, 0xfd, 0xfc, 0xfc, 0xfc, 0xfb, 0xfc,
  0xfe, 0xfe, 0xfd, 0xfc, 0xfb, 0xfa, 0xff, 0xe7, 0x66, 0x00, 0x03, 0x00,
  0x00, 0x00, 0x00, 0x00, 0x00, 0x00, 0x00, 0x00, 0x00, 0x00, 0x00, 0x00,
  0x00, 0x00, 0x00, 0x00, 0x00, 0x00, 0x00, 0x00, 0x00, 0x00, 0x00, 0x00,
  0x00, 0x00, 0x00, 0x00, 0x00, 0x00, 0x00, 0x00, 0x00, 0x00, 0x00, 0x03,
  0x00, 0x34, 0xc7, 0xff, 0xf7, 0xf6, 0xfa, 0xfc, 0xfd, 0xfc, 0xfb, 0xfc,
  0xfb, 0xfa, 0xfa, 0xfa, 0xfa, 0xfa, 0xfb, 0xfb, 0xfb, 0xfa, 0xfb, 0xfb,
  0xfb, 0xfa, 0xfb, 0xfb, 0xfb, 0xfc, 0xfc, 0xfb, 0xfb, 0xfb, 0xfb, 0xfc,
  0xfb, 0xfa, 0xfa, 0xfa, 0xfb, 0xfc, 0xfc, 0xfb, 0xfb, 0xfc, 0xfc, 0xfc,
  0xfb, 0xfc, 0xfb, 0xfb, 0xfb, 0xfa, 0xfb, 0xfa, 0xfb, 0xfc, 0xfb, 0xfc,
  0xfb, 0xfb, 0xfb, 0xfa, 0xfa, 0xfb, 0xfa, 0xfb, 0xfc, 0xfc, 0xfb, 0xfb,
  0xfc, 0xfc, 0xfb, 0xfb, 0xfc, 0xfb, 0xfa, 0xfa, 0xfb, 0xfc, 0xfc, 0xfb,
  0xfc, 0xfc, 0xfc, 0xfc, 0xfa, 0xfa, 0xfc, 0xfc, 0xfc, 0xfb, 0xfc, 0xfc,
  0xfb, 0xfc, 0xfc, 0xfc, 0xfc, 0xfc, 0xfc, 0xfb, 0xfb, 0xfb, 0xfc, 0xfb,
  0xfb, 0xfc, 0xfc, 0xfb, 0xfa, 0xfa, 0xfa, 0xfa, 0xfa, 0xfb, 0xfb, 0xfd,
  0xfc, 0xfc, 0xfd, 0xfc, 0xfd, 0xfd, 0xfd, 0xfd, 0xfd, 0xfc, 0xfd, 0xfe,
  0xfe, 0xfc, 0xf9, 0xf7, 0xf7, 0xff, 0xa9, 0x0b, 0x00, 0x01, 0x00, 0x00,
  0x00, 0x00, 0x00, 0x00, 0x00, 0x00, 0x00, 0x00, 0x00, 0x00, 0x00, 0x00,
  0x00, 0x00, 0x00, 0x00, 0x00, 0x00, 0x00, 0x00, 0x00, 0x00, 0x00, 0x00,
  0x00, 0x00, 0x00, 0x00, 0x00, 0x00, 0x00, 0x00, 0x00, 0x02, 0x00, 0x13,
  0x8b, 0xfc, 0xfa, 0xf8, 0xfb, 0xfb, 0xfc, 0xfd, 0xfc, 0xfc, 0xfc, 0xfb,
  0xfb, 0xfb, 0xfb, 0xfb, 0xfb, 0xfb, 0xfc, 0xfc, 0xfc, 0xfc, 0xfb, 0xfa,
  0xfb, 0xfb, 0xfb, 0xfb, 0xfb, 0xfb, 0xfb, 0xfc, 0xfb, 0xfb, 0xfc, 0xfb,
  0xfb, 0xfb, 0xfb, 0xfb, 0xfb, 0xfc, 0xfc, 0xfc, 0xfb, 0xfb, 0xfb, 0xfb,
  0xfb, 0xfa, 0xfb, 0xfc, 0xfb, 0xfb, 0xfa, 0xfb, 0xfc, 0xfb, 0xfc, 0xfb,
  0xfb, 0xfa, 0xfb, 0xfb, 0xfa, 0xfb, 0xfb, 0xfc, 0xfb, 0xfc, 0xfc, 0xfc,
  0xfb, 0xfc, 0xfb, 0xfc, 0xfa, 0xfb, 0xfb, 0xfb, 0xfc, 0xfb, 0xfc, 0xfb,
  0xfb, 0xfb, 0xfb, 0xfa, 0xfa, 0xfb, 0xfb, 0xfb, 0xfb, 0xfb, 0xfb, 0xfc,
  0xfb, 0xfb, 0xfc, 0xfc, 0xfc, 0xfc, 0xfc, 0xfb, 0xfc, 0xfb, 0xfa, 0xfb,
  0xfc, 0xfb, 0xfb, 0xfa, 0xfb, 0xfb, 0xfb, 0xfb, 0xfb, 0xfb, 0xfc, 0xfc,
  0xfc, 0xfc, 0xfc, 0xfc, 0xfc, 0xfc, 0xfc, 0xfc, 0xfc, 0xfc, 0xfe, 0xfd,
  0xfb, 0xf6, 0xf1, 0xff, 0xdf, 0x51, 0x00, 0x05, 0x00, 0x00, 0x00, 0x00,
  0x00, 0x00, 0x00, 0x00, 0x00, 0x00, 0x00, 0x00, 0x00, 0x00, 0x00, 0x00,
  0x00, 0x00, 0x00, 0x00, 0x00, 0x00, 0x00, 0x00, 0x00, 0x00, 0x00, 0x00,
  0x00, 0x00, 0x00, 0x00, 0x00, 0x00, 0x00, 0x00, 0x01, 0x00, 0x55, 0xe1,
  0xff, 0xf7, 0xfb, 0xfc, 0xfc, 0xfd, 0xfd, 0xfd, 0xfc, 0xfb, 0xfc, 0xfc,
  0xfc, 0xfc, 0xfc, 0xfc, 0xfc, 0xfb, 0xfd, 0xfd, 0xfc, 0xfb, 0xfb, 0xfb,
  0xfc, 0xfc, 0xfb, 0xfa, 0xfa, 0xfa, 0xfb, 0xfc, 0xfc, 0xfb, 0xfc, 0xfc,
  0xfb, 0xfb, 0xfb, 0xfc, 0xfc, 0xfd, 0xfc, 0xfb, 0xfc, 0xfc, 0xfa, 0xfa,
  0xfa, 0xfb, 0xfb, 0xfb, 0xfa, 0xfb, 0xfb, 0xfc, 0xfc, 0xfc, 0xfc, 0xfa,
  0xfb, 0xfb, 0xfb, 0xfa, 0xfb, 0xfc, 0xfc, 0xfc, 0xfc, 0xfb, 0xfb, 0xfc,
  0xfc, 0xfc, 0xfc, 0xfb, 0xfb, 0xfc, 0xfc, 0xfb, 0xfc, 0xfb, 0xfb, 0xfa,
  0xfa, 0xfb, 0xfa, 0xfb, 0xfa, 0xfa, 0xfa, 0xfb, 0xfc, 0xfc, 0xfc, 0xfb,
  0xfa, 0xfb, 0xfb, 0xfb, 0xfb, 0xfc, 0xfc, 0xfb, 0xfa, 0xfb, 0xfb, 0xfc,
  0xfb, 0xfa, 0xfb, 0xfc, 0xfc, 0xfc, 0xfc, 0xfc, 0xfb, 0xfb, 0xfb, 0xfc,
  0xfc, 0xfb, 0xfb, 0xfb, 0xfb, 0xfb, 0xfb, 0xfc, 0xfc, 0xfd, 0xfd, 0xfa,
  0xf5, 0xf6, 0xff, 0x8d, 0x07, 0x01, 0x01, 0x00, 0x00, 0x00, 0x00, 0x00,
  0x00, 0x00, 0x00, 0x00, 0x00, 0x00, 0x00, 0x00, 0x00, 0x00, 0x00, 0x00,
  0x00, 0x00, 0x00, 0x00, 0x00, 0x00, 0x00, 0x00, 0x00, 0x00, 0x00, 0x00,
  0x00, 0x00, 0x00, 0x00, 0x00, 0x00, 0x03, 0x00, 0x28, 0xb0, 0xff, 0xf6,
  0xf6, 0xfb, 0xfd, 0xfd, 0xfc, 0xfc, 0xfc, 0xfc, 0xfc, 0xfc, 0xfb, 0xfc,
  0xfb, 0xfb, 0xfc, 0xfb, 0xfc, 0xfc, 0xfc, 0xfc, 0xfc, 0xfc, 0xfb, 0xfc,
  0xfc, 0xfb, 0xfb, 0xfb, 0xfa, 0xfa, 0xfc, 0xfc, 0xfb, 0xfc, 0xfc, 0xfb,
  0xfb, 0xfb, 0xfc, 0xfd, 0xfc, 0xfb, 0xfc, 0xfb, 0xfb, 0xfb, 0xfb, 0xfb,
  0xfb, 0xfa, 0xfb, 0xfb, 0xfb, 0xfc, 0xfb, 0xfb, 0xfb, 0xfb, 0xfb, 0xfc,
  0xfa, 0xfb, 0xfb, 0xfb, 0xfb, 0xfb, 0xfb, 0xfb, 0xfb, 0xfa, 0xfc, 0xfb,
  0xfb, 0xfb, 0xfc, 0xfc, 0xfb, 0xfb, 0xfc, 0xfb, 0xfb, 0xfb, 0xfb, 0xfb,
  0xfc, 0xfa, 0xfa, 0xfb, 0xfb, 0xfb, 0xfb, 0xfb, 0xfb, 0xfb, 0xfb, 0xfb,
  0xfb, 0xfc, 0xfc, 0xfb, 0xfb, 0xfb, 0xfa, 0xfb, 0xfb, 0xfc, 0xfc, 0xfb,
  0xfb, 0xfc, 0xfb, 0xfc, 0xfc, 0xfb, 0xfb, 0xfc, 0xfc, 0xfb, 0xfc, 0xfc,
  0xfc, 0xfc, 0xfb, 0xfb, 0xfa, 0xfa, 0xfb, 0xfb, 0xfb, 0xfb, 0xfa, 0xf5,
  0xff, 0xc2, 0x31, 0x00, 0x04, 0x00, 0x00, 0x00, 0x00, 0x00, 0x00, 0x00,
  0x00, 0x00, 0x00, 0x00, 0x00, 0x00, 0x00, 0x00, 0x00, 0x00, 0x00, 0x00,
  0x00, 0x00, 0x00, 0x00, 0x00, 0x00, 0x00, 0x00, 0x00, 0x00, 0x00, 0x00,
  0x00, 0x00, 0x00, 0x00, 0x01, 0x00, 0x02, 0x73, 0xf3, 0xfc, 0xf1, 0xf6,
  0xfa, 0xfc, 0xfd, 0xfb, 0xfb, 0xfb, 0xfb, 0xfc, 0xfc, 0xfb, 0xfc, 0xfb,
  0xfc, 0xfd, 0xfc, 0xfb, 0xfb, 0xfb, 0xfb, 0xfb, 0xfb, 0xfc, 0xfc, 0xfc,
  0xfb, 0xfc, 0xfb, 0xfa, 0xfb, 0xfc, 0xfc, 0xfb, 0xfc, 0xfd, 0xfc, 0xfb,
  0xfb, 0xfc, 0xfc, 0xfb, 0xfc, 0xfb, 0xfa, 0xfa, 0xfc, 0xfc, 0xfc, 0xfb,
  0xfa, 0xfb, 0xfc, 0xfc, 0xfb, 0xfa, 0xfa, 0xfa, 0xfa, 0xfc, 0xfc, 0xfb,
  0xfb, 0xfc, 0xfb, 0xfa, 0xfa, 0xfa, 0xfb, 0xfb, 0xfb, 0xfc, 0xfb, 0xfa,
  0xfa, 0xfb, 0xfc, 0xfb, 0xfb, 0xfc, 0xfb, 0xfb, 0xfc, 0xfc, 0xfc, 0xfb,
  0xfa, 0xfa, 0xfb, 0xfa, 0xfb, 0xfb, 0xfb, 0xfa, 0xfb, 0xfc, 0xfc, 0xfc,
  0xfb, 0xfb, 0xfa, 0xfa, 0xfa, 0xfb, 0xfb, 0xfb, 0xfb, 0xfc, 0xfb, 0xfb,
  0xfc, 0xfb, 0xfc, 0xfd, 0xfc, 0xfb, 0xfb, 0xfb, 0xfb, 0xfc, 0xfc, 0xfc,
  0xfc, 0xfb, 0xfa, 0xf9, 0xfa, 0xf9, 0xf9, 0xf9, 0xf9, 0xf8, 0xfe, 0xf3,
  0x64, 0x00, 0x03, 0x00, 0x00, 0x00, 0x00, 0x00, 0x00, 0x00, 0x00, 0x00,
  0x00, 0x00, 0x00, 0x00, 0x00, 0x00, 0x00, 0x00, 0x00, 0x00, 0x00, 0x00,
  0x00, 0x00, 0x00, 0x00, 0x00, 0x00, 0x00, 0x00, 0x00, 0x00, 0x00, 0x00,
  0x00, 0x00, 0x00, 0x03, 0x00, 0x39, 0xc6, 0xff, 0xf5, 0xf4, 0xf7, 0xfa,
  0xfb, 0xfc, 0xfc, 0xfc, 0xfb, 0xfb, 0xfb, 0xfb, 0xfb, 0xfb, 0xfc, 0xfd,
  0xfd, 0xfd, 0xfc, 0xfc, 0xfb, 0xfb, 0xfc, 0xfb, 0xfc, 0xfd, 0xfc, 0xfb,
  0xfc, 0xfb, 0xfb, 0xfb, 0xfb, 0xfc, 0xfb, 0xfc, 0xfd, 0xfc, 0xfc, 0xfc,
  0xfb, 0xfb, 0xfc, 0xfb, 0xfa, 0xfb, 0xfb, 0xfb, 0xfc, 0xfb, 0xfb, 0xfa,
  0xfb, 0xfc, 0xfc, 0xfb, 0xfa, 0xfb, 0xfb, 0xfb, 0xfc, 0xfc, 0xfc, 0xfc,
  0xfb, 0xfc, 0xfb, 0xfa, 0xfb, 0xfb, 0xfc, 0xfc, 0xfb, 0xfb, 0xfb, 0xfb,
  0xfb, 0xfc, 0xfb, 0xfb, 0xfc, 0xfb, 0xfb, 0xfb, 0xfb, 0xfc, 0xfb, 0xfb,
  0xfa, 0xfa, 0xfa, 0xfa, 0xfb, 0xfb, 0xfb, 0xfc, 0xfc, 0xfc, 0xfc, 0xfc,
  0xfb, 0xfb, 0xfa, 0xfb, 0xfb, 0xfc, 0xfc, 0xfc, 0xfb, 0xfb, 0xfc, 0xfc,
  0xfb, 0xfc, 0xfc, 0xfc, 0xfc, 0xfb, 0xfa, 0xfb, 0xfb, 0xfb, 0xfb, 0xfb,
  0xfb, 0xfa, 0xf9, 0xf9, 0xf9, 0xf8, 0xf8, 0xf7, 0xf5, 0xff, 0xa2, 0x1c,
  0x00, 0x03, 0x00, 0x00, 0x00, 0x00, 0x00, 0x00, 0x00, 0x00, 0x00, 0x00,
  0x00, 0x00, 0x00, 0x00, 0x00, 0x00, 0x00, 0x00, 0x00, 0x00, 0x00, 0x00,
  0x00, 0x00, 0x00, 0x00, 0x00, 0x00, 0x00, 0x00, 0x00, 0x00, 0x00, 0x00,
  0x00, 0x01, 0x01, 0x05, 0x81, 0xf5, 0xfd, 0xf6, 0xf9, 0xf9, 0xfa, 0xfa,
  0xfa, 0xfb, 0xfc, 0xfb, 0xfa, 0xfb, 0xfb, 0xfb, 0xfc, 0xfc, 0xfc, 0xfc,
  0xfc, 0xfc, 0xfd, 0xfc, 0xfb, 0xfb, 0xfb, 0xfb, 0xfc, 0xfd, 0xfc, 0xfb,
  0xfc, 0xfb, 0xfb, 0xfb, 0xfb, 0xfc, 0xfb, 0xfc, 0xfd, 0xfd, 0xfc, 0xfb,
  0xfc, 0xfb, 0xfa, 0xfb, 0xfc, 0xfa, 0xfb, 0xfc, 0xfb, 0xfa, 0xfb, 0xfc,
  0xfb, 0xfb, 0xfa, 0xfb, 0xfc, 0xfb, 0xfb, 0xfb, 0xfb, 0xfb, 0xfb, 0xfb,
  0xfb, 0xfb, 0xfa, 0xfb, 0xfc, 0xfb, 0xfc, 0xfc, 0xfc, 0xfc, 0xfc, 0xfc,
  0xfb, 0xfc, 0xfc, 0xfc, 0xfb, 0xfb, 0xfc, 0xfb, 0xfc, 0xfc, 0xfc, 0xfb,
  0xfb, 0xfb, 0xfb, 0xfb, 0xfc, 0xfc, 0xfd, 0xfc, 0xfc, 0xfd, 0xfc, 0xfb,
  0xfc, 0xfb, 0xfb, 0xfb, 0xfc, 0xfd, 0xfc, 0xfb, 0xfc, 0xfc, 0xfb, 0xfc,
  0xfb, 0xfa, 0xfb, 0xfc, 0xfb, 0xfb, 0xfa, 0xfb, 0xfc, 0xfc, 0xfb, 0xfa,
  0xfa, 0xf9, 0xf8, 0xf8, 0xf9, 0xf8, 0xf4, 0xfb, 0xde, 0x47, 0x00, 0x03,
  0x00, 0x00, 0x00, 0x00, 0x00, 0x00, 0x00, 0x00, 0x00, 0x00, 0x00, 0x00,
  0x00, 0x00, 0x00, 0x00, 0x00, 0x00, 0x00, 0x00, 0x00, 0x00, 0x00, 0x00,
  0x00, 0x00, 0x00, 0x00, 0x00, 0x00, 0x00, 0x00, 0x00, 0x00, 0x00, 0x00,
  0x03, 0x00, 0x44, 0xcd, 0xff, 0xf6, 0xf8, 0xfb, 0xfa, 0xf9, 0xfa, 0xfb,
  0xfa, 0xfb, 0xfb, 0xfa, 0xfb, 0xfa, 0xfb, 0xfc, 0xfb, 0xfb, 0xfb, 0xfb,
  0xfb, 0xfc, 0xfd, 0xfc, 0xfb, 0xfa, 0xfb, 0xfb, 0xfc, 0xfc, 0xfb, 0xfc,
  0xfb, 0xfc, 0xfc, 0xfc, 0xfb, 0xfc, 0xfb, 0xfb, 0xfb, 0xfb, 0xfc, 0xfb,
  0xfa, 0xfa, 0xfb, 0xfb, 0xfb, 0xfa, 0xfb, 0xfb, 0xfa, 0xfb, 0xfb, 0xfa,
  0xfa, 0xfb, 0xfc, 0xfb, 0xfb, 0xfb, 0xfa, 0xfa, 0xfa, 0xfa, 0xfa, 0xfa,
  0xfb, 0xfa, 0xfb, 0xfc, 0xfc, 0xfd, 0xfc, 0xfb, 0xfb, 0xfb, 0xfc, 0xfb,
  0xfc, 0xfc, 0xfb, 0xfc, 0xfc, 0xfb, 0xfc, 0xfc, 0xfb, 0xfb, 0xfc, 0xfc,
  0xfc, 0xfc, 0xfc, 0xfc, 0xfb, 0xfc, 0xfc, 0xfb, 0xfb, 0xfb, 0xfc, 0xfb,
  0xfc, 0xfb, 0xfc, 0xfb, 0xfb, 0xfb, 0xfc, 0xfd, 0xfc, 0xfb, 0xfc, 0xfc,
  0xfc, 0xfb, 0xfb, 0xfc, 0xfc, 0xfb, 0xfb, 0xfc, 0xfc, 0xfb, 0xfa, 0xfa,
  0xf9, 0xf8, 0xf7, 0xf8, 0xf6, 0xf4, 0xfa, 0x7d, 0x0c, 0x00, 0x01, 0x00,
  0x00, 0x00, 0x00, 0x00, 0x00, 0x00, 0x00, 0x00, 0x00, 0x00, 0x00, 0x00,
  0x00, 0x00, 0x00, 0x00, 0x00, 0x00, 0x00, 0x00, 0x00, 0x00, 0x00, 0x00,
  0x00, 0x00, 0x00, 0x00, 0x00, 0x00, 0x00, 0x00, 0x00, 0x00, 0x00, 0x01,
  0x0b, 0x8d, 0xf8, 0xfd, 0xf5, 0xf9, 0xfa, 0xfa, 0xf9, 0xfa, 0xfa, 0xfa,
  0xfb, 0xfb, 0xfa, 0xfb, 0xfb, 0xfa, 0xfb, 0xfc, 0xfb, 0xfb, 0xfb, 0xfb,
  0xfc, 0xfc, 0xfc, 0xfb, 0xfa, 0xfb, 0xfc, 0xfb, 0xfc, 0xfc, 0xfc, 0xfc,
  0xfc, 0xfc, 0xfc, 0xfc, 0xfc, 0xfb, 0xfb, 0xfb, 0xfb, 0xfc, 0xfb, 0xfa,
  0xfb, 0xfc, 0xfb, 0xfc, 0xfb, 0xfc, 0xfb, 0xfa, 0xfb, 0xfa, 0xfb, 0xfa,
  0xfb, 0xfc, 0xfb, 0xfa, 0xfb, 0xfa, 0xfa, 0xfa, 0xfa, 0xfa, 0xfa, 0xfb,
  0xfa, 0xfb, 0xfc, 0xfc, 0xfd, 0xfc, 0xfb, 0xfc, 0xfb, 0xfc, 0xfb, 0xfc,
  0xfc, 0xfb, 0xfc, 0xfc, 0xfb, 0xfc, 0xfb, 0xfb, 0xfc, 0xfc, 0xfb, 0xfb,
  0xfc, 0xfc, 0xfc, 0xfc, 0xfc, 0xfc, 0xfc, 0xfc, 0xfc, 0xfb, 0xfc, 0xfc,
  0xfc, 0xfb, 0xfb, 0xfb, 0xfc, 0xfb, 0xfc, 0xfc, 0xfb, 0xfc, 0xfc, 0xfb,
  0xfb, 0xfb, 0xfc, 0xfb, 0xfb, 0xfc, 0xfc, 0xfb, 0xfb, 0xfc, 0xfb, 0xfa,
  0xf8, 0xf7, 0xf7, 0xf3, 0xfd, 0xbb, 0x26, 0x00, 0x02, 0x00, 0x00, 0x00,
  0x00, 0x00, 0x00, 0x00, 0x00, 0x00, 0x00, 0x00, 0x00, 0x00, 0x00, 0x00,
  0x00, 0x00, 0x00, 0x00, 0x00, 0x00, 0x00, 0x00, 0x00, 0x00, 0x00, 0x00,
  0x00, 0x00, 0x00, 0x00, 0x00, 0x00, 0x00, 0x00, 0x00, 0x03, 0x00, 0x54,
  0xd8, 0xff, 0xf6, 0xf6, 0xf9, 0xfa, 0xfa, 0xf9, 0xfa, 0xfb, 0xfa, 0xfb,
  0xfc, 0xfb, 0xfc, 0xfb, 0xfa, 0xfb, 0xfb, 0xfb, 0xfc, 0xfc, 0xfb, 0xfb,
  0xfb, 0xfb, 0xfc, 0xfb, 0xfb, 0xfc, 0xfb, 0xfb, 0xfc, 0xfc, 0xfc, 0xfc,
  0xfc, 0xfb, 0xfb, 0xfb, 0xfc, 0xfb, 0xfc, 0xfb, 0xfa, 0xfb, 0xfc, 0xfb,
  0xfb, 0xfb, 0xfb, 0xfb, 0xfb, 0xfb, 0xfb, 0xfa, 0xfb, 0xfc, 0xfc, 0xfb,
  0xfb, 0xfc, 0xfb, 0xfb, 0xfb, 0xfb, 0xfb, 0xfb, 0xfb, 0xfc, 0xfb, 0xfa,
  0xfb, 0xfc, 0xfc, 0xfd, 0xfc, 0xfb, 0xfb, 0xfc, 0xfc, 0xfb, 0xfc, 0xfc,
  0xfb, 0xfb, 0xfc, 0xfb, 0xfa, 0xfb, 0xfb, 0xfc, 0xfb, 0xfc, 0xfd, 0xfc,
  0xfb, 0xfc, 0xfb, 0xfa, 0xfb, 0xfb, 0xfb, 0xfb, 0xfc, 0xfb, 0xfc, 0xfb,
  0xfc, 0xfc, 0xfb, 0xfc, 0xfc, 0xfb, 0xfc, 0xfd, 0xfc, 0xfc, 0xfc, 0xfc,
  0xfd, 0xfc, 0xfc, 0xfc, 0xfb, 0xfb, 0xfc, 0xfe, 0xfd, 0xfc, 0xfb, 0xf8,
  0xf6, 0xf3, 0xf4, 0xf1, 0x4e, 0x00, 0x00, 0x00, 0x00, 0x00, 0x00, 0x00,
  0x00, 0x00, 0x00, 0x00, 0x00, 0x00, 0x00, 0x00, 0x00, 0x00, 0x00, 0x00,
  0x00, 0x00, 0x00, 0x00, 0x00, 0x00, 0x00, 0x00, 0x00, 0x00, 0x00, 0x00,
  0x00, 0x00, 0x00, 0x00, 0x00, 0x00, 0x00, 0x00, 0x00, 0x1c, 0xa8, 0xfe,
  0xfa, 0xf5, 0xf9, 0xf9, 0xfa, 0xfb, 0xfa, 0xfb, 0xfb, 0xfa, 0xfb, 0xfc,
  0xfc, 0xfc, 0xfb, 0xfb, 0xfb, 0xfa, 0xfa, 0xfb, 0xfb, 0xfc, 0xfc, 0xfc,
  0xfb, 0xfc, 0xfc, 0xfb, 0xfa, 0xfb, 0xfc, 0xfb, 0xfb, 0xfb, 0xfc, 0xfc,
  0xfc, 0xfc, 0xfc, 0xfb, 0xfc, 0xfb, 0xfa, 0xfa, 0xfb, 0xfc, 0xfc, 0xfb,
  0xfa, 0xfa, 0xfa, 0xfa, 0xfb, 0xfb, 0xfa, 0xfb, 0xfc, 0xfc, 0xfb, 0xfa,
  0xfb, 0xfc, 0xfc, 0xfc, 0xfc, 0xfc, 0xfc, 0xfc, 0xfb, 0xfa, 0xfb, 0xfc,
  0xfb, 0xfc, 0xfd, 0xfc, 0xfb, 0xfc, 0xfd, 0xfd, 0xfc, 0xfb, 0xfc, 0xfc,
  0xfb, 0xfc, 0xfb, 0xfa, 0xfa, 0xfb, 0xfc, 0xfc, 0xfc, 0xfd, 0xfc, 0xfb,
  0xfc, 0xfb, 0xfa, 0xfa, 0xfa, 0xfa, 0xfa, 0xfb, 0xfc, 0xfc, 0xfc, 0xfb,
  0xfa, 0xfb, 0xfb, 0xfb, 0xfc, 0xfc, 0xfd, 0xfc, 0xfc, 0xfd, 0xfd, 0xfc,
  0xfb, 0xfc, 0xfd, 0xfc, 0xfd, 0xfd, 0xfe, 0xfd, 0xfc, 0xfb, 0xf9, 0xf8,
  0xf5, 0xfd, 0x94, 0x10, 0x00, 0x02, 0x00, 0x00, 0x00, 0x00, 0x00, 0x00,
  0x00, 0x00, 0x00, 0x00, 0x00, 0x00, 0x00, 0x00, 0x00, 0x00, 0x00, 0x00,
  0x00, 0x00, 0x00, 0x00, 0x00, 0x00, 0x00, 0x00, 0x00, 0x00, 0x00, 0x00,
  0x00, 0x00, 0x00, 0x00, 0x00, 0x00, 0x02, 0x00, 0x6e, 0xe9, 0xff, 0xf4,
  0xf7, 0xfa, 0xf9, 0xfa, 0xfa, 0xfa, 0xfb, 0xfa, 0xfa, 0xfb, 0xfc, 0xfb,
  0xfb, 0xfb, 0xfc, 0xfb, 0xfb, 0xfb, 0xfb, 0xfb, 0xfb, 0xfb, 0xfb, 0xfc,
  0xfb, 0xfc, 0xfb, 0xfa, 0xfa, 0xfb, 0xfc, 0xfc, 0xfc, 0xfb, 0xfb, 0xfb,
  0xfb, 0xfb, 0xfc, 0xfb, 0xfb, 0xfb, 0xfb, 0xfc, 0xfc, 0xfc, 0xfc, 0xfb,
  0xfb, 0xfa, 0xfa, 0xfa, 0xfa, 0xfa, 0xfb, 0xfc, 0xfc, 0xfb, 0xfa, 0xfb,
  0xfc, 0xfb, 0xfb, 0xfb, 0xfc, 0xfb, 0xfb, 0xfa, 0xfa, 0xfb, 0xfb, 0xfb,
  0xfc, 0xfd, 0xfd, 0xfc, 0xfd, 0xfd, 0xfc, 0xfb, 0xfc, 0xfb, 0xfb, 0xfc,
  0xfc, 0xfb, 0xfa, 0xfa, 0xfb, 0xfc, 0xfc, 0xfb, 0xfc, 0xfc, 0xfb, 0xfc,
  0xfb, 0xfb, 0xfb, 0xfa, 0xfa, 0xfa, 0xfa, 0xfc, 0xfc, 0xfc, 0xfb, 0xfa,
  0xfb, 0xfb, 0xfb, 0xfb, 0xfc, 0xfd, 0xfc, 0xfb, 0xfc, 0xfc, 0xfb, 0xfb,
  0xfc, 0xfd, 0xfc, 0xfd, 0xfe, 0xfd, 0xfd, 0xfc, 0xfb, 0xfb, 0xfc, 0xfb,
  0xd3, 0x2a, 0x00, 0x00, 0x00, 0x00, 0x00, 0x00, 0x00, 0x00, 0x00, 0x00,
  0x00, 0x00, 0x00, 0x00, 0x00, 0x00, 0x00, 0x00, 0x00, 0x00, 0x00, 0x00,
  0x00, 0x00, 0x00, 0x00, 0x00, 0x00, 0x00, 0x00, 0x00, 0x00, 0x00, 0x00,
  0x00, 0x00, 0x00, 0x00, 0x00, 0x00, 0x31, 0xc2, 0xff, 0xf7, 0xf4, 0xfa,
  0xfb, 0xfb, 0xfb, 0xfb, 0xfb, 0xfa, 0xfb, 0xfb, 0xfb, 0xfb, 0xfb, 0xfa,
  0xfb, 0xfb, 0xfb, 0xfb, 0xfc, 0xfc, 0xfb, 0xfa, 0xfa, 0xfb, 0xfc, 0xfb,
  0xfb, 0xfb, 0xfb, 0xfb, 0xfb, 0xfc, 0xfc, 0xfc, 0xfc, 0xfb, 0xfa, 0xfa,
  0xfb, 0xfc, 0xfc, 0xfc, 0xfb, 0xfb, 0xfb, 0xfb, 0xfb, 0xfb, 0xfb, 0xfb,
  0xfb, 0xfb, 0xfb, 0xfb, 0xfb, 0xfb, 0xfb, 0xfb, 0xfb, 0xfa, 0xfb, 0xfc,
  0xfc, 0xfc, 0xfc, 0xfc, 0xfa, 0xfb, 0xfb, 0xfb, 0xfb, 0xfb, 0xfc, 0xfc,
  0xfc, 0xfc, 0xfc, 0xfc, 0xfc, 0xfb, 0xfc, 0xfc, 0xfb, 0xfb, 0xfc, 0xfc,
  0xfb, 0xfa, 0xfa, 0xfb, 0xfc, 0xfc, 0xfc, 0xfb, 0xfc, 0xfc, 0xfc, 0xfc,
  0xfc, 0xfb, 0xfb, 0xfb, 0xfb, 0xfb, 0xfc, 0xfc, 0xfc, 0xfb, 0xfb, 0xfa,
  0xfb, 0xfc, 0xfb, 0xfc, 0xfd, 0xfc, 0xfb, 0xfb, 0xfb, 0xfb, 0xfb, 0xfc,
  0xfc, 0xfd, 0xfd, 0xfe, 0xfe, 0xfd, 0xfc, 0xfb, 0xfb, 0xff, 0xf4, 0x66,
  0x05, 0x00, 0x01, 0x00, 0x00, 0x00, 0x00, 0x00, 0x00, 0x00, 0x00, 0x00,
  0x00, 0x00, 0x00, 0x00, 0x00, 0x00, 0x00, 0x00, 0x00, 0x00, 0x00, 0x00,
  0x00, 0x00, 0x00, 0x00, 0x00, 0x00, 0x00, 0x00, 0x00, 0x00, 0x00, 0x00,
  0x00, 0x00, 0x00, 0x01, 0x06, 0x8d, 0xf5, 0xfe, 0xf5, 0xf8, 0xfa, 0xfb,
  0xfc, 0xfc, 0xfc, 0xfc, 0xfb, 0xfc, 0xfa, 0xfa, 0xfa, 0xfa, 0xfb, 0xfb,
  0xfa, 0xfa, 0xfb, 0xfc, 0xfb, 0xfb, 0xfa, 0xfb, 0xfc, 0xfc, 0xfc, 0xfc,
  0xfc, 0xfc, 0xfb, 0xfb, 0xfc, 0xfc, 0xfc, 0xfc, 0xfb, 0xfb, 0xfa, 0xfb,
  0xfb, 0xfb, 0xfb, 0xfb, 0xfc, 0xfb, 0xfa, 0xfa, 0xfa, 0xfa, 0xfa, 0xfc,
  0xfc, 0xfc, 0xfc, 0xfc, 0xfb, 0xfa, 0xfb, 0xfb, 0xfa, 0xfb, 0xfc, 0xfc,
  0xfc, 0xfc, 0xfc, 0xfb, 0xfb, 0xfc, 0xfc, 0xfb, 0xfb, 0xfc, 0xfc, 0xfd,
  0xfb, 0xfc, 0xfc, 0xfb, 0xfc, 0xfb, 0xfb, 0xfb, 0xfb, 0xfc, 0xfc, 0xfb,
  0xfa, 0xfa, 0xfa, 0xfc, 0xfc, 0xfb, 0xfc, 0xfb, 0xfb, 0xfb, 0xfc, 0xfb,
  0xfc, 0xfc, 0xfb, 0xfc, 0xfc, 0xfc, 0xfc, 0xfb, 0xfc, 0xfc, 0xfb, 0xfb,
  0xfc, 0xfb, 0xfc, 0xfd, 0xfd, 0xfc, 0xfc, 0xfc, 0xfc, 0xfc, 0xfc, 0xfc,
  0xfd, 0xfe, 0xfe, 0xfe, 0xfc, 0xf9, 0xf8, 0xfd, 0xfd, 0xbb, 0x15, 0x00,
  0x00, 0x00, 0x00, 0x00, 0x00, 0x00, 0x00, 0x00, 0x00, 0x00, 0x00, 0x00,
  0x00, 0x00, 0x00, 0x00, 0x00, 0x00, 0x00, 0x00, 0x00, 0x00, 0x00, 0x00,
  0x00, 0x00, 0x00, 0x00, 0x00, 0x00, 0x00, 0x00, 0x00, 0x00, 0x00, 0x00,
  0x00, 0x00, 0x00, 0x49, 0xd9, 0xff, 0xf8, 0xf7, 0xfa, 0xfb, 0xfc, 0xfc,
  0xfb, 0xfb, 0xfb, 0xfc, 0xfb, 0xfb, 0xfb, 0xfb, 0xfb, 0xfa, 0xfa, 0xfb,
  0xfa, 0xfb, 0xfc, 0xfc, 0xfc, 0xfa, 0xfa, 0xfb, 0xfb, 0xfb, 0xfb, 0xfb,
  0xfb, 0xfb, 0xfb, 0xfb, 0xfb, 0xfb, 0xfc, 0xfc, 0xfb, 0xfa, 0xfa, 0xfb,
  0xfb, 0xfb, 0xfb, 0xfb, 0xfb, 0xfa, 0xfb, 0xfb, 0xfb, 0xfb, 0xfc, 0xfc,
  0xfb, 0xfb, 0xfc, 0xfb, 0xfb, 0xfb, 0xfb, 0xfa, 0xfb, 0xfc, 0xfb, 0xfb,
  0xfb, 0xfb, 0xfc, 0xfc, 0xfb, 0xfc, 0xfb, 0xfb, 0xfc, 0xfc, 0xfc, 0xfb,
  0xfb, 0xfb, 0xfc, 0xfc, 0xfb, 0xfa, 0xfb, 0xfc, 0xfb, 0xfc, 0xfb, 0xfa,
  0xfb, 0xfb, 0xfc, 0xfc, 0xfb, 0xfc, 0xfb, 0xfa, 0xfb, 0xfc, 0xfb, 0xfb,
  0xfc, 0xfc, 0xfb, 0xfb, 0xfc, 0xfc, 0xfc, 0xfb, 0xfb, 0xfc, 0xfc, 0xfb,
  0xfb, 0xfc, 0xfc, 0xfc, 0xfc, 0xfc, 0xfc, 0xfc, 0xfb, 0xfc, 0xfd, 0xfd,
  0xfd, 0xfe, 0xfe, 0xfa, 0xf5, 0xf4, 0xfe, 0xf1, 0x54, 0x01, 0x00, 0x00,
  0x00, 0x00, 0x00, 0x00, 0x00, 0x00, 0x00, 0x00, 0x00, 0x00, 0x00, 0x00,
  0x00, 0x00, 0x00, 0x00, 0x00, 0x00, 0x00, 0x00, 0x00, 0x00, 0x00, 0x00,
  0x00, 0x00, 0x00, 0x00, 0x00, 0x00, 0x00, 0x00, 0x00, 0x00, 0x00, 0x00,
  0x00, 0x10, 0xa6, 0xfb, 0xfd, 0xf8, 0xfa, 0xfa, 0xfc, 0xfd, 0xfc, 0xfc,
  0xfc, 0xfc, 0xfb, 0xfb, 0xfc, 0xfb, 0xfa, 0xfa, 0xf9, 0xfa, 0xfb, 0xfa,
  0xfb, 0xfc, 0xfb, 0xfb, 0xfa, 0xfb, 0xfa, 0xfa, 0xfa, 0xfa, 0xfa, 0xfa,
  0xfa, 0xfa, 0xfa, 0xfa, 0xfb, 0xfc, 0xfb, 0xfb, 0xfb, 0xfa, 0xfb, 0xfb,
  0xfb, 0xfb, 0xfb, 0xfa, 0xfb, 0xfb, 0xfb, 0xfb, 0xfb, 0xfb, 0xfc, 0xfc,
  0xfc, 0xfb, 0xfc, 0xfb, 0xfa, 0xfa, 0xfa, 0xfb, 0xfc, 0xfc, 0xfc, 0xfb,
  0xfc, 0xfb, 0xfb, 0xfc, 0xfb, 0xfc, 0xfc, 0xfb, 0xfb, 0xfb, 0xfc, 0xfa,
  0xfa, 0xfb, 0xfb, 0xfc, 0xfb, 0xfb, 0xfc, 0xfc, 0xfc, 0xfb, 0xfa, 0xfb,
  0xfc, 0xfb, 0xfc, 0xfc, 0xfb, 0xfc, 0xfb, 0xfb, 0xfc, 0xfc, 0xfb, 0xfc,
  0xfd, 0xfb, 0xfc, 0xfb, 0xfc, 0xfb, 0xfc, 0xfc, 0xfc, 0xfc, 0xfc, 0xfc,
  0xfb, 0xfb, 0xfb, 0xfb, 0xfb, 0xfb, 0xfb, 0xfc, 0xfc, 0xfc, 0xfc, 0xfd,
  0xfe, 0xfd, 0xfa, 0xf5, 0xf9, 0xfc, 0xb0, 0x0c, 0x00, 0x00, 0x00, 0x00,
  0x00, 0x00, 0x00, 0x00, 0x00, 0x00, 0x00, 0x00, 0x00, 0x00, 0x00, 0x00,
  0x00, 0x00, 0x00, 0x00, 0x00, 0x00, 0x00, 0x00, 0x00, 0x00, 0x00, 0x00,
  0x00, 0x00, 0x00, 0x00, 0x00, 0x00, 0x00, 0x00, 0x00, 0x00, 0x00, 0x02,
  0x61, 0xe4, 0xfe, 0xf6, 0xf9, 0xfd, 0xfc, 0xfc, 0xfd, 0xfc, 0xfb, 0xfc,
  0xfc, 0xfb, 0xfb, 0xfc, 0xfb, 0xfa, 0xfa, 0xfa, 0xfa, 0xfa, 0xfa, 0xfb,
  0xfc, 0xfb, 0xfb, 0xfb, 0xfb, 0xfb, 0xfb, 0xfb, 0xfb, 0xfb, 0xfa, 0xfa,
  0xfb, 0xfa, 0xfb, 0xfc, 0xfb, 0xfb, 0xfa, 0xfa, 0xfb, 0xfa, 0xfa, 0xfa,
  0xfb, 0xfb, 0xfb, 0xfa, 0xfa, 0xfa, 0xfa, 0xfa, 0xfa, 0xfb, 0xfb, 0xfb,
  0xfc, 0xfc, 0xfb, 0xfb, 0xfa, 0xfa, 0xfb, 0xfb, 0xfb, 0xfc, 0xfc, 0xfb,
  0xfc, 0xfc, 0xfb, 0xfc, 0xfc, 0xfb, 0xfb, 0xfc, 0xfc, 0xfb, 0xfb, 0xfb,
  0xfb, 0xfb, 0xfc, 0xfb, 0xfb, 0xfb, 0xfb, 0xfb, 0xfb, 0xfb, 0xfb, 0xfc,
  0xfb, 0xfc, 0xfc, 0xfc, 0xfb, 0xfc, 0xfb, 0xfb, 0xfc, 0xfc, 0xfc, 0xfc,
  0xfb, 0xfc, 0xfc, 0xfb, 0xfc, 0xfb, 0xfb, 0xfb, 0xfb, 0xfb, 0xfb, 0xfc,
  0xfc, 0xfc, 0xfc, 0xfc, 0xfc, 0xfc, 0xfb, 0xfb, 0xfc, 0xfd, 0xfd, 0xfc,
  0xfc, 0xfb, 0xf9, 0xff, 0xe6, 0x42, 0x00, 0x00, 0x00, 0x00, 0x00, 0x00,
  0x00, 0x00, 0x00, 0x00, 0x00, 0x00, 0x00, 0x00, 0x00, 0x00, 0x00, 0x00,
  0x00, 0x00, 0x00, 0x00, 0x00, 0x00, 0x00, 0x00, 0x00, 0x00, 0x00, 0x00,
  0x00, 0x00, 0x00, 0x00, 0x00, 0x00, 0x00, 0x00, 0x00, 0x00, 0x26, 0xc3,
  0xfe, 0xf7, 0xf4, 0xfa, 0xfe, 0xfe, 0xfd, 0xfc, 0xfc, 0xfc, 0xfb, 0xfb,
  0xfc, 0xfb, 0xfc, 0xfb, 0xfb, 0xfb, 0xfb, 0xfb, 0xfb, 0xfb, 0xfc, 0xfc,
  0xfc, 0xfc, 0xfc, 0xfa, 0xfa, 0xfa, 0xfa, 0xfb, 0xfa, 0xfb, 0xfb, 0xfb,
  0xfb, 0xfb, 0xfb, 0xfc, 0xfc, 0xfb, 0xfb, 0xfa, 0xfb, 0xfb, 0xfb, 0xfb,
  0xfb, 0xfb, 0xfb, 0xfb, 0xfb, 0xfb, 0xfb, 0xfb, 0xfa, 0xfa, 0xfb, 0xfc,
  0xfb, 0xfc, 0xfb, 0xfb, 0xfa, 0xfa, 0xfa, 0xfa, 0xfb, 0xfc, 0xfc, 0xfc,
  0xfb, 0xfc, 0xfb, 0xfb, 0xfb, 0xfc, 0xfb, 0xfb, 0xfa, 0xfb, 0xfc, 0xfc,
  0xfc, 0xfc, 0xfc, 0xfb, 0xfa, 0xfa, 0xfa, 0xfb, 0xfc, 0xfc, 0xfb, 0xfc,
  0xfb, 0xfb, 0xfb, 0xfb, 0xfc, 0xfc, 0xfc, 0xfb, 0xfc, 0xfb, 0xfa, 0xfb,
  0xfc, 0xfb, 0xfc, 0xfc, 0xfb, 0xfa, 0xfa, 0xfa, 0xfa, 0xfb, 0xfc, 0xfc,
  0xfc, 0xfb, 0xfb, 0xfb, 0xfb, 0xfa, 0xfb, 0xfc, 0xfd, 0xfc, 0xfa, 0xfa,
  0xfb, 0xff, 0xfa, 0x9b, 0x00, 0x00, 0x00, 0x00, 0x00, 0x00, 0x00, 0x00,
  0x00, 0x00, 0x00, 0x00, 0x00, 0x00, 0x00, 0x00, 0x00, 0x00, 0x00, 0x00,
  0x00, 0x00, 0x00, 0x00, 0x00, 0x00, 0x00, 0x00, 0x00, 0x00, 0x00, 0x00,
  0x00, 0x00, 0x00, 0x00, 0x00, 0x00, 0x01, 0x00, 0x08, 0x82, 0xf6, 0xff,
  0xf5, 0xf6, 0xfc, 0xfe, 0xfe, 0xfd, 0xfd, 0xfd, 0xfc, 0xfb, 0xfc, 0xfc,
  0xfb, 0xfc, 0xfb, 0xfa, 0xfb, 0xfa, 0xfa, 0xfb, 0xfb, 0xfb, 0xfb, 0xfb,
  0xfb, 0xfb, 0xfb, 0xfb, 0xfb, 0xfb, 0xfb, 0xfa, 0xfb, 0xfb, 0xfb, 0xfc,
  0xfb, 0xfa, 0xfb, 0xfb, 0xfb, 0xfb, 0xfa, 0xfb, 0xfb, 0xfc, 0xfb, 0xfa,
  0xfb, 0xfc, 0xfc, 0xfc, 0xfc, 0xfc, 0xfc, 0xfb, 0xfa, 0xfb, 0xfc, 0xfb,
  0xfb, 0xfc, 0xfb, 0xfb, 0xfb, 0xfb, 0xfb, 0xfa, 0xfb, 0xfc, 0xfb, 0xfc,
  0xfb, 0xfc, 0xfc, 0xfc, 0xfc, 0xfb, 0xfa, 0xfb, 0xfb, 0xfb, 0xfb, 0xfb,
  0xfb, 0xfb, 0xfa, 0xfb, 0xfb, 0xfb, 0xfb, 0xfb, 0xfc, 0xfb, 0xfc, 0xfc,
  0xfc, 0xfc, 0xfb, 0xfc, 0xfd, 0xfc, 0xfb, 0xfb, 0xfa, 0xfb, 0xfb, 0xfb,
  0xfb, 0xfb, 0xfb, 0xfb, 0xfa, 0xfb, 0xfb, 0xfb, 0xfb, 0xfb, 0xfb, 0xfb,
  0xfa, 0xfa, 0xfa, 0xfa, 0xfb, 0xfa, 0xfc, 0xfd, 0xfb, 0xf9, 0xf8, 0xfa,
  0xff, 0xd2, 0x30, 0x00, 0x00, 0x00, 0x00, 0x00, 0x00, 0x00, 0x00, 0x00,
  0x00, 0x00, 0x00, 0x00, 0x00, 0x00, 0x00, 0x00, 0x00, 0x00, 0x00, 0x00,
  0x00, 0x00, 0x00, 0x00, 0x00, 0x00, 0x00, 0x00, 0x00, 0x00, 0x00, 0x00,
  0x00, 0x00, 0x00, 0x00, 0x00, 0x00, 0x00, 0x37, 0xd6, 0xfe, 0xfb, 0xf9,
  0xfa, 0xfc, 0xfe, 0xfe, 0xfd, 0xfd, 0xfc, 0xfc, 0xfb, 0xfc, 0xfc, 0xfc,
  0xfc, 0xfb, 0xfa, 0xfa, 0xfb, 0xfb, 0xfa, 0xfa, 0xfb, 0xfa, 0xfb, 0xfc,
  0xfc, 0xfb, 0xfb, 0xfb, 0xfc, 0xfb, 0xfa, 0xfa, 0xfa, 0xfa, 0xfa, 0xfa,
  0xfb, 0xfb, 0xfb, 0xfa, 0xfa, 0xfa, 0xfb, 0xfb, 0xfb, 0xfb, 0xfa, 0xfb,
  0xfc, 0xfb, 0xfb, 0xfb, 0xfb, 0xfc, 0xfb, 0xfa, 0xfb, 0xfc, 0xfb, 0xfb,
  0xfb, 0xfb, 0xfc, 0xfb, 0xfa, 0xfb, 0xfb, 0xfb, 0xfc, 0xfb, 0xfc, 0xfb,
  0xfc, 0xfd, 0xfc, 0xfb, 0xfb, 0xfa, 0xfa, 0xfb, 0xfb, 0xfa, 0xfb, 0xfb,
  0xfa, 0xfb, 0xfc, 0xfc, 0xfc, 0xfb, 0xfb, 0xfc, 0xfb, 0xfb, 0xfd, 0xfd,
  0xfc, 0xfb, 0xfb, 0xfc, 0xfc, 0xfc, 0xfb, 0xfb, 0xfc, 0xfc, 0xfc, 0xfc,
  0xfb, 0xfb, 0xfb, 0xfb, 0xfb, 0xfc, 0xfc, 0xfb, 0xfa, 0xfa, 0xfa, 0xfb,
  0xfb, 0xfb, 0xfb, 0xfb, 0xfa, 0xfc, 0xfd, 0xfb, 0xf9, 0xf7, 0xff, 0xf2,
  0x7a, 0x00, 0x01, 0x00, 0x00, 0x00, 0x00, 0x00, 0x00, 0x00, 0x00, 0x00,
  0x00, 0x00, 0x00, 0x00, 0x00, 0x00, 0x00, 0x00, 0x00, 0x00, 0x00, 0x00,
  0x00, 0x00, 0x00, 0x00, 0x00, 0x00, 0x00, 0x00, 0x00, 0x00, 0x00, 0x00,
  0x00, 0x00, 0x00, 0x01, 0x00, 0x11, 0x98, 0xfa, 0xfd, 0xfc, 0xfc, 0xfd,
  0xfd, 0xfd, 0xfe, 0xfd, 0xfc, 0xfd, 0xfc, 0xfb, 0xfc, 0xfb, 0xfb, 0xfb,
  0xfc, 0xfb, 0xfa, 0xfb, 0xfc, 0xfb, 0xfb, 0xfc, 0xfc, 0xfc, 0xfb, 0xfb,
  0xfa, 0xfa, 0xfa, 0xfb, 0xfc, 0xfb, 0xfa, 0xfb, 0xfb, 0xfb, 0xfb, 0xfc,
  0xfc, 0xfc, 0xfb, 0xfb, 0xfa, 0xfb, 0xfc, 0xfb, 0xfc, 0xfb, 0xfb, 0xfc,
  0xfb, 0xfc, 0xfc, 0xfc, 0xfb, 0xfc, 0xfb, 0xfb, 0xfc, 0xfb, 0xfc, 0xfc,
  0xfc, 0xfc, 0xfb, 0xfa, 0xfb, 0xfb, 0xfc, 0xfb, 0xfc, 0xfb, 0xfc, 0xfb,
  0xfb, 0xfb, 0xfc, 0xfb, 0xfa, 0xfb, 0xfb, 0xfc, 0xfc, 0xfb, 0xfc, 0xfc,
  0xfc, 0xfb, 0xfb, 0xfb, 0xfc, 0xfc, 0xfb, 0xfb, 0xfc, 0xfc, 0xfc, 0xfb,
  0xfc, 0xfc, 0xfb, 0xfb, 0xfc, 0xfb, 0xfb, 0xfc, 0xfb, 0xfb, 0xfb, 0xfc,
  0xfc, 0xfc, 0xfc, 0xfb, 0xfc, 0xfc, 0xfc, 0xfb, 0xfa, 0xfb, 0xfa, 0xfb,
  0xfa, 0xfa, 0xfa, 0xfa, 0xfa, 0xfa, 0xfa, 0xf7, 0xf9, 0xff, 0xb7, 0x15,
  0x01, 0x00, 0x00, 0x00, 0x00, 0x00, 0x00, 0x00, 0x00, 0x00, 0x00, 0x00,
  0x00, 0x00, 0x00, 0x00, 0x00, 0x00, 0x00, 0x00, 0x00, 0x00, 0x00, 0x00,
  0x00, 0x00, 0x00, 0x00, 0x00, 0x00, 0x00, 0x00, 0x00, 0x00, 0x00, 0x00,
  0x00, 0x00, 0x00, 0x00, 0x47, 0xe2, 0xfe, 0xfa, 0xfc, 0xfc, 0xfd, 0xfe,
  0xfd, 0xfe, 0xfd, 0xfc, 0xfd, 0xfc, 0xfb, 0xfc, 0xfb, 0xfb, 0xfb, 0xfc,
  0xfb, 0xfc, 0xfb, 0xfb, 0xfc, 0xfc, 0xfb, 0xfc, 0xfb, 0xfa, 0xfb, 0xfb,
  0xfb, 0xfa, 0xfb, 0xfc, 0xfb, 0xfb, 0xfc, 0xfb, 0xfc, 0xfc, 0xfb, 0xfc,
  0xfc, 0xfc, 0xfc, 0xfb, 0xfa, 0xfb, 0xfa, 0xfb, 0xfb, 0xfb, 0xfc, 0xfb,
  0xfb, 0xfc, 0xfc, 0xfb, 0xfc, 0xfb, 0xfb, 0xfc, 0xfb, 0xfc, 0xfd, 0xfc,
  0xfb, 0xfb, 0xfa, 0xfa, 0xfa, 0xfb, 0xfc, 0xfb, 0xfc, 0xfb, 0xfb, 0xfc,
  0xfc, 0xfc, 0xfb, 0xfc, 0xfb, 0xfb, 0xfb, 0xfc, 0xfc, 0xfc, 0xfb, 0xfb,
  0xfc, 0xfc, 0xfc, 0xfc, 0xfc, 0xfb, 0xfc, 0xfc, 0xfc, 0xfb, 0xfc, 0xfc,
  0xfc, 0xfc, 0xfb, 0xfc, 0xfb, 0xfb, 0xfc, 0xfb, 0xfc, 0xfc, 0xfb, 0xfb,
  0xfb, 0xfc, 0xfb, 0xfc, 0xfc, 0xfb, 0xfc, 0xfc, 0xfb, 0xfa, 0xfa, 0xf9,
  0xfa, 0xf9, 0xf9, 0xf9, 0xf9, 0xf8, 0xf5, 0xff, 0xdc, 0x51, 0x00, 0x02,
  0x00, 0x00, 0x00, 0x00, 0x00, 0x00, 0x00, 0x00, 0x00, 0x00, 0x00, 0x00,
  0x00, 0x00, 0x00, 0x00, 0x00, 0x00, 0x00, 0x00, 0x00, 0x00, 0x00, 0x00,
  0x00, 0x00, 0x00, 0x00, 0x00, 0x00, 0x00, 0x00, 0x00, 0x00, 0x00, 0x00,
  0x02, 0x00, 0x19, 0xa6, 0xfd, 0xf8, 0xf6, 0xf9, 0xfb, 0xfc, 0xfd, 0xfd,
  0xfd, 0xfd, 0xfc, 0xfb, 0xfc, 0xfb, 0xfc, 0xfc, 0xfb, 0xfb, 0xfb, 0xfb,
  0xfb, 0xfb, 0xfa, 0xfb, 0xfc, 0xfb, 0xfc, 0xfb, 0xfa, 0xfa, 0xfb, 0xfb,
  0xfa, 0xfb, 0xfb, 0xfa, 0xfb, 0xfc, 0xfb, 0xfb, 0xfb, 0xfc, 0xfd, 0xfc,
  0xfc, 0xfc, 0xfb, 0xfa, 0xfb, 0xfa, 0xfb, 0xfb, 0xfa, 0xfb, 0xfb, 0xfb,
  0xfc, 0xfc, 0xfc, 0xfc, 0xfb, 0xfc, 0xfb, 0xfc, 0xfc, 0xfb, 0xfc, 0xfc,
  0xfb, 0xfa, 0xfb, 0xfa, 0xfb, 0xfc, 0xfb, 0xfc, 0xfb, 0xfa, 0xfb, 0xfc,
  0xfb, 0xfb, 0xfc, 0xfb, 0xfa, 0xfb, 0xfb, 0xfc, 0xfd, 0xfc, 0xfb, 0xfc,
  0xfc, 0xfb, 0xfc, 0xfd, 0xfc, 0xfc, 0xfc, 0xfb, 0xfc, 0xfc, 0xfc, 0xfc,
  0xfc, 0xfb, 0xfc, 0xfb, 0xfa, 0xfb, 0xfb, 0xfc, 0xfb, 0xfc, 0xfb, 0xfb,
  0xfc, 0xfc, 0xfc, 0xfc, 0xfb, 0xfb, 0xfc, 0xfb, 0xfa, 0xfa, 0xf9, 0xfa,
  0xf9, 0xf8, 0xf7, 0xf7, 0xf5, 0xf9, 0xfa, 0x8f, 0x00, 0x03, 0x00, 0x00,
  0x00, 0x00, 0x00, 0x00, 0x00, 0x00, 0x00, 0x00, 0x00, 0x00, 0x00, 0x00,
  0x00, 0x00, 0x00, 0x00, 0x00, 0x00, 0x00, 0x00, 0x00, 0x00, 0x00, 0x00,
  0x00, 0x00, 0x00, 0x00, 0x00, 0x00, 0x00, 0x00, 0x00, 0x00, 0x00, 0x00,
  0x00, 0x52, 0xe9, 0xfd, 0xf4, 0xf5, 0xf8, 0xfb, 0xfd, 0xfd, 0xfc, 0xfd,
  0xfc, 0xfb, 0xfb, 0xfb, 0xfc, 0xfb, 0xfc, 0xfc, 0xfb, 0xfb, 0xfa, 0xfa,
  0xfb, 0xfa, 0xfb, 0xfc, 0xfb, 0xfc, 0xfb, 0xfa, 0xfb, 0xfa, 0xfa, 0xfa,
  0xfb, 0xfb, 0xfa, 0xfb, 0xfc, 0xfc, 0xfd, 0xfc, 0xfc, 0xfd, 0xfc, 0xfb,
  0xfc, 0xfb, 0xfa, 0xfa, 0xfa, 0xfb, 0xfc, 0xfb, 0xfa, 0xfa, 0xfb, 0xfc,
  0xfc, 0xfc, 0xfb, 0xfc, 0xfc, 0xfb, 0xfc, 0xfc, 0xfb, 0xfb, 0xfc, 0xfb,
  0xfa, 0xfa, 0xfb, 0xfb, 0xfc, 0xfb, 0xfc, 0xfb, 0xfa, 0xfa, 0xfb, 0xfc,
  0xfb, 0xfb, 0xfb, 0xfb, 0xfc, 0xfb, 0xfc, 0xfd, 0xfc, 0xfb, 0xfc, 0xfc,
  0xfb, 0xfc, 0xfd, 0xfc, 0xfc, 0xfb, 0xfc, 0xfb, 0xfb, 0xfc, 0xfb, 0xfc,
  0xfb, 0xfc, 0xfb, 0xfb, 0xfb, 0xfa, 0xfc, 0xfb, 0xfb, 0xfc, 0xfd, 0xfc,
  0xfb, 0xfb, 0xfc, 0xfd, 0xfc, 0xfb, 0xfb, 0xfa, 0xfb, 0xfa, 0xfa, 0xf9,
  0xf8, 0xf7, 0xf5, 0xf3, 0xff, 0xc0, 0x30, 0x00, 0x02, 0x00, 0x00, 0x00,
  0x00, 0x00, 0x00, 0x00, 0x00, 0x00, 0x00, 0x00, 0x00, 0x00, 0x00, 0x00,
  0x00, 0x00, 0x00, 0x00, 0x00, 0x00, 0x00, 0x00, 0x00, 0x00, 0x00, 0x00,
  0x00, 0x00, 0x00, 0x00, 0x00, 0x00, 0x00, 0x00, 0x00, 0x03, 0x00, 0x21,
  0xad, 0xff, 0xf9, 0xf5, 0xf7, 0xf9, 0xfc, 0xfb, 0xfc, 0xfc, 0xfb, 0xfc,
  0xfc, 0xfc, 0xfc, 0xfb, 0xfc, 0xfb, 0xfb, 0xfc, 0xfb, 0xfa, 0xfb, 0xfa,
  0xfb, 0xfb, 0xfb, 0xfc, 0xfb, 0xfb, 0xfa, 0xfb, 0xfb, 0xfb, 0xfb, 0xfb,
  0xfa, 0xfb, 0xfc, 0xfb, 0xfc, 0xfc, 0xfd, 0xfc, 0xfc, 0xfb, 0xfb, 0xfc,
  0xfb, 0xfb, 0xfb, 0xfb, 0xfb, 0xfc, 0xfb, 0xfb, 0xfc, 0xfb, 0xfc, 0xfc,
  0xfc, 0xfc, 0xfb, 0xfc, 0xfb, 0xfc, 0xfc, 0xfb, 0xfb, 0xfc, 0xfb, 0xfb,
  0xfb, 0xfc, 0xfc, 0xfc, 0xfb, 0xfc, 0xfb, 0xfb, 0xfb, 0xfb, 0xfc, 0xfb,
  0xfc, 0xfb, 0xfb, 0xfb, 0xfc, 0xfc, 0xfc, 0xfc, 0xfb, 0xfc, 0xfc, 0xfb,
  0xfc, 0xfc, 0xfc, 0xfb, 0xfc, 0xfb, 0xfa, 0xfb, 0xfc, 0xfc, 0xfb, 0xfc,
  0xfb, 0xfc, 0xfc, 0xfc, 0xfb, 0xfb, 0xfc, 0xfc, 0xfd, 0xfd, 0xfc, 0xfc,
  0xfb, 0xfb, 0xfc, 0xfc, 0xfc, 0xfc, 0xfb, 0xfa, 0xfb, 0xf9, 0xfa, 0xf9,
  0xf8, 0xf5, 0xfa, 0xeb, 0x6c, 0x00, 0x04, 0x00, 0x00, 0x00, 0x00, 0x00,
  0x00, 0x00, 0x00, 0x00, 0x00, 0x00, 0x00, 0x00, 0x00, 0x00, 0x00, 0x00,
  0x00, 0x00, 0x00, 0x00, 0x00, 0x00, 0x00, 0x00, 0x00, 0x00, 0x00, 0x00,
  0x00, 0x00, 0x00, 0x00, 0x00, 0x00, 0x00, 0x01, 0x00, 0x03, 0x65, 0xee,
  0xfd, 0xf6, 0xf9, 0xfa, 0xfa, 0xfa, 0xfa, 0xfb, 0xfb, 0xfb, 0xfc, 0xfd,
  0xfd, 0xfc, 0xfb, 0xfc, 0xfc, 0xfc, 0xfc, 0xfb, 0xfa, 0xfa, 0xfa, 0xfb,
  0xfb, 0xfb, 0xfc, 0xfc, 0xfb, 0xfa, 0xfb, 0xfc, 0xfc, 0xfc, 0xfb, 0xfb,
  0xfc, 0xfc, 0xfc, 0xfb, 0xfb, 0xfc, 0xfc, 0xfb, 0xfc, 0xfc, 0xfc, 0xfc,
  0xfb, 0xfc, 0xfc, 0xfc, 0xfb, 0xfc, 0xfd, 0xfd, 0xfb, 0xfc, 0xfc, 0xfc,
  0xfc, 0xfc, 0xfb, 0xfb, 0xfc, 0xfc, 0xfc, 0xfc, 0xfb, 0xfb, 0xfc, 0xfc,
  0xfb, 0xfb, 0xfb, 0xfc, 0xfb, 0xfc, 0xfc, 0xfb, 0xfb, 0xfb, 0xfb, 0xfb,
  0xfc, 0xfb, 0xfa, 0xfb, 0xfb, 0xfc, 0xfc, 0xfc, 0xfb, 0xfc, 0xfb, 0xfc,
  0xfc, 0xfc, 0xfc, 0xfb, 0xfb, 0xfb, 0xfb, 0xfd, 0xfc, 0xfb, 0xfc, 0xfc,
  0xfb, 0xfb, 0xfb, 0xfb, 0xfb, 0xfc, 0xfd, 0xfd, 0xfc, 0xfd, 0xfc, 0xfc,
  0xfc, 0xfc, 0xfc, 0xfb, 0xfb, 0xfc, 0xfb, 0xfa, 0xfa, 0xfb, 0xfa, 0xf7,
  0xf3, 0xff, 0xa2, 0x16, 0x00, 0x02, 0x00, 0x00, 0x00, 0x00, 0x00, 0x00,
  0x00, 0x00, 0x00, 0x00, 0x00, 0x00, 0x00, 0x00, 0x00, 0x00, 0x00, 0x00,
  0x00, 0x00, 0x00, 0x00, 0x00, 0x00, 0x00, 0x00, 0x00, 0x00, 0x00, 0x00,
  0x00, 0x00, 0x00, 0x00, 0x00, 0x00, 0x04, 0x00, 0x37, 0xc3, 0xff, 0xf6,
  0xf8, 0xfa, 0xfb, 0xfa, 0xf9, 0xfa, 0xfa, 0xfb, 0xfc, 0xfc, 0xfc, 0xfc,
  0xfc, 0xfb, 0xfb, 0xfb, 0xfb, 0xfb, 0xfb, 0xfb, 0xfb, 0xfb, 0xfa, 0xfb,
  0xfc, 0xfb, 0xfc, 0xfb, 0xfa, 0xfb, 0xfb, 0xfb, 0xfb, 0xfc, 0xfb, 0xfb,
  0xfb, 0xfb, 0xfc, 0xfc, 0xfb, 0xfc, 0xfb, 0xfb, 0xfb, 0xfb, 0xfb, 0xfc,
  0xfc, 0xfb, 0xfb, 0xfb, 0xfc, 0xfc, 0xfc, 0xfc, 0xfc, 0xfc, 0xfc, 0xfc,
  0xfb, 0xfc, 0xfc, 0xfb, 0xfb, 0xfb, 0xfb, 0xfc, 0xfc, 0xfb, 0xfb, 0xfa,
  0xfa, 0xfb, 0xfc, 0xfc, 0xfc, 0xfb, 0xfc, 0xfb, 0xfa, 0xfb, 0xfa, 0xfc,
  0xfc, 0xfb, 0xfa, 0xfb, 0xfb, 0xfb, 0xfb, 0xfc, 0xfb, 0xfc, 0xfb, 0xfb,
  0xfb, 0xfb, 0xfa, 0xfc, 0xfc, 0xfb, 0xfc, 0xfc, 0xfc, 0xfb, 0xfb, 0xfc,
  0xfc, 0xfc, 0xfc, 0xfb, 0xfb, 0xfc, 0xfc, 0xfb, 0xfc, 0xfc, 0xfc, 0xfc,
  0xfc, 0xfc, 0xfc, 0xfd, 0xfc, 0xfc, 0xfb, 0xfb, 0xfa, 0xf8, 0xf5, 0xfe,
  0xdc, 0x4d, 0x00, 0x05, 0x00, 0x00, 0x00, 0x00, 0x00, 0x00, 0x00, 0x00,
  0x00, 0x00, 0x00, 0x00, 0x00, 0x00, 0x00, 0x00, 0x00, 0x00, 0x00, 0x00,
  0x00, 0x00, 0x00, 0x00, 0x00, 0x00, 0x00, 0x00, 0x00, 0x00, 0x00, 0x00,
  0x00, 0x00, 0x00, 0x00, 0x02, 0x00, 0x14, 0x8e, 0xfb, 0xfa, 0xf5, 0xf9,
  0xf9, 0xfa, 0xfa, 0xf9, 0xfa, 0xfb, 0xfb, 0xfc, 0xfc, 0xfc, 0xfc, 0xfc,
  0xfc, 0xfb, 0xfa, 0xfa, 0xfa, 0xfb, 0xfc, 0xfc, 0xfb, 0xfb, 0xfa, 0xfb,
  0xfc, 0xfc, 0xfb, 0xfa, 0xfb, 0xfc, 0xfc, 0xfb, 0xfc, 0xfb, 0xfa, 0xfb,
  0xfc, 0xfc, 0xfd, 0xfc, 0xfc, 0xfc, 0xfa, 0xfa, 0xfb, 0xfb, 0xfc, 0xfc,
  0xfc, 0xfc, 0xfb, 0xfc, 0xfb, 0xfb, 0xfb, 0xfc, 0xfc, 0xfc, 0xfc, 0xfc,
  0xfb, 0xfb, 0xfb, 0xfa, 0xfa, 0xfb, 0xfd, 0xfc, 0xfb, 0xfb, 0xfa, 0xfb,
  0xfc, 0xfb, 0xfb, 0xfb, 0xfb, 0xfc, 0xfb, 0xfa, 0xfb, 0xfb, 0xfc, 0xfb,
  0xfc, 0xfb, 0xfa, 0xfa, 0xfa, 0xfb, 0xfc, 0xfb, 0xfc, 0xfb, 0xfa, 0xfa,
  0xfa, 0xfb, 0xfb, 0xfb, 0xfb, 0xfb, 0xfb, 0xfb, 0xfb, 0xfb, 0xfc, 0xfd,
  0xfd, 0xfd, 0xfc, 0xfc, 0xfb, 0xfb, 0xfc, 0xfb, 0xfb, 0xfb, 0xfb, 0xfb,
  0xfc, 0xfd, 0xfe, 0xfe, 0xfe, 0xfd, 0xfb, 0xf8, 0xf4, 0xf3, 0xff, 0x84,
  0x07, 0x00, 0x01, 0x00, 0x00, 0x00, 0x00, 0x00, 0x00, 0x00, 0x00, 0x00,
  0x00, 0x00, 0x00, 0x00, 0x00, 0x00, 0x00, 0x00, 0x00, 0x00, 0x00, 0x00,
  0x00, 0x00, 0x00, 0x00, 0x00, 0x00, 0x00, 0x00, 0x00, 0x00, 0x00, 0x00,
  0x00, 0x00, 0x00, 0x04, 0x00, 0x52, 0xdf, 0xff, 0xf5, 0xf8, 0xf8, 0xf8,
  0xf9, 0xf9, 0xfa, 0xfa, 0xfa, 0xfb, 0xfb, 0xfb, 0xfb, 0xfb, 0xfb, 0xfb,
  0xfb, 0xfb, 0xfb, 0xfa, 0xfb, 0xfc, 0xfb, 0xfc, 0xfb, 0xfb, 0xfb, 0xfb,
  0xfb, 0xfb, 0xfb, 0xfa, 0xfb, 0xfb, 0xfb, 0xfb, 0xfc, 0xfb, 0xfb, 0xfc,
  0xfc, 0xfc, 0xfc, 0xfb, 0xfb, 0xfb, 0xfb, 0xfc, 0xfb, 0xfc, 0xfd, 0xfd,
  0xfc, 0xfb, 0xfc, 0xfb, 0xfa, 0xfa, 0xfc, 0xfb, 0xfb, 0xfb, 0xfc, 0xfb,
  0xfa, 0xfa, 0xfb, 0xfa, 0xfb, 0xfc, 0xfc, 0xfb, 0xfb, 0xfb, 0xfb, 0xfb,
  0xfc, 0xfc, 0xfc, 0xfc, 0xfc, 0xfb, 0xfa, 0xfb, 0xfc, 0xfb, 0xfc, 0xfb,
  0xfb, 0xfb, 0xfa, 0xfb, 0xfb, 0xfc, 0xfb, 0xfb, 0xfb, 0xfb, 0xfa, 0xfb,
  0xfc, 0xfc, 0xfc, 0xfb, 0xfc, 0xfb, 0xfa, 0xfb, 0xfb, 0xfc, 0xfc, 0xfc,
  0xfc, 0xfb, 0xfd, 0xfc, 0xfb, 0xfb, 0xfc, 0xfc, 0xfc, 0xfc, 0xfb, 0xfc,
  0xfd, 0xfe, 0xff, 0xff, 0xfe, 0xfb, 0xf6, 0xf2, 0xfc, 0xc5, 0x33, 0x00,
  0x04, 0x00, 0x00, 0x00, 0x00, 0x00, 0x00, 0x00, 0x00, 0x00, 0x00, 0x00,
  0x00, 0x00, 0x00, 0x00, 0x00, 0x00, 0x00, 0x00, 0x00, 0x00, 0x00, 0x00,
  0x00, 0x00, 0x00, 0x00, 0x00, 0x00, 0x00, 0x00, 0x00, 0x00, 0x00, 0x00,
  0x00, 0x02, 0x00, 0x22, 0xa7, 0xff, 0xf7, 0xf5, 0xfa, 0xf9, 0xf9, 0xf9,
  0xfa, 0xfb, 0xfb, 0xfb, 0xfb, 0xfb, 0xfa, 0xfb, 0xfa, 0xfa, 0xfa, 0xfa,
  0xfb, 0xfb, 0xfa, 0xfb, 0xfc, 0xfc, 0xfc, 0xfc, 0xfb, 0xfb, 0xfa, 0xfb,
  0xfc, 0xfc, 0xfb, 0xfa, 0xfa, 0xfb, 0xfc, 0xfc, 0xfc, 0xfc, 0xfb, 0xfb,
  0xfb, 0xfb, 0xfa, 0xfa, 0xfb, 0xfc, 0xfc, 0xfc, 0xfc, 0xfc, 0xfc, 0xfc,
  0xfb, 0xfb, 0xfa, 0xfb, 0xfb, 0xfc, 0xfc, 0xfc, 0xfc, 0xfc, 0xfb, 0xfb,
  0xfb, 0xfa, 0xfa, 0xfb, 0xfc, 0xfb, 0xfc, 0xfc, 0xfc, 0xfc, 0xfc, 0xfc,
  0xfd, 0xfd, 0xfc, 0xfb, 0xfb, 0xfa, 0xfb, 0xfb, 0xfc, 0xfb, 0xfb, 0xfa,
  0xfa, 0xfb, 0xfb, 0xfc, 0xfb, 0xfb, 0xfc, 0xfc, 0xfb, 0xfb, 0xfb, 0xfc,
  0xfb, 0xfb, 0xfc, 0xfb, 0xfb, 0xfb, 0xfb, 0xfc, 0xfb, 0xfb, 0xfb, 0xfb,
  0xfc, 0xfc, 0xfc, 0xfc, 0xfb, 0xfc, 0xfd, 0xfd, 0xfc, 0xfc, 0xfc, 0xfd,
  0xfe, 0xff, 0xfe, 0xfd, 0xfb, 0xf8, 0xf9, 0xf5, 0x66, 0x00, 0x00, 0x01,
  0x00, 0x00, 0x00, 0x00, 0x00, 0x00, 0x00, 0x00, 0x00, 0x00, 0x00, 0x00,
  0x00, 0x00, 0x00, 0x00, 0x00, 0x00, 0x00, 0x00, 0x00, 0x00, 0x00, 0x00,
  0x00, 0x00, 0x00, 0x00, 0x00, 0x00, 0x00, 0x00, 0x00, 0x00, 0x00, 0x00,
  0x02, 0x00, 0x79, 0xf1, 0xfb, 0xf3, 0xf8, 0xfa, 0xfb, 0xfb, 0xfa, 0xfa,
  0xfa, 0xfb, 0xfc, 0xfb, 0xfa, 0xfa, 0xfa, 0xfa, 0xfb, 0xfb, 0xfa, 0xfa,
  0xfa, 0xfa, 0xfb, 0xfb, 0xfc, 0xfc, 0xfc, 0xfc, 0xfb, 0xfb, 0xfb, 0xfc,
  0xfb, 0xfc, 0xfb, 0xfb, 0xfb, 0xfc, 0xfd, 0xfd, 0xfc, 0xfb, 0xfc, 0xfc,
  0xfb, 0xfa, 0xfa, 0xfb, 0xfc, 0xfb, 0xfc, 0xfd, 0xfc, 0xfb, 0xfb, 0xfb,
  0xfa, 0xfb, 0xfc, 0xfc, 0xfb, 0xfc, 0xfd, 0xfd, 0xfc, 0xfb, 0xfc, 0xfb,
  0xfa, 0xfa, 0xfb, 0xfb, 0xfc, 0xfb, 0xfb, 0xfb, 0xfd, 0xfd, 0xfd, 0xfd,
  0xfc, 0xfc, 0xfc, 0xfb, 0xfa, 0xfa, 0xfa, 0xfc, 0xfc, 0xfc, 0xfb, 0xfb,
  0xfc, 0xfc, 0xfc, 0xfc, 0xfb, 0xfc, 0xfc, 0xfb, 0xfc, 0xfc, 0xfb, 0xfc,
  0xfc, 0xfb, 0xfa, 0xfb, 0xfc, 0xfc, 0xfb, 0xfc, 0xfc, 0xfb, 0xfc, 0xfd,
  0xfb, 0xfb, 0xfb, 0xfb, 0xfc, 0xfd, 0xfd, 0xfd, 0xfd, 0xfd, 0xfe, 0xfe,
  0xfe, 0xfc, 0xfb, 0xfb, 0xfa, 0xff, 0xb0, 0x21, 0x00, 0x03, 0x00, 0x00,
  0x00, 0x00, 0x00, 0x00, 0x00, 0x00, 0x00, 0x00, 0x00, 0x00, 0x00, 0x00,
  0x00, 0x00, 0x00, 0x00, 0x00, 0x00, 0x00, 0x00, 0x00, 0x00, 0x00, 0x00,
  0x00, 0x00, 0x00, 0x00, 0x00, 0x00, 0x00, 0x00, 0x00, 0x00, 0x03, 0x00,
  0x40, 0xcb, 0xff, 0xf5, 0xf4, 0xfa, 0xfb, 0xfb, 0xfb, 0xfb, 0xfb, 0xfb,
  0xfa, 0xfb, 0xfb, 0xfb, 0xfa, 0xf9, 0xfa, 0xfb, 0xfb, 0xfb, 0xfb, 0xfb,
  0xfa, 0xfb, 0xfb, 0xfc, 0xfd, 0xfc, 0xfb, 0xfc, 0xfc, 0xfb, 0xfb, 0xfc,
  0xfc, 0xfc, 0xfc, 0xfc, 0xfc, 0xfc, 0xfc, 0xfc, 0xfb, 0xfc, 0xfb, 0xfa,
  0xfb, 0xfb, 0xfa, 0xfb, 0xfc, 0xfc, 0xfc, 0xfc, 0xfc, 0xfb, 0xfa, 0xfb,
  0xfc, 0xfb, 0xfb, 0xfb, 0xfb, 0xfc, 0xfc, 0xfc, 0xfb, 0xfc, 0xfb, 0xfa,
  0xfb, 0xfa, 0xfb, 0xfb, 0xfc, 0xfc, 0xfb, 0xfc, 0xfc, 0xfc, 0xfc, 0xfc,
  0xfb, 0xfc, 0xfb, 0xfb, 0xfb, 0xfb, 0xfc, 0xfb, 0xfb, 0xfa, 0xfb, 0xfc,
  0xfb, 0xfc, 0xfc, 0xfc, 0xfc, 0xfc, 0xfb, 0xfc, 0xfb, 0xfa, 0xfb, 0xfb,
  0xfb, 0xfa, 0xfb, 0xfc, 0xfb, 0xfc, 0xfb, 0xfb, 0xfb, 0xfc, 0xfc, 0xfc,
  0xfb, 0xfc, 0xfc, 0xfc, 0xfc, 0xfc, 0xfc, 0xfc, 0xfd, 0xfe, 0xfe, 0xfd,
  0xfb, 0xf9, 0xfa, 0xfc, 0xf5, 0x51, 0x00, 0x01, 0x00, 0x00, 0x00, 0x00,
  0x00, 0x00, 0x00, 0x00, 0x00, 0x00, 0x00, 0x00, 0x00, 0x00, 0x00, 0x00,
  0x00, 0x00, 0x00, 0x00, 0x00, 0x00, 0x00, 0x00, 0x00, 0x00, 0x00, 0x00,
  0x00, 0x00, 0x00, 0x00, 0x00, 0x00, 0x00, 0x00, 0x00, 0x01, 0x09, 0x96,
  0xfc, 0xfd, 0xf7, 0xf8, 0xfa, 0xfc, 0xfc, 0xfc, 0xfc, 0xfc, 0xfb, 0xfa,
  0xfa, 0xfa, 0xfa, 0xfa, 0xfa, 0xfb, 0xfa, 0xfb, 0xfc, 0xfc, 0xfc, 0xfb,
  0xfb, 0xfc, 0xfb, 0xfb, 0xfb, 0xfb, 0xfb, 0xfc, 0xfc, 0xfc, 0xfd, 0xfc,
  0xfb, 0xfb, 0xfb, 0xfb, 0xfb, 0xfb, 0xfc, 0xfc, 0xfb, 0xfa, 0xfb, 0xfc,
  0xfc, 0xfb, 0xfa, 0xfb, 0xfb, 0xfb, 0xfb, 0xfc, 0xfb, 0xfa, 0xfb, 0xfc,
  0xfb, 0xfc, 0xfc, 0xfc, 0xfb, 0xfb, 0xfc, 0xfc, 0xfc, 0xfb, 0xfa, 0xfa,
  0xfa, 0xfa, 0xfb, 0xfc, 0xfb, 0xfc, 0xfb, 0xfc, 0xfc, 0xfb, 0xfb, 0xfc,
  0xfb, 0xfb, 0xfc, 0xfc, 0xfc, 0xfb, 0xfa, 0xfa, 0xfa, 0xfb, 0xfc, 0xfb,
  0xfc, 0xfd, 0xfd, 0xfc, 0xfb, 0xfc, 0xfb, 0xfa, 0xfa, 0xfa, 0xfa, 0xfb,
  0xfa, 0xfb, 0xfc, 0xfc, 0xfc, 0xfb, 0xfb, 0xfc, 0xfc, 0xfd, 0xfd, 0xfc,
  0xfc, 0xfd, 0xfc, 0xfb, 0xfb, 0xfc, 0xfc, 0xfd, 0xfe, 0xff, 0xfd, 0xf9,
  0xf6, 0xfa, 0xff, 0xab, 0x1a, 0x00, 0x02, 0x00, 0x00, 0x00, 0x00, 0x00,
  0x00, 0x00, 0x00, 0x00, 0x00, 0x00, 0x00, 0x00, 0x00, 0x00, 0x00, 0x00,
  0x00, 0x00, 0x00, 0x00, 0x00, 0x00, 0x00, 0x00, 0x00, 0x00, 0x00, 0x00,
  0x00, 0x00, 0x00, 0x00, 0x00, 0x00, 0x00, 0x02, 0x00, 0x58, 0xdc, 0xff,
  0xfb, 0xfb, 0xfa, 0xfc, 0xfe, 0xfc, 0xfd, 0xfb, 0xfc, 0xfb, 0xfa, 0xfb,
  0xfa, 0xf9, 0xfa, 0xfb, 0xfa, 0xfb, 0xfb, 0xfc, 0xfb, 0xfb, 0xfb, 0xfb,
  0xfc, 0xfc, 0xfc, 0xfc, 0xfc, 0xfc, 0xfc, 0xfd, 0xfc, 0xfc, 0xfb, 0xfc,
  0xfb, 0xfa, 0xfb, 0xfc, 0xfb, 0xfc, 0xfb, 0xfa, 0xfb, 0xfc, 0xfb, 0xfc,
  0xfc, 0xfb, 0xfa, 0xfb, 0xfc, 0xfb, 0xfb, 0xfc, 0xfb, 0xfb, 0xfc, 0xfb,
  0xfc, 0xfb, 0xfb, 0xfb, 0xfb, 0xfb, 0xfb, 0xfc, 0xfb, 0xfa, 0xfb, 0xfb,
  0xfb, 0xfb, 0xfb, 0xfa, 0xfb, 0xfb, 0xfc, 0xfc, 0xfb, 0xfc, 0xfb, 0xfa,
  0xfb, 0xfc, 0xfb, 0xfc, 0xfb, 0xfb, 0xfb, 0xfa, 0xfb, 0xfb, 0xfb, 0xfb,
  0xfc, 0xfc, 0xfb, 0xfc, 0xfb, 0xfa, 0xfb, 0xfb, 0xfb, 0xfb, 0xfb, 0xfa,
  0xfb, 0xfb, 0xfc, 0xfb, 0xfa, 0xfb, 0xfc, 0xfc, 0xfd, 0xfc, 0xfb, 0xfc,
  0xfd, 0xfc, 0xfb, 0xfc, 0xfb, 0xfc, 0xfc, 0xfd, 0xff, 0xfd, 0xf7, 0xf6,
  0xfc, 0xed, 0x47, 0x00, 0x00, 0x00, 0x00, 0x00, 0x00, 0x00, 0x00, 0x00,
  0x00, 0x00, 0x00, 0x00, 0x00, 0x00, 0x00, 0x00, 0x00, 0x00, 0x00, 0x00,
  0x00, 0x00, 0x00, 0x00, 0x00, 0x00, 0x00, 0x00, 0x00, 0x00, 0x00, 0x00,
  0x00, 0x00, 0x00, 0x00, 0x00, 0x00, 0x00, 0x19, 0xae, 0xff, 0xfd, 0xfa,
  0xfc, 0xfd, 0xfe, 0xfd, 0xfc, 0xfc, 0xfc, 0xfc, 0xfb, 0xfa, 0xfb, 0xfa,
  0xf9, 0xfa, 0xfb, 0xfb, 0xfc, 0xfb, 0xfc, 0xfc, 0xfc, 0xfb, 0xfb, 0xfb,
  0xfc, 0xfd, 0xfd, 0xfd, 0xfd, 0xfc, 0xfb, 0xfb, 0xfb, 0xfc, 0xfc, 0xfb,
  0xfa, 0xfa, 0xfa, 0xfa, 0xfa, 0xfa, 0xfb, 0xfc, 0xfb, 0xfc, 0xfb, 0xfc,
  0xfc, 0xfb, 0xfa, 0xfa, 0xfb, 0xfa, 0xfb, 0xfb, 0xfa, 0xfb, 0xfc, 0xfc,
  0xfb, 0xfb, 0xfa, 0xfa, 0xfa, 0xfb, 0xfa, 0xfb, 0xfc, 0xfb, 0xfc, 0xfc,
  0xfb, 0xfa, 0xfb, 0xfb, 0xfc, 0xfb, 0xfb, 0xfb, 0xfc, 0xfb, 0xfb, 0xfc,
  0xfc, 0xfc, 0xfb, 0xfc, 0xfb, 0xfb, 0xfa, 0xfa, 0xfb, 0xfa, 0xfb, 0xfc,
  0xfb, 0xfc, 0xfb, 0xfa, 0xfb, 0xfc, 0xfc, 0xfc, 0xfb, 0xfa, 0xfb, 0xfa,
  0xfa, 0xfa, 0xfa, 0xfb, 0xfc, 0xfb, 0xfc, 0xfd, 0xfc, 0xfc, 0xfb, 0xfb,
  0xfb, 0xfc, 0xfb, 0xfb, 0xfc, 0xfc, 0xfd, 0xfc, 0xfb, 0xf8, 0xfb, 0xfd,
  0x92, 0x0f, 0x00, 0x01, 0x00, 0x00, 0x00, 0x00, 0x00, 0x00, 0x00, 0x00,
  0x00, 0x00, 0x00, 0x00, 0x00, 0x00, 0x00, 0x00, 0x00, 0x00, 0x00, 0x00,
  0x00, 0x00, 0x00, 0x00, 0x00, 0x00, 0x00, 0x00, 0x00, 0x00, 0x00, 0x00,
  0x00, 0x00, 0x00, 0x00, 0x01, 0x00, 0x74, 0xeb, 0xff, 0xf5, 0xf7, 0xfd,
  0xfe, 0xfd, 0xfe, 0xfd, 0xfc, 0xfc, 0xfc, 0xfb, 0xfa, 0xfb, 0xfb, 0xfa,
  0xfb, 0xfc, 0xfb, 0xfb, 0xfc, 0xfc, 0xfb, 0xfc, 0xfb, 0xfb, 0xfc, 0xfb,
  0xfc, 0xfd, 0xfc, 0xfd, 0xfc, 0xfb, 0xfc, 0xfb, 0xfc, 0xfc, 0xfb, 0xfa,
  0xfb, 0xfa, 0xfa, 0xfb, 0xfa, 0xfb, 0xfc, 0xfb, 0xfc, 0xfc, 0xfc, 0xfc,
  0xfb, 0xfa, 0xfa, 0xfb, 0xfb, 0xfa, 0xfb, 0xfa, 0xfb, 0xfc, 0xfb, 0xfc,
  0xfb, 0xfb, 0xfa, 0xfb, 0xfb, 0xfa, 0xfb, 0xfc, 0xfb, 0xfb, 0xfc, 0xfb,
  0xfb, 0xfc, 0xfc, 0xfc, 0xfb, 0xfc, 0xfb, 0xfc, 0xfd, 0xfc, 0xfc, 0xfd,
  0xfc, 0xfb, 0xfc, 0xfb, 0xfb, 0xfa, 0xfa, 0xfb, 0xfa, 0xfb, 0xfc, 0xfb,
  0xfc, 0xfc, 0xfb, 0xfb, 0xfc, 0xfc, 0xfc, 0xfb, 0xfa, 0xfb, 0xfa, 0xfb,
  0xfa, 0xfb, 0xfc, 0xfb, 0xfb, 0xfc, 0xfd, 0xfc, 0xfd, 0xfc, 0xfb, 0xfc,
  0xfb, 0xfa, 0xfb, 0xfc, 0xfb, 0xfa, 0xf8, 0xf9, 0xfb, 0xfe, 0xd7, 0x2c,
  0x00, 0x00, 0x00, 0x00, 0x00, 0x00, 0x00, 0x00, 0x00, 0x00, 0x00, 0x00,
  0x00, 0x00, 0x00, 0x00, 0x00, 0x00, 0x00, 0x00, 0x00, 0x00, 0x00, 0x00,
  0x00, 0x00, 0x00, 0x00, 0x00, 0x00, 0x00, 0x00, 0x00, 0x00, 0x00, 0x00,
  0x00, 0x00, 0x00, 0x00, 0x27, 0xc4, 0xff, 0xf8, 0xf3, 0xf8, 0xfd, 0xff,
  0xfe, 0xfd, 0xfd, 0xfc, 0xfc, 0xfb, 0xfb, 0xfb, 0xfa, 0xfb, 0xfa, 0xfb,
  0xfc, 0xfb, 0xfc, 0xfd, 0xfc, 0xfb, 0xfb, 0xfa, 0xfb, 0xfc, 0xfb, 0xfc,
  0xfd, 0xfd, 0xfd, 0xfc, 0xfb, 0xfc, 0xfb, 0xfb, 0xfb, 0xfb, 0xfa, 0xfb,
  0xfb, 0xfb, 0xfb, 0xfa, 0xfb, 0xfc, 0xfb, 0xfc, 0xfb, 0xfc, 0xfc, 0xfb,
  0xfa, 0xfa, 0xfb, 0xfc, 0xfb, 0xfa, 0xfb, 0xfc, 0xfb, 0xfb, 0xfc, 0xfc,
  0xfb, 0xfa, 0xfa, 0xfa, 0xfa, 0xfb, 0xfc, 0xfb, 0xfc, 0xfc, 0xfb, 0xfb,
  0xfc, 0xfc, 0xfc, 0xfc, 0xfc, 0xfb, 0xfc, 0xfd, 0xfc, 0xfc, 0xfd, 0xfc,
  0xfb, 0xfc, 0xfb, 0xfb, 0xfa, 0xfb, 0xfb, 0xfa, 0xfb, 0xfc, 0xfc, 0xfb,
  0xfb, 0xfc, 0xfb, 0xfc, 0xfc, 0xfc, 0xfb, 0xfa, 0xfa, 0xfb, 0xfa, 0xfb,
  0xfc, 0xfb, 0xfc, 0xfc, 0xfc, 0xfd, 0xfd, 0xfc, 0xfb, 0xfc, 0xfb, 0xfa,
  0xfb, 0xfb, 0xfb, 0xfa, 0xf9, 0xf7, 0xf8, 0xff, 0xf6, 0x6b, 0x05, 0x00,
  0x00, 0x00, 0x00, 0x00, 0x00, 0x00, 0x00, 0x00, 0x00, 0x00, 0x00, 0x00,
  0x00, 0x00, 0x00, 0x00, 0x00, 0x00, 0x00, 0x00, 0x00, 0x00, 0x00, 0x00,
  0x00, 0x00, 0x00, 0x00, 0x00, 0x00, 0x00, 0x00, 0x00, 0x00, 0x00, 0x00,
  0x00, 0x00, 0x00, 0x84, 0xf3, 0xff, 0xf8, 0xf7, 0xfa, 0xfd, 0xff, 0xfe,
  0xfd, 0xfe, 0xfc, 0xfc, 0xfb, 0xfc, 0xfb, 0xfa, 0xfb, 0xfa, 0xfb, 0xfc,
  0xfb, 0xfc, 0xfd, 0xfd, 0xfc, 0xfc, 0xfc, 0xfc, 0xfc, 0xfc, 0xfc, 0xfc,
  0xfc, 0xfc, 0xfc, 0xfb, 0xfb, 0xfb, 0xfa, 0xfa, 0xfb, 0xfb, 0xfb, 0xfb,
  0xfb, 0xfb, 0xfa, 0xfb, 0xfc, 0xfb, 0xfc, 0xfc, 0xfb, 0xfc, 0xfb, 0xfa,
  0xfb, 0xfb, 0xfb, 0xfb, 0xfb, 0xfb, 0xfc, 0xfb, 0xfc, 0xfb, 0xfb, 0xfa,
  0xfb, 0xfb, 0xfb, 0xfb, 0xfb, 0xfc, 0xfb, 0xfb, 0xfc, 0xfc, 0xfc, 0xfb,
  0xfb, 0xfc, 0xfc, 0xfc, 0xfb, 0xfc, 0xfc, 0xfc, 0xfb, 0xfc, 0xfc, 0xfb,
  0xfc, 0xfb, 0xfb, 0xfb, 0xfb, 0xfb, 0xfb, 0xfb, 0xfb, 0xfb, 0xfb, 0xfa,
  0xfb, 0xfc, 0xfb, 0xfc, 0xfc, 0xfb, 0xfb, 0xfb, 0xfa, 0xfa, 0xfb, 0xfc,
  0xfb, 0xfc, 0xfc, 0xfb, 0xfc, 0xfc, 0xfb, 0xfc, 0xfb, 0xfb, 0xfa, 0xfa,
  0xfa, 0xfa, 0xf9, 0xf8, 0xf7, 0xfc, 0xfd, 0xb0, 0x0f, 0x00, 0x00, 0x00,
  0x00, 0x00, 0x00, 0x00, 0x00, 0x00, 0x00, 0x00, 0x00, 0x00, 0x00, 0x00,
  0x00, 0x00, 0x00, 0x00, 0x00, 0x00, 0x00, 0x00, 0x00, 0x00, 0x00, 0x00,
  0x00, 0x00, 0x00, 0x00, 0x00, 0x00, 0x00, 0x00, 0x00, 0x00, 0x00, 0x00,
  0x01, 0x32, 0xd1, 0xff, 0xfd, 0xfa, 0xfc, 0xfc, 0xfd, 0xfe, 0xfe, 0xfd,
  0xfd, 0xfc, 0xfc, 0xfc, 0xfb, 0xfa, 0xfb, 0xfb, 0xfa, 0xfb, 0xfc, 0xfb,
  0xfc, 0xfd, 0xfc, 0xfd, 0xfd, 0xfd, 0xfc, 0xfc, 0xfd, 0xfc, 0xfb, 0xfb,
  0xfc, 0xfc, 0xfc, 0xfb, 0xfa, 0xfb, 0xfa, 0xfa, 0xfa, 0xfa, 0xfa, 0xfa,
  0xfb, 0xfa, 0xfb, 0xfc, 0xfc, 0xfd, 0xfd, 0xfb, 0xfc, 0xfa, 0xfa, 0xfb,
  0xfb, 0xfa, 0xfb, 0xfc, 0xfc, 0xfb, 0xfb, 0xfc, 0xfc, 0xfa, 0xfa, 0xfb,
  0xfc, 0xfc, 0xfc, 0xfc, 0xfb, 0xfc, 0xfc, 0xfb, 0xfc, 0xfb, 0xfc, 0xfc,
  0xfc, 0xfb, 0xfc, 0xfb, 0xfc, 0xfc, 0xfc, 0xfc, 0xfc, 0xfc, 0xfb, 0xfc,
  0xfb, 0xfb, 0xfa, 0xfa, 0xfa, 0xfa, 0xfa, 0xfa, 0xfa, 0xfa, 0xfa, 0xfb,
  0xfc, 0xfb, 0xfb, 0xfb, 0xfc, 0xfc, 0xfb, 0xfa, 0xfa, 0xfb, 0xfc, 0xfc,
  0xfc, 0xfc, 0xfc, 0xfc, 0xfc, 0xfc, 0xfb, 0xfa, 0xfa, 0xf9, 0xfa, 0xf9,
  0xf8, 0xf8, 0xf8, 0xf9, 0xff, 0xde, 0x36, 0x00, 0x00, 0x00, 0x00, 0x00,
  0x00, 0x00, 0x00, 0x00, 0x00, 0x00, 0x00, 0x00, 0x00, 0x00, 0x00, 0x00,
  0x00, 0x00, 0x00, 0x00, 0x00, 0x00, 0x00, 0x00, 0x00, 0x00, 0x00, 0x00,
  0x00, 0x00, 0x00, 0x00, 0x00, 0x00, 0x00, 0x00, 0x00, 0x00, 0x00, 0x05,
  0x94, 0xf8, 0xff, 0xfa, 0xfc, 0xfd, 0xfe, 0xfd, 0xfd, 0xfd, 0xfd, 0xfc,
  0xfc, 0xfc, 0xfb, 0xfb, 0xfb, 0xfa, 0xfb, 0xfa, 0xfb, 0xfb, 0xfc, 0xfc,
  0xfc, 0xfb, 0xfc, 0xfc, 0xfc, 0xfd, 0xfd, 0xfd, 0xfc, 0xfb, 0xfc, 0xfb,
  0xfb, 0xfc, 0xfb, 0xfa, 0xfb, 0xfb, 0xfb, 0xfb, 0xfb, 0xfb, 0xfb, 0xfa,
  0xfa, 0xfb, 0xfc, 0xfc, 0xfc, 0xfc, 0xfb, 0xfc, 0xfb, 0xfb, 0xfb, 0xfa,
  0xfb, 0xfb, 0xfc, 0xfc, 0xfb, 0xfc, 0xfb, 0xfb, 0xfa, 0xfb, 0xfb, 0xfb,
  0xfc, 0xfc, 0xfc, 0xfc, 0xfb, 0xfb, 0xfc, 0xfb, 0xfc, 0xfb, 0xfb, 0xfb,
  0xfc, 0xfb, 0xfc, 0xfb, 0xfb, 0xfb, 0xfb, 0xfc, 0xfb, 0xfb, 0xfc, 0xfc,
  0xfa, 0xfb, 0xfb, 0xfb, 0xfb, 0xfb, 0xfb, 0xfb, 0xfb, 0xfb, 0xfb, 0xfc,
  0xfb, 0xfc, 0xfc, 0xfc, 0xfb, 0xfb, 0xfb, 0xfb, 0xfb, 0xfc, 0xfb, 0xfb,
  0xfb, 0xfb, 0xfb, 0xfb, 0xfb, 0xfa, 0xfb, 0xfa, 0xfa, 0xf9, 0xf8, 0xf7,
  0xf6, 0xf7, 0xff, 0xf3, 0x7f, 0x00, 0x00, 0x00, 0x00, 0x00, 0x00, 0x00,
  0x00, 0x00, 0x00, 0x00, 0x00, 0x00, 0x00, 0x00, 0x00, 0x00, 0x00, 0x00,
  0x00, 0x00, 0x00, 0x00, 0x00, 0x00, 0x00, 0x00, 0x00, 0x00, 0x00, 0x00,
  0x00, 0x00, 0x00, 0x00, 0x00, 0x00, 0x00, 0x00, 0x00, 0x01, 0x45, 0xdc,
  0xff, 0xf9, 0xf9, 0xfc, 0xfc, 0xfc, 0xfc, 0xfd, 0xfe, 0xfd, 0xfd, 0xfc,
  0xfc, 0xfb, 0xfb, 0xfa, 0xfa, 0xfa, 0xfb, 0xfa, 0xfb, 0xfb, 0xfc, 0xfb,
  0xfc, 0xfd, 0xfd, 0xfd, 0xfd, 0xfd, 0xfd, 0xfc, 0xfb, 0xfc, 0xfc, 0xfc,
  0xfc, 0xfb, 0xfa, 0xfa, 0xfc, 0xfb, 0xfb, 0xfc, 0xfc, 0xfb, 0xfa, 0xfb,
  0xfb, 0xfb, 0xfb, 0xfc, 0xfb, 0xfc, 0xfc, 0xfc, 0xfc, 0xfb, 0xfb, 0xfb,
  0xfc, 0xfb, 0xfb, 0xfc, 0xfb, 0xfb, 0xfb, 0xfb, 0xfc, 0xfb, 0xfc, 0xfb,
  0xfb, 0xfb, 0xfc, 0xfb, 0xfb, 0xfc, 0xfb, 0xfc, 0xfb, 0xfa, 0xfb, 0xfc,
  0xfb, 0xfc, 0xfb, 0xfa, 0xfa, 0xfb, 0xfc, 0xfb, 0xfc, 0xfc, 0xfb, 0xfb,
  0xfc, 0xfc, 0xfb, 0xfc, 0xfc, 0xfc, 0xfc, 0xfc, 0xfc, 0xfc, 0xfc, 0xfc,
  0xfb, 0xfc, 0xfb, 0xfb, 0xfc, 0xfc, 0xfc, 0xfc, 0xfc, 0xfb, 0xfb, 0xfa,
  0xfa, 0xfa, 0xfb, 0xfa, 0xfa, 0xfb, 0xfa, 0xf9, 0xf9, 0xf8, 0xf7, 0xf5,
  0xf8, 0xff, 0xbf, 0x17, 0x00, 0x00, 0x00, 0x00, 0x00, 0x00, 0x00, 0x00,
  0x00, 0x00, 0x00, 0x00, 0x00, 0x00, 0x00, 0x00, 0x00, 0x00, 0x00, 0x00,
  0x00, 0x00, 0x00, 0x00, 0x00, 0x00, 0x00, 0x00, 0x00, 0x00, 0x00, 0x00,
  0x00, 0x00, 0x00, 0x00, 0x00, 0x00, 0x00, 0x00, 0x10, 0xa8, 0xfa, 0xf9,
  0xf5, 0xf8, 0xfa, 0xfb, 0xfb, 0xfc, 0xfd, 0xfd, 0xfe, 0xfc, 0xfc, 0xfc,
  0xfc, 0xfa, 0xfb, 0xfb, 0xfb, 0xfa, 0xfb, 0xfa, 0xfb, 0xfb, 0xfc, 0xfc,
  0xfc, 0xfc, 0xfc, 0xfc, 0xfc, 0xfd, 0xfc, 0xfb, 0xfc, 0xfc, 0xfb, 0xfc,
  0xfb, 0xfb, 0xfb, 0xfb, 0xfc, 0xfc, 0xfc, 0xfb, 0xfb, 0xfb, 0xfa, 0xfa,
  0xfa, 0xfa, 0xfb, 0xfc, 0xfb, 0xfb, 0xfb, 0xfb, 0xfc, 0xfc, 0xfb, 0xfc,
  0xfc, 0xfc, 0xfb, 0xfc, 0xfc, 0xfc, 0xfc, 0xfb, 0xfc, 0xfc, 0xfb, 0xfa,
  0xfb, 0xfc, 0xfb, 0xfb, 0xfc, 0xfc, 0xfc, 0xfc, 0xfb, 0xfc, 0xfc, 0xfc,
  0xfc, 0xfb, 0xfa, 0xfa, 0xfb, 0xfc, 0xfb, 0xfb, 0xfb, 0xfa, 0xfc, 0xfb,
  0xfc, 0xfc, 0xfc, 0xfb, 0xfc, 0xfb, 0xfb, 0xfb, 0xfb, 0xfb, 0xfb, 0xfc,
  0xfc, 0xfc, 0xfb, 0xfb, 0xfb, 0xfb, 0xfb, 0xfb, 0xfc, 0xfb, 0xfa, 0xfb,
  0xfb, 0xfc, 0xfb, 0xfa, 0xfb, 0xfa, 0xf9, 0xf8, 0xf7, 0xf4, 0xf4, 0xff,
  0xe2, 0x59, 0x00, 0x00, 0x00, 0x00, 0x00, 0x00, 0x00, 0x00, 0x00, 0x00,
  0x00, 0x00, 0x00, 0x00, 0x00, 0x00, 0x00, 0x00, 0x00, 0x00, 0x00, 0x00,
  0x00, 0x00, 0x00, 0x00, 0x00, 0x00, 0x00, 0x00, 0x00, 0x00, 0x00, 0x00,
  0x00, 0x00, 0x00, 0x00, 0x01, 0x00, 0x04, 0x5f, 0xe8, 0xfd, 0xf5, 0xf6,
  0xf8, 0xf9, 0xfb, 0xfc, 0xfc, 0xfc, 0xfc, 0xfd, 0xfd, 0xfd, 0xfc, 0xfc,
  0xfb, 0xfb, 0xfb, 0xfb, 0xfa, 0xfb, 0xfb, 0xfa, 0xfb, 0xfc, 0xfb, 0xfb,
  0xfb, 0xfb, 0xfc, 0xfc, 0xfc, 0xfc, 0xfb, 0xfc, 0xfc, 0xfb, 0xfc, 0xfb,
  0xfb, 0xfb, 0xfb, 0xfc, 0xfc, 0xfc, 0xfb, 0xfc, 0xfb, 0xfb, 0xfb, 0xfb,
  0xfb, 0xfb, 0xfc, 0xfc, 0xfc, 0xfc, 0xfb, 0xfb, 0xfb, 0xfb, 0xfc, 0xfc,
  0xfc, 0xfb, 0xfb, 0xfb, 0xfb, 0xfb, 0xfc, 0xfb, 0xfb, 0xfb, 0xfa, 0xfb,
  0xfb, 0xfa, 0xfb, 0xfb, 0xfb, 0xfb, 0xfb, 0xfb, 0xfb, 0xfb, 0xfb, 0xfb,
  0xfb, 0xfb, 0xfb, 0xfb, 0xfb, 0xfb, 0xfa, 0xfa, 0xfb, 0xfb, 0xfb, 0xfc,
  0xfd, 0xfc, 0xfc, 0xfb, 0xfc, 0xfc, 0xfc, 0xfc, 0xfc, 0xfc, 0xfd, 0xfd,
  0xfd, 0xfc, 0xfc, 0xfc, 0xfc, 0xfc, 0xfc, 0xfb, 0xfb, 0xfa, 0xfa, 0xfb,
  0xfb, 0xfb, 0xfb, 0xfa, 0xfa, 0xf9, 0xf8, 0xf7, 0xf3, 0xf9, 0xf9, 0x9d,
  0x05, 0x03, 0x00, 0x00, 0x00, 0x00, 0x00, 0x00, 0x00, 0x00, 0x00, 0x00,
  0x00, 0x00, 0x00, 0x00, 0x00, 0x00, 0x00, 0x00, 0x00, 0x00, 0x00, 0x00,
  0x00, 0x00, 0x00, 0x00, 0x00, 0x00, 0x00, 0x00, 0x00, 0x00, 0x00, 0x00,
  0x00, 0x00, 0x00, 0x00, 0x00, 0x26, 0xc6, 0xfc, 0xf6, 0xf6, 0xf7, 0xf8,
  0xfa, 0xfb, 0xfb, 0xfb, 0xfb, 0xfb, 0xfc, 0xfc, 0xfc, 0xfc, 0xfc, 0xfb,
  0xfa, 0xfa, 0xfa, 0xfb, 0xfa, 0xfa, 0xfa, 0xfb, 0xfc, 0xfb, 0xfc, 0xfc,
  0xfc, 0xfb, 0xfb, 0xfb, 0xfb, 0xfc, 0xfb, 0xfc, 0xfb, 0xfc, 0xfb, 0xfb,
  0xfa, 0xfc, 0xfb, 0xfb, 0xfb, 0xfc, 0xfb, 0xfb, 0xfc, 0xfc, 0xfc, 0xfc,
  0xfb, 0xfb, 0xfd, 0xfd, 0xfc, 0xfc, 0xfc, 0xfc, 0xfc, 0xfb, 0xfb, 0xfc,
  0xfb, 0xfa, 0xfb, 0xfc, 0xfc, 0xfc, 0xfb, 0xfb, 0xfb, 0xfa, 0xfa, 0xfa,
  0xfa, 0xfb, 0xfb, 0xfa, 0xfa, 0xfa, 0xfa, 0xfa, 0xfa, 0xfa, 0xfa, 0xfb,
  0xfc, 0xfc, 0xfb, 0xfa, 0xfa, 0xfa, 0xfa, 0xfa, 0xfb, 0xfb, 0xfc, 0xfd,
  0xfd, 0xfc, 0xfb, 0xfc, 0xfd, 0xfd, 0xfc, 0xfc, 0xfc, 0xfc, 0xfc, 0xfc,
  0xfd, 0xfc, 0xfc, 0xfd, 0xfd, 0xfc, 0xfb, 0xfa, 0xfb, 0xfb, 0xfa, 0xfa,
  0xfb, 0xfa, 0xfa, 0xf9, 0xf9, 0xf8, 0xf6, 0xf5, 0xff, 0xce, 0x3b, 0x00,
  0x01, 0x00, 0x00, 0x00, 0x00, 0x00, 0x00, 0x00, 0x00, 0x00, 0x00, 0x00,
  0x00, 0x00, 0x00, 0x00, 0x00, 0x00, 0x00, 0x00, 0x00, 0x00, 0x00, 0x00,
  0x00, 0x00, 0x00, 0x00, 0x00, 0x00, 0x00, 0x00, 0x00, 0x00, 0x00, 0x00,
  0x00, 0x01, 0x00, 0x0d, 0x82, 0xf3, 0xfb, 0xf6, 0xf7, 0xf8, 0xf8, 0xfa,
  0xfb, 0xfa, 0xfa, 0xfa, 0xfb, 0xfb, 0xfb, 0xfb, 0xfc, 0xfc, 0xfb, 0xfa,
  0xfb, 0xfb, 0xfa, 0xfb, 0xfb, 0xfb, 0xfb, 0xfc, 0xfb, 0xfc, 0xfc, 0xfb,
  0xfc, 0xfc, 0xfc, 0xfc, 0xfc, 0xfb, 0xfc, 0xfc, 0xfc, 0xfc, 0xfb, 0xfb,
  0xfb, 0xfb, 0xfb, 0xfb, 0xfc, 0xfc, 0xfc, 0xfc, 0xfc, 0xfc, 0xfc, 0xfc,
  0xfc, 0xfc, 0xfc, 0xfc, 0xfb, 0xfb, 0xfb, 0xfb, 0xfb, 0xfb, 0xfc, 0xfb,
  0xfa, 0xfb, 0xfc, 0xfb, 0xfb, 0xfc, 0xfb, 0xfb, 0xfb, 0xfb, 0xfb, 0xfb,
  0xfb, 0xfb, 0xfa, 0xfb, 0xfb, 0xfb, 0xfb, 0xfb, 0xfb, 0xfa, 0xfb, 0xfb,
  0xfb, 0xfb, 0xfb, 0xfb, 0xfb, 0xfb, 0xfb, 0xfc, 0xfb, 0xfc, 0xfc, 0xfc,
  0xfc, 0xfb, 0xfc, 0xfc, 0xfc, 0xfb, 0xfb, 0xfb, 0xfd, 0xfc, 0xfc, 0xfd,
  0xfc, 0xfc, 0xfc, 0xfc, 0xfc, 0xfb, 0xfb, 0xfb, 0xfc, 0xfa, 0xfb, 0xfa,
  0xf9, 0xf9, 0xf9, 0xf8, 0xf8, 0xf4, 0xfc, 0xf3, 0x82, 0x00, 0x04, 0x00,
  0x00, 0x00, 0x00, 0x00, 0x00, 0x00, 0x00, 0x00, 0x00, 0x00, 0x00, 0x00,
  0x00, 0x00, 0x00, 0x00, 0x00, 0x00, 0x00, 0x00, 0x00, 0x00, 0x00, 0x00,
  0x00, 0x00, 0x00, 0x00, 0x00, 0x00, 0x00, 0x00, 0x00, 0x00, 0x00, 0x00,
  0x00, 0x00, 0x45, 0xe0, 0xfb, 0xf6, 0xf8, 0xf8, 0xf8, 0xf9, 0xf9, 0xfa,
  0xfa, 0xfb, 0xfb, 0xfa, 0xfb, 0xfc, 0xfc, 0xfc, 0xfc, 0xfb, 0xfa, 0xfb,
  0xfb, 0xfa, 0xfb, 0xfc, 0xfb, 0xfb, 0xfc, 0xfc, 0xfb, 0xfc, 0xfc, 0xfb,
  0xfb, 0xfb, 0xfb, 0xfb, 0xfc, 0xfb, 0xfb, 0xfc, 0xfb, 0xfa, 0xfb, 0xfa,
  0xfb, 0xfb, 0xfb, 0xfb, 0xfc, 0xfd, 0xfc, 0xfc, 0xfd, 0xfd, 0xfd, 0xfd,
  0xfc, 0xfb, 0xfc, 0xfb, 0xfa, 0xfb, 0xfc, 0xfc, 0xfc, 0xfc, 0xfb, 0xfb,
  0xfb, 0xfc, 0xfc, 0xfc, 0xfc, 0xfb, 0xfa, 0xfb, 0xfc, 0xfc, 0xfb, 0xfa,
  0xfa, 0xfb, 0xfc, 0xfc, 0xfc, 0xfc, 0xfc, 0xfb, 0xfa, 0xfa, 0xfa, 0xfa,
  0xfb, 0xfc, 0xfc, 0xfc, 0xfc, 0xfc, 0xfb, 0xfc, 0xfb, 0xfb, 0xfb, 0xfb,
  0xfc, 0xfb, 0xfb, 0xfc, 0xfc, 0xfb, 0xfc, 0xfd, 0xfd, 0xfd, 0xfc, 0xfd,
  0xfd, 0xfd, 0xfd, 0xfd, 0xfc, 0xfb, 0xfc, 0xfb, 0xfa, 0xfb, 0xf9, 0xfa,
  0xf9, 0xf8, 0xf8, 0xf5, 0xf6, 0xff, 0xb8, 0x28, 0x00, 0x01, 0x00, 0x00,
  0x00, 0x00, 0x00, 0x00, 0x00, 0x00, 0x00, 0x00, 0x00, 0x00, 0x00, 0x00,
  0x00, 0x00, 0x00, 0x00, 0x00, 0x00, 0x00, 0x00, 0x00, 0x00, 0x00, 0x00,
  0x00, 0x00, 0x00, 0x00, 0x00, 0x00, 0x00, 0x00, 0x00, 0x00, 0x02, 0x00,
  0x20, 0xad, 0xfd, 0xfa, 0xf7, 0xf8, 0xf9, 0xf9, 0xf9, 0xfa, 0xf9, 0xfa,
  0xfb, 0xfb, 0xfa, 0xfb, 0xfc, 0xfb, 0xfc, 0xfc, 0xfb, 0xfa, 0xfb, 0xfb,
  0xfa, 0xfb, 0xfb, 0xfa, 0xfb, 0xfb, 0xfb, 0xfc, 0xfc, 0xfb, 0xfc, 0xfc,
  0xfc, 0xfc, 0xfc, 0xfb, 0xfc, 0xfc, 0xfc, 0xfb, 0xfa, 0xfb, 0xfb, 0xfc,
  0xfc, 0xfc, 0xfc, 0xfc, 0xfd, 0xfc, 0xfc, 0xfc, 0xfc, 0xfc, 0xfd, 0xfd,
  0xfc, 0xfc, 0xfb, 0xfb, 0xfb, 0xfc, 0xfd, 0xfc, 0xfb, 0xfc, 0xfc, 0xfc,
  0xfb, 0xfc, 0xfc, 0xfb, 0xfc, 0xfc, 0xfc, 0xfb, 0xfc, 0xfb, 0xfb, 0xfa,
  0xfb, 0xfc, 0xfb, 0xfc, 0xfb, 0xfc, 0xfb, 0xfa, 0xfb, 0xfb, 0xfa, 0xfb,
  0xfc, 0xfb, 0xfc, 0xfc, 0xfb, 0xfc, 0xfd, 0xfc, 0xfb, 0xfc, 0xfc, 0xfb,
  0xfc, 0xfb, 0xfc, 0xfc, 0xfb, 0xfc, 0xfc, 0xfc, 0xfd, 0xfd, 0xfd, 0xfc,
  0xfd, 0xfd, 0xfc, 0xfc, 0xfb, 0xfc, 0xfb, 0xfa, 0xfa, 0xfa, 0xf9, 0xf9,
  0xf8, 0xf7, 0xf5, 0xff, 0xe6, 0x64, 0x00, 0x04, 0x00, 0x00, 0x00, 0x00,
  0x00, 0x00, 0x00, 0x00, 0x00, 0x00, 0x00, 0x00, 0x00, 0x00, 0x00, 0x00,
  0x00, 0x00, 0x00, 0x00, 0x00, 0x00, 0x00, 0x00, 0x00, 0x00, 0x00, 0x00,
  0x00, 0x00, 0x00, 0x00, 0x00, 0x00, 0x00, 0x00, 0x01, 0x00, 0x07, 0x6d,
  0xf1, 0xfc, 0xf6, 0xf9, 0xfa, 0xf9, 0xf9, 0xf9, 0xf8, 0xf9, 0xfa, 0xfb,
  0xfb, 0xfa, 0xfb, 0xfc, 0xfb, 0xfc, 0xfc, 0xfb, 0xfa, 0xfb, 0xfb, 0xfb,
  0xfb, 0xfb, 0xfb, 0xfa, 0xfa, 0xfb, 0xfc, 0xfc, 0xfc, 0xfc, 0xfd, 0xfd,
  0xfd, 0xfc, 0xfb, 0xfc, 0xfc, 0xfb, 0xfb, 0xfa, 0xfb, 0xfa, 0xfb, 0xfc,
  0xfb, 0xfc, 0xfc, 0xfb, 0xfc, 0xfc, 0xfb, 0xfc, 0xfd, 0xfc, 0xfc, 0xfd,
  0xfc, 0xfb, 0xfc, 0xfc, 0xfb, 0xfc, 0xfd, 0xfc, 0xfb, 0xfb, 0xfb, 0xfc,
  0xfc, 0xfc, 0xfc, 0xfb, 0xfb, 0xfb, 0xfc, 0xfb, 0xfc, 0xfb, 0xfa, 0xfb,
  0xfc, 0xfc, 0xfd, 0xfc, 0xfc, 0xfb, 0xfa, 0xfb, 0xfb, 0xfa, 0xfb, 0xfc,
  0xfc, 0xfd, 0xfc, 0xfc, 0xfc, 0xfd, 0xfc, 0xfb, 0xfc, 0xfc, 0xfc, 0xfc,
  0xfc, 0xfb, 0xfb, 0xfc, 0xfb, 0xfb, 0xfb, 0xfc, 0xfc, 0xfc, 0xfd, 0xfc,
  0xfc, 0xfc, 0xfd, 0xfc, 0xfc, 0xfb, 0xfb, 0xfb, 0xfa, 0xf9, 0xf8, 0xf8,
  0xf5, 0xf9, 0xfd, 0x99, 0x13, 0x00, 0x01, 0x00, 0x00, 0x00, 0x00, 0x00,
  0x00, 0x00, 0x00, 0x00, 0x00, 0x00, 0x00, 0x00, 0x00, 0x00, 0x00, 0x00,
  0x00, 0x00, 0x00, 0x00, 0x00, 0x00, 0x00, 0x00, 0x00, 0x00, 0x00, 0x00,
  0x00, 0x00, 0x00, 0x00, 0x00, 0x00, 0x00, 0x03, 0x00, 0x35, 0xca, 0xfe,
  0xf5, 0xf6, 0xfb, 0xfb, 0xfa, 0xf9, 0xfa, 0xf9, 0xf9, 0xfa, 0xfa, 0xfb,
  0xfa, 0xfb, 0xfc, 0xfb, 0xfc, 0xfc, 0xfb, 0xfa, 0xfa, 0xfb, 0xfc, 0xfc,
  0xfb, 0xfa, 0xfb, 0xfc, 0xfb, 0xfb, 0xfb, 0xfc, 0xfd, 0xfc, 0xfd, 0xfd,
  0xfd, 0xfc, 0xfd, 0xfc, 0xfb, 0xfb, 0xfa, 0xfb, 0xfa, 0xfb, 0xfc, 0xfb,
  0xfb, 0xfc, 0xfc, 0xfc, 0xfb, 0xfc, 0xfd, 0xfc, 0xfb, 0xfc, 0xfb, 0xfc,
  0xfc, 0xfc, 0xfc, 0xfc, 0xfc, 0xfb, 0xfc, 0xfb, 0xfa, 0xfb, 0xfc, 0xfc,
  0xfc, 0xfc, 0xfc, 0xfc, 0xfc, 0xfc, 0xfb, 0xfc, 0xfb, 0xfa, 0xfb, 0xfc,
  0xfc, 0xfd, 0xfc, 0xfc, 0xfb, 0xfa, 0xfb, 0xfb, 0xfa, 0xfb, 0xfc, 0xfc,
  0xfd, 0xfd, 0xfc, 0xfc, 0xfb, 0xfc, 0xfc, 0xfc, 0xfc, 0xfc, 0xfc, 0xfc,
  0xfc, 0xfc, 0xfc, 0xfc, 0xfc, 0xfc, 0xfc, 0xfb, 0xfc, 0xfd, 0xfc, 0xfd,
  0xfd, 0xfc, 0xfc, 0xfd, 0xfc, 0xfb, 0xfc, 0xfb, 0xf9, 0xf8, 0xf6, 0xf6,
  0xff, 0xce, 0x43, 0x00, 0x04, 0x00, 0x00, 0x00, 0x00, 0x00, 0x00, 0x00,
  0x00, 0x00, 0x00, 0x00, 0x00, 0x00, 0x00, 0x00, 0x00, 0x00, 0x00, 0x00,
  0x00, 0x00, 0x00, 0x00, 0x00, 0x00, 0x00, 0x00, 0x00, 0x00, 0x00, 0x00,
  0x00, 0x00, 0x00, 0x00, 0x00, 0x01, 0x00, 0x0f, 0x84, 0xfc, 0xf9, 0xf1,
  0xf7, 0xfb, 0xfb, 0xfb, 0xfa, 0xf9, 0xfa, 0xfa, 0xfa, 0xfa, 0xf9, 0xfa,
  0xfb, 0xfb, 0xfc, 0xfc, 0xfc, 0xfb, 0xfa, 0xfa, 0xfb, 0xfa, 0xfb, 0xfb,
  0xfb, 0xfc, 0xfb, 0xfc, 0xfb, 0xfb, 0xfc, 0xfd, 0xfc, 0xfd, 0xfc, 0xfd,
  0xfd, 0xfd, 0xfc, 0xfb, 0xfb, 0xfa, 0xfa, 0xfa, 0xfb, 0xfc, 0xfc, 0xfc,
  0xfc, 0xfc, 0xfc, 0xfb, 0xfc, 0xfd, 0xfc, 0xfb, 0xfb, 0xfb, 0xfb, 0xfc,
  0xfb, 0xfc, 0xfd, 0xfc, 0xfb, 0xfc, 0xfb, 0xfa, 0xfa, 0xfb, 0xfc, 0xfc,
  0xfc, 0xfb, 0xfc, 0xfc, 0xfc, 0xfb, 0xfc, 0xfb, 0xfb, 0xfb, 0xfb, 0xfc,
  0xfd, 0xfc, 0xfc, 0xfb, 0xfa, 0xfb, 0xfb, 0xfa, 0xfb, 0xfc, 0xfc, 0xfd,
  0xfd, 0xfd, 0xfc, 0xfb, 0xfb, 0xfb, 0xfc, 0xfc, 0xfc, 0xfc, 0xfb, 0xfc,
  0xfc, 0xfc, 0xfc, 0xfb, 0xfc, 0xfc, 0xfc, 0xfc, 0xfc, 0xfb, 0xfc, 0xfd,
  0xfc, 0xfc, 0xfd, 0xfc, 0xfc, 0xfb, 0xfb, 0xfa, 0xf8, 0xf5, 0xfa, 0xf8,
  0x7b, 0x02, 0x00, 0x01, 0x00, 0x00, 0x00, 0x00, 0x00, 0x00, 0x00, 0x00,
  0x00, 0x00, 0x00, 0x00, 0x00, 0x00, 0x00, 0x00, 0x00, 0x00, 0x00, 0x00,
  0x00, 0x00, 0x00, 0x00, 0x00, 0x00, 0x00, 0x00, 0x00, 0x00, 0x00, 0x00,
  0x00, 0x00, 0x00, 0x00, 0x04, 0x00, 0x44, 0xd9, 0xff, 0xf7, 0xf5, 0xf8,
  0xfb, 0xfc, 0xfc, 0xfb, 0xfa, 0xf9, 0xf9, 0xf9, 0xf9, 0xf9, 0xf9, 0xfa,
  0xfb, 0xfc, 0xfc, 0xfc, 0xfb, 0xfb, 0xfb, 0xfb, 0xfb, 0xfa, 0xfb, 0xfa,
  0xfb, 0xfc, 0xfb, 0xfc, 0xfc, 0xfc, 0xfc, 0xfd, 0xfc, 0xfd, 0xfc, 0xfc,
  0xfc, 0xfc, 0xfb, 0xfc, 0xfb, 0xfb, 0xfb, 0xfc, 0xfb, 0xfb, 0xfb, 0xfa,
  0xfb, 0xfc, 0xfb, 0xfb, 0xfc, 0xfd, 0xfb, 0xfc, 0xfc, 0xfc, 0xfb, 0xfc,
  0xfd, 0xfd, 0xfc, 0xfb, 0xfc, 0xfb, 0xfb, 0xfb, 0xfb, 0xfb, 0xfb, 0xfb,
  0xfc, 0xfb, 0xfa, 0xfb, 0xfc, 0xfb, 0xfc, 0xfc, 0xfc, 0xfc, 0xfc, 0xfc,
  0xfb, 0xfc, 0xfb, 0xfa, 0xfb, 0xfb, 0xfa, 0xfb, 0xfc, 0xfb, 0xfc, 0xfc,
  0xfc, 0xfc, 0xfb, 0xfc, 0xfc, 0xfb, 0xfb, 0xfb, 0xfb, 0xfc, 0xfb, 0xfa,
  0xfb, 0xfb, 0xfc, 0xfb, 0xfb, 0xfb, 0xfb, 0xfa, 0xfb, 0xfc, 0xfc, 0xfb,
  0xfc, 0xfd, 0xfd, 0xfd, 0xfc, 0xfb, 0xfb, 0xf8, 0xf7, 0xff, 0xbb, 0x31,
  0x00, 0x03, 0x00, 0x00, 0x00, 0x00, 0x00, 0x00, 0x00, 0x00, 0x00, 0x00,
  0x00, 0x00, 0x00, 0x00, 0x00, 0x00, 0x00, 0x00, 0x00, 0x00, 0x00, 0x00,
  0x00, 0x00, 0x00, 0x00, 0x00, 0x00, 0x00, 0x00, 0x00, 0x00, 0x00, 0x00,
  0x00, 0x00, 0x01, 0x00, 0x12, 0x93, 0xff, 0xfa, 0xf9, 0xf9, 0xf9, 0xfb,
  0xfd, 0xfc, 0xfb, 0xfa, 0xf9, 0xf8, 0xf8, 0xf8, 0xf7, 0xf8, 0xf9, 0xfa,
  0xfb, 0xfb, 0xfb, 0xfb, 0xfb, 0xfb, 0xfc, 0xfb, 0xfa, 0xfa, 0xfa, 0xfa,
  0xfb, 0xfc, 0xfb, 0xfb, 0xfb, 0xfc, 0xfd, 0xfc, 0xfd, 0xfc, 0xfb, 0xfb,
  0xfc, 0xfb, 0xfb, 0xfc, 0xfc, 0xfc, 0xfc, 0xfb, 0xfb, 0xfa, 0xfa, 0xfa,
  0xfb, 0xfc, 0xfb, 0xfb, 0xfc, 0xfb, 0xfb, 0xfb, 0xfb, 0xfb, 0xfc, 0xfd,
  0xfc, 0xfb, 0xfb, 0xfb, 0xfb, 0xfb, 0xfb, 0xfc, 0xfb, 0xfb, 0xfc, 0xfc,
  0xfb, 0xfb, 0xfa, 0xfb, 0xfc, 0xfb, 0xfb, 0xfa, 0xfb, 0xfb, 0xfb, 0xfc,
  0xfb, 0xfa, 0xfa, 0xfa, 0xfa, 0xfa, 0xfb, 0xfc, 0xfb, 0xfb, 0xfb, 0xfb,
  0xfb, 0xfc, 0xfb, 0xfb, 0xfc, 0xfb, 0xfb, 0xfc, 0xfb, 0xfa, 0xfa, 0xfa,
  0xfa, 0xfb, 0xfa, 0xfb, 0xfa, 0xfa, 0xfa, 0xfb, 0xfb, 0xfb, 0xfb, 0xfc,
  0xfd, 0xfd, 0xfc, 0xfd, 0xfc, 0xfc, 0xf9, 0xfd, 0xf0, 0x66, 0x00, 0x00,
  0x01, 0x00, 0x00, 0x00, 0x00, 0x00, 0x00, 0x00, 0x00, 0x00, 0x00, 0x00,
  0x00, 0x00, 0x00, 0x00, 0x00, 0x00, 0x00, 0x00, 0x00, 0x00, 0x00, 0x00,
  0x00, 0x00, 0x00, 0x00, 0x00, 0x00, 0x00, 0x00, 0x00, 0x00, 0x00, 0x00,
  0x00, 0x05, 0x00, 0x4c, 0xdc, 0xff, 0xfb, 0xfd, 0xfb, 0xfc, 0xfc, 0xfd,
  0xfc, 0xfc, 0xfa, 0xf9, 0xf8, 0xf8, 0xf8, 0xf8, 0xf8, 0xf8, 0xf9, 0xfa,
  0xfc, 0xfc, 0xfc, 0xfd, 0xfc, 0xfc, 0xfc, 0xfc, 0xfc, 0xfc, 0xfc, 0xfc,
  0xfc, 0xfc, 0xfc, 0xfc, 0xfc, 0xfc, 0xfc, 0xfc, 0xfc, 0xfc, 0xfc, 0xfc,
  0xfb, 0xfb, 0xfb, 0xfb, 0xfb, 0xfb, 0xfb, 0xfb, 0xfb, 0xfb, 0xfb, 0xfb,
  0xfc, 0xfb, 0xfc, 0xfc, 0xfc, 0xfd, 0xfd, 0xfd, 0xfd, 0xfd, 0xfd, 0xfd,
  0xfc, 0xfd, 0xfc, 0xfc, 0xfc, 0xfc, 0xfc, 0xfc, 0xfb, 0xfb, 0xfb, 0xfb,
  0xfc, 0xfc, 0xfc, 0xfc, 0xfc, 0xfc, 0xfc, 0xfc, 0xfc, 0xfc, 0xfb, 0xfb,
  0xfc, 0xfc, 0xfc, 0xfc, 0xfb, 0xfb, 0xfc, 0xfc, 0xfc, 0xfc, 0xfc, 0xfc,
  0xfb, 0xfb, 0xfb, 0xfb, 0xfb, 0xfb, 0xfb, 0xfb, 0xfb, 0xfa, 0xfb, 0xfb,
  0xfb, 0xfb, 0xfa, 0xfb, 0xfb, 0xfb, 0xfb, 0xfa, 0xfb, 0xfc, 0xfc, 0xfd,
  0xfe, 0xfe, 0xfc, 0xfc, 0xfa, 0xf9, 0xff, 0xa8, 0x20, 0x00, 0x03, 0x00,
  0x00, 0x00, 0x00, 0x00, 0x00, 0x00, 0x00, 0x00, 0x00, 0x00, 0x00, 0x00,
  0x00, 0x00, 0x00, 0x00, 0x00, 0x00, 0x00, 0x00, 0x00, 0x00, 0x00, 0x00,
  0x00, 0x00, 0x00, 0x00, 0x00, 0x00, 0x00, 0x00, 0x00, 0x00, 0x00, 0x01,
  0x00, 0x0e, 0x8e, 0xfa, 0xf8, 0xf7, 0xfa, 0xfb, 0xfc, 0xfb, 0xfb, 0xfa,
  0xf9, 0xf8, 0xf7, 0xf5, 0xf4, 0xf5, 0xf5, 0xf5, 0xf5, 0xf6, 0xf7, 0xf8,
  0xf9, 0xfa, 0xfa, 0xfa, 0xf9, 0xf9, 0xf9, 0xf9, 0xf9, 0xf9, 0xf9, 0xf9,
  0xf9, 0xf8, 0xf8, 0xf9, 0xf9, 0xf9, 0xf8, 0xf9, 0xf9, 0xf9, 0xf9, 0xf8,
  0xf8, 0xf8, 0xf7, 0xf7, 0xf8, 0xf8, 0xf8, 0xf8, 0xf8, 0xf9, 0xf9, 0xf9,
  0xf9, 0xf9, 0xfa, 0xf9, 0xf9, 0xf9, 0xf9, 0xfa, 0xfa, 0xfa, 0xfa, 0xfa,
  0xfa, 0xf9, 0xf9, 0xf9, 0xf9, 0xf9, 0xf9, 0xf9, 0xf8, 0xf8, 0xf8, 0xf9,
  0xf9, 0xf9, 0xf9, 0xf9, 0xf9, 0xf9, 0xf9, 0xf9, 0xf9, 0xf9, 0xf9, 0xf9,
  0xf9, 0xf9, 0xf9, 0xf9, 0xf8, 0xf9, 0xf9, 0xf9, 0xf9, 0xf9, 0xf9, 0xf8,
  0xf8, 0xf7, 0xf7, 0xf7, 0xf6, 0xf6, 0xf7, 0xf7, 0xf7, 0xf7, 0xf7, 0xf7,
  0xf8, 0xf7, 0xf7, 0xf7, 0xf7, 0xf7, 0xf6, 0xf7, 0xf7, 0xf9, 0xfa, 0xfb,
  0xfa, 0xf7, 0xf6, 0xf7, 0xfe, 0xe4, 0x48, 0x00, 0x02, 0x00, 0x00, 0x00,
  0x00, 0x00, 0x00, 0x00, 0x00, 0x00, 0x00, 0x00, 0x00, 0x00, 0x00, 0x00,
  0x00, 0x00, 0x00, 0x00, 0x00, 0x00, 0x00, 0x00, 0x00, 0x00, 0x00, 0x00,
  0x00, 0x00, 0x00, 0x00, 0x00, 0x00, 0x00, 0x00, 0x00, 0x00, 0x03, 0x00,
  0x56, 0xd9, 0xff, 0xf8, 0xf8, 0xfb, 0xfc, 0xfc, 0xfc, 0xfc, 0xfb, 0xfb,
  0xfb, 0xfa, 0xf9, 0xf9, 0xf8, 0xf8, 0xf8, 0xf9, 0xf9, 0xfa, 0xfa, 0xfb,
  0xfb, 0xfb, 0xfb, 0xfb, 0xfb, 0xfb, 0xfa, 0xfb, 0xfb, 0xfb, 0xfb, 0xfb,
  0xfa, 0xfa, 0xfb, 0xfb, 0xfb, 0xfa, 0xfa, 0xfa, 0xfa, 0xfb, 0xfa, 0xfa,
  0xfa, 0xf9, 0xf9, 0xf9, 0xf9, 0xf9, 0xfa, 0xfa, 0xfb, 0xfa, 0xfa, 0xfa,
  0xfb, 0xfb, 0xfa, 0xfa, 0xfa, 0xfa, 0xfb, 0xfb, 0xfb, 0xfb, 0xfb, 0xfb,
  0xfa, 0xfa, 0xfa, 0xfa, 0xfa, 0xfa, 0xfa, 0xfa, 0xfa, 0xf9, 0xfa, 0xfa,
  0xfa, 0xfa, 0xfa, 0xfa, 0xfa, 0xfa, 0xfa, 0xfa, 0xfa, 0xfa, 0xfa, 0xfa,
  0xfa, 0xfa, 0xfa, 0xfa, 0xfa, 0xfa, 0xfa, 0xfa, 0xfa, 0xfb, 0xfa, 0xfa,
  0xf9, 0xf9, 0xf9, 0xf8, 0xf7, 0xf8, 0xf9, 0xf9, 0xf9, 0xf9, 0xf9, 0xfa,
  0xfb, 0xfa, 0xfa, 0xfa, 0xfa, 0xfa, 0xfa, 0xfa, 0xfb, 0xfb, 0xfc, 0xfb,
  0xfa, 0xf9, 0xfa, 0xfd, 0x83, 0x0f, 0x00, 0x02, 0x00, 0x00, 0x00, 0x00,
  0x00, 0x00, 0x00, 0x00, 0x00, 0x00, 0x00, 0x00, 0x00, 0x00, 0x00, 0x00,
  0x00, 0x00, 0x00, 0x00, 0x00, 0x00, 0x00, 0x00, 0x00, 0x00, 0x00, 0x00,
  0x00, 0x00, 0x00, 0x00, 0x00, 0x00, 0x00, 0x00, 0x01, 0x00, 0x23, 0xb1,
  0xff, 0xfd, 0xfd, 0xfe, 0xff, 0xfe, 0xff, 0xff, 0xff, 0xff, 0xff, 0xff,
  0xff, 0xfe, 0xff, 0xfe, 0xfe, 0xfe, 0xff, 0xfe, 0xff, 0xff, 0xff, 0xff,
  0xff, 0xff, 0xff, 0xff, 0xff, 0xff, 0xff, 0xff, 0xff, 0xff, 0xff, 0xff,
  0xff, 0xff, 0xff, 0xff, 0xff, 0xff, 0xff, 0xff, 0xff, 0xff, 0xff, 0xff,
  0xff, 0xff, 0xff, 0xff, 0xff, 0xff, 0xff, 0xff, 0xff, 0xff, 0xff, 0xff,
  0xff, 0xff, 0xff, 0xff, 0xff, 0xff, 0xff, 0xff, 0xff, 0xff, 0xff, 0xff,
  0xff, 0xff, 0xff, 0xff, 0xff, 0xff, 0xff, 0xff, 0xff, 0xff, 0xff, 0xff,
  0xff, 0xff, 0xff, 0xff, 0xff, 0xff, 0xff, 0xff, 0xff, 0xff, 0xff, 0xff,
  0xff, 0xff, 0xff, 0xff, 0xff, 0xff, 0xff, 0xff, 0xff, 0xff, 0xff, 0xff,
  0xff, 0xff, 0xff, 0xff, 0xff, 0xff, 0xff, 0xff, 0xff, 0xff, 0xff, 0xff,
  0xff, 0xff, 0xff, 0xff, 0xff, 0xff, 0xff, 0xff, 0xff, 0xff, 0xff, 0xff,
  0xfe, 0xff, 0xc9, 0x2c, 0x00, 0x03, 0x00, 0x00, 0x00, 0x00, 0x00, 0x00,
  0x00, 0x00, 0x00, 0x00, 0x00, 0x00, 0x00, 0x00, 0x00, 0x00, 0x00, 0x00,
  0x00, 0x00, 0x00, 0x00, 0x00, 0x00, 0x00, 0x00, 0x00, 0x00, 0x00, 0x00,
  0x00, 0x00, 0x00, 0x00, 0x00, 0x00, 0x00, 0x02, 0x00, 0x42, 0xa2, 0xb5,
  0xab, 0xae, 0xb0, 0xb4, 0xb7, 0xb9, 0xbb, 0xbb, 0xb9, 0xb8, 0xb6, 0xb4,
  0xb2, 0xb2, 0xb2, 0xb1, 0xb1, 0xb3, 0xb4, 0xb5, 0xb5, 0xb6, 0xb8, 0xb9,
  0xb9, 0xba, 0xbb, 0xbc, 0xbc, 0xbb, 0xb9, 0xba, 0xbb, 0xbb, 0xb9, 0xb9,
  0xb9, 0xb9, 0xb9, 0xba, 0xba, 0xbb, 0xbb, 0xbb, 0xbc, 0xbc, 0xbc, 0xbd,
  0xbd, 0xbd, 0xbe, 0xbf, 0xbf, 0xbe, 0xbf, 0xc0, 0xc0, 0xc0, 0xc0, 0xc0,
  0xbe, 0xbe, 0xbd, 0xbc, 0xbc, 0xbc, 0xbc, 0xbd, 0xbd, 0xbd, 0xbe, 0xbf,
  0xbf, 0xc0, 0xc0, 0xc0, 0xc0, 0xc0, 0xbf, 0xbf, 0xbf, 0xbf, 0xbf, 0xbe,
  0xbf, 0xbf, 0xbf, 0xbf, 0xc0, 0xc1, 0xc1, 0xc1, 0xc0, 0xc0, 0xc1, 0xc0,
  0xbe, 0xbf, 0xbe, 0xbe, 0xbe, 0xbe, 0xbd, 0xbc, 0xbb, 0xbb, 0xba, 0xb9,
  0xb7, 0xb7, 0xb7, 0xb7, 0xb6, 0xb7, 0xb7, 0xb8, 0xb9, 0xb9, 0xb9, 0xb8,
  0xb8, 0xb7, 0xb6, 0xb5, 0xb5, 0xb4, 0xb4, 0xb6, 0xb6, 0xb7, 0xb5, 0xb5,
  0xaf, 0x5d, 0x0a, 0x00, 0x01, 0x00, 0x00, 0x00, 0x00, 0x00, 0x00, 0x00,
  0x00, 0x00, 0x00, 0x00, 0x00, 0x00, 0x00, 0x00, 0x00, 0x00, 0x00, 0x00,
  0x00, 0x00, 0x00, 0x00, 0x00, 0x00, 0x00, 0x00, 0x00, 0x00, 0x00, 0x00,
  0x00, 0x00, 0x00, 0x00, 0x00, 0x00, 0x00, 0x00, 0x17, 0x2d, 0x2a, 0x27,
  0x2a, 0x2b, 0x2c, 0x2f, 0x31, 0x32, 0x32, 0x31, 0x2f, 0x2e, 0x2d, 0x2d,
  0x2d, 0x2d, 0x2d, 0x2d, 0x2e, 0x2e, 0x2f, 0x2f, 0x2f, 0x30, 0x31, 0x31,
  0x32, 0x33, 0x33, 0x33, 0x33, 0x31, 0x32, 0x32, 0x32, 0x32, 0x32, 0x32,
  0x32, 0x31, 0x32, 0x32, 0x33, 0x33, 0x33, 0x34, 0x34, 0x34, 0x35, 0x35,
  0x35, 0x36, 0x36, 0x36, 0x36, 0x36, 0x37, 0x38, 0x38, 0x37, 0x36, 0x35,
  0x35, 0x35, 0x34, 0x34, 0x34, 0x34, 0x34, 0x35, 0x35, 0x35, 0x36, 0x37,
  0x37, 0x37, 0x37, 0x38, 0x38, 0x37, 0x37, 0x36, 0x36, 0x36, 0x36, 0x36,
  0x37, 0x36, 0x36, 0x37, 0x37, 0x37, 0x37, 0x37, 0x37, 0x38, 0x37, 0x36,
  0x36, 0x36, 0x35, 0x34, 0x34, 0x34, 0x34, 0x33, 0x33, 0x33, 0x32, 0x31,
  0x31, 0x31, 0x30, 0x30, 0x30, 0x31, 0x31, 0x32, 0x32, 0x32, 0x31, 0x30,
  0x30, 0x30, 0x2f, 0x2e, 0x2e, 0x2e, 0x2e, 0x2e, 0x2e, 0x2e, 0x2e, 0x29,
  0x0c, 0x00, 0x00, 0x00, 0x00, 0x00, 0x00, 0x00, 0x00, 0x00, 0x00, 0x00,
  0x00, 0x00, 0x00, 0x00, 0x00, 0x00, 0x00, 0x00, 0x00, 0x00, 0x00, 0x00,
  0x00, 0x00, 0x00, 0x00, 0x00, 0x00, 0x00, 0x00, 0x00, 0x00, 0x00, 0x00,
  0x00, 0x00, 0x00, 0x00, 0x00, 0x00, 0x00, 0x00, 0x00, 0x00, 0x00, 0x00,
  0x00, 0x00, 0x00, 0x00, 0x00, 0x00, 0x00, 0x00, 0x00, 0x00, 0x00, 0x00,
  0x00, 0x00, 0x00, 0x00, 0x00, 0x00, 0x00, 0x00, 0x00, 0x00, 0x00, 0x00,
  0x00, 0x00, 0x00, 0x00, 0x00, 0x00, 0x00, 0x00, 0x00, 0x00, 0x00, 0x00,
  0x00, 0x00, 0x00, 0x00, 0x00, 0x00, 0x00, 0x00, 0x00, 0x00, 0x00, 0x00,
  0x00, 0x00, 0x00, 0x00, 0x00, 0x00, 0x00, 0x00, 0x00, 0x00, 0x00, 0x00,
  0x00, 0x00, 0x00, 0x00, 0x00, 0x00, 0x00, 0x00, 0x00, 0x00, 0x00, 0x00,
  0x00, 0x00, 0x00, 0x00, 0x00, 0x00, 0x00, 0x00, 0x00, 0x00, 0x00, 0x00,
  0x00, 0x00, 0x00, 0x00, 0x00, 0x00, 0x00, 0x00, 0x00, 0x00, 0x00, 0x00,
  0x00, 0x00, 0x00, 0x00, 0x00, 0x00, 0x00, 0x00, 0x00, 0x00, 0x00, 0x00,
  0x00, 0x00, 0x00, 0x00, 0x00, 0x00, 0x00, 0x00, 0x00, 0x00, 0x00, 0x00,
  0x00, 0x00, 0x00, 0x00, 0x00, 0x00, 0x00, 0x00, 0x00, 0x00, 0x00, 0x00,
  0x00, 0x00, 0x00, 0x00, 0x00, 0x00, 0x00, 0x00, 0x00, 0x00, 0x00, 0x00,
  0x00, 0x00, 0x00, 0x00, 0x00, 0x00, 0x00, 0x00, 0x00, 0x00, 0x00, 0x00,
  0x00, 0x00, 0x00, 0x00, 0x00, 0x00, 0x00, 0x00, 0x00, 0x00, 0x00, 0x00,
  0x00, 0x00, 0x00, 0x00, 0x00, 0x00, 0x01, 0x02, 0x02, 0x02, 0x02, 0x02,
  0x02, 0x02, 0x02, 0x02, 0x02, 0x02, 0x02, 0x02, 0x02, 0x02, 0x02, 0x02,
  0x02, 0x02, 0x02, 0x02, 0x02, 0x02, 0x02, 0x02, 0x02, 0x02, 0x02, 0x02,
  0x02, 0x02, 0x02, 0x02, 0x02, 0x02, 0x02, 0x02, 0x02, 0x02, 0x02, 0x02,
  0x02, 0x02, 0x02, 0x02, 0x02, 0x02, 0x02, 0x02, 0x02, 0x02, 0x02, 0x02,
  0x02, 0x02, 0x02, 0x02, 0x02, 0x02, 0x02, 0x02, 0x02, 0x02, 0x02, 0x02,
  0x02, 0x02, 0x02, 0x02, 0x02, 0x02, 0x02, 0x02, 0x02, 0x02, 0x02, 0x02,
  0x02, 0x02, 0x02, 0x02, 0x02, 0x02, 0x02, 0x02, 0x02, 0x02, 0x02, 0x02,
  0x02, 0x02, 0x02, 0x02, 0x02, 0x02, 0x02, 0x02, 0x02, 0x02, 0x02, 0x02,
  0x02, 0x02, 0x02, 0x02, 0x02, 0x02, 0x02, 0x02, 0x02, 0x02, 0x02, 0x02,
  0x02, 0x02, 0x02, 0x02, 0x02, 0x02, 0x02, 0x02, 0x02, 0x02, 0x02, 0x02,
  0x02, 0x02, 0x02, 0x02, 0x02, 0x02, 0x02, 0x02, 0x02, 0x02, 0x00, 0x00,
  0x00, 0x00, 0x00, 0x00, 0x00, 0x00, 0x00, 0x00, 0x00, 0x00, 0x00, 0x00,
  0x00, 0x00, 0x00, 0x00, 0x00, 0x00, 0x00, 0x00, 0x00, 0x00, 0x00, 0x00,
  0x00, 0x00, 0x00, 0x00, 0x00, 0x00, 0x00, 0x00, 0x00, 0x00, 0x00, 0x00,
  0x00, 0x00, 0x00, 0x00, 0x00, 0x00, 0x00, 0x00, 0x00, 0x00, 0x00, 0x00,
  0x00, 0x00, 0x00, 0x00, 0x00, 0x00, 0x00, 0x00, 0x00, 0x00, 0x00, 0x00,
  0x00, 0x00, 0x00, 0x00, 0x00, 0x00, 0x00, 0x00, 0x00, 0x00, 0x00, 0x00,
  0x00, 0x00, 0x00, 0x00, 0x00, 0x00, 0x00, 0x00, 0x00, 0x00, 0x00, 0x00,
  0x00, 0x00, 0x00, 0x00, 0x00, 0x00, 0x00, 0x00, 0x00, 0x00, 0x00, 0x00,
  0x00, 0x00, 0x00, 0x00, 0x00, 0x00, 0x00, 0x00, 0x00, 0x00, 0x00, 0x00,
  0x00, 0x00, 0x00, 0x00, 0x00, 0x00, 0x00, 0x00, 0x00, 0x00, 0x00, 0x00,
  0x00, 0x00, 0x00, 0x00, 0x00, 0x00, 0x00, 0x00, 0x00, 0x00, 0x00, 0x00,
  0x00, 0x00, 0x00, 0x00, 0x00, 0x00, 0x00, 0x00, 0x00, 0x00, 0x00, 0x00,
  0x00, 0x00, 0x00, 0x00, 0x00, 0x00, 0x00, 0x00, 0x00, 0x00, 0x00, 0x00,
  0x00, 0x00, 0x00, 0x00, 0x00, 0x00, 0x00, 0x00, 0x00, 0x00, 0x00, 0x00,
  0x00, 0x00, 0x00, 0x00, 0x00, 0x00, 0x00, 0x00, 0x00, 0x00, 0x00, 0x00,
  0x00, 0x00, 0x00, 0x00, 0x00, 0x00, 0x00, 0x00, 0x00, 0x00, 0x00, 0x00,
  0x00, 0x00, 0x00, 0x00, 0x00, 0x00, 0x00, 0x00, 0x00, 0x00, 0x00, 0x00,
  0x00, 0x00, 0x00, 0x00, 0x00, 0x00, 0x00, 0x00, 0x00, 0x00, 0x00, 0x00,
  0x00, 0x00, 0x00, 0x00, 0x00, 0x00, 0x00, 0x00, 0x00, 0x00, 0x00, 0x00,
  0x00, 0x00, 0x00, 0x00, 0x00, 0x00, 0x00, 0x00, 0x00, 0x00, 0x00, 0x00,
  0x00, 0x00, 0x00, 0x00, 0x00, 0x00, 0x00, 0x00, 0x00, 0x00, 0x00, 0x00,
  0x00, 0x00, 0x00, 0x00, 0x00, 0x00, 0x00, 0x00, 0x00, 0x00, 0x00, 0x00,
  0x00, 0x00, 0x00, 0x00, 0x00, 0x00, 0x00, 0x00, 0x00, 0x00, 0x00, 0x00,
  0x00, 0x00, 0x00, 0x00, 0x00, 0x00, 0x00, 0x00, 0x00, 0x00, 0x00, 0x00,
  0x00, 0x00, 0x00, 0x00, 0x00, 0x00, 0x00, 0x00, 0x00, 0x00, 0x00, 0x00,
  0x00, 0x00, 0x00, 0x00, 0x00, 0x00, 0x00, 0x00, 0x00, 0x00, 0x00, 0x00,
  0x00, 0x00, 0x00, 0x00, 0x00, 0x00, 0x00, 0x00, 0x00, 0x00, 0x00, 0x00,
  0x00, 0x00, 0x00, 0x00, 0x00, 0x00, 0x00, 0x00, 0x00, 0x00, 0x00, 0x00,
  0x00, 0x00, 0x00, 0x00, 0x00, 0x00, 0x00, 0x00, 0x00, 0x00, 0x00, 0x00,
  0x00, 0x00, 0x00, 0x00, 0x00, 0x00, 0x00, 0x00, 0x00, 0x00, 0x00, 0x00,
  0x00, 0x00, 0x00, 0x00, 0x00, 0x00, 0x00, 0x00, 0x00, 0x00, 0x00, 0x00,
  0x00, 0x00, 0x00, 0x00, 0x00, 0x00, 0x00, 0x00, 0x00, 0x00, 0x00, 0x00,
  0x00, 0x00, 0x00, 0x00, 0x00, 0x00, 0x00, 0x00, 0x00, 0x00, 0x00
};
