static const unsigned char _tmp_aera_boot_subtitle_raw[] = {
  0x00, 0x00, 0x00, 0x00, 0x00, 0x00, 0x00, 0x00, 0x00, 0x00, 0x00, 0x00,
  0x00, 0x00, 0x00, 0x00, 0x00, 0x00, 0x00, 0x00, 0x00, 0x00, 0x00, 0x00,
  0x00, 0x00, 0x00, 0x00, 0x00, 0x00, 0x00, 0x00, 0x00, 0x00, 0x00, 0x00,
  0x00, 0x00, 0x00, 0x00, 0x00, 0x00, 0x00, 0x00, 0x00, 0x00, 0x00, 0x00,
  0x00, 0x00, 0x00, 0x00, 0x00, 0x00, 0x00, 0x00, 0x00, 0x00, 0x00, 0x00,
  0x00, 0x00, 0x00, 0x00, 0x00, 0x00, 0x00, 0x00, 0x00, 0x00, 0x00, 0x00,
  0x00, 0x00, 0x00, 0x00, 0x00, 0x00, 0x00, 0x00, 0x00, 0x00, 0x00, 0x00,
  0x00, 0x00, 0x00, 0x00, 0x00, 0x00, 0x00, 0x00, 0x00, 0x00, 0x00, 0x00,
  0x00, 0x00, 0x00, 0x00, 0x00, 0x00, 0x00, 0x00, 0x00, 0x00, 0x00, 0x00,
  0x00, 0x00, 0x00, 0x00, 0x00, 0x00, 0x00, 0x00, 0x00, 0x00, 0x00, 0x00,
  0x00, 0x00, 0x00, 0x00, 0x00, 0x00, 0x00, 0x00, 0x00, 0x00, 0x00, 0x00,
  0x00, 0x00, 0x00, 0x00, 0x00, 0x00, 0x00, 0x00, 0x00, 0x00, 0x00, 0x00,
  0x00, 0x00, 0x00, 0x00, 0x00, 0x00, 0x00, 0x00, 0x00, 0x00, 0x00, 0x00,
  0x00, 0x00, 0x00, 0x00, 0x00, 0x00, 0x00, 0x00, 0x00, 0x00, 0x00, 0x00,
  0x00, 0x00, 0x00, 0x00, 0x00, 0x00, 0x00, 0x00, 0x00, 0x00, 0x00, 0x00,
  0x00, 0x00, 0x00, 0x00, 0x00, 0x00, 0x00, 0x00, 0x00, 0x00, 0x00, 0x00,
  0x00, 0x00, 0x00, 0x00, 0x00, 0x00, 0x00, 0x00, 0x00, 0x00, 0x00, 0x00,
  0x00, 0x00, 0x00, 0x00, 0x00, 0x00, 0x00, 0x00, 0x00, 0x00, 0x00, 0x00,
  0x00, 0x00, 0x00, 0x00, 0x00, 0x00, 0x00, 0x00, 0x00, 0x00, 0x00, 0x00,
  0x00, 0x00, 0x00, 0x00, 0x00, 0x00, 0x00, 0x00, 0x00, 0x00, 0x00, 0x00,
  0x00, 0x00, 0x00, 0x00, 0x00, 0x00, 0x00, 0x00, 0x00, 0x00, 0x00, 0x00,
  0x00, 0x00, 0x00, 0x00, 0x00, 0x00, 0x00, 0x00, 0x00, 0x00, 0x00, 0x00,
  0x00, 0x00, 0x00, 0x00, 0x00, 0x00, 0x00, 0x00, 0x00, 0x00, 0x00, 0x00,
  0x00, 0x00, 0x00, 0x00, 0x00, 0x00, 0x00, 0x00, 0x00, 0x00, 0x00, 0x00,
  0x00, 0x00, 0x00, 0x00, 0x00, 0x00, 0x00, 0x00, 0x00, 0x00, 0x00, 0x00,
  0x00, 0x00, 0x00, 0x00, 0x00, 0x00, 0x00, 0x00, 0x00, 0x00, 0x00, 0x00,
  0x00, 0x00, 0x00, 0x00, 0x00, 0x00, 0x00, 0x00, 0x00, 0x00, 0x00, 0x00,
  0x00, 0x00, 0x00, 0x00, 0x00, 0x00, 0x00, 0x00, 0x00, 0x00, 0x00, 0x00,
  0x00, 0x00, 0x00, 0x00, 0x00, 0x00, 0x00, 0x00, 0x00, 0x00, 0x00, 0x00,
  0x00, 0x00, 0x00, 0x00, 0x00, 0x00, 0x00, 0x00, 0x00, 0x00, 0x00, 0x00,
  0x00, 0x00, 0x00, 0x00, 0x00, 0x00, 0x00, 0x00, 0x00, 0x00, 0x00, 0x00,
  0x00, 0x00, 0x00, 0x00, 0x00, 0x00, 0x00, 0x00, 0x00, 0x00, 0x00, 0x00,
  0x00, 0x00, 0x00, 0x00, 0x00, 0x00, 0x00, 0x00, 0x00, 0x00, 0x00, 0x00,
  0x00, 0x00, 0x00, 0x00, 0x00, 0x00, 0x00, 0x00, 0x00, 0x00, 0x00, 0x00,
  0x00, 0x00, 0x00, 0x00, 0x00, 0x00, 0x00, 0x00, 0x00, 0x00, 0x00, 0x00,
  0x00, 0x00, 0x00, 0x00, 0x00, 0x00, 0x00, 0x00, 0x00, 0x00, 0x00, 0x00,
  0x00, 0x00, 0x00, 0x00, 0x00, 0x00, 0x00, 0x00, 0x00, 0x00, 0x00, 0x00,
  0x00, 0x00, 0x00, 0x00, 0x00, 0x00, 0x00, 0x00, 0x00, 0x00, 0x00, 0x00,
  0x00, 0x00, 0x00, 0x00, 0x00, 0x00, 0x00, 0x00, 0x00, 0x00, 0x00, 0x00,
  0x00, 0x00, 0x00, 0x00, 0x00, 0x00, 0x00, 0x00, 0x00, 0x00, 0x00, 0x00,
  0x00, 0x00, 0x00, 0x00, 0x00, 0x00, 0x00, 0x00, 0x00, 0x00, 0x00, 0x00,
  0x00, 0x00, 0x00, 0x00, 0x00, 0x00, 0x00, 0x00, 0x00, 0x00, 0x00, 0x00,
  0x00, 0x00, 0x00, 0x00, 0x00, 0x00, 0x00, 0x00, 0x00, 0x00, 0x00, 0x00,
  0x00, 0x00, 0x00, 0x00, 0x00, 0x00, 0x00, 0x00, 0x00, 0x00, 0x00, 0x00,
  0x00, 0x00, 0x00, 0x00, 0x00, 0x00, 0x00, 0x00, 0x00, 0x00, 0x00, 0x00,
  0x00, 0x00, 0x00, 0x00, 0x00, 0x00, 0x00, 0x00, 0x00, 0x00, 0x00, 0x00,
  0x00, 0x00, 0x00, 0x00, 0x00, 0x00, 0x00, 0x00, 0x00, 0x00, 0x00, 0x00,
  0x00, 0x00, 0x00, 0x00, 0x00, 0x00, 0x00, 0x00, 0x00, 0x00, 0x00, 0x00,
  0x00, 0x00, 0x00, 0x00, 0x00, 0x00, 0x00, 0x00, 0x00, 0x00, 0x00, 0x00,
  0x00, 0x00, 0x00, 0x00, 0x00, 0x00, 0x00, 0x00, 0x00, 0x00, 0x00, 0x00,
  0x00, 0x00, 0x00, 0x00, 0x00, 0x00, 0x00, 0x00, 0x00, 0x00, 0x00, 0x00,
  0x00, 0x00, 0x00, 0x00, 0x00, 0x00, 0x00, 0x00, 0x00, 0x00, 0x00, 0x00,
  0x00, 0x00, 0x00, 0x00, 0x00, 0x00, 0x00, 0x00, 0x00, 0x00, 0x00, 0x00,
  0x00, 0x00, 0x00, 0x00, 0x00, 0x00, 0x00, 0x00, 0x00, 0x00, 0x00, 0x00,
  0x00, 0x00, 0x00, 0x00, 0x00, 0x00, 0x00, 0x00, 0x00, 0x00, 0x00, 0x00,
  0x00, 0x00, 0x00, 0x00, 0x00, 0x00, 0x00, 0x00, 0x00, 0x00, 0x00, 0x00,
  0x00, 0x00, 0x00, 0x00, 0x00, 0x00, 0x00, 0x00, 0x00, 0x00, 0x00, 0x00,
  0x00, 0x00, 0x00, 0x00, 0x00, 0x00, 0x00, 0x00, 0x00, 0x00, 0x00, 0x00,
  0x00, 0x00, 0x00, 0x00, 0x00, 0x00, 0x00, 0x00, 0x00, 0x00, 0x00, 0x00,
  0x00, 0x00, 0x00, 0x00, 0x00, 0x00, 0x00, 0x00, 0x00, 0x00, 0x00, 0x00,
  0x00, 0x00, 0x00, 0x00, 0x00, 0x00, 0x00, 0x00, 0x00, 0x00, 0x00, 0x00,
  0x00, 0x00, 0x00, 0x00, 0x00, 0x00, 0x00, 0x00, 0x00, 0x00, 0x00, 0x00,
  0x00, 0x00, 0x00, 0x00, 0x00, 0x00, 0x00, 0x00, 0x00, 0x00, 0x00, 0x00,
  0x00, 0x00, 0x00, 0x00, 0x00, 0x00, 0x00, 0x00, 0x00, 0x00, 0x00, 0x00,
  0x00, 0x00, 0x00, 0x00, 0x00, 0x00, 0x00, 0x00, 0x00, 0x00, 0x00, 0x00,
  0x00, 0x00, 0x00, 0x00, 0x00, 0x00, 0x00, 0x00, 0x00, 0x00, 0x00, 0x00,
  0x00, 0x00, 0x00, 0x00, 0x00, 0x00, 0x00, 0x00, 0x00, 0x00, 0x00, 0x00,
  0x00, 0x00, 0x00, 0x00, 0x00, 0x00, 0x00, 0x00, 0x00, 0x00, 0x00, 0x00,
  0x00, 0x00, 0x00, 0x00, 0x00, 0x00, 0x00, 0x00, 0x00, 0x00, 0x00, 0x00,
  0x00, 0x00, 0x00, 0x00, 0x00, 0x00, 0x00, 0x00, 0x00, 0x00, 0x00, 0x00,
  0x00, 0x00, 0x00, 0x00, 0x00, 0x00, 0x00, 0x00, 0x00, 0x00, 0x00, 0x00,
  0x00, 0x00, 0x00, 0x00, 0x00, 0x00, 0x00, 0x00, 0x00, 0x00, 0x00, 0x00,
  0x00, 0x00, 0x00, 0x00, 0x00, 0x00, 0x00, 0x00, 0x00, 0x00, 0x00, 0x00,
  0x00, 0x00, 0x00, 0x00, 0x00, 0x00, 0x00, 0x00, 0x00, 0x00, 0x00, 0x00,
  0x00, 0x00, 0x00, 0x00, 0x00, 0x00, 0x00, 0x00, 0x00, 0x00, 0x00, 0x00,
  0x00, 0x00, 0x00, 0x00, 0x00, 0x00, 0x00, 0x00, 0x00, 0x00, 0x00, 0x00,
  0x00, 0x00, 0x00, 0x00, 0x00, 0x00, 0x00, 0x00, 0x00, 0x00, 0x00, 0x00,
  0x00, 0x00, 0x00, 0x00, 0x00, 0x00, 0x00, 0x00, 0x00, 0x00, 0x00, 0x00,
  0x00, 0x00, 0x00, 0x00, 0x00, 0x00, 0x00, 0x00, 0x00, 0x00, 0x00, 0x00,
  0x00, 0x00, 0x00, 0x00, 0x00, 0x00, 0x00, 0x00, 0x00, 0x00, 0x00, 0x00,
  0x00, 0x00, 0x00, 0x00, 0x00, 0x00, 0x00, 0x00, 0x00, 0x00, 0x00, 0x00,
  0x00, 0x00, 0x00, 0x00, 0x00, 0x00, 0x00, 0x00, 0x00, 0x00, 0x00, 0x00,
  0x00, 0x00, 0x00, 0x00, 0x00, 0x00, 0x00, 0x00, 0x00, 0x00, 0x00, 0x00,
  0x00, 0x00, 0x00, 0x00, 0x00, 0x00, 0x00, 0x00, 0x00, 0x00, 0x00, 0x00,
  0x00, 0x00, 0x00, 0x00, 0x00, 0x00, 0x00, 0x00, 0x00, 0x00, 0x00, 0x00,
  0x00, 0x00, 0x00, 0x00, 0x00, 0x00, 0x00, 0x00, 0x00, 0x00, 0x00, 0x00,
  0x00, 0x00, 0x00, 0x00, 0x00, 0x00, 0x00, 0x00, 0x00, 0x00, 0x00, 0x00,
  0x00, 0x00, 0x00, 0x00, 0x00, 0x00, 0x00, 0x00, 0x00, 0x00, 0x00, 0x00,
  0x00, 0x00, 0x00, 0x00, 0x00, 0x00, 0x00, 0x00, 0x00, 0x00, 0x00, 0x00,
  0x00, 0x00, 0x00, 0x00, 0x00, 0x00, 0x00, 0x00, 0x00, 0x00, 0x00, 0x00,
  0x00, 0x00, 0x00, 0x00, 0x00, 0x00, 0x00, 0x00, 0x00, 0x00, 0x00, 0x00,
  0x00, 0x00, 0x00, 0x00, 0x00, 0x00, 0x00, 0x00, 0x00, 0x00, 0x00, 0x00,
  0x00, 0x00, 0x00, 0x00, 0x00, 0x00, 0x00, 0x00, 0x00, 0x00, 0x00, 0x00,
  0x00, 0x00, 0x00, 0x00, 0x00, 0x00, 0x00, 0x00, 0x00, 0x00, 0x00, 0x00,
  0x00, 0x00, 0x00, 0x00, 0x00, 0x00, 0x00, 0x00, 0x00, 0x00, 0x00, 0x00,
  0x00, 0x00, 0x00, 0x00, 0x00, 0x00, 0x00, 0x00, 0x00, 0x00, 0x00, 0x00,
  0x00, 0x00, 0x00, 0x00, 0x00, 0x00, 0x00, 0x00, 0x00, 0x00, 0x00, 0x00,
  0x00, 0x00, 0x00, 0x00, 0x00, 0x00, 0x00, 0x00, 0x00, 0x00, 0x00, 0x00,
  0x00, 0x00, 0x00, 0x00, 0x00, 0x00, 0x00, 0x00, 0x00, 0x00, 0x00, 0x00,
  0x00, 0x00, 0x00, 0x00, 0x00, 0x00, 0x00, 0x00, 0x00, 0x00, 0x00, 0x00,
  0x00, 0x00, 0x00, 0x00, 0x00, 0x00, 0x00, 0x00, 0x00, 0x00, 0x00, 0x00,
  0x00, 0x00, 0x00, 0x00, 0x00, 0x00, 0x00, 0x00, 0x00, 0x00, 0x00, 0x00,
  0x00, 0x00, 0x00, 0x00, 0x00, 0x00, 0x00, 0x00, 0x00, 0x00, 0x00, 0x00,
  0x00, 0x00, 0x00, 0x00, 0x00, 0x00, 0x00, 0x00, 0x00, 0x00, 0x00, 0x00,
  0x00, 0x00, 0x00, 0x00, 0x00, 0x00, 0x00, 0x00, 0x00, 0x00, 0x00, 0x00,
  0x00, 0x00, 0x00, 0x00, 0x00, 0x00, 0x00, 0x00, 0x00, 0x00, 0x00, 0x00,
  0x00, 0x00, 0x00, 0x00, 0x00, 0x00, 0x00, 0x00, 0x00, 0x00, 0x00, 0x00,
  0x00, 0x00, 0x00, 0x00, 0x00, 0x00, 0x00, 0x00, 0x00, 0x00, 0x00, 0x00,
  0x00, 0x00, 0x00, 0x00, 0x00, 0x00, 0x00, 0x00, 0x00, 0x00, 0x00, 0x00,
  0x00, 0x00, 0x00, 0x00, 0x00, 0x00, 0x00, 0x00, 0x00, 0x00, 0x00, 0x00,
  0x00, 0x00, 0x00, 0x00, 0x00, 0x00, 0x00, 0x00, 0x00, 0x00, 0x00, 0x00,
  0x00, 0x00, 0x00, 0x00, 0x00, 0x00, 0x00, 0x00, 0x00, 0x00, 0x00, 0x00,
  0x00, 0x00, 0x00, 0x00, 0x00, 0x00, 0x00, 0x00, 0x00, 0x00, 0x00, 0x00,
  0x00, 0x00, 0x00, 0x00, 0x00, 0x00, 0x00, 0x00, 0x00, 0x00, 0x00, 0x00,
  0x00, 0x00, 0x00, 0x00, 0x00, 0x00, 0x00, 0x00, 0x00, 0x00, 0x00, 0x00,
  0x00, 0x00, 0x00, 0x00, 0x00, 0x00, 0x00, 0x00, 0x00, 0x00, 0x00, 0x00,
  0x00, 0x00, 0x00, 0x00, 0x00, 0x00, 0x00, 0x00, 0x00, 0x00, 0x00, 0x00,
  0x00, 0x00, 0x00, 0x00, 0x00, 0x00, 0x00, 0x00, 0x00, 0x00, 0x00, 0x00,
  0x00, 0x00, 0x00, 0x00, 0x00, 0x00, 0x00, 0x00, 0x00, 0x00, 0x00, 0x00,
  0x00, 0x00, 0x00, 0x00, 0x00, 0x00, 0x00, 0x00, 0x00, 0x00, 0x00, 0x00,
  0x00, 0x00, 0x00, 0x00, 0x00, 0x00, 0x00, 0x00, 0x00, 0x00, 0x00, 0x00,
  0x00, 0x00, 0x00, 0x00, 0x00, 0x00, 0x00, 0x00, 0x00, 0x00, 0x00, 0x00,
  0x00, 0x00, 0x00, 0x00, 0x00, 0x00, 0x00, 0x00, 0x00, 0x00, 0x00, 0x00,
  0x00, 0x00, 0x00, 0x00, 0x00, 0x00, 0x00, 0x00, 0x00, 0x00, 0x00, 0x00,
  0x00, 0x00, 0x00, 0x00, 0x00, 0x00, 0x00, 0x00, 0x00, 0x00, 0x00, 0x00,
  0x00, 0x00, 0x00, 0x00, 0x00, 0x00, 0x00, 0x00, 0x00, 0x00, 0x00, 0x00,
  0x00, 0x00, 0x00, 0x00, 0x00, 0x00, 0x00, 0x00, 0x00, 0x00, 0x00, 0x00,
  0x00, 0x00, 0x00, 0x00, 0x00, 0x00, 0x00, 0x00, 0x00, 0x00, 0x00, 0x00,
  0x00, 0x00, 0x00, 0x00, 0x00, 0x00, 0x00, 0x00, 0x00, 0x00, 0x00, 0x00,
  0x00, 0x00, 0x00, 0x00, 0x00, 0x00, 0x00, 0x00, 0x00, 0x00, 0x00, 0x00,
  0x00, 0x00, 0x00, 0x00, 0x00, 0x00, 0x00, 0x00, 0x00, 0x00, 0x00, 0x00,
  0x00, 0x00, 0x00, 0x00, 0x00, 0x00, 0x00, 0x00, 0x00, 0x00, 0x00, 0x00,
  0x00, 0x00, 0x00, 0x00, 0x00, 0x00, 0x00, 0x00, 0x00, 0x00, 0x00, 0x00,
  0x00, 0x00, 0x00, 0x00, 0x00, 0x00, 0x00, 0x00, 0x00, 0x00, 0x00, 0x00,
  0x00, 0x00, 0x00, 0x00, 0x00, 0x00, 0x00, 0x00, 0x00, 0x00, 0x00, 0x00,
  0x00, 0x00, 0x00, 0x00, 0x00, 0x00, 0x00, 0x00, 0x00, 0x00, 0x00, 0x00,
  0x00, 0x00, 0x00, 0x00, 0x00, 0x00, 0x00, 0x00, 0x00, 0x00, 0x00, 0x00,
  0x00, 0x00, 0x00, 0x00, 0x00, 0x00, 0x00, 0x00, 0x00, 0x00, 0x00, 0x00,
  0x00, 0x00, 0x00, 0x00, 0x00, 0x00, 0x00, 0x00, 0x00, 0x00, 0x00, 0x00,
  0x00, 0x00, 0x00, 0x00, 0x00, 0x00, 0x00, 0x00, 0x00, 0x00, 0x00, 0x00,
  0x00, 0x00, 0x00, 0x00, 0x00, 0x00, 0x00, 0x00, 0x00, 0x00, 0x00, 0x00,
  0x00, 0x00, 0x00, 0x00, 0x02, 0x04, 0x03, 0x03, 0x03, 0x03, 0x03, 0x03,
  0x03, 0x03, 0x03, 0x03, 0x03, 0x03, 0x03, 0x03, 0x03, 0x03, 0x03, 0x02,
  0x00, 0x00, 0x00, 0x00, 0x00, 0x00, 0x00, 0x00, 0x00, 0x00, 0x00, 0x00,
  0x00, 0x00, 0x00, 0x00, 0x00, 0x00, 0x00, 0x00, 0x00, 0x00, 0x00, 0x00,
  0x00, 0x00, 0x00, 0x00, 0x00, 0x00, 0x00, 0x00, 0x00, 0x00, 0x00, 0x00,
  0x02, 0x04, 0x03, 0x03, 0x03, 0x03, 0x03, 0x03, 0x03, 0x03, 0x03, 0x03,
  0x03, 0x03, 0x03, 0x03, 0x03, 0x04, 0x04, 0x04, 0x04, 0x04, 0x04, 0x04,
  0x04, 0x04, 0x04, 0x04, 0x04, 0x01, 0x00, 0x00, 0x00, 0x00, 0x00, 0x00,
  0x00, 0x00, 0x00, 0x00, 0x00, 0x00, 0x00, 0x00, 0x00, 0x00, 0x00, 0x00,
  0x00, 0x00, 0x00, 0x00, 0x00, 0x00, 0x00, 0x00, 0x00, 0x00, 0x00, 0x00,
  0x00, 0x00, 0x00, 0x00, 0x02, 0x04, 0x04, 0x05, 0x05, 0x05, 0x05, 0x05,
  0x05, 0x05, 0x04, 0x03, 0x00, 0x00, 0x00, 0x00, 0x00, 0x00, 0x00, 0x00,
  0x00, 0x00, 0x00, 0x00, 0x00, 0x00, 0x00, 0x00, 0x00, 0x00, 0x00, 0x00,
  0x00, 0x00, 0x00, 0x00, 0x00, 0x00, 0x00, 0x00, 0x00, 0x00, 0x00, 0x00,
  0x00, 0x00, 0x00, 0x00, 0x00, 0x00, 0x00, 0x00, 0x00, 0x00, 0x00, 0x00,
  0x00, 0x02, 0x04, 0x04, 0x05, 0x05, 0x05, 0x05, 0x05, 0x05, 0x04, 0x04,
  0x00, 0x00, 0x00, 0x00, 0x00, 0x00, 0x00, 0x00, 0x00, 0x00, 0x00, 0x00,
  0x00, 0x00, 0x00, 0x00, 0x00, 0x00, 0x00, 0x00, 0x00, 0x00, 0x00, 0x00,
  0x00, 0x00, 0x00, 0x00, 0x00, 0x00, 0x00, 0x02, 0x04, 0x04, 0x03, 0x04,
  0x03, 0x03, 0x04, 0x04, 0x00, 0x00, 0x00, 0x00, 0x00, 0x00, 0x00, 0x00,
  0x00, 0x00, 0x00, 0x00, 0x00, 0x00, 0x00, 0x00, 0x00, 0x00, 0x00, 0x00,
  0x00, 0x00, 0x01, 0x04, 0x03, 0x03, 0x03, 0x03, 0x03, 0x04, 0x00, 0x00,
  0x00, 0x00, 0x00, 0x00, 0x00, 0x00, 0x00, 0x00, 0x00, 0x00, 0x00, 0x00,
  0x00, 0x00, 0x00, 0x00, 0x00, 0x00, 0x00, 0x00, 0x03, 0x03, 0x03, 0x03,
  0x03, 0x03, 0x03, 0x03, 0x04, 0x04, 0x04, 0x04, 0x04, 0x03, 0x03, 0x03,
  0x03, 0x03, 0x03, 0x03, 0x03, 0x03, 0x04, 0x04, 0x04, 0x04, 0x03, 0x04,
  0x03, 0x00, 0x00, 0x00, 0x00, 0x00, 0x00, 0x00, 0x00, 0x00, 0x00, 0x00,
  0x00, 0x00, 0x00, 0x00, 0x00, 0x00, 0x00, 0x00, 0x00, 0x00, 0x00, 0x00,
  0x00, 0x03, 0x04, 0x03, 0x03, 0x03, 0x03, 0x03, 0x03, 0x03, 0x04, 0x04,
  0x04, 0x04, 0x04, 0x03, 0x03, 0x03, 0x03, 0x03, 0x03, 0x00, 0x00, 0x00,
  0x00, 0x00, 0x00, 0x00, 0x00, 0x00, 0x00, 0x00, 0x00, 0x00, 0x00, 0x00,
  0x00, 0x00, 0x00, 0x00, 0x00, 0x00, 0x00, 0x00, 0x00, 0x00, 0x00, 0x00,
  0x00, 0x00, 0x00, 0x02, 0x04, 0x04, 0x04, 0x04, 0x04, 0x04, 0x04, 0x04,
  0x00, 0x00, 0x00, 0x00, 0x00, 0x00, 0x00, 0x00, 0x00, 0x00, 0x00, 0x00,
  0x00, 0x00, 0x00, 0x00, 0x00, 0x00, 0x00, 0x00, 0x01, 0x04, 0x04, 0x03,
  0x03, 0x03, 0x03, 0x03, 0x04, 0x00, 0x00, 0x00, 0x00, 0x00, 0x00, 0x00,
  0x00, 0x00, 0x00, 0x00, 0x00, 0x00, 0x00, 0x00, 0x00, 0x00, 0x00, 0x00,
  0x00, 0x00, 0x00, 0x00, 0x00, 0x00, 0x00, 0x00, 0x00, 0x00, 0x00, 0x00,
  0x00, 0x00, 0x00, 0x00, 0x00, 0x00, 0x00, 0x00, 0x00, 0x00, 0x00, 0x00,
  0x00, 0x00, 0x00, 0x00, 0x00, 0x00, 0x00, 0x00, 0x00, 0x00, 0x00, 0x00,
  0x00, 0x00, 0x00, 0x02, 0x04, 0x03, 0x03, 0x03, 0x03, 0x03, 0x03, 0x04,
  0x04, 0x04, 0x04, 0x04, 0x04, 0x04, 0x04, 0x03, 0x03, 0x03, 0x03, 0x03,
  0x00, 0x00, 0x00, 0x00, 0x00, 0x00, 0x00, 0x00, 0x00, 0x00, 0x00, 0x00,
  0x00, 0x00, 0x00, 0x00, 0x00, 0x00, 0x00, 0x00, 0x00, 0x00, 0x00, 0x00,
  0x00, 0x00, 0x00, 0x00, 0x00, 0x00, 0x00, 0x00, 0x00, 0x01, 0x04, 0x04,
  0x03, 0x04, 0x04, 0x04, 0x04, 0x04, 0x04, 0x04, 0x03, 0x03, 0x03, 0x03,
  0x03, 0x03, 0x03, 0x03, 0x03, 0x03, 0x03, 0x02, 0x00, 0x00, 0x00, 0x00,
  0x00, 0x00, 0x00, 0x00, 0x00, 0x00, 0x00, 0x00, 0x00, 0x00, 0x00, 0x00,
  0x00, 0x00, 0x00, 0x00, 0x00, 0x00, 0x00, 0x00, 0x00, 0x00, 0x00, 0x00,
  0x00, 0x00, 0x00, 0x00, 0x00, 0x00, 0x00, 0x00, 0x00, 0x00, 0x00, 0x00,
  0x00, 0x00, 0x00, 0x00, 0x00, 0x02, 0x04, 0x04, 0x05, 0x05, 0x05, 0x05,
  0x05, 0x05, 0x05, 0x04, 0x04, 0x00, 0x00, 0x00, 0x00, 0x00, 0x00, 0x00,
  0x00, 0x00, 0x00, 0x00, 0x00, 0x00, 0x00, 0x00, 0x00, 0x00, 0x00, 0x00,
  0x00, 0x00, 0x00, 0x00, 0x00, 0x00, 0x00, 0x00, 0x00, 0x00, 0x00, 0x00,
  0x00, 0x00, 0x00, 0x00, 0x00, 0x00, 0x00, 0x00, 0x00, 0x00, 0x00, 0x00,
  0x00, 0x00, 0x00, 0x00, 0x00, 0x00, 0x00, 0x00, 0x04, 0x04, 0x04, 0x04,
  0x03, 0x04, 0x04, 0x01, 0x00, 0x00, 0x00, 0x00, 0x00, 0x00, 0x00, 0x00,
  0x00, 0x00, 0x00, 0x00, 0x00, 0x00, 0x00, 0x00, 0x00, 0x00, 0x00, 0x00,
  0x00, 0x00, 0x00, 0x00, 0x00, 0x02, 0x04, 0x03, 0x03, 0x03, 0x03, 0x03,
  0x03, 0x03, 0x03, 0x03, 0x03, 0x03, 0x03, 0x03, 0x03, 0x03, 0x03, 0x03,
  0x03, 0x03, 0x03, 0x03, 0x03, 0x03, 0x03, 0x03, 0x03, 0x04, 0x02, 0x00,
  0x00, 0x00, 0x00, 0x00, 0x00, 0x00, 0x00, 0x00, 0x00, 0x00, 0x00, 0x00,
  0x00, 0x00, 0x00, 0x00, 0x00, 0x00, 0x00, 0x00, 0x00, 0x00, 0x00, 0x00,
  0x00, 0x00, 0x00, 0x00, 0x00, 0x00, 0x00, 0x00, 0x00, 0x02, 0x04, 0x04,
  0x05, 0x05, 0x05, 0x05, 0x05, 0x05, 0x05, 0x04, 0x03, 0x00, 0x00, 0x00,
  0x00, 0x00, 0x00, 0x00, 0x00, 0x00, 0x00, 0x00, 0x00, 0x00, 0x00, 0x00,
  0x00, 0x00, 0x00, 0x00, 0x00, 0x00, 0x00, 0x00, 0x00, 0x00, 0x00, 0x00,
  0x00, 0x00, 0x00, 0x00, 0x00, 0x03, 0x04, 0x03, 0x04, 0x04, 0x04, 0x04,
  0x04, 0x04, 0x04, 0x03, 0x03, 0x03, 0x03, 0x03, 0x03, 0x03, 0x03, 0x03,
  0x03, 0x03, 0x03, 0x03, 0x03, 0x04, 0x04, 0x04, 0x04, 0x04, 0x03, 0x03,
  0x04, 0x02, 0x00, 0x00, 0x00, 0x00, 0x00, 0x00, 0x00, 0x00, 0x00, 0x00,
  0x00, 0x00, 0x00, 0x00, 0x00, 0x00, 0x00, 0x00, 0x00, 0x00, 0x00, 0x00,
  0x00, 0x00, 0x00, 0x00, 0x00, 0x01, 0x07, 0x05, 0x05, 0x05, 0x04, 0x00,
  0x00, 0x00, 0x00, 0x00, 0x00, 0x00, 0x00, 0x00, 0x00, 0x00, 0x00, 0x00,
  0x00, 0x00, 0x00, 0x00, 0x00, 0x00, 0x00, 0x00, 0x00, 0x00, 0x00, 0x00,
  0x00, 0x00, 0x00, 0x00, 0x00, 0x00, 0x00, 0x00, 0x00, 0x00, 0x00, 0x00,
  0x00, 0x00, 0x00, 0x00, 0x00, 0x00, 0x00, 0x00, 0x00, 0x00, 0x00, 0x00,
  0x00, 0x00, 0x00, 0x00, 0x00, 0x00, 0x00, 0x00, 0x00, 0x00, 0x00, 0x00,
  0x00, 0x00, 0x00, 0x00, 0x00, 0x00, 0x00, 0x00, 0x00, 0x00, 0x00, 0x00,
  0x00, 0x00, 0x00, 0x00, 0x00, 0x00, 0x00, 0x00, 0x00, 0x00, 0x00, 0x00,
  0x00, 0x00, 0x00, 0x00, 0x00, 0x00, 0x00, 0x00, 0x04, 0x06, 0x00, 0x00,
  0x00, 0x00, 0x00, 0x00, 0x00, 0x00, 0x00, 0x00, 0x00, 0x00, 0x06, 0x05,
  0x04, 0x00, 0x00, 0x00, 0x00, 0x00, 0x00, 0x00, 0x00, 0x00, 0x00, 0x00,
  0x00, 0x00, 0x00, 0x00, 0x00, 0x00, 0x00, 0x00, 0x00, 0x00, 0x00, 0x00,
  0x00, 0x00, 0x00, 0x00, 0x00, 0x00, 0x00, 0x00, 0x00, 0x00, 0x00, 0x00,
  0x00, 0x00, 0x00, 0x00, 0x03, 0x05, 0x07, 0x01, 0x00, 0x00, 0x00, 0x00,
  0x00, 0x00, 0x00, 0x00, 0x00, 0x00, 0x06, 0x06, 0x05, 0x01, 0x00, 0x00,
  0x00, 0x00, 0x00, 0x00, 0x00, 0x00, 0x00, 0x00, 0x00, 0x00, 0x00, 0x00,
  0x00, 0x00, 0x00, 0x00, 0x00, 0x00, 0x00, 0x00, 0x00, 0x00, 0x00, 0x00,
  0x00, 0x00, 0x00, 0x00, 0x00, 0x00, 0x00, 0x00, 0x00, 0x00, 0x03, 0x00,
  0x00, 0x00, 0x00, 0x00, 0x00, 0x00, 0x00, 0x00, 0x00, 0x00, 0x00, 0x00,
  0x00, 0x00, 0x00, 0x00, 0x00, 0x00, 0x00, 0x02, 0x03, 0x00, 0x00, 0x00,
  0x00, 0x00, 0x00, 0x00, 0x00, 0x00, 0x00, 0x00, 0x00, 0x00, 0x00, 0x00,
  0x00, 0x00, 0x00, 0x00, 0x00, 0x00, 0x00, 0x00, 0x00, 0x00, 0x00, 0x00,
  0x00, 0x00, 0x00, 0x00, 0x00, 0x00, 0x00, 0x00, 0x00, 0x00, 0x00, 0x00,
  0x00, 0x00, 0x00, 0x00, 0x00, 0x00, 0x00, 0x00, 0x00, 0x00, 0x00, 0x00,
  0x00, 0x00, 0x00, 0x00, 0x00, 0x00, 0x00, 0x00, 0x00, 0x00, 0x00, 0x00,
  0x00, 0x00, 0x00, 0x00, 0x00, 0x00, 0x00, 0x00, 0x00, 0x00, 0x00, 0x00,
  0x00, 0x00, 0x00, 0x00, 0x00, 0x00, 0x00, 0x00, 0x00, 0x00, 0x00, 0x00,
  0x00, 0x00, 0x00, 0x00, 0x00, 0x00, 0x00, 0x00, 0x00, 0x00, 0x00, 0x00,
  0x00, 0x00, 0x00, 0x05, 0x06, 0x05, 0x04, 0x01, 0x00, 0x00, 0x00, 0x00,
  0x00, 0x00, 0x00, 0x00, 0x00, 0x00, 0x00, 0x00, 0x00, 0x00, 0x00, 0x00,
  0x00, 0x00, 0x00, 0x00, 0x00, 0x00, 0x00, 0x00, 0x00, 0x00, 0x00, 0x00,
  0x00, 0x00, 0x00, 0x00, 0x00, 0x00, 0x04, 0x00, 0x00, 0x00, 0x00, 0x00,
  0x00, 0x00, 0x00, 0x00, 0x00, 0x00, 0x00, 0x00, 0x00, 0x00, 0x00, 0x00,
  0x00, 0x00, 0x00, 0x00, 0x00, 0x00, 0x00, 0x00, 0x00, 0x00, 0x00, 0x00,
  0x00, 0x00, 0x00, 0x00, 0x00, 0x00, 0x00, 0x00, 0x00, 0x00, 0x00, 0x00,
  0x00, 0x00, 0x00, 0x00, 0x00, 0x00, 0x00, 0x00, 0x00, 0x00, 0x00, 0x00,
  0x00, 0x00, 0x00, 0x00, 0x00, 0x00, 0x00, 0x00, 0x00, 0x00, 0x00, 0x00,
  0x00, 0x00, 0x00, 0x00, 0x00, 0x00, 0x00, 0x00, 0x00, 0x00, 0x00, 0x00,
  0x00, 0x00, 0x00, 0x00, 0x00, 0x00, 0x00, 0x00, 0x00, 0x00, 0x00, 0x00,
  0x00, 0x00, 0x00, 0x00, 0x00, 0x00, 0x00, 0x00, 0x00, 0x00, 0x00, 0x00,
  0x00, 0x00, 0x00, 0x00, 0x00, 0x00, 0x06, 0x06, 0x05, 0x03, 0x00, 0x00,
  0x00, 0x00, 0x00, 0x00, 0x00, 0x00, 0x00, 0x00, 0x00, 0x00, 0x00, 0x00,
  0x00, 0x00, 0x00, 0x00, 0x00, 0x00, 0x00, 0x00, 0x00, 0x00, 0x00, 0x00,
  0x00, 0x00, 0x00, 0x00, 0x00, 0x00, 0x00, 0x00, 0x00, 0x00, 0x00, 0x00,
  0x00, 0x00, 0x00, 0x00, 0x00, 0x00, 0x00, 0x00, 0x00, 0x00, 0x00, 0x00,
  0x00, 0x00, 0x05, 0x05, 0x05, 0x01, 0x00, 0x00, 0x00, 0x00, 0x00, 0x00,
  0x00, 0x00, 0x00, 0x00, 0x00, 0x00, 0x00, 0x00, 0x00, 0x00, 0x00, 0x00,
  0x00, 0x00, 0x00, 0x00, 0x00, 0x00, 0x00, 0x00, 0x00, 0x00, 0x00, 0x00,
  0x00, 0x00, 0x00, 0x00, 0x00, 0x00, 0x00, 0x00, 0x02, 0x04, 0x06, 0x02,
  0x00, 0x00, 0x00, 0x00, 0x00, 0x00, 0x00, 0x00, 0x00, 0x00, 0x00, 0x05,
  0x06, 0x05, 0x01, 0x00, 0x00, 0x00, 0x00, 0x00, 0x00, 0x00, 0x00, 0x00,
  0x00, 0x00, 0x00, 0x00, 0x00, 0x00, 0x00, 0x00, 0x00, 0x00, 0x00, 0x00,
  0x00, 0x00, 0x00, 0x00, 0x00, 0x00, 0x00, 0x00, 0x00, 0x00, 0x00, 0x00,
  0x00, 0x00, 0x00, 0x00, 0x00, 0x00, 0x00, 0x00, 0x00, 0x00, 0x00, 0x00,
  0x00, 0x04, 0x00, 0x00, 0x00, 0x00, 0x00, 0x00, 0x00, 0x00, 0x00, 0x00,
  0x00, 0x00, 0x00, 0x00, 0x00, 0x00, 0x00, 0x00, 0x00, 0x00, 0x00, 0x00,
  0x00, 0x00, 0x00, 0x00, 0x00, 0x00, 0x00, 0x00, 0x00, 0x00, 0x00, 0x00,
  0x00, 0x00, 0x00, 0x00, 0x00, 0x00, 0x00, 0x00, 0x00, 0x00, 0x00, 0x00,
  0x00, 0x00, 0x00, 0x00, 0x00, 0x00, 0x00, 0x00, 0x00, 0x00, 0x00, 0x00,
  0x00, 0x00, 0x00, 0x00, 0x00, 0x00, 0x00, 0x00, 0x00, 0x00, 0x00, 0x00,
  0x00, 0x00, 0x00, 0x00, 0x00, 0x00, 0x00, 0x00, 0x00, 0x00, 0x00, 0x00,
  0x00, 0x00, 0x00, 0x00, 0x00, 0x00, 0x00, 0x00, 0x00, 0x00, 0x00, 0x00,
  0x00, 0x04, 0x06, 0x00, 0x00, 0x00, 0x00, 0x00, 0x00, 0x00, 0x00, 0x00,
  0x00, 0x00, 0x00, 0x06, 0x05, 0x03, 0x00, 0x00, 0x00, 0x00, 0x00, 0x00,
  0x00, 0x00, 0x00, 0x00, 0x00, 0x00, 0x00, 0x00, 0x00, 0x00, 0x00, 0x00,
  0x00, 0x00, 0x00, 0x00, 0x00, 0x00, 0x00, 0x00, 0x00, 0x00, 0x04, 0x01,
  0x00, 0x00, 0x00, 0x00, 0x00, 0x00, 0x00, 0x00, 0x00, 0x00, 0x00, 0x00,
  0x00, 0x00, 0x00, 0x00, 0x00, 0x00, 0x00, 0x00, 0x00, 0x00, 0x00, 0x00,
  0x00, 0x00, 0x00, 0x00, 0x00, 0x00, 0x00, 0x00, 0x00, 0x00, 0x00, 0x00,
  0x00, 0x00, 0x02, 0x00, 0x3b, 0x5a, 0x4d, 0x4c, 0x4b, 0x4c, 0x4d, 0x4c,
  0x4d, 0x50, 0x53, 0x54, 0x55, 0x55, 0x54, 0x53, 0x52, 0x51, 0x52, 0x32,
  0x00, 0x01, 0x00, 0x00, 0x00, 0x05, 0x05, 0x00, 0x00, 0x00, 0x00, 0x00,
  0x00, 0x00, 0x00, 0x00, 0x00, 0x00, 0x00, 0x00, 0x00, 0x00, 0x00, 0x00,
  0x00, 0x00, 0x00, 0x00, 0x00, 0x00, 0x00, 0x00, 0x00, 0x00, 0x02, 0x00,
  0x2a, 0x59, 0x4f, 0x4a, 0x4d, 0x4c, 0x4c, 0x4d, 0x4e, 0x4e, 0x4e, 0x4e,
  0x4e, 0x4f, 0x51, 0x53, 0x54, 0x55, 0x57, 0x58, 0x5a, 0x5c, 0x5f, 0x5f,
  0x5f, 0x5d, 0x5a, 0x67, 0x66, 0x29, 0x00, 0x02, 0x00, 0x00, 0x00, 0x00,
  0x00, 0x00, 0x00, 0x00, 0x00, 0x00, 0x00, 0x00, 0x00, 0x00, 0x00, 0x00,
  0x00, 0x00, 0x00, 0x00, 0x00, 0x00, 0x00, 0x00, 0x00, 0x00, 0x00, 0x00,
  0x05, 0x06, 0x00, 0x00, 0x30, 0x55, 0x69, 0x72, 0x79, 0x7c, 0x7d, 0x7d,
  0x7b, 0x73, 0x60, 0x3e, 0x00, 0x00, 0x00, 0x05, 0x01, 0x00, 0x00, 0x00,
  0x00, 0x00, 0x00, 0x00, 0x00, 0x00, 0x00, 0x00, 0x00, 0x00, 0x00, 0x00,
  0x00, 0x00, 0x00, 0x00, 0x00, 0x00, 0x00, 0x00, 0x00, 0x00, 0x00, 0x00,
  0x00, 0x00, 0x00, 0x00, 0x00, 0x00, 0x00, 0x00, 0x04, 0x06, 0x00, 0x01,
  0x00, 0x30, 0x60, 0x6f, 0x77, 0x7d, 0x7f, 0x7f, 0x7c, 0x78, 0x6b, 0x58,
  0x06, 0x00, 0x00, 0x04, 0x06, 0x01, 0x00, 0x00, 0x00, 0x00, 0x00, 0x00,
  0x00, 0x00, 0x00, 0x00, 0x00, 0x00, 0x00, 0x00, 0x00, 0x00, 0x00, 0x00,
  0x00, 0x00, 0x00, 0x00, 0x00, 0x02, 0x00, 0x35, 0x60, 0x56, 0x55, 0x56,
  0x54, 0x51, 0x58, 0x56, 0x02, 0x00, 0x00, 0x00, 0x00, 0x00, 0x00, 0x00,
  0x00, 0x00, 0x00, 0x00, 0x00, 0x00, 0x00, 0x00, 0x00, 0x00, 0x00, 0x00,
  0x02, 0x00, 0x1a, 0x5f, 0x55, 0x50, 0x50, 0x50, 0x51, 0x67, 0x14, 0x00,
  0x01, 0x00, 0x00, 0x00, 0x00, 0x00, 0x00, 0x00, 0x00, 0x00, 0x00, 0x00,
  0x00, 0x00, 0x00, 0x00, 0x00, 0x01, 0x00, 0x0d, 0x50, 0x52, 0x4b, 0x4d,
  0x4f, 0x52, 0x54, 0x55, 0x57, 0x59, 0x59, 0x57, 0x56, 0x55, 0x53, 0x51,
  0x50, 0x50, 0x51, 0x51, 0x53, 0x56, 0x58, 0x59, 0x5b, 0x57, 0x55, 0x5f,
  0x49, 0x00, 0x00, 0x00, 0x00, 0x00, 0x00, 0x00, 0x00, 0x00, 0x00, 0x00,
  0x00, 0x00, 0x00, 0x00, 0x00, 0x00, 0x00, 0x00, 0x00, 0x00, 0x01, 0x00,
  0x12, 0x4f, 0x56, 0x49, 0x4e, 0x50, 0x50, 0x51, 0x52, 0x54, 0x56, 0x57,
  0x58, 0x57, 0x56, 0x54, 0x52, 0x51, 0x52, 0x51, 0x51, 0x0b, 0x00, 0x01,
  0x00, 0x03, 0x06, 0x02, 0x00, 0x00, 0x00, 0x00, 0x00, 0x00, 0x00, 0x00,
  0x00, 0x00, 0x00, 0x00, 0x00, 0x00, 0x00, 0x00, 0x00, 0x00, 0x00, 0x00,
  0x00, 0x02, 0x00, 0x3a, 0x66, 0x57, 0x5a, 0x5b, 0x5a, 0x5c, 0x62, 0x5b,
  0x03, 0x00, 0x00, 0x00, 0x00, 0x00, 0x00, 0x00, 0x00, 0x00, 0x00, 0x00,
  0x00, 0x00, 0x00, 0x00, 0x00, 0x00, 0x01, 0x00, 0x24, 0x58, 0x58, 0x52,
  0x52, 0x52, 0x52, 0x4d, 0x61, 0x0e, 0x00, 0x01, 0x00, 0x00, 0x00, 0x00,
  0x00, 0x00, 0x00, 0x00, 0x00, 0x00, 0x00, 0x00, 0x00, 0x00, 0x00, 0x00,
  0x00, 0x00, 0x00, 0x00, 0x00, 0x00, 0x00, 0x00, 0x00, 0x00, 0x00, 0x00,
  0x00, 0x00, 0x00, 0x00, 0x00, 0x00, 0x00, 0x00, 0x00, 0x00, 0x00, 0x00,
  0x00, 0x00, 0x00, 0x00, 0x00, 0x00, 0x00, 0x00, 0x00, 0x00, 0x00, 0x00,
  0x00, 0x02, 0x00, 0x2a, 0x5a, 0x51, 0x4c, 0x50, 0x52, 0x54, 0x55, 0x55,
  0x57, 0x58, 0x59, 0x59, 0x59, 0x57, 0x56, 0x55, 0x53, 0x53, 0x51, 0x40,
  0x00, 0x00, 0x00, 0x00, 0x04, 0x02, 0x00, 0x00, 0x00, 0x00, 0x00, 0x00,
  0x00, 0x00, 0x00, 0x00, 0x00, 0x00, 0x00, 0x00, 0x00, 0x00, 0x00, 0x00,
  0x00, 0x00, 0x00, 0x00, 0x00, 0x00, 0x00, 0x01, 0x00, 0x25, 0x57, 0x58,
  0x52, 0x56, 0x56, 0x58, 0x58, 0x59, 0x57, 0x56, 0x54, 0x51, 0x4f, 0x4e,
  0x4d, 0x4c, 0x4a, 0x4b, 0x4d, 0x50, 0x4a, 0x33, 0x02, 0x00, 0x00, 0x04,
  0x06, 0x01, 0x00, 0x00, 0x00, 0x00, 0x00, 0x00, 0x00, 0x00, 0x00, 0x00,
  0x00, 0x00, 0x00, 0x00, 0x00, 0x00, 0x00, 0x00, 0x00, 0x00, 0x00, 0x00,
  0x00, 0x00, 0x00, 0x00, 0x00, 0x00, 0x00, 0x00, 0x00, 0x00, 0x00, 0x00,
  0x00, 0x05, 0x00, 0x01, 0x00, 0x28, 0x59, 0x6e, 0x7d, 0x83, 0x88, 0x89,
  0x88, 0x85, 0x80, 0x6e, 0x5e, 0x10, 0x00, 0x00, 0x03, 0x05, 0x01, 0x00,
  0x00, 0x00, 0x00, 0x00, 0x00, 0x00, 0x00, 0x00, 0x00, 0x00, 0x00, 0x00,
  0x00, 0x00, 0x00, 0x00, 0x00, 0x00, 0x00, 0x00, 0x00, 0x00, 0x00, 0x00,
  0x00, 0x00, 0x00, 0x00, 0x00, 0x00, 0x00, 0x00, 0x00, 0x00, 0x00, 0x00,
  0x00, 0x00, 0x00, 0x00, 0x00, 0x00, 0x00, 0x05, 0x5a, 0x5a, 0x57, 0x57,
  0x54, 0x5c, 0x61, 0x27, 0x00, 0x02, 0x00, 0x00, 0x00, 0x00, 0x00, 0x00,
  0x00, 0x00, 0x00, 0x00, 0x00, 0x00, 0x00, 0x00, 0x00, 0x00, 0x00, 0x00,
  0x00, 0x00, 0x00, 0x02, 0x00, 0x2b, 0x59, 0x50, 0x4a, 0x4f, 0x4f, 0x4e,
  0x4f, 0x50, 0x51, 0x51, 0x52, 0x52, 0x50, 0x4e, 0x4d, 0x4c, 0x4b, 0x4a,
  0x49, 0x4a, 0x4b, 0x4d, 0x50, 0x53, 0x53, 0x50, 0x54, 0x6c, 0x35, 0x00,
  0x03, 0x00, 0x00, 0x00, 0x00, 0x00, 0x00, 0x00, 0x00, 0x00, 0x00, 0x00,
  0x00, 0x00, 0x00, 0x00, 0x00, 0x00, 0x00, 0x00, 0x00, 0x00, 0x00, 0x00,
  0x00, 0x00, 0x00, 0x00, 0x00, 0x05, 0x05, 0x00, 0x00, 0x33, 0x58, 0x6f,
  0x7c, 0x81, 0x84, 0x86, 0x86, 0x84, 0x7c, 0x6a, 0x45, 0x00, 0x00, 0x00,
  0x04, 0x04, 0x00, 0x00, 0x00, 0x00, 0x00, 0x00, 0x00, 0x00, 0x00, 0x00,
  0x00, 0x00, 0x00, 0x00, 0x00, 0x00, 0x00, 0x00, 0x00, 0x00, 0x00, 0x00,
  0x00, 0x00, 0x00, 0x02, 0x00, 0x47, 0x63, 0x52, 0x59, 0x5c, 0x5e, 0x5d,
  0x5c, 0x59, 0x57, 0x54, 0x52, 0x4f, 0x4e, 0x4c, 0x4b, 0x4a, 0x4a, 0x4a,
  0x4b, 0x4c, 0x4f, 0x52, 0x53, 0x56, 0x59, 0x5b, 0x5a, 0x58, 0x53, 0x52,
  0x5c, 0x37, 0x00, 0x02, 0x00, 0x00, 0x00, 0x00, 0x05, 0x00, 0x93, 0xe7,
  0xcc, 0xcb, 0xc9, 0xcb, 0xcb, 0xca, 0xcc, 0xce, 0xd0, 0xd1, 0xd1, 0xd2,
  0xd0, 0xd0, 0xce, 0xcd, 0xd0, 0xb1, 0x74, 0x6e, 0x65, 0x56, 0x3e, 0x06,
  0x00, 0x04, 0x02, 0x00, 0x00, 0x00, 0x00, 0x00, 0x00, 0x00, 0x00, 0x00,
  0x00, 0x00, 0x00, 0x00, 0x00, 0x00, 0x00, 0x00, 0x00, 0x00, 0x00, 0x00,
  0x00, 0x00, 0x00, 0x00, 0x06, 0x00, 0x70, 0xe7, 0xcf, 0xc9, 0xcd, 0xcd,
  0xce, 0xce, 0xce, 0xce, 0xcf, 0xce, 0xce, 0xce, 0xd0, 0xd1, 0xd2, 0xd4,
  0xd5, 0xd6, 0xd8, 0xd9, 0xdb, 0xdc, 0xdc, 0xda, 0xd5, 0xe7, 0xe5, 0x5f,
  0x00, 0x05, 0x00, 0x00, 0x00, 0x00, 0x00, 0x00, 0x00, 0x00, 0x00, 0x00,
  0x00, 0x00, 0x00, 0x00, 0x00, 0x00, 0x00, 0x00, 0x00, 0x00, 0x00, 0x00,
  0x00, 0x00, 0x00, 0x00, 0x04, 0x05, 0x00, 0x04, 0x50, 0x6b, 0xb3, 0xd5,
  0xe2, 0xe7, 0xeb, 0xec, 0xec, 0xed, 0xeb, 0xe6, 0xd9, 0xbd, 0x72, 0x59,
  0x3e, 0x07, 0x01, 0x06, 0x01, 0x00, 0x00, 0x00, 0x00, 0x00, 0x00, 0x00,
  0x00, 0x00, 0x00, 0x00, 0x00, 0x00, 0x00, 0x00, 0x00, 0x00, 0x00, 0x00,
  0x00, 0x00, 0x00, 0x00, 0x00, 0x00, 0x00, 0x00, 0x00, 0x00, 0x00, 0x00,
  0x01, 0x05, 0x00, 0x00, 0x3e, 0x5f, 0x6e, 0xb1, 0xdc, 0xe4, 0xe9, 0xec,
  0xef, 0xee, 0xec, 0xe9, 0xe1, 0xd3, 0x86, 0x68, 0x53, 0x12, 0x00, 0x04,
  0x03, 0x00, 0x00, 0x00, 0x00, 0x00, 0x00, 0x00, 0x00, 0x00, 0x00, 0x00,
  0x00, 0x00, 0x00, 0x00, 0x00, 0x00, 0x00, 0x00, 0x00, 0x00, 0x00, 0x06,
  0x00, 0x88, 0xf0, 0xd4, 0xd3, 0xd4, 0xd3, 0xcf, 0xd7, 0xd8, 0x47, 0x01,
  0x00, 0x00, 0x00, 0x00, 0x00, 0x00, 0x00, 0x00, 0x00, 0x00, 0x00, 0x00,
  0x00, 0x00, 0x00, 0x00, 0x00, 0x01, 0x00, 0x15, 0x82, 0xdf, 0xd2, 0xce,
  0xce, 0xcd, 0xcd, 0xf5, 0x2e, 0x00, 0x03, 0x00, 0x00, 0x00, 0x00, 0x00,
  0x00, 0x00, 0x00, 0x00, 0x00, 0x00, 0x00, 0x00, 0x00, 0x00, 0x00, 0x03,
  0x00, 0x23, 0xda, 0xd4, 0xca, 0xcc, 0xce, 0xd0, 0xd2, 0xd4, 0xd5, 0xd6,
  0xd6, 0xd5, 0xd4, 0xd2, 0xd0, 0xcf, 0xcd, 0xce, 0xce, 0xce, 0xcf, 0xd2,
  0xd3, 0xd4, 0xd5, 0xd2, 0xd2, 0xe2, 0xb3, 0x00, 0x00, 0x00, 0x00, 0x00,
  0x00, 0x00, 0x00, 0x00, 0x00, 0x00, 0x00, 0x00, 0x00, 0x00, 0x00, 0x00,
  0x00, 0x00, 0x00, 0x00, 0x04, 0x00, 0x34, 0xd2, 0xd7, 0xc7, 0xcb, 0xce,
  0xcf, 0xd0, 0xd2, 0xd3, 0xd4, 0xd5, 0xd6, 0xd5, 0xd4, 0xd2, 0xd0, 0xce,
  0xcf, 0xce, 0xcf, 0x8c, 0x6e, 0x62, 0x51, 0x1d, 0x00, 0x03, 0x04, 0x00,
  0x00, 0x00, 0x00, 0x00, 0x00, 0x00, 0x00, 0x00, 0x00, 0x00, 0x00, 0x00,
  0x00, 0x00, 0x00, 0x00, 0x00, 0x00, 0x00, 0x06, 0x00, 0x88, 0xf6, 0xd3,
  0xd3, 0xd7, 0xd5, 0xd8, 0xde, 0xda, 0x5b, 0x09, 0x00, 0x00, 0x00, 0x00,
  0x00, 0x00, 0x00, 0x00, 0x00, 0x00, 0x00, 0x00, 0x00, 0x00, 0x00, 0x00,
  0x09, 0x00, 0x5d, 0xe9, 0xd3, 0xd1, 0xd0, 0xd0, 0xcf, 0xce, 0xea, 0x20,
  0x00, 0x02, 0x00, 0x00, 0x00, 0x00, 0x00, 0x00, 0x00, 0x00, 0x00, 0x00,
  0x00, 0x00, 0x00, 0x00, 0x00, 0x00, 0x00, 0x00, 0x00, 0x00, 0x00, 0x00,
  0x00, 0x00, 0x00, 0x00, 0x00, 0x00, 0x00, 0x00, 0x00, 0x00, 0x00, 0x00,
  0x00, 0x00, 0x00, 0x00, 0x00, 0x00, 0x00, 0x00, 0x00, 0x00, 0x00, 0x00,
  0x00, 0x00, 0x00, 0x00, 0x00, 0x00, 0x00, 0x06, 0x00, 0x73, 0xea, 0xd0,
  0xcb, 0xcf, 0xd1, 0xd3, 0xd4, 0xd5, 0xd5, 0xd7, 0xd6, 0xd6, 0xd6, 0xd4,
  0xd3, 0xd1, 0xd0, 0xd1, 0xd1, 0xc1, 0x7a, 0x6c, 0x58, 0x39, 0x08, 0x00,
  0x06, 0x01, 0x00, 0x00, 0x00, 0x00, 0x00, 0x00, 0x00, 0x00, 0x00, 0x00,
  0x00, 0x00, 0x00, 0x00, 0x00, 0x00, 0x00, 0x00, 0x00, 0x00, 0x00, 0x00,
  0x00, 0x05, 0x00, 0x67, 0xdd, 0xda, 0xd0, 0xd6, 0xd6, 0xd7, 0xd7, 0xd7,
  0xd5, 0xd4, 0xd3, 0xd0, 0xce, 0xcd, 0xcc, 0xcb, 0xca, 0xca, 0xcd, 0xd0,
  0xcc, 0xb6, 0x74, 0x5f, 0x52, 0x11, 0x00, 0x04, 0x02, 0x00, 0x00, 0x00,
  0x00, 0x00, 0x00, 0x00, 0x00, 0x00, 0x00, 0x00, 0x00, 0x00, 0x00, 0x00,
  0x00, 0x00, 0x00, 0x00, 0x00, 0x00, 0x00, 0x00, 0x00, 0x00, 0x00, 0x00,
  0x00, 0x00, 0x00, 0x00, 0x00, 0x04, 0x05, 0x00, 0x27, 0x52, 0x66, 0xa7,
  0xd7, 0xe4, 0xef, 0xf2, 0xf5, 0xf5, 0xf5, 0xf2, 0xf0, 0xe4, 0xd9, 0x90,
  0x6b, 0x58, 0x1b, 0x00, 0x03, 0x03, 0x00, 0x00, 0x00, 0x00, 0x00, 0x00,
  0x00, 0x00, 0x00, 0x00, 0x00, 0x00, 0x00, 0x00, 0x00, 0x00, 0x00, 0x00,
  0x00, 0x00, 0x00, 0x00, 0x00, 0x00, 0x00, 0x00, 0x00, 0x00, 0x00, 0x00,
  0x00, 0x00, 0x00, 0x00, 0x00, 0x00, 0x00, 0x00, 0x00, 0x00, 0x00, 0x00,
  0x04, 0x5b, 0xdc, 0xd9, 0xd4, 0xd4, 0xd0, 0xd7, 0xeb, 0x63, 0x00, 0x06,
  0x00, 0x00, 0x00, 0x00, 0x00, 0x00, 0x00, 0x00, 0x00, 0x00, 0x00, 0x00,
  0x00, 0x00, 0x00, 0x00, 0x00, 0x00, 0x00, 0x00, 0x00, 0x06, 0x00, 0x76,
  0xe6, 0xcd, 0xc7, 0xcc, 0xcd, 0xcd, 0xce, 0xcf, 0xcf, 0xcf, 0xcf, 0xcf,
  0xce, 0xcc, 0xcb, 0xca, 0xca, 0xc9, 0xc9, 0xc9, 0xca, 0xcc, 0xcd, 0xd0,
  0xd1, 0xcd, 0xd0, 0xf9, 0x79, 0x00, 0x06, 0x00, 0x00, 0x00, 0x00, 0x00,
  0x00, 0x00, 0x00, 0x00, 0x00, 0x00, 0x00, 0x00, 0x00, 0x00, 0x00, 0x00,
  0x00, 0x00, 0x00, 0x00, 0x00, 0x00, 0x00, 0x00, 0x00, 0x01, 0x04, 0x00,
  0x05, 0x48, 0x68, 0xb3, 0xd6, 0xe6, 0xee, 0xf1, 0xf2, 0xf3, 0xf3, 0xf2,
  0xed, 0xe2, 0xc3, 0x75, 0x57, 0x38, 0x06, 0x00, 0x04, 0x02, 0x00, 0x00,
  0x00, 0x00, 0x00, 0x00, 0x00, 0x00, 0x00, 0x00, 0x00, 0x00, 0x00, 0x00,
  0x00, 0x00, 0x00, 0x00, 0x00, 0x00, 0x00, 0x00, 0x01, 0x00, 0x33, 0xc5,
  0xe8, 0xd0, 0xd7, 0xd9, 0xda, 0xd9, 0xd9, 0xd6, 0xd3, 0xd2, 0xd0, 0xcd,
  0xcc, 0xca, 0xc9, 0xc8, 0xc8, 0xc8, 0xc9, 0xcb, 0xcc, 0xcf, 0xcf, 0xd2,
  0xd5, 0xd7, 0xd5, 0xd3, 0xcf, 0xcd, 0xe5, 0x8e, 0x00, 0x05, 0x00, 0x00,
  0x00, 0x00, 0x05, 0x00, 0x9c, 0xfb, 0xe2, 0xe3, 0xe4, 0xe5, 0xe5, 0xe5,
  0xe6, 0xe5, 0xe4, 0xe4, 0xe4, 0xe4, 0xe4, 0xe4, 0xe4, 0xe4, 0xe3, 0xe8,
  0xf0, 0xe4, 0xdf, 0xd4, 0xc0, 0x65, 0x38, 0x0b, 0x00, 0x03, 0x00, 0x00,
  0x00, 0x00, 0x00, 0x00, 0x00, 0x00, 0x00, 0x00, 0x00, 0x00, 0x00, 0x00,
  0x00, 0x00, 0x00, 0x00, 0x00, 0x00, 0x00, 0x00, 0x00, 0x00, 0x06, 0x00,
  0x7d, 0xff, 0xe5, 0xe0, 0xe6, 0xe7, 0xe7, 0xe6, 0xe5, 0xe5, 0xe5, 0xe5,
  0xe5, 0xe4, 0xe5, 0xe5, 0xe6, 0xe6, 0xe6, 0xe6, 0xe6, 0xe6, 0xe6, 0xe7,
  0xe4, 0xe3, 0xdf, 0xef, 0xee, 0x64, 0x00, 0x05, 0x00, 0x00, 0x00, 0x00,
  0x00, 0x00, 0x00, 0x00, 0x00, 0x00, 0x00, 0x00, 0x00, 0x00, 0x00, 0x00,
  0x00, 0x00, 0x00, 0x00, 0x00, 0x00, 0x00, 0x00, 0x02, 0x03, 0x00, 0x0c,
  0x49, 0x6d, 0xd6, 0xed, 0xee, 0xe8, 0xe4, 0xe1, 0xdf, 0xdd, 0xdc, 0xdc,
  0xdc, 0xdd, 0xe2, 0xe9, 0xee, 0xdb, 0xc2, 0x6d, 0x0f, 0x00, 0x04, 0x02,
  0x00, 0x00, 0x00, 0x00, 0x00, 0x00, 0x00, 0x00, 0x00, 0x00, 0x00, 0x00,
  0x00, 0x00, 0x00, 0x00, 0x00, 0x00, 0x00, 0x00, 0x00, 0x00, 0x00, 0x00,
  0x00, 0x00, 0x00, 0x00, 0x00, 0x04, 0x01, 0x04, 0x3a, 0x60, 0xc2, 0xe0,
  0xf3, 0xed, 0xe3, 0xdf, 0xdd, 0xdb, 0xdb, 0xdc, 0xdc, 0xdc, 0xdf, 0xe2,
  0xf5, 0xea, 0xd8, 0x7f, 0x45, 0x18, 0x00, 0x07, 0x01, 0x00, 0x00, 0x00,
  0x00, 0x00, 0x00, 0x00, 0x00, 0x00, 0x00, 0x00, 0x00, 0x00, 0x00, 0x00,
  0x00, 0x00, 0x00, 0x00, 0x00, 0x03, 0x00, 0x35, 0xc0, 0xf6, 0xde, 0xe1,
  0xe2, 0xe2, 0xe7, 0xf2, 0xb4, 0x0f, 0x00, 0x01, 0x00, 0x00, 0x00, 0x00,
  0x00, 0x00, 0x00, 0x00, 0x00, 0x00, 0x00, 0x00, 0x00, 0x00, 0x00, 0x05,
  0x00, 0x43, 0xdb, 0xe8, 0xe0, 0xe4, 0xe4, 0xe5, 0xed, 0xf4, 0x2b, 0x00,
  0x03, 0x00, 0x00, 0x00, 0x00, 0x00, 0x00, 0x00, 0x00, 0x00, 0x00, 0x00,
  0x00, 0x00, 0x00, 0x00, 0x00, 0x03, 0x00, 0x28, 0xf6, 0xf0, 0xe4, 0xe4,
  0xe4, 0xe5, 0xe6, 0xe7, 0xe6, 0xe6, 0xe5, 0xe4, 0xe5, 0xe5, 0xe4, 0xe3,
  0xe3, 0xe2, 0xe2, 0xe2, 0xe2, 0xe3, 0xe4, 0xe3, 0xe3, 0xe2, 0xe6, 0xf5,
  0xc0, 0x00, 0x00, 0x00, 0x00, 0x00, 0x00, 0x00, 0x00, 0x00, 0x00, 0x00,
  0x00, 0x00, 0x00, 0x00, 0x00, 0x00, 0x00, 0x00, 0x00, 0x00, 0x04, 0x00,
  0x3b, 0xeb, 0xef, 0xe1, 0xe3, 0xe4, 0xe6, 0xe6, 0xe6, 0xe7, 0xe6, 0xe6,
  0xe6, 0xe6, 0xe6, 0xe6, 0xe6, 0xe6, 0xe5, 0xe5, 0xe3, 0xf2, 0xed, 0xdd,
  0xd5, 0x8c, 0x3f, 0x1c, 0x00, 0x05, 0x00, 0x00, 0x00, 0x00, 0x00, 0x00,
  0x00, 0x00, 0x00, 0x00, 0x00, 0x00, 0x00, 0x00, 0x00, 0x00, 0x00, 0x00,
  0x00, 0x03, 0x00, 0x30, 0xc0, 0xfa, 0xdd, 0xe3, 0xe2, 0xe4, 0xe6, 0xef,
  0xda, 0x13, 0x00, 0x02, 0x00, 0x00, 0x00, 0x00, 0x00, 0x00, 0x00, 0x00,
  0x00, 0x00, 0x00, 0x00, 0x00, 0x02, 0x00, 0x24, 0xb1, 0xff, 0xe2, 0xe5,
  0xe4, 0xe6, 0xe7, 0xf1, 0x7b, 0x09, 0x00, 0x01, 0x00, 0x00, 0x00, 0x00,
  0x00, 0x00, 0x00, 0x00, 0x00, 0x00, 0x00, 0x00, 0x00, 0x00, 0x00, 0x00,
  0x00, 0x00, 0x00, 0x00, 0x00, 0x00, 0x00, 0x00, 0x00, 0x00, 0x00, 0x00,
  0x00, 0x00, 0x00, 0x00, 0x00, 0x00, 0x00, 0x00, 0x00, 0x00, 0x00, 0x00,
  0x00, 0x00, 0x00, 0x00, 0x00, 0x00, 0x00, 0x00, 0x00, 0x00, 0x00, 0x00,
  0x00, 0x07, 0x00, 0x80, 0xff, 0xe4, 0xe0, 0xe4, 0xe6, 0xe7, 0xe8, 0xe7,
  0xe7, 0xe7, 0xe6, 0xe6, 0xe6, 0xe6, 0xe6, 0xe5, 0xe5, 0xe5, 0xe6, 0xe9,
  0xf3, 0xe9, 0xda, 0xbc, 0x65, 0x0e, 0x00, 0x03, 0x02, 0x00, 0x00, 0x00,
  0x00, 0x00, 0x00, 0x00, 0x00, 0x00, 0x00, 0x00, 0x00, 0x00, 0x00, 0x00,
  0x00, 0x00, 0x00, 0x00, 0x00, 0x00, 0x00, 0x05, 0x00, 0x70, 0xf1, 0xee,
  0xe1, 0xe7, 0xe6, 0xe8, 0xe8, 0xe7, 0xe6, 0xe6, 0xe6, 0xe6, 0xe6, 0xe6,
  0xe6, 0xe6, 0xe6, 0xe6, 0xe7, 0xe8, 0xea, 0xf0, 0xf3, 0xe5, 0xd9, 0x80,
  0x42, 0x13, 0x00, 0x04, 0x00, 0x00, 0x00, 0x00, 0x00, 0x00, 0x00, 0x00,
  0x00, 0x00, 0x00, 0x00, 0x00, 0x00, 0x00, 0x00, 0x00, 0x00, 0x00, 0x00,
  0x00, 0x00, 0x00, 0x00, 0x00, 0x00, 0x00, 0x00, 0x00, 0x00, 0x04, 0x00,
  0x00, 0x40, 0xa2, 0xd5, 0xed, 0xf0, 0xe6, 0xe0, 0xde, 0xdc, 0xda, 0xdb,
  0xdb, 0xdb, 0xdd, 0xe0, 0xe4, 0xf6, 0xf0, 0xdd, 0x8a, 0x39, 0x16, 0x00,
  0x05, 0x00, 0x00, 0x00, 0x00, 0x00, 0x00, 0x00, 0x00, 0x00, 0x00, 0x00,
  0x00, 0x00, 0x00, 0x00, 0x00, 0x00, 0x00, 0x00, 0x00, 0x00, 0x00, 0x00,
  0x00, 0x00, 0x00, 0x00, 0x00, 0x00, 0x00, 0x00, 0x00, 0x00, 0x00, 0x00,
  0x00, 0x00, 0x00, 0x00, 0x01, 0x00, 0x0d, 0x9d, 0xed, 0xe7, 0xe2, 0xe4,
  0xe3, 0xe5, 0xfd, 0x6d, 0x00, 0x06, 0x00, 0x00, 0x00, 0x00, 0x00, 0x00,
  0x00, 0x00, 0x00, 0x00, 0x00, 0x00, 0x00, 0x00, 0x00, 0x00, 0x00, 0x00,
  0x00, 0x00, 0x00, 0x06, 0x00, 0x82, 0xff, 0xe8, 0xe3, 0xe4, 0xe5, 0xe5,
  0xe6, 0xe5, 0xe3, 0xe4, 0xe4, 0xe4, 0xe3, 0xe2, 0xe3, 0xe3, 0xe2, 0xe2,
  0xe3, 0xe3, 0xe3, 0xe4, 0xe4, 0xe4, 0xe4, 0xe5, 0xe5, 0xff, 0x7f, 0x00,
  0x07, 0x00, 0x00, 0x00, 0x00, 0x00, 0x00, 0x00, 0x00, 0x00, 0x00, 0x00,
  0x00, 0x00, 0x00, 0x00, 0x00, 0x00, 0x00, 0x00, 0x00, 0x00, 0x00, 0x00,
  0x00, 0x00, 0x05, 0x00, 0x0a, 0x3e, 0x69, 0xcd, 0xeb, 0xec, 0xe7, 0xe3,
  0xdf, 0xde, 0xdd, 0xdc, 0xdc, 0xdc, 0xdf, 0xe2, 0xea, 0xf4, 0xd9, 0xba,
  0x61, 0x2c, 0x08, 0x00, 0x03, 0x00, 0x00, 0x00, 0x00, 0x00, 0x00, 0x00,
  0x00, 0x00, 0x00, 0x00, 0x00, 0x00, 0x00, 0x00, 0x00, 0x00, 0x00, 0x00,
  0x00, 0x00, 0x02, 0x00, 0x6d, 0xe9, 0xef, 0xde, 0xe5, 0xe5, 0xe5, 0xe4,
  0xe5, 0xe4, 0xe4, 0xe4, 0xe5, 0xe4, 0xe3, 0xe3, 0xe3, 0xe2, 0xe2, 0xe3,
  0xe4, 0xe5, 0xe4, 0xe4, 0xe3, 0xe3, 0xe3, 0xe3, 0xe3, 0xe2, 0xe2, 0xe3,
  0xfb, 0x9a, 0x00, 0x05, 0x00, 0x00, 0x00, 0x00, 0x05, 0x00, 0x8e, 0xe3,
  0xcb, 0xce, 0xd0, 0xd2, 0xd2, 0xd3, 0xd3, 0xd2, 0xd2, 0xd3, 0xd3, 0xd3,
  0xd2, 0xd2, 0xd2, 0xd1, 0xd1, 0xcf, 0xcd, 0xd1, 0xd6, 0xdb, 0xe4, 0xe5,
  0xca, 0x5f, 0x09, 0x00, 0x03, 0x00, 0x00, 0x00, 0x00, 0x00, 0x00, 0x00,
  0x00, 0x00, 0x00, 0x00, 0x00, 0x00, 0x00, 0x00, 0x00, 0x00, 0x00, 0x00,
  0x00, 0x00, 0x00, 0x00, 0x06, 0x00, 0x70, 0xe9, 0xd0, 0xc9, 0xd1, 0xd2,
  0xd1, 0xd1, 0xd0, 0xd0, 0xd0, 0xd0, 0xd0, 0xd0, 0xd1, 0xd2, 0xd3, 0xd3,
  0xd3, 0xd4, 0xd4, 0xd4, 0xd5, 0xd5, 0xd2, 0xcf, 0xc9, 0xde, 0xde, 0x5b,
  0x00, 0x05, 0x00, 0x00, 0x00, 0x00, 0x00, 0x00, 0x00, 0x00, 0x00, 0x00,
  0x00, 0x00, 0x00, 0x00, 0x00, 0x00, 0x00, 0x00, 0x00, 0x00, 0x00, 0x00,
  0x00, 0x02, 0x00, 0x0b, 0x29, 0x68, 0xdf, 0xf3, 0xe6, 0xdc, 0xd6, 0xd4,
  0xd4, 0xd4, 0xd5, 0xd6, 0xd4, 0xd4, 0xd3, 0xd2, 0xd3, 0xd7, 0xd9, 0xdf,
  0xe4, 0xef, 0x7a, 0x32, 0x11, 0x00, 0x03, 0x00, 0x00, 0x00, 0x00, 0x00,
  0x00, 0x00, 0x00, 0x00, 0x00, 0x00, 0x00, 0x00, 0x00, 0x00, 0x00, 0x00,
  0x00, 0x00, 0x00, 0x00, 0x00, 0x00, 0x00, 0x00, 0x00, 0x01, 0x02, 0x00,
  0x05, 0x53, 0xc7, 0xf0, 0xeb, 0xe1, 0xdb, 0xd6, 0xd4, 0xd2, 0xd2, 0xd2,
  0xd3, 0xd3, 0xd3, 0xd2, 0xd1, 0xd2, 0xd2, 0xdb, 0xe3, 0xf0, 0xe0, 0x80,
  0x18, 0x00, 0x02, 0x02, 0x00, 0x00, 0x00, 0x00, 0x00, 0x00, 0x00, 0x00,
  0x00, 0x00, 0x00, 0x00, 0x00, 0x00, 0x00, 0x00, 0x00, 0x00, 0x00, 0x00,
  0x06, 0x00, 0x70, 0xe8, 0xcd, 0xcc, 0xcd, 0xce, 0xd3, 0xde, 0xdc, 0x11,
  0x00, 0x01, 0x00, 0x00, 0x00, 0x00, 0x00, 0x00, 0x00, 0x00, 0x00, 0x00,
  0x00, 0x00, 0x00, 0x00, 0x01, 0x00, 0x00, 0x66, 0xdc, 0xd0, 0xc9, 0xce,
  0xd0, 0xd2, 0xe7, 0xae, 0x19, 0x00, 0x02, 0x00, 0x00, 0x00, 0x00, 0x00,
  0x00, 0x00, 0x00, 0x00, 0x00, 0x00, 0x00, 0x00, 0x00, 0x00, 0x00, 0x03,
  0x00, 0x24, 0xdf, 0xdf, 0xd0, 0xd0, 0xd0, 0xd4, 0xd5, 0xd4, 0xd4, 0xd4,
  0xd4, 0xd4, 0xd4, 0xd3, 0xd2, 0xd0, 0xcf, 0xcf, 0xcf, 0xd0, 0xd0, 0xd2,
  0xd3, 0xd1, 0xd2, 0xd1, 0xd5, 0xe5, 0xad, 0x00, 0x00, 0x00, 0x00, 0x00,
  0x00, 0x00, 0x00, 0x00, 0x00, 0x00, 0x00, 0x00, 0x00, 0x00, 0x00, 0x00,
  0x00, 0x00, 0x00, 0x00, 0x04, 0x00, 0x33, 0xd3, 0xde, 0xcc, 0xcf, 0xd0,
  0xd2, 0xd3, 0xd3, 0xd4, 0xd4, 0xd3, 0xd4, 0xd4, 0xd3, 0xd3, 0xd4, 0xd3,
  0xd2, 0xd1, 0xd0, 0xcd, 0xd2, 0xd8, 0xdf, 0xe7, 0xd5, 0x84, 0x20, 0x00,
  0x04, 0x00, 0x00, 0x00, 0x00, 0x00, 0x00, 0x00, 0x00, 0x00, 0x00, 0x00,
  0x00, 0x00, 0x00, 0x00, 0x00, 0x00, 0x00, 0x00, 0x05, 0x00, 0x5a, 0xdc,
  0xd7, 0xcd, 0xd2, 0xd1, 0xd5, 0xdf, 0xec, 0x5a, 0x03, 0x00, 0x00, 0x00,
  0x00, 0x00, 0x00, 0x00, 0x00, 0x00, 0x00, 0x00, 0x00, 0x00, 0x00, 0x03,
  0x08, 0xa3, 0xff, 0xd6, 0xd4, 0xd0, 0xd0, 0xd4, 0xdc, 0xc7, 0x0e, 0x00,
  0x01, 0x00, 0x00, 0x00, 0x00, 0x00, 0x00, 0x00, 0x00, 0x00, 0x00, 0x00,
  0x00, 0x00, 0x00, 0x00, 0x00, 0x00, 0x00, 0x00, 0x00, 0x00, 0x00, 0x00,
  0x00, 0x00, 0x00, 0x00, 0x00, 0x00, 0x00, 0x00, 0x00, 0x00, 0x00, 0x00,
  0x00, 0x00, 0x00, 0x00, 0x00, 0x00, 0x00, 0x00, 0x00, 0x00, 0x00, 0x00,
  0x00, 0x00, 0x00, 0x00, 0x00, 0x00, 0x00, 0x06, 0x00, 0x73, 0xea, 0xcd,
  0xc8, 0xd1, 0xd3, 0xd5, 0xd4, 0xd4, 0xd6, 0xd5, 0xd4, 0xd4, 0xd4, 0xd4,
  0xd4, 0xd4, 0xd4, 0xd3, 0xd3, 0xd3, 0xd2, 0xd6, 0xdf, 0xe2, 0xe6, 0x79,
  0x2c, 0x10, 0x00, 0x02, 0x00, 0x00, 0x00, 0x00, 0x00, 0x00, 0x00, 0x00,
  0x00, 0x00, 0x00, 0x00, 0x00, 0x00, 0x00, 0x00, 0x00, 0x00, 0x00, 0x00,
  0x00, 0x04, 0x00, 0x60, 0xdb, 0xdc, 0xcb, 0xd2, 0xd1, 0xd3, 0xd5, 0xd5,
  0xd4, 0xd3, 0xd3, 0xd3, 0xd4, 0xd3, 0xd4, 0xd5, 0xd5, 0xd5, 0xd4, 0xd4,
  0xd7, 0xdd, 0xe3, 0xe7, 0xe8, 0xf6, 0xdd, 0x71, 0x10, 0x00, 0x03, 0x00,
  0x00, 0x00, 0x00, 0x00, 0x00, 0x00, 0x00, 0x00, 0x00, 0x00, 0x00, 0x00,
  0x00, 0x00, 0x00, 0x00, 0x00, 0x00, 0x00, 0x00, 0x00, 0x00, 0x00, 0x00,
  0x00, 0x00, 0x01, 0x01, 0x03, 0x2c, 0x4d, 0xcc, 0xe7, 0xe2, 0xda, 0xd7,
  0xd5, 0xd3, 0xd3, 0xd4, 0xd5, 0xd5, 0xd6, 0xd6, 0xd3, 0xd3, 0xd5, 0xd6,
  0xdd, 0xe5, 0xec, 0xd4, 0x7c, 0x19, 0x00, 0x04, 0x00, 0x00, 0x00, 0x00,
  0x00, 0x00, 0x00, 0x00, 0x00, 0x00, 0x00, 0x00, 0x00, 0x00, 0x00, 0x00,
  0x00, 0x00, 0x00, 0x00, 0x00, 0x00, 0x00, 0x00, 0x00, 0x00, 0x00, 0x00,
  0x00, 0x00, 0x00, 0x00, 0x00, 0x00, 0x00, 0x00, 0x00, 0x00, 0x01, 0x00,
  0x09, 0x7d, 0xda, 0xd3, 0xcf, 0xd0, 0xcf, 0xd4, 0xe9, 0x63, 0x00, 0x06,
  0x00, 0x00, 0x00, 0x00, 0x00, 0x00, 0x00, 0x00, 0x00, 0x00, 0x00, 0x00,
  0x00, 0x00, 0x00, 0x00, 0x00, 0x00, 0x00, 0x00, 0x00, 0x05, 0x00, 0x72,
  0xe8, 0xd9, 0xd0, 0xd0, 0xd0, 0xd1, 0xd1, 0xd1, 0xd0, 0xd0, 0xd0, 0xd0,
  0xcf, 0xcf, 0xcf, 0xcf, 0xce, 0xce, 0xce, 0xcf, 0xd0, 0xd2, 0xd3, 0xd2,
  0xd2, 0xd4, 0xd6, 0xf9, 0x78, 0x00, 0x06, 0x00, 0x00, 0x00, 0x00, 0x00,
  0x00, 0x00, 0x00, 0x00, 0x00, 0x00, 0x00, 0x00, 0x00, 0x00, 0x00, 0x00,
  0x00, 0x00, 0x00, 0x00, 0x00, 0x00, 0x01, 0x02, 0x00, 0x08, 0x5d, 0xd0,
  0xee, 0xe5, 0xde, 0xd7, 0xd5, 0xd5, 0xd5, 0xd5, 0xd6, 0xd7, 0xd5, 0xd5,
  0xd5, 0xd5, 0xd9, 0xdd, 0xe2, 0xe3, 0xdf, 0xb5, 0x54, 0x09, 0x00, 0x03,
  0x00, 0x00, 0x00, 0x00, 0x00, 0x00, 0x00, 0x00, 0x00, 0x00, 0x00, 0x00,
  0x00, 0x00, 0x00, 0x00, 0x00, 0x00, 0x00, 0x00, 0x02, 0x00, 0x53, 0xd2,
  0xd9, 0xc5, 0xd1, 0xd3, 0xd5, 0xd4, 0xd4, 0xd3, 0xd3, 0xd3, 0xd4, 0xd2,
  0xcf, 0xcd, 0xcd, 0xcd, 0xcd, 0xcf, 0xd1, 0xd2, 0xd3, 0xd4, 0xd3, 0xd3,
  0xd2, 0xd2, 0xd1, 0xd0, 0xcf, 0xd2, 0xe5, 0x8a, 0x00, 0x05, 0x00, 0x00,
  0x00, 0x00, 0x05, 0x00, 0x96, 0xef, 0xd5, 0xd7, 0xd8, 0xd9, 0xda, 0xd7,
  0xd6, 0xd6, 0xd6, 0xd7, 0xd7, 0xd6, 0xd5, 0xd5, 0xd3, 0xd2, 0xd2, 0xd0,
  0xce, 0xcf, 0xd0, 0xce, 0xd0, 0xd7, 0xe3, 0xe9, 0x6c, 0x04, 0x00, 0x02,
  0x00, 0x00, 0x00, 0x00, 0x00, 0x00, 0x00, 0x00, 0x00, 0x00, 0x00, 0x00,
  0x00, 0x00, 0x00, 0x00, 0x00, 0x00, 0x00, 0x00, 0x00, 0x00, 0x06, 0x00,
  0x75, 0xf3, 0xdb, 0xd4, 0xdc, 0xdc, 0xdb, 0xda, 0xd7, 0xd5, 0xd5, 0xd5,
  0xd5, 0xd4, 0xd5, 0xd5, 0xd5, 0xd4, 0xd4, 0xd6, 0xd6, 0xd7, 0xd8, 0xd9,
  0xd7, 0xd4, 0xce, 0xe2, 0xde, 0x5a, 0x00, 0x05, 0x00, 0x00, 0x00, 0x00,
  0x00, 0x00, 0x00, 0x00, 0x00, 0x00, 0x00, 0x00, 0x00, 0x00, 0x00, 0x00,
  0x00, 0x00, 0x00, 0x00, 0x00, 0x00, 0x02, 0x00, 0x05, 0x55, 0xc9, 0xf1,
  0xe5, 0xd5, 0xd1, 0xd2, 0xd6, 0xd9, 0xda, 0xd9, 0xd9, 0xda, 0xd9, 0xd8,
  0xd7, 0xd8, 0xd9, 0xda, 0xd7, 0xd2, 0xd1, 0xd5, 0xf0, 0xdc, 0x62, 0x06,
  0x00, 0x02, 0x00, 0x00, 0x00, 0x00, 0x00, 0x00, 0x00, 0x00, 0x00, 0x00,
  0x00, 0x00, 0x00, 0x00, 0x00, 0x00, 0x00, 0x00, 0x00, 0x00, 0x00, 0x00,
  0x00, 0x00, 0x01, 0x00, 0x07, 0x1a, 0x5d, 0xea, 0xe7, 0xd8, 0xd3, 0xd3,
  0xd7, 0xda, 0xd8, 0xd5, 0xd2, 0xd2, 0xd3, 0xd2, 0xd1, 0xd2, 0xd5, 0xd8,
  0xd6, 0xd5, 0xd5, 0xd9, 0xe1, 0xf5, 0x99, 0x25, 0x17, 0x00, 0x02, 0x00,
  0x00, 0x00, 0x00, 0x00, 0x00, 0x00, 0x00, 0x00, 0x00, 0x00, 0x00, 0x00,
  0x00, 0x00, 0x00, 0x00, 0x00, 0x00, 0x04, 0x00, 0x66, 0xe4, 0xe3, 0xdb,
  0xdb, 0xda, 0xdc, 0xe0, 0xe8, 0x37, 0x00, 0x00, 0x00, 0x00, 0x00, 0x00,
  0x00, 0x00, 0x00, 0x00, 0x00, 0x00, 0x00, 0x00, 0x00, 0x00, 0x03, 0x00,
  0x38, 0xb5, 0xdd, 0xd0, 0xd2, 0xd4, 0xd6, 0xda, 0xec, 0x5c, 0x03, 0x00,
  0x01, 0x00, 0x00, 0x00, 0x00, 0x00, 0x00, 0x00, 0x00, 0x00, 0x00, 0x00,
  0x00, 0x00, 0x00, 0x00, 0x00, 0x03, 0x00, 0x25, 0xe6, 0xe6, 0xd9, 0xd9,
  0xd9, 0xdc, 0xde, 0xda, 0xd9, 0xd9, 0xd9, 0xd8, 0xd7, 0xd5, 0xd5, 0xd3,
  0xd1, 0xd2, 0xd2, 0xd2, 0xd3, 0xd4, 0xd5, 0xd3, 0xd3, 0xd2, 0xd5, 0xe4,
  0xaa, 0x00, 0x00, 0x00, 0x00, 0x00, 0x00, 0x00, 0x00, 0x00, 0x00, 0x00,
  0x00, 0x00, 0x00, 0x00, 0x00, 0x00, 0x00, 0x00, 0x00, 0x00, 0x04, 0x00,
  0x34, 0xd8, 0xe5, 0xd5, 0xd8, 0xda, 0xdb, 0xde, 0xdc, 0xd9, 0xd8, 0xd7,
  0xd7, 0xd6, 0xd5, 0xd4, 0xd3, 0xd2, 0xd2, 0xd2, 0xd2, 0xd3, 0xd1, 0xce,
  0xce, 0xd2, 0xd9, 0xe6, 0xa8, 0x1e, 0x00, 0x02, 0x00, 0x00, 0x00, 0x00,
  0x00, 0x00, 0x00, 0x00, 0x00, 0x00, 0x00, 0x00, 0x00, 0x00, 0x00, 0x00,
  0x00, 0x00, 0x01, 0x01, 0x15, 0x98, 0xf9, 0xd5, 0xd9, 0xd8, 0xd9, 0xdf,
  0xde, 0xe8, 0x44, 0x00, 0x00, 0x00, 0x00, 0x00, 0x00, 0x00, 0x00, 0x00,
  0x00, 0x00, 0x00, 0x00, 0x06, 0x00, 0x72, 0xe4, 0xe0, 0xdb, 0xda, 0xd8,
  0xd7, 0xe2, 0xf2, 0x62, 0x09, 0x00, 0x00, 0x00, 0x00, 0x00, 0x00, 0x00,
  0x00, 0x00, 0x00, 0x00, 0x00, 0x00, 0x00, 0x00, 0x00, 0x00, 0x00, 0x00,
  0x00, 0x00, 0x00, 0x00, 0x00, 0x00, 0x00, 0x00, 0x00, 0x00, 0x00, 0x00,
  0x00, 0x00, 0x00, 0x00, 0x00, 0x00, 0x00, 0x00, 0x00, 0x00, 0x00, 0x00,
  0x00, 0x00, 0x00, 0x00, 0x00, 0x00, 0x00, 0x00, 0x00, 0x00, 0x00, 0x00,
  0x00, 0x06, 0x00, 0x78, 0xf4, 0xd8, 0xd2, 0xda, 0xdc, 0xdd, 0xdc, 0xdb,
  0xda, 0xd9, 0xd8, 0xd8, 0xd8, 0xd8, 0xd7, 0xd6, 0xd5, 0xd4, 0xd4, 0xd5,
  0xd4, 0xd1, 0xcd, 0xce, 0xdb, 0xed, 0xd2, 0x5f, 0x05, 0x00, 0x01, 0x00,
  0x00, 0x00, 0x00, 0x00, 0x00, 0x00, 0x00, 0x00, 0x00, 0x00, 0x00, 0x00,
  0x00, 0x00, 0x00, 0x00, 0x00, 0x00, 0x00, 0x05, 0x00, 0x64, 0xe1, 0xe3,
  0xd5, 0xdc, 0xda, 0xdc, 0xdd, 0xdc, 0xda, 0xd8, 0xd8, 0xd7, 0xd8, 0xd9,
  0xd9, 0xda, 0xda, 0xda, 0xd8, 0xda, 0xdc, 0xde, 0xdd, 0xdb, 0xd9, 0xdc,
  0xe5, 0xec, 0x80, 0x07, 0x00, 0x01, 0x00, 0x00, 0x00, 0x00, 0x00, 0x00,
  0x00, 0x00, 0x00, 0x00, 0x00, 0x00, 0x00, 0x00, 0x00, 0x00, 0x00, 0x00,
  0x00, 0x00, 0x00, 0x00, 0x00, 0x00, 0x00, 0x01, 0x00, 0x00, 0x3b, 0xbb,
  0xeb, 0xe2, 0xd2, 0xcd, 0xd2, 0xd7, 0xd9, 0xd8, 0xd7, 0xd9, 0xda, 0xdb,
  0xdb, 0xd9, 0xd7, 0xd8, 0xda, 0xda, 0xd7, 0xd5, 0xd9, 0xe6, 0xe7, 0x9a,
  0x1d, 0x00, 0x03, 0x00, 0x00, 0x00, 0x00, 0x00, 0x00, 0x00, 0x00, 0x00,
  0x00, 0x00, 0x00, 0x00, 0x00, 0x00, 0x00, 0x00, 0x00, 0x00, 0x00, 0x00,
  0x00, 0x00, 0x00, 0x00, 0x00, 0x00, 0x00, 0x00, 0x00, 0x00, 0x00, 0x00,
  0x00, 0x00, 0x00, 0x00, 0x01, 0x00, 0x0a, 0x82, 0xe2, 0xdc, 0xd8, 0xd7,
  0xd5, 0xd8, 0xee, 0x66, 0x00, 0x06, 0x00, 0x00, 0x00, 0x00, 0x00, 0x00,
  0x00, 0x00, 0x00, 0x00, 0x00, 0x00, 0x00, 0x00, 0x00, 0x00, 0x00, 0x00,
  0x00, 0x00, 0x00, 0x06, 0x00, 0x76, 0xef, 0xdf, 0xd9, 0xd9, 0xd7, 0xd8,
  0xd6, 0xd3, 0xd1, 0xd0, 0xd0, 0xd0, 0xd0, 0xd0, 0xd0, 0xd0, 0xd1, 0xd2,
  0xd2, 0xd3, 0xd5, 0xd7, 0xd7, 0xd6, 0xd6, 0xd7, 0xd9, 0xfc, 0x79, 0x00,
  0x07, 0x00, 0x00, 0x00, 0x00, 0x00, 0x00, 0x00, 0x00, 0x00, 0x00, 0x00,
  0x00, 0x00, 0x00, 0x00, 0x00, 0x00, 0x00, 0x00, 0x00, 0x00, 0x00, 0x01,
  0x00, 0x09, 0x17, 0x6b, 0xe6, 0xe1, 0xd6, 0xd0, 0xd1, 0xd5, 0xd9, 0xd9,
  0xd9, 0xd8, 0xd8, 0xd9, 0xd8, 0xd8, 0xd9, 0xdc, 0xde, 0xda, 0xd3, 0xd0,
  0xda, 0xe0, 0xd9, 0x6c, 0x08, 0x00, 0x03, 0x00, 0x00, 0x00, 0x00, 0x00,
  0x00, 0x00, 0x00, 0x00, 0x00, 0x00, 0x00, 0x00, 0x00, 0x00, 0x00, 0x00,
  0x00, 0x00, 0x02, 0x00, 0x57, 0xd6, 0xdf, 0xcc, 0xd6, 0xd7, 0xda, 0xd9,
  0xd8, 0xd9, 0xd9, 0xd9, 0xd8, 0xd8, 0xd7, 0xd4, 0xd3, 0xd3, 0xd4, 0xd6,
  0xd6, 0xd6, 0xd7, 0xd8, 0xd8, 0xd8, 0xd7, 0xd7, 0xd4, 0xd2, 0xd1, 0xd2,
  0xe5, 0x8a, 0x00, 0x05, 0x00, 0x00, 0x00, 0x00, 0x05, 0x00, 0x96, 0xf2,
  0xd8, 0xd9, 0xdb, 0xdb, 0xdb, 0xda, 0xdb, 0xdc, 0xdc, 0xdc, 0xdb, 0xda,
  0xda, 0xd8, 0xd6, 0xd5, 0xd2, 0xd2, 0xd3, 0xd4, 0xd7, 0xd8, 0xd7, 0xd3,
  0xce, 0xdc, 0xef, 0x6f, 0x00, 0x01, 0x00, 0x00, 0x00, 0x00, 0x00, 0x00,
  0x00, 0x00, 0x00, 0x00, 0x00, 0x00, 0x00, 0x00, 0x00, 0x00, 0x00, 0x00,
  0x00, 0x00, 0x00, 0x00, 0x06, 0x00, 0x78, 0xf7, 0xde, 0xd8, 0xde, 0xdf,
  0xde, 0xda, 0xd9, 0xda, 0xd9, 0xd9, 0xd9, 0xd9, 0xd9, 0xd8, 0xd7, 0xd7,
  0xd7, 0xd9, 0xda, 0xdc, 0xdd, 0xdf, 0xde, 0xdd, 0xd7, 0xe8, 0xdc, 0x56,
  0x00, 0x05, 0x00, 0x00, 0x00, 0x00, 0x00, 0x00, 0x00, 0x00, 0x00, 0x00,
  0x00, 0x00, 0x00, 0x00, 0x00, 0x00, 0x00, 0x00, 0x00, 0x00, 0x00, 0x01,
  0x01, 0x00, 0x66, 0xe5, 0xeb, 0xd9, 0xd6, 0xd7, 0xd9, 0xd9, 0xd7, 0xd6,
  0xd7, 0xdb, 0xdd, 0xde, 0xdd, 0xdc, 0xdb, 0xd9, 0xd7, 0xd9, 0xdc, 0xdc,
  0xda, 0xd4, 0xcc, 0xdc, 0xe1, 0x6b, 0x00, 0x02, 0x00, 0x00, 0x00, 0x00,
  0x00, 0x00, 0x00, 0x00, 0x00, 0x00, 0x00, 0x00, 0x00, 0x00, 0x00, 0x00,
  0x00, 0x00, 0x00, 0x00, 0x00, 0x00, 0x00, 0x00, 0x01, 0x00, 0x37, 0xbf,
  0xf9, 0xdb, 0xd2, 0xd7, 0xdb, 0xdd, 0xdb, 0xd7, 0xd6, 0xd8, 0xd9, 0xda,
  0xd9, 0xd7, 0xd4, 0xd3, 0xd2, 0xd4, 0xd7, 0xdc, 0xdd, 0xda, 0xd3, 0xd4,
  0xf1, 0xeb, 0x78, 0x05, 0x01, 0x00, 0x00, 0x00, 0x00, 0x00, 0x00, 0x00,
  0x00, 0x00, 0x00, 0x00, 0x00, 0x00, 0x00, 0x00, 0x00, 0x00, 0x00, 0x00,
  0x03, 0x00, 0x2e, 0xb2, 0xf2, 0xdf, 0xdf, 0xdd, 0xdd, 0xde, 0xe4, 0xbd,
  0x18, 0x00, 0x02, 0x00, 0x00, 0x00, 0x00, 0x00, 0x00, 0x00, 0x00, 0x00,
  0x00, 0x00, 0x00, 0x00, 0x05, 0x00, 0x4f, 0xd6, 0xda, 0xce, 0xd5, 0xd7,
  0xd6, 0xe3, 0xd2, 0x17, 0x00, 0x02, 0x00, 0x00, 0x00, 0x00, 0x00, 0x00,
  0x00, 0x00, 0x00, 0x00, 0x00, 0x00, 0x00, 0x00, 0x00, 0x00, 0x00, 0x03,
  0x00, 0x25, 0xe6, 0xe6, 0xdc, 0xdc, 0xdd, 0xdf, 0xe0, 0xe0, 0xe0, 0xde,
  0xdd, 0xdc, 0xda, 0xd8, 0xd6, 0xd5, 0xd5, 0xd5, 0xd5, 0xd6, 0xd7, 0xd9,
  0xda, 0xda, 0xda, 0xd8, 0xd9, 0xe4, 0xa7, 0x00, 0x00, 0x00, 0x00, 0x00,
  0x00, 0x00, 0x00, 0x00, 0x00, 0x00, 0x00, 0x00, 0x00, 0x00, 0x00, 0x00,
  0x00, 0x00, 0x00, 0x00, 0x04, 0x00, 0x35, 0xda, 0xe5, 0xd9, 0xdc, 0xdd,
  0xdf, 0xe0, 0xe0, 0xdf, 0xde, 0xde, 0xdd, 0xdc, 0xda, 0xd8, 0xd6, 0xd4,
  0xd6, 0xd5, 0xd6, 0xd3, 0xd2, 0xd6, 0xd7, 0xd3, 0xce, 0xd4, 0xee, 0xbd,
  0x12, 0x00, 0x00, 0x00, 0x00, 0x00, 0x00, 0x00, 0x00, 0x00, 0x00, 0x00,
  0x00, 0x00, 0x00, 0x00, 0x00, 0x00, 0x00, 0x00, 0x00, 0x04, 0x00, 0x37,
  0xc8, 0xf1, 0xd6, 0xdb, 0xd9, 0xdb, 0xd9, 0xd9, 0xc2, 0x25, 0x00, 0x03,
  0x00, 0x00, 0x00, 0x00, 0x00, 0x00, 0x00, 0x00, 0x00, 0x00, 0x02, 0x03,
  0xa5, 0xf1, 0xd3, 0xda, 0xd8, 0xd7, 0xdd, 0xe6, 0xa0, 0x03, 0x00, 0x00,
  0x00, 0x00, 0x00, 0x00, 0x00, 0x00, 0x00, 0x00, 0x00, 0x00, 0x00, 0x00,
  0x00, 0x00, 0x00, 0x00, 0x00, 0x00, 0x00, 0x00, 0x00, 0x00, 0x00, 0x00,
  0x00, 0x00, 0x00, 0x00, 0x00, 0x00, 0x00, 0x00, 0x00, 0x00, 0x00, 0x00,
  0x00, 0x00, 0x00, 0x00, 0x00, 0x00, 0x00, 0x00, 0x00, 0x00, 0x00, 0x00,
  0x00, 0x00, 0x00, 0x00, 0x00, 0x00, 0x00, 0x06, 0x00, 0x79, 0xf6, 0xdb,
  0xd6, 0xdb, 0xde, 0xdf, 0xe0, 0xe1, 0xe0, 0xde, 0xde, 0xde, 0xde, 0xde,
  0xde, 0xdc, 0xda, 0xd9, 0xd9, 0xd6, 0xd4, 0xd5, 0xd6, 0xd5, 0xd0, 0xcc,
  0xe2, 0xdd, 0x65, 0x00, 0x03, 0x00, 0x00, 0x00, 0x00, 0x00, 0x00, 0x00,
  0x00, 0x00, 0x00, 0x00, 0x00, 0x00, 0x00, 0x00, 0x00, 0x00, 0x00, 0x00,
  0x00, 0x05, 0x00, 0x66, 0xe2, 0xe3, 0xd8, 0xe0, 0xde, 0xe0, 0xe0, 0xde,
  0xdf, 0xde, 0xde, 0xde, 0xdd, 0xde, 0xde, 0xde, 0xde, 0xde, 0xdd, 0xdd,
  0xdc, 0xdd, 0xdf, 0xdf, 0xe1, 0xde, 0xd5, 0xde, 0xe8, 0x7d, 0x00, 0x03,
  0x00, 0x00, 0x00, 0x00, 0x00, 0x00, 0x00, 0x00, 0x00, 0x00, 0x00, 0x00,
  0x00, 0x00, 0x00, 0x00, 0x00, 0x00, 0x00, 0x00, 0x00, 0x00, 0x00, 0x00,
  0x01, 0x00, 0x00, 0x40, 0xd8, 0xe5, 0xd4, 0xd1, 0xd6, 0xd8, 0xd9, 0xd6,
  0xd4, 0xd8, 0xdf, 0xe2, 0xe3, 0xe5, 0xe3, 0xdf, 0xdc, 0xd7, 0xd8, 0xda,
  0xdc, 0xdb, 0xd7, 0xd1, 0xd5, 0xed, 0xb7, 0x14, 0x01, 0x01, 0x00, 0x00,
  0x00, 0x00, 0x00, 0x00, 0x00, 0x00, 0x00, 0x00, 0x00, 0x00, 0x00, 0x00,
  0x00, 0x00, 0x00, 0x00, 0x00, 0x00, 0x00, 0x00, 0x00, 0x00, 0x00, 0x00,
  0x00, 0x00, 0x00, 0x00, 0x00, 0x00, 0x00, 0x00, 0x00, 0x00, 0x01, 0x00,
  0x0a, 0x86, 0xe2, 0xde, 0xd9, 0xd8, 0xd7, 0xd7, 0xeb, 0x64, 0x00, 0x06,
  0x00, 0x00, 0x00, 0x00, 0x00, 0x00, 0x00, 0x00, 0x00, 0x00, 0x00, 0x00,
  0x00, 0x00, 0x00, 0x00, 0x00, 0x00, 0x00, 0x00, 0x00, 0x06, 0x00, 0x77,
  0xef, 0xe1, 0xdd, 0xdd, 0xdb, 0xd9, 0xd6, 0xd4, 0xd4, 0xd4, 0xd3, 0xd3,
  0xd3, 0xd4, 0xd5, 0xd5, 0xd6, 0xd7, 0xd8, 0xd9, 0xdb, 0xdc, 0xdc, 0xdc,
  0xdc, 0xdd, 0xde, 0xfe, 0x79, 0x00, 0x07, 0x00, 0x00, 0x00, 0x00, 0x00,
  0x00, 0x00, 0x00, 0x00, 0x00, 0x00, 0x00, 0x00, 0x00, 0x00, 0x00, 0x00,
  0x00, 0x00, 0x00, 0x00, 0x00, 0x01, 0x00, 0x42, 0xbe, 0xee, 0xd7, 0xcf,
  0xd1, 0xd4, 0xd6, 0xd6, 0xd6, 0xd7, 0xdb, 0xde, 0xde, 0xdf, 0xde, 0xdb,
  0xd8, 0xd9, 0xdc, 0xdd, 0xdc, 0xda, 0xd5, 0xd1, 0xdc, 0xef, 0x7a, 0x00,
  0x01, 0x01, 0x00, 0x00, 0x00, 0x00, 0x00, 0x00, 0x00, 0x00, 0x00, 0x00,
  0x00, 0x00, 0x00, 0x00, 0x00, 0x00, 0x00, 0x00, 0x02, 0x00, 0x5a, 0xd8,
  0xe4, 0xd4, 0xdc, 0xdd, 0xdf, 0xde, 0xdd, 0xdd, 0xdd, 0xdc, 0xda, 0xd7,
  0xd7, 0xd5, 0xd3, 0xd4, 0xd5, 0xd7, 0xd9, 0xda, 0xdc, 0xdd, 0xdd, 0xdd,
  0xdd, 0xdd, 0xdb, 0xda, 0xd8, 0xd6, 0xe5, 0x88, 0x00, 0x05, 0x00, 0x00,
  0x00, 0x00, 0x05, 0x00, 0x97, 0xf3, 0xd9, 0xd9, 0xdc, 0xdd, 0xde, 0xe5,
  0xed, 0xed, 0xec, 0xeb, 0xea, 0xe9, 0xe7, 0xe4, 0xe2, 0xe1, 0xdf, 0xe0,
  0xdf, 0xd8, 0xd5, 0xd8, 0xd9, 0xd8, 0xda, 0xd2, 0xdf, 0xe6, 0x66, 0x00,
  0x04, 0x00, 0x00, 0x00, 0x00, 0x00, 0x00, 0x00, 0x00, 0x00, 0x00, 0x00,
  0x00, 0x00, 0x00, 0x00, 0x00, 0x00, 0x00, 0x00, 0x00, 0x00, 0x06, 0x00,
  0x79, 0xf8, 0xdd, 0xd8, 0xdf, 0xe0, 0xdf, 0xdd, 0xe4, 0xeb, 0xeb, 0xe9,
  0xea, 0xe9, 0xe9, 0xe8, 0xe5, 0xe5, 0xe5, 0xe5, 0xe7, 0xe8, 0xea, 0xeb,
  0xec, 0xec, 0xe7, 0xf6, 0xe3, 0x58, 0x00, 0x05, 0x00, 0x00, 0x00, 0x00,
  0x00, 0x00, 0x00, 0x00, 0x00, 0x00, 0x00, 0x00, 0x00, 0x00, 0x00, 0x00,
  0x00, 0x00, 0x00, 0x00, 0x00, 0x03, 0x00, 0x6e, 0xe9, 0xe8, 0xdd, 0xdd,
  0xdc, 0xda, 0xd9, 0xd6, 0xd4, 0xd8, 0xe3, 0xec, 0xed, 0xeb, 0xeb, 0xec,
  0xed, 0xea, 0xe0, 0xda, 0xdb, 0xdc, 0xdb, 0xda, 0xd5, 0xce, 0xda, 0xd6,
  0x64, 0x00, 0x04, 0x00, 0x00, 0x00, 0x00, 0x00, 0x00, 0x00, 0x00, 0x00,
  0x00, 0x00, 0x00, 0x00, 0x00, 0x00, 0x00, 0x00, 0x00, 0x00, 0x00, 0x00,
  0x00, 0x03, 0x00, 0x37, 0xbc, 0xec, 0xd7, 0xd6, 0xda, 0xdb, 0xdf, 0xde,
  0xdb, 0xdd, 0xe6, 0xe9, 0xe4, 0xdf, 0xdd, 0xdd, 0xe0, 0xe2, 0xe0, 0xd8,
  0xd6, 0xd9, 0xdd, 0xde, 0xdb, 0xd7, 0xd7, 0xe5, 0xdf, 0x7b, 0x00, 0x02,
  0x00, 0x00, 0x00, 0x00, 0x00, 0x00, 0x00, 0x00, 0x00, 0x00, 0x00, 0x00,
  0x00, 0x00, 0x00, 0x00, 0x00, 0x00, 0x00, 0x06, 0x00, 0x68, 0xfd, 0xde,
  0xe0, 0xde, 0xdc, 0xdb, 0xdc, 0xe5, 0x1f, 0x00, 0x02, 0x00, 0x00, 0x00,
  0x00, 0x00, 0x00, 0x00, 0x00, 0x00, 0x00, 0x00, 0x00, 0x00, 0x03, 0x00,
  0x6b, 0xe6, 0xd1, 0xce, 0xd4, 0xd6, 0xd5, 0xe9, 0x80, 0x0c, 0x00, 0x01,
  0x00, 0x00, 0x00, 0x00, 0x00, 0x00, 0x00, 0x00, 0x00, 0x00, 0x00, 0x00,
  0x00, 0x00, 0x00, 0x00, 0x00, 0x03, 0x00, 0x25, 0xe4, 0xe6, 0xdc, 0xdd,
  0xdd, 0xe0, 0xe2, 0xeb, 0xef, 0xec, 0xeb, 0xeb, 0xe8, 0xe5, 0xe2, 0xe3,
  0xe4, 0xe4, 0xe4, 0xe5, 0xe7, 0xe7, 0xe8, 0xe8, 0xe7, 0xe3, 0xe3, 0xed,
  0xab, 0x00, 0x00, 0x00, 0x00, 0x00, 0x00, 0x00, 0x00, 0x00, 0x00, 0x00,
  0x00, 0x00, 0x00, 0x00, 0x00, 0x00, 0x00, 0x00, 0x00, 0x00, 0x04, 0x00,
  0x36, 0xdc, 0xe5, 0xd9, 0xdc, 0xde, 0xe0, 0xe1, 0xe8, 0xea, 0xe9, 0xe9,
  0xe9, 0xe7, 0xe4, 0xe1, 0xe0, 0xe1, 0xe3, 0xe2, 0xe2, 0xe1, 0xd8, 0xd3,
  0xd5, 0xd7, 0xd7, 0xd6, 0xd7, 0xe7, 0xbc, 0x0a, 0x00, 0x00, 0x00, 0x00,
  0x00, 0x00, 0x00, 0x00, 0x00, 0x00, 0x00, 0x00, 0x00, 0x00, 0x00, 0x00,
  0x00, 0x00, 0x00, 0x00, 0x07, 0x00, 0x4d, 0xf7, 0xda, 0xd9, 0xdb, 0xd9,
  0xd7, 0xd7, 0xec, 0x45, 0x00, 0x01, 0x00, 0x00, 0x00, 0x00, 0x00, 0x00,
  0x00, 0x00, 0x00, 0x04, 0x00, 0x9c, 0xe7, 0xd5, 0xd9, 0xda, 0xd9, 0xd8,
  0xeb, 0xd3, 0x00, 0x01, 0x00, 0x00, 0x00, 0x00, 0x00, 0x00, 0x00, 0x00,
  0x00, 0x00, 0x00, 0x00, 0x00, 0x00, 0x00, 0x00, 0x00, 0x00, 0x00, 0x00,
  0x00, 0x00, 0x00, 0x00, 0x00, 0x00, 0x00, 0x00, 0x00, 0x00, 0x00, 0x00,
  0x00, 0x00, 0x00, 0x00, 0x00, 0x00, 0x00, 0x00, 0x00, 0x00, 0x00, 0x00,
  0x00, 0x00, 0x00, 0x00, 0x00, 0x00, 0x00, 0x00, 0x00, 0x00, 0x00, 0x00,
  0x00, 0x06, 0x00, 0x7a, 0xf7, 0xdc, 0xd7, 0xdc, 0xde, 0xe0, 0xe2, 0xec,
  0xed, 0xec, 0xed, 0xed, 0xec, 0xea, 0xea, 0xe9, 0xe8, 0xe8, 0xe8, 0xe3,
  0xda, 0xd6, 0xd5, 0xd7, 0xd7, 0xd5, 0xd0, 0xe6, 0xce, 0x4d, 0x00, 0x03,
  0x00, 0x00, 0x00, 0x00, 0x00, 0x00, 0x00, 0x00, 0x00, 0x00, 0x00, 0x00,
  0x00, 0x00, 0x00, 0x00, 0x00, 0x00, 0x00, 0x05, 0x00, 0x66, 0xe2, 0xe2,
  0xd7, 0xe1, 0xe0, 0xe1, 0xe1, 0xe5, 0xed, 0xee, 0xee, 0xed, 0xed, 0xed,
  0xed, 0xed, 0xed, 0xec, 0xec, 0xec, 0xe8, 0xdf, 0xdc, 0xdd, 0xe0, 0xe0,
  0xdb, 0xd3, 0xe2, 0xd6, 0x5e, 0x00, 0x04, 0x00, 0x00, 0x00, 0x00, 0x00,
  0x00, 0x00, 0x00, 0x00, 0x00, 0x00, 0x00, 0x00, 0x00, 0x00, 0x00, 0x00,
  0x00, 0x00, 0x00, 0x00, 0x00, 0x00, 0x01, 0x00, 0x42, 0xe4, 0xe0, 0xd4,
  0xd8, 0xda, 0xd9, 0xd8, 0xd6, 0xd5, 0xdf, 0xe9, 0xea, 0xe7, 0xe6, 0xe7,
  0xe8, 0xeb, 0xed, 0xeb, 0xde, 0xda, 0xdc, 0xdb, 0xdb, 0xd8, 0xd2, 0xcf,
  0xe2, 0xc0, 0x0b, 0x00, 0x00, 0x00, 0x00, 0x00, 0x00, 0x00, 0x00, 0x00,
  0x00, 0x00, 0x00, 0x00, 0x00, 0x00, 0x00, 0x00, 0x00, 0x00, 0x00, 0x00,
  0x00, 0x00, 0x00, 0x00, 0x00, 0x00, 0x00, 0x00, 0x00, 0x00, 0x00, 0x00,
  0x00, 0x00, 0x00, 0x00, 0x01, 0x00, 0x0a, 0x85, 0xe5, 0xde, 0xd8, 0xd9,
  0xd6, 0xd7, 0xe9, 0x63, 0x00, 0x06, 0x00, 0x00, 0x00, 0x00, 0x00, 0x00,
  0x00, 0x00, 0x00, 0x00, 0x00, 0x00, 0x00, 0x00, 0x00, 0x00, 0x00, 0x00,
  0x00, 0x00, 0x00, 0x06, 0x00, 0x77, 0xef, 0xe0, 0xdd, 0xdd, 0xdb, 0xda,
  0xd7, 0xdf, 0xdf, 0xdf, 0xe0, 0xe0, 0xe1, 0xe2, 0xe4, 0xe5, 0xe6, 0xe6,
  0xe7, 0xe8, 0xe9, 0xe9, 0xe9, 0xe9, 0xea, 0xea, 0xe7, 0xff, 0x7e, 0x00,
  0x07, 0x00, 0x00, 0x00, 0x00, 0x00, 0x00, 0x00, 0x00, 0x00, 0x00, 0x00,
  0x00, 0x00, 0x00, 0x00, 0x00, 0x00, 0x00, 0x00, 0x00, 0x00, 0x03, 0x00,
  0x45, 0xc1, 0xe8, 0xd3, 0xd2, 0xd7, 0xd4, 0xd2, 0xd3, 0xd4, 0xd8, 0xe5,
  0xec, 0xec, 0xeb, 0xea, 0xec, 0xee, 0xea, 0xde, 0xdc, 0xdc, 0xdc, 0xdc,
  0xdc, 0xda, 0xd1, 0xd6, 0xec, 0x7e, 0x00, 0x03, 0x00, 0x00, 0x00, 0x00,
  0x00, 0x00, 0x00, 0x00, 0x00, 0x00, 0x00, 0x00, 0x00, 0x00, 0x00, 0x00,
  0x00, 0x00, 0x02, 0x00, 0x64, 0xe3, 0xee, 0xe0, 0xe9, 0xea, 0xeb, 0xeb,
  0xec, 0xee, 0xed, 0xea, 0xe8, 0xdb, 0xd6, 0xd5, 0xd4, 0xd5, 0xd7, 0xd8,
  0xde, 0xea, 0xe9, 0xe9, 0xea, 0xeb, 0xea, 0xea, 0xea, 0xea, 0xe5, 0xe3,
  0xf2, 0x8f, 0x00, 0x05, 0x00, 0x00, 0x00, 0x00, 0x05, 0x00, 0x98, 0xf4,
  0xd8, 0xd9, 0xdc, 0xe0, 0xe1, 0xc9, 0xac, 0xad, 0xae, 0xa9, 0xa9, 0xa9,
  0xa6, 0xa4, 0xa3, 0xa3, 0xa6, 0xb1, 0xc9, 0xe4, 0xde, 0xd7, 0xda, 0xdb,
  0xdc, 0xdf, 0xd7, 0xed, 0xc1, 0x3a, 0x00, 0x03, 0x00, 0x00, 0x00, 0x00,
  0x00, 0x00, 0x00, 0x00, 0x00, 0x00, 0x00, 0x00, 0x00, 0x00, 0x00, 0x00,
  0x00, 0x00, 0x00, 0x00, 0x06, 0x00, 0x78, 0xf6, 0xdd, 0xd9, 0xde, 0xde,
  0xe1, 0xdf, 0xc5, 0xae, 0xad, 0xae, 0xab, 0xa9, 0xa6, 0xa4, 0xa1, 0x9f,
  0x9e, 0x9e, 0x9e, 0x9f, 0xa1, 0xa3, 0xa4, 0xa6, 0xa4, 0xb6, 0xab, 0x41,
  0x00, 0x03, 0x00, 0x00, 0x00, 0x00, 0x00, 0x00, 0x00, 0x00, 0x00, 0x00,
  0x00, 0x00, 0x00, 0x00, 0x00, 0x00, 0x00, 0x00, 0x00, 0x00, 0x04, 0x00,
  0x6c, 0xe7, 0xea, 0xdc, 0xe0, 0xdf, 0xdb, 0xdb, 0xd7, 0xd6, 0xe1, 0xe9,
  0xdb, 0xc0, 0xad, 0xa4, 0xa5, 0xac, 0xb6, 0xcb, 0xe4, 0xe8, 0xe2, 0xdb,
  0xda, 0xda, 0xd7, 0xd3, 0xd1, 0xdc, 0xbf, 0x4c, 0x00, 0x03, 0x00, 0x00,
  0x00, 0x00, 0x00, 0x00, 0x00, 0x00, 0x00, 0x00, 0x00, 0x00, 0x00, 0x00,
  0x00, 0x00, 0x00, 0x00, 0x00, 0x00, 0x03, 0x00, 0x2b, 0xaf, 0xeb, 0xd5,
  0xd9, 0xdb, 0xdb, 0xde, 0xe1, 0xe0, 0xe8, 0xea, 0xcb, 0x9f, 0x7f, 0x6f,
  0x6a, 0x71, 0x83, 0x9e, 0xc1, 0xe2, 0xe6, 0xdb, 0xdb, 0xdf, 0xdf, 0xdd,
  0xdc, 0xd8, 0xe1, 0xdb, 0x72, 0x00, 0x00, 0x00, 0x00, 0x00, 0x00, 0x00,
  0x00, 0x00, 0x00, 0x00, 0x00, 0x00, 0x00, 0x00, 0x00, 0x00, 0x00, 0x00,
  0x00, 0x04, 0x00, 0x4b, 0xd6, 0xe7, 0xde, 0xdb, 0xdb, 0xda, 0xd5, 0xf1,
  0x2a, 0x00, 0x02, 0x00, 0x00, 0x00, 0x00, 0x00, 0x00, 0x00, 0x00, 0x00,
  0x00, 0x00, 0x00, 0x04, 0x00, 0x4c, 0xc6, 0xda, 0xcd, 0xcf, 0xd1, 0xd2,
  0xd8, 0xdd, 0x0e, 0x00, 0x01, 0x00, 0x00, 0x00, 0x00, 0x00, 0x00, 0x00,
  0x00, 0x00, 0x00, 0x00, 0x00, 0x00, 0x00, 0x00, 0x00, 0x00, 0x00, 0x03,
  0x00, 0x24, 0xe2, 0xe5, 0xdb, 0xdc, 0xdc, 0xe0, 0xe3, 0xc7, 0xa8, 0xa2,
  0xa5, 0xa5, 0xa2, 0x9f, 0x9e, 0x9e, 0x9e, 0x9e, 0x9e, 0x9d, 0x9c, 0x9c,
  0x9a, 0x98, 0x97, 0x94, 0x96, 0xa0, 0x73, 0x00, 0x00, 0x00, 0x00, 0x00,
  0x00, 0x00, 0x00, 0x00, 0x00, 0x00, 0x00, 0x00, 0x00, 0x00, 0x00, 0x00,
  0x00, 0x00, 0x00, 0x00, 0x04, 0x00, 0x35, 0xda, 0xe4, 0xd6, 0xd9, 0xdb,
  0xe0, 0xe1, 0xbf, 0x9c, 0x99, 0x9f, 0x9f, 0x9e, 0x9d, 0x9c, 0x9b, 0x9d,
  0x9f, 0xa1, 0xac, 0xc7, 0xe2, 0xda, 0xd3, 0xd7, 0xd8, 0xd9, 0xda, 0xe0,
  0xe4, 0xa4, 0x00, 0x00, 0x00, 0x00, 0x00, 0x00, 0x00, 0x00, 0x00, 0x00,
  0x00, 0x00, 0x00, 0x00, 0x00, 0x00, 0x00, 0x00, 0x00, 0x00, 0x02, 0x00,
  0x1f, 0xa0, 0xee, 0xd4, 0xdb, 0xda, 0xd8, 0xd7, 0xd9, 0xd9, 0x3e, 0x00,
  0x03, 0x00, 0x00, 0x00, 0x00, 0x00, 0x00, 0x00, 0x02, 0x00, 0x65, 0xd5,
  0xe0, 0xd4, 0xda, 0xdb, 0xda, 0xe4, 0xe5, 0x8b, 0x00, 0x00, 0x00, 0x00,
  0x00, 0x00, 0x00, 0x00, 0x00, 0x00, 0x00, 0x00, 0x00, 0x00, 0x00, 0x00,
  0x00, 0x00, 0x00, 0x00, 0x00, 0x00, 0x00, 0x00, 0x00, 0x00, 0x00, 0x00,
  0x00, 0x00, 0x00, 0x00, 0x00, 0x00, 0x00, 0x00, 0x00, 0x00, 0x00, 0x00,
  0x00, 0x00, 0x00, 0x00, 0x00, 0x00, 0x00, 0x00, 0x00, 0x00, 0x00, 0x00,
  0x00, 0x00, 0x00, 0x00, 0x00, 0x00, 0x00, 0x06, 0x00, 0x7a, 0xf7, 0xda,
  0xd5, 0xda, 0xdb, 0xdf, 0xdf, 0xba, 0xa1, 0xa0, 0xa5, 0xa6, 0xa3, 0xa0,
  0x9e, 0x9a, 0x97, 0x98, 0x9e, 0xba, 0xe1, 0xe2, 0xd5, 0xd6, 0xd8, 0xd9,
  0xd6, 0xd8, 0xf1, 0x8c, 0x00, 0x05, 0x00, 0x00, 0x00, 0x00, 0x00, 0x00,
  0x00, 0x00, 0x00, 0x00, 0x00, 0x00, 0x00, 0x00, 0x00, 0x00, 0x00, 0x00,
  0x00, 0x05, 0x00, 0x65, 0xe0, 0xe0, 0xd4, 0xdf, 0xde, 0xe1, 0xe1, 0xd2,
  0xb3, 0xaa, 0xac, 0xad, 0xad, 0xae, 0xae, 0xae, 0xae, 0xae, 0xac, 0xb5,
  0xce, 0xe6, 0xe2, 0xdc, 0xde, 0xdd, 0xdc, 0xd6, 0xd8, 0xed, 0x8d, 0x00,
  0x04, 0x00, 0x00, 0x00, 0x00, 0x00, 0x00, 0x00, 0x00, 0x00, 0x00, 0x00,
  0x00, 0x00, 0x00, 0x00, 0x00, 0x00, 0x00, 0x00, 0x00, 0x00, 0x00, 0x03,
  0x00, 0x41, 0xde, 0xe0, 0xd5, 0xdd, 0xdc, 0xdb, 0xd9, 0xd5, 0xda, 0xe6,
  0xdc, 0xb9, 0x96, 0x82, 0x7d, 0x7d, 0x85, 0x97, 0xb3, 0xd3, 0xe8, 0xeb,
  0xe0, 0xda, 0xdb, 0xd9, 0xd6, 0xd2, 0xd0, 0xd9, 0xbc, 0x07, 0x00, 0x00,
  0x00, 0x00, 0x00, 0x00, 0x00, 0x00, 0x00, 0x00, 0x00, 0x00, 0x00, 0x00,
  0x00, 0x00, 0x00, 0x00, 0x00, 0x00, 0x00, 0x00, 0x00, 0x00, 0x00, 0x00,
  0x00, 0x00, 0x00, 0x00, 0x00, 0x00, 0x00, 0x00, 0x00, 0x00, 0x01, 0x00,
  0x0a, 0x84, 0xe4, 0xdf, 0xd8, 0xd8, 0xd4, 0xd6, 0xe7, 0x62, 0x00, 0x06,
  0x00, 0x00, 0x00, 0x00, 0x00, 0x00, 0x00, 0x00, 0x00, 0x00, 0x00, 0x00,
  0x00, 0x00, 0x00, 0x00, 0x00, 0x00, 0x00, 0x00, 0x00, 0x06, 0x00, 0x76,
  0xee, 0xdf, 0xdc, 0xdc, 0xd7, 0xd9, 0xd6, 0xa3, 0x88, 0x8c, 0x94, 0x93,
  0x93, 0x96, 0x97, 0x98, 0x9a, 0x9c, 0x9d, 0x9f, 0x9f, 0x9f, 0x9f, 0xa0,
  0x9f, 0x9e, 0x9c, 0xb6, 0x58, 0x00, 0x05, 0x00, 0x00, 0x00, 0x00, 0x00,
  0x00, 0x00, 0x00, 0x00, 0x00, 0x00, 0x00, 0x00, 0x00, 0x00, 0x00, 0x00,
  0x00, 0x00, 0x00, 0x03, 0x00, 0x3b, 0xb9, 0xe8, 0xd5, 0xd4, 0xd8, 0xd6,
  0xd4, 0xd2, 0xd3, 0xe0, 0xe6, 0xd6, 0xbb, 0xa5, 0x9b, 0x9b, 0xa5, 0xbb,
  0xd6, 0xe9, 0xeb, 0xdf, 0xdb, 0xdb, 0xdb, 0xda, 0xd8, 0xd1, 0xda, 0xe0,
  0x75, 0x00, 0x03, 0x00, 0x00, 0x00, 0x00, 0x00, 0x00, 0x00, 0x00, 0x00,
  0x00, 0x00, 0x00, 0x00, 0x00, 0x00, 0x00, 0x00, 0x01, 0x00, 0x3e, 0x9a,
  0xa5, 0x9b, 0xa3, 0xa5, 0xa8, 0xa9, 0xad, 0xb0, 0xb0, 0xa8, 0xb0, 0xd4,
  0xda, 0xd4, 0xd4, 0xd5, 0xd8, 0xde, 0xd1, 0xae, 0xa1, 0xa6, 0xa9, 0xab,
  0xa8, 0xa6, 0xa4, 0xa3, 0x9f, 0x9f, 0xb3, 0x6e, 0x00, 0x04, 0x00, 0x00,
  0x00, 0x00, 0x05, 0x00, 0x98, 0xf4, 0xd8, 0xd9, 0xdb, 0xe3, 0xe3, 0x82,
  0x00, 0x00, 0x00, 0x00, 0x00, 0x00, 0x00, 0x00, 0x00, 0x00, 0x01, 0x00,
  0x11, 0x92, 0xd9, 0xe0, 0xdb, 0xdc, 0xde, 0xe0, 0xda, 0xdf, 0xed, 0x75,
  0x00, 0x05, 0x00, 0x00, 0x00, 0x00, 0x00, 0x00, 0x00, 0x00, 0x00, 0x00,
  0x00, 0x00, 0x00, 0x00, 0x00, 0x00, 0x00, 0x00, 0x00, 0x00, 0x06, 0x00,
  0x77, 0xf5, 0xdc, 0xd7, 0xdc, 0xdd, 0xe6, 0xd5, 0x69, 0x04, 0x00, 0x00,
  0x00, 0x00, 0x00, 0x00, 0x00, 0x00, 0x00, 0x00, 0x00, 0x00, 0x00, 0x00,
  0x00, 0x00, 0x00, 0x00, 0x00, 0x00, 0x00, 0x00, 0x00, 0x00, 0x00, 0x00,
  0x00, 0x00, 0x00, 0x00, 0x00, 0x00, 0x00, 0x00, 0x00, 0x00, 0x00, 0x00,
  0x00, 0x00, 0x00, 0x03, 0x00, 0x56, 0xd5, 0xee, 0xde, 0xe0, 0xde, 0xde,
  0xde, 0xdb, 0xdd, 0xe8, 0xdb, 0xab, 0x1e, 0x00, 0x02, 0x00, 0x00, 0x01,
  0x00, 0x10, 0x78, 0xab, 0xe0, 0xe5, 0xda, 0xdb, 0xda, 0xd8, 0xd3, 0xce,
  0xe8, 0x91, 0x00, 0x05, 0x00, 0x00, 0x00, 0x00, 0x00, 0x00, 0x00, 0x00,
  0x00, 0x00, 0x00, 0x00, 0x00, 0x00, 0x00, 0x00, 0x00, 0x00, 0x00, 0x00,
  0x06, 0x00, 0x6d, 0xf4, 0xd3, 0xd7, 0xda, 0xdb, 0xde, 0xe0, 0xe2, 0xec,
  0xd0, 0x92, 0x21, 0x00, 0x02, 0x00, 0x00, 0x00, 0x00, 0x00, 0x02, 0x7a,
  0xbe, 0xe6, 0xe1, 0xde, 0xe2, 0xe0, 0xdd, 0xd9, 0xd4, 0xe8, 0xc5, 0x00,
  0x00, 0x00, 0x00, 0x00, 0x00, 0x00, 0x00, 0x00, 0x00, 0x00, 0x00, 0x00,
  0x00, 0x00, 0x00, 0x00, 0x00, 0x00, 0x00, 0x00, 0x06, 0x00, 0x56, 0xff,
  0xda, 0xd9, 0xda, 0xda, 0xd5, 0xe0, 0xc3, 0x22, 0x00, 0x03, 0x00, 0x00,
  0x00, 0x00, 0x00, 0x00, 0x00, 0x00, 0x00, 0x00, 0x00, 0x05, 0x00, 0x65,
  0xde, 0xd5, 0xcc, 0xd0, 0xce, 0xd1, 0xde, 0xab, 0x09, 0x00, 0x01, 0x00,
  0x00, 0x00, 0x00, 0x00, 0x00, 0x00, 0x00, 0x00, 0x00, 0x00, 0x00, 0x00,
  0x00, 0x00, 0x00, 0x00, 0x00, 0x03, 0x00, 0x24, 0xe0, 0xe4, 0xd9, 0xda,
  0xd8, 0xe0, 0xe6, 0x40, 0x00, 0x05, 0x00, 0x00, 0x00, 0x00, 0x00, 0x00,
  0x00, 0x00, 0x00, 0x00, 0x00, 0x00, 0x00, 0x00, 0x00, 0x00, 0x00, 0x00,
  0x00, 0x00, 0x00, 0x00, 0x00, 0x00, 0x00, 0x00, 0x00, 0x00, 0x00, 0x00,
  0x00, 0x00, 0x00, 0x00, 0x00, 0x00, 0x00, 0x00, 0x00, 0x00, 0x04, 0x00,
  0x34, 0xd7, 0xe3, 0xd5, 0xd9, 0xd9, 0xde, 0xe3, 0x29, 0x00, 0x03, 0x00,
  0x00, 0x00, 0x00, 0x00, 0x00, 0x00, 0x00, 0x00, 0x03, 0x00, 0x7a, 0xdd,
  0xdb, 0xd5, 0xdb, 0xdb, 0xdd, 0xdf, 0xed, 0xd2, 0x00, 0x00, 0x00, 0x00,
  0x00, 0x00, 0x00, 0x00, 0x00, 0x00, 0x00, 0x00, 0x00, 0x00, 0x00, 0x00,
  0x00, 0x00, 0x00, 0x00, 0x00, 0x03, 0x00, 0x2d, 0xd2, 0xe4, 0xd5, 0xda,
  0xd8, 0xd6, 0xd6, 0xe2, 0xa8, 0x28, 0x00, 0x03, 0x00, 0x00, 0x00, 0x00,
  0x00, 0x00, 0x03, 0x00, 0xaf, 0xe4, 0xd2, 0xd8, 0xd9, 0xdb, 0xdb, 0xee,
  0xbd, 0x00, 0x01, 0x00, 0x00, 0x00, 0x00, 0x00, 0x00, 0x00, 0x00, 0x00,
  0x00, 0x00, 0x00, 0x00, 0x00, 0x00, 0x00, 0x00, 0x00, 0x00, 0x00, 0x00,
  0x00, 0x00, 0x00, 0x00, 0x00, 0x00, 0x00, 0x00, 0x00, 0x00, 0x00, 0x00,
  0x00, 0x00, 0x00, 0x00, 0x00, 0x00, 0x00, 0x00, 0x00, 0x00, 0x00, 0x00,
  0x00, 0x00, 0x00, 0x00, 0x00, 0x00, 0x00, 0x00, 0x00, 0x00, 0x00, 0x00,
  0x00, 0x06, 0x00, 0x7a, 0xf6, 0xda, 0xd5, 0xd9, 0xd8, 0xe2, 0xd8, 0x02,
  0x00, 0x00, 0x00, 0x00, 0x00, 0x00, 0x00, 0x00, 0x00, 0x00, 0x00, 0x06,
  0x73, 0xc7, 0xe1, 0xd9, 0xd7, 0xd9, 0xdb, 0xd6, 0xe6, 0xdc, 0x64, 0x00,
  0x03, 0x00, 0x00, 0x00, 0x00, 0x00, 0x00, 0x00, 0x00, 0x00, 0x00, 0x00,
  0x00, 0x00, 0x00, 0x00, 0x00, 0x00, 0x00, 0x05, 0x00, 0x64, 0xdf, 0xde,
  0xd1, 0xdc, 0xdc, 0xe1, 0xe2, 0x93, 0x04, 0x00, 0x00, 0x00, 0x00, 0x00,
  0x00, 0x00, 0x00, 0x00, 0x00, 0x00, 0x05, 0x8b, 0xd0, 0xe2, 0xdc, 0xdb,
  0xdc, 0xda, 0xd6, 0xe3, 0xd1, 0x5d, 0x00, 0x02, 0x00, 0x00, 0x00, 0x00,
  0x00, 0x00, 0x00, 0x00, 0x00, 0x00, 0x00, 0x00, 0x00, 0x00, 0x00, 0x00,
  0x00, 0x00, 0x00, 0x00, 0x04, 0x00, 0x35, 0xc6, 0xec, 0xd4, 0xdf, 0xdd,
  0xdd, 0xdb, 0xd8, 0xe1, 0xe4, 0xbd, 0x38, 0x00, 0x04, 0x00, 0x00, 0x00,
  0x00, 0x00, 0x01, 0x00, 0x7e, 0xcf, 0xe6, 0xe0, 0xda, 0xdb, 0xd6, 0xd3,
  0xd1, 0xd2, 0xda, 0xb2, 0x06, 0x00, 0x00, 0x00, 0x00, 0x00, 0x00, 0x00,
  0x00, 0x00, 0x00, 0x00, 0x00, 0x00, 0x00, 0x00, 0x00, 0x00, 0x00, 0x00,
  0x00, 0x00, 0x00, 0x00, 0x00, 0x00, 0x00, 0x00, 0x00, 0x00, 0x00, 0x00,
  0x00, 0x00, 0x00, 0x00, 0x01, 0x00, 0x0a, 0x84, 0xe4, 0xe0, 0xd9, 0xd7,
  0xd3, 0xd6, 0xe7, 0x61, 0x00, 0x06, 0x00, 0x00, 0x00, 0x00, 0x00, 0x00,
  0x00, 0x00, 0x00, 0x00, 0x00, 0x00, 0x00, 0x00, 0x00, 0x00, 0x00, 0x00,
  0x00, 0x00, 0x00, 0x06, 0x00, 0x76, 0xed, 0xde, 0xda, 0xdb, 0xd5, 0xdd,
  0xcf, 0x00, 0x00, 0x00, 0x00, 0x00, 0x00, 0x00, 0x00, 0x00, 0x00, 0x00,
  0x00, 0x00, 0x00, 0x00, 0x00, 0x00, 0x00, 0x00, 0x00, 0x00, 0x00, 0x00,
  0x00, 0x00, 0x00, 0x00, 0x00, 0x00, 0x00, 0x00, 0x00, 0x00, 0x00, 0x00,
  0x00, 0x00, 0x00, 0x00, 0x00, 0x00, 0x00, 0x00, 0x00, 0x05, 0x00, 0x85,
  0xf0, 0xd6, 0xd3, 0xd9, 0xd7, 0xd7, 0xd4, 0xd7, 0xe5, 0xd2, 0x9f, 0x19,
  0x00, 0x02, 0x00, 0x00, 0x02, 0x00, 0x16, 0x93, 0xc6, 0xe7, 0xe5, 0xd9,
  0xdb, 0xda, 0xda, 0xd8, 0xd0, 0xdf, 0xd7, 0x64, 0x00, 0x03, 0x00, 0x00,
  0x00, 0x00, 0x00, 0x00, 0x00, 0x00, 0x00, 0x00, 0x00, 0x00, 0x00, 0x00,
  0x00, 0x00, 0x00, 0x00, 0x00, 0x00, 0x00, 0x00, 0x00, 0x00, 0x00, 0x00,
  0x00, 0x00, 0x00, 0x02, 0x00, 0xb8, 0xe4, 0xd0, 0xd6, 0xd7, 0xd9, 0xee,
  0x9d, 0x00, 0x04, 0x00, 0x00, 0x00, 0x00, 0x00, 0x00, 0x00, 0x00, 0x00,
  0x00, 0x00, 0x00, 0x00, 0x00, 0x00, 0x00, 0x00, 0x05, 0x00, 0x98, 0xf3,
  0xd8, 0xda, 0xda, 0xe6, 0xe2, 0x79, 0x00, 0x00, 0x00, 0x00, 0x00, 0x00,
  0x00, 0x00, 0x00, 0x00, 0x00, 0x00, 0x01, 0x00, 0x13, 0xd6, 0xe6, 0xdd,
  0xde, 0xdf, 0xdc, 0xd5, 0xfa, 0x8f, 0x00, 0x06, 0x00, 0x00, 0x00, 0x00,
  0x00, 0x00, 0x00, 0x00, 0x00, 0x00, 0x00, 0x00, 0x00, 0x00, 0x00, 0x00,
  0x00, 0x00, 0x00, 0x00, 0x06, 0x00, 0x77, 0xf5, 0xdc, 0xd7, 0xdb, 0xdb,
  0xea, 0xcc, 0x06, 0x00, 0x00, 0x00, 0x00, 0x00, 0x00, 0x00, 0x00, 0x00,
  0x00, 0x00, 0x00, 0x00, 0x00, 0x00, 0x00, 0x00, 0x00, 0x00, 0x00, 0x00,
  0x00, 0x00, 0x00, 0x00, 0x00, 0x00, 0x00, 0x00, 0x00, 0x00, 0x00, 0x00,
  0x00, 0x00, 0x00, 0x00, 0x00, 0x00, 0x00, 0x00, 0x00, 0x05, 0x00, 0x98,
  0xf5, 0xdd, 0xdd, 0xde, 0xde, 0xde, 0xde, 0xe5, 0xe9, 0xb7, 0x19, 0x00,
  0x02, 0x00, 0x00, 0x00, 0x00, 0x00, 0x00, 0x01, 0x01, 0x0c, 0x73, 0xcc,
  0xe5, 0xdc, 0xdc, 0xd9, 0xd1, 0xd6, 0xeb, 0xcc, 0x52, 0x00, 0x02, 0x00,
  0x00, 0x00, 0x00, 0x00, 0x00, 0x00, 0x00, 0x00, 0x00, 0x00, 0x00, 0x00,
  0x00, 0x00, 0x00, 0x00, 0x00, 0x04, 0x00, 0x57, 0xd5, 0xe2, 0xd4, 0xda,
  0xda, 0xde, 0xe0, 0xe2, 0xec, 0xb7, 0x23, 0x00, 0x03, 0x00, 0x00, 0x00,
  0x00, 0x00, 0x00, 0x00, 0x00, 0x05, 0x02, 0x88, 0xe3, 0xe6, 0xde, 0xe0,
  0xdd, 0xda, 0xd7, 0xdb, 0xe1, 0x9d, 0x01, 0x00, 0x00, 0x00, 0x00, 0x00,
  0x00, 0x00, 0x00, 0x00, 0x00, 0x00, 0x00, 0x00, 0x00, 0x00, 0x00, 0x00,
  0x00, 0x00, 0x05, 0x00, 0x4a, 0xeb, 0xe0, 0xda, 0xda, 0xda, 0xd7, 0xd4,
  0xef, 0x30, 0x00, 0x03, 0x00, 0x00, 0x00, 0x00, 0x00, 0x00, 0x00, 0x00,
  0x00, 0x00, 0x00, 0x06, 0x00, 0x78, 0xeb, 0xce, 0xce, 0xd1, 0xce, 0xd6,
  0xdb, 0x0b, 0x00, 0x00, 0x00, 0x00, 0x00, 0x00, 0x00, 0x00, 0x00, 0x00,
  0x00, 0x00, 0x00, 0x00, 0x00, 0x00, 0x00, 0x00, 0x00, 0x00, 0x00, 0x03,
  0x00, 0x23, 0xdc, 0xe3, 0xd9, 0xda, 0xd7, 0xe4, 0xdc, 0x3a, 0x00, 0x04,
  0x00, 0x00, 0x00, 0x00, 0x00, 0x00, 0x00, 0x00, 0x00, 0x00, 0x00, 0x00,
  0x00, 0x00, 0x00, 0x00, 0x00, 0x00, 0x00, 0x00, 0x00, 0x00, 0x00, 0x00,
  0x00, 0x00, 0x00, 0x00, 0x00, 0x00, 0x00, 0x00, 0x00, 0x00, 0x00, 0x00,
  0x00, 0x00, 0x00, 0x00, 0x04, 0x00, 0x34, 0xd6, 0xe3, 0xd6, 0xd9, 0xd8,
  0xe0, 0xda, 0x27, 0x00, 0x03, 0x00, 0x00, 0x00, 0x00, 0x00, 0x00, 0x00,
  0x00, 0x00, 0x00, 0x03, 0x00, 0x71, 0xdd, 0xde, 0xd7, 0xdd, 0xde, 0xe0,
  0xe7, 0xe5, 0x8f, 0x06, 0x00, 0x00, 0x00, 0x00, 0x00, 0x00, 0x00, 0x00,
  0x00, 0x00, 0x00, 0x00, 0x00, 0x00, 0x00, 0x00, 0x00, 0x00, 0x00, 0x00,
  0x02, 0x00, 0x35, 0xf3, 0xd1, 0xd9, 0xd8, 0xd7, 0xd6, 0xd7, 0xec, 0x52,
  0x00, 0x07, 0x00, 0x00, 0x00, 0x00, 0x00, 0x00, 0x00, 0x87, 0xda, 0xd7,
  0xd3, 0xd7, 0xd9, 0xd9, 0xe5, 0xda, 0x69, 0x00, 0x00, 0x00, 0x00, 0x00,
  0x00, 0x00, 0x00, 0x00, 0x00, 0x00, 0x00, 0x00, 0x00, 0x00, 0x00, 0x00,
  0x00, 0x00, 0x00, 0x00, 0x00, 0x00, 0x00, 0x00, 0x00, 0x00, 0x00, 0x00,
  0x00, 0x00, 0x00, 0x00, 0x00, 0x00, 0x00, 0x00, 0x00, 0x00, 0x00, 0x00,
  0x00, 0x00, 0x00, 0x00, 0x00, 0x00, 0x00, 0x00, 0x00, 0x00, 0x00, 0x00,
  0x00, 0x00, 0x00, 0x00, 0x00, 0x00, 0x00, 0x06, 0x00, 0x7a, 0xf6, 0xda,
  0xd6, 0xd9, 0xd8, 0xe2, 0xd8, 0x02, 0x00, 0x00, 0x00, 0x00, 0x00, 0x00,
  0x00, 0x00, 0x00, 0x00, 0x00, 0x00, 0x03, 0x05, 0xb8, 0xe7, 0xda, 0xd8,
  0xdb, 0xd8, 0xdd, 0xee, 0x91, 0x00, 0x04, 0x00, 0x00, 0x00, 0x00, 0x00,
  0x00, 0x00, 0x00, 0x00, 0x00, 0x00, 0x00, 0x00, 0x00, 0x00, 0x00, 0x00,
  0x00, 0x05, 0x00, 0x63, 0xdf, 0xde, 0xce, 0xd9, 0xd8, 0xe0, 0xe0, 0x78,
  0x03, 0x00, 0x00, 0x00, 0x00, 0x00, 0x00, 0x00, 0x00, 0x00, 0x00, 0x00,
  0x00, 0x05, 0x6a, 0xd1, 0xe0, 0xd9, 0xda, 0xdb, 0xd6, 0xdf, 0xe4, 0x7f,
  0x00, 0x03, 0x00, 0x00, 0x00, 0x00, 0x00, 0x00, 0x00, 0x00, 0x00, 0x00,
  0x00, 0x00, 0x00, 0x00, 0x00, 0x00, 0x00, 0x00, 0x00, 0x00, 0x06, 0x00,
  0x60, 0xfd, 0xd5, 0xdc, 0xdd, 0xdc, 0xdc, 0xdc, 0xe1, 0xe8, 0x3f, 0x00,
  0x06, 0x00, 0x00, 0x00, 0x00, 0x00, 0x00, 0x00, 0x00, 0x00, 0x09, 0x00,
  0x79, 0xe3, 0xe0, 0xd5, 0xd8, 0xd4, 0xd2, 0xd2, 0xd4, 0xd8, 0x84, 0x0b,
  0x00, 0x00, 0x00, 0x00, 0x00, 0x00, 0x00, 0x00, 0x00, 0x00, 0x00, 0x00,
  0x00, 0x00, 0x00, 0x00, 0x00, 0x00, 0x00, 0x00, 0x00, 0x00, 0x00, 0x00,
  0x00, 0x00, 0x00, 0x00, 0x00, 0x00, 0x00, 0x00, 0x00, 0x00, 0x01, 0x00,
  0x0a, 0x84, 0xe4, 0xe0, 0xd9, 0xd7, 0xd4, 0xd4, 0xe5, 0x61, 0x00, 0x06,
  0x00, 0x00, 0x00, 0x00, 0x00, 0x00, 0x00, 0x00, 0x00, 0x00, 0x00, 0x00,
  0x00, 0x00, 0x00, 0x00, 0x00, 0x00, 0x00, 0x00, 0x00, 0x06, 0x00, 0x75,
  0xec, 0xde, 0xd8, 0xd9, 0xd6, 0xdd, 0xcc, 0x00, 0x00, 0x00, 0x00, 0x00,
  0x00, 0x00, 0x00, 0x00, 0x00, 0x00, 0x00, 0x00, 0x00, 0x00, 0x00, 0x00,
  0x00, 0x00, 0x00, 0x00, 0x00, 0x00, 0x00, 0x00, 0x00, 0x00, 0x00, 0x00,
  0x00, 0x00, 0x00, 0x00, 0x00, 0x00, 0x00, 0x00, 0x00, 0x00, 0x00, 0x00,
  0x00, 0x00, 0x03, 0x00, 0x69, 0xdc, 0xe0, 0xd1, 0xd7, 0xd8, 0xd8, 0xd5,
  0xdb, 0xe1, 0xb3, 0x16, 0x00, 0x02, 0x00, 0x00, 0x00, 0x00, 0x00, 0x00,
  0x01, 0x01, 0x11, 0x8f, 0xe0, 0xe6, 0xd8, 0xdc, 0xda, 0xd2, 0xd8, 0xe9,
  0xc2, 0x4c, 0x00, 0x02, 0x00, 0x00, 0x00, 0x00, 0x00, 0x00, 0x00, 0x00,
  0x00, 0x00, 0x00, 0x00, 0x00, 0x00, 0x00, 0x00, 0x00, 0x00, 0x00, 0x00,
  0x00, 0x00, 0x00, 0x00, 0x00, 0x00, 0x00, 0x00, 0x00, 0x02, 0x00, 0xb8,
  0xe3, 0xd0, 0xd7, 0xd7, 0xdb, 0xee, 0x9a, 0x00, 0x04, 0x00, 0x00, 0x00,
  0x00, 0x00, 0x00, 0x00, 0x00, 0x00, 0x00, 0x00, 0x00, 0x00, 0x00, 0x00,
  0x00, 0x00, 0x05, 0x00, 0x96, 0xf1, 0xd8, 0xda, 0xdb, 0xe4, 0xe6, 0x89,
  0x00, 0x00, 0x00, 0x00, 0x00, 0x00, 0x00, 0x00, 0x00, 0x00, 0x00, 0x00,
  0x01, 0x00, 0x05, 0x9e, 0xe3, 0xe2, 0xdc, 0xdc, 0xda, 0xd3, 0xea, 0xc8,
  0x42, 0x00, 0x02, 0x00, 0x00, 0x00, 0x00, 0x00, 0x00, 0x00, 0x00, 0x00,
  0x00, 0x00, 0x00, 0x00, 0x00, 0x00, 0x00, 0x00, 0x00, 0x00, 0x06, 0x00,
  0x76, 0xf3, 0xdb, 0xd7, 0xda, 0xdb, 0xea, 0xcb, 0x02, 0x00, 0x01, 0x00,
  0x00, 0x00, 0x00, 0x00, 0x00, 0x00, 0x00, 0x00, 0x00, 0x00, 0x00, 0x00,
  0x00, 0x00, 0x00, 0x00, 0x00, 0x00, 0x00, 0x00, 0x00, 0x00, 0x00, 0x00,
  0x00, 0x00, 0x00, 0x00, 0x00, 0x00, 0x00, 0x00, 0x00, 0x00, 0x00, 0x00,
  0x00, 0x00, 0x02, 0x00, 0x61, 0xdc, 0xe5, 0xd5, 0xdd, 0xde, 0xdf, 0xdf,
  0xe6, 0xe5, 0x9e, 0x16, 0x00, 0x00, 0x00, 0x00, 0x00, 0x00, 0x00, 0x00,
  0x00, 0x00, 0x00, 0x00, 0x08, 0x0e, 0xbc, 0xed, 0xd8, 0xd7, 0xe4, 0xec,
  0x7f, 0x06, 0x13, 0x00, 0x00, 0x00, 0x00, 0x00, 0x00, 0x00, 0x00, 0x00,
  0x00, 0x00, 0x00, 0x00, 0x00, 0x00, 0x00, 0x00, 0x00, 0x00, 0x00, 0x07,
  0x00, 0x8a, 0xf7, 0xd2, 0xdc, 0xdb, 0xde, 0xe0, 0xe4, 0xea, 0xa8, 0x1e,
  0x00, 0x00, 0x00, 0x00, 0x00, 0x00, 0x00, 0x00, 0x00, 0x00, 0x00, 0x00,
  0x01, 0x02, 0x7d, 0xe0, 0xe4, 0xdb, 0xde, 0xdd, 0xdc, 0xd8, 0xe2, 0xd5,
  0x00, 0x00, 0x00, 0x00, 0x00, 0x00, 0x00, 0x00, 0x00, 0x00, 0x00, 0x00,
  0x00, 0x00, 0x00, 0x00, 0x00, 0x00, 0x00, 0x00, 0x04, 0x00, 0x34, 0xc4,
  0xe7, 0xdc, 0xdc, 0xdd, 0xdb, 0xd2, 0xec, 0x89, 0x12, 0x00, 0x02, 0x00,
  0x00, 0x00, 0x00, 0x00, 0x00, 0x00, 0x00, 0x00, 0x03, 0x00, 0x54, 0xca,
  0xdf, 0xcf, 0xd1, 0xd0, 0xcf, 0xd9, 0xc4, 0x02, 0x00, 0x00, 0x00, 0x00,
  0x00, 0x00, 0x00, 0x00, 0x00, 0x00, 0x00, 0x00, 0x00, 0x00, 0x00, 0x00,
  0x00, 0x00, 0x00, 0x00, 0x00, 0x03, 0x00, 0x22, 0xd9, 0xe3, 0xd8, 0xda,
  0xd5, 0xe2, 0xdc, 0x3b, 0x00, 0x05, 0x00, 0x00, 0x00, 0x00, 0x00, 0x00,
  0x00, 0x00, 0x00, 0x00, 0x00, 0x00, 0x00, 0x00, 0x00, 0x00, 0x00, 0x00,
  0x00, 0x00, 0x00, 0x00, 0x00, 0x00, 0x00, 0x00, 0x00, 0x00, 0x00, 0x00,
  0x00, 0x00, 0x00, 0x00, 0x00, 0x00, 0x00, 0x00, 0x00, 0x00, 0x04, 0x00,
  0x34, 0xd6, 0xe4, 0xd6, 0xd8, 0xd7, 0xe0, 0xd9, 0x27, 0x00, 0x03, 0x00,
  0x00, 0x00, 0x00, 0x00, 0x00, 0x00, 0x00, 0x00, 0x00, 0x01, 0x04, 0x00,
  0x8c, 0xf0, 0xd4, 0xde, 0xdf, 0xdd, 0xe1, 0xe9, 0xbc, 0x09, 0x00, 0x01,
  0x00, 0x00, 0x00, 0x00, 0x00, 0x00, 0x00, 0x00, 0x00, 0x00, 0x00, 0x00,
  0x00, 0x00, 0x00, 0x00, 0x00, 0x00, 0x02, 0x00, 0x16, 0xa5, 0xe6, 0xd4,
  0xd8, 0xd8, 0xd7, 0xd6, 0xe3, 0xca, 0x44, 0x00, 0x04, 0x00, 0x00, 0x00,
  0x00, 0x04, 0x00, 0xca, 0xe3, 0xd1, 0xd6, 0xd7, 0xd8, 0xd8, 0xe7, 0xa2,
  0x00, 0x03, 0x00, 0x00, 0x00, 0x00, 0x00, 0x00, 0x00, 0x00, 0x00, 0x00,
  0x00, 0x00, 0x00, 0x00, 0x00, 0x00, 0x00, 0x00, 0x00, 0x00, 0x00, 0x00,
  0x00, 0x00, 0x00, 0x00, 0x00, 0x00, 0x00, 0x00, 0x00, 0x00, 0x00, 0x00,
  0x00, 0x00, 0x00, 0x00, 0x00, 0x00, 0x00, 0x00, 0x00, 0x00, 0x00, 0x00,
  0x00, 0x00, 0x00, 0x00, 0x00, 0x00, 0x00, 0x00, 0x00, 0x00, 0x00, 0x00,
  0x00, 0x06, 0x00, 0x7a, 0xf6, 0xda, 0xd6, 0xd8, 0xd6, 0xe0, 0xd9, 0x03,
  0x00, 0x01, 0x00, 0x00, 0x00, 0x00, 0x00, 0x00, 0x00, 0x00, 0x00, 0x00,
  0x00, 0x00, 0x7e, 0xde, 0xe2, 0xd8, 0xda, 0xda, 0xd7, 0xf2, 0xa5, 0x00,
  0x05, 0x00, 0x00, 0x00, 0x00, 0x00, 0x00, 0x00, 0x00, 0x00, 0x00, 0x00,
  0x00, 0x00, 0x00, 0x00, 0x00, 0x00, 0x00, 0x05, 0x00, 0x62, 0xde, 0xdd,
  0xcc, 0xd6, 0xd5, 0xdc, 0xdf, 0x81, 0x04, 0x00, 0x01, 0x00, 0x00, 0x00,
  0x00, 0x00, 0x00, 0x00, 0x00, 0x00, 0x00, 0x00, 0x03, 0x89, 0xe1, 0xdc,
  0xd5, 0xda, 0xd6, 0xdc, 0xea, 0x92, 0x00, 0x03, 0x00, 0x00, 0x00, 0x00,
  0x00, 0x00, 0x00, 0x00, 0x00, 0x00, 0x00, 0x00, 0x00, 0x00, 0x00, 0x00,
  0x00, 0x00, 0x00, 0x04, 0x00, 0x47, 0xd1, 0xe9, 0xd5, 0xdd, 0xd9, 0xd9,
  0xda, 0xe1, 0xea, 0x3d, 0x00, 0x00, 0x00, 0x00, 0x00, 0x00, 0x00, 0x00,
  0x00, 0x00, 0x00, 0x00, 0x00, 0x02, 0x00, 0x67, 0xd7, 0xdf, 0xd1, 0xd6,
  0xd4, 0xd2, 0xd2, 0xd8, 0xd1, 0x13, 0x00, 0x01, 0x00, 0x00, 0x00, 0x00,
  0x00, 0x00, 0x00, 0x00, 0x00, 0x00, 0x00, 0x00, 0x00, 0x00, 0x00, 0x00,
  0x00, 0x00, 0x00, 0x00, 0x00, 0x00, 0x00, 0x00, 0x00, 0x00, 0x00, 0x00,
  0x00, 0x00, 0x00, 0x00, 0x01, 0x00, 0x0a, 0x85, 0xe4, 0xe0, 0xd9, 0xd7,
  0xd3, 0xd4, 0xe4, 0x60, 0x00, 0x06, 0x00, 0x00, 0x00, 0x00, 0x00, 0x00,
  0x00, 0x00, 0x00, 0x00, 0x00, 0x00, 0x00, 0x00, 0x00, 0x00, 0x00, 0x00,
  0x00, 0x00, 0x00, 0x06, 0x00, 0x75, 0xec, 0xdd, 0xd8, 0xd9, 0xd6, 0xdd,
  0xc8, 0x00, 0x00, 0x00, 0x00, 0x00, 0x00, 0x00, 0x00, 0x00, 0x00, 0x00,
  0x00, 0x00, 0x00, 0x00, 0x00, 0x00, 0x00, 0x00, 0x00, 0x00, 0x00, 0x00,
  0x00, 0x00, 0x00, 0x00, 0x00, 0x00, 0x00, 0x00, 0x00, 0x00, 0x00, 0x00,
  0x00, 0x00, 0x00, 0x00, 0x00, 0x00, 0x00, 0x01, 0x00, 0x39, 0xbf, 0xe9,
  0xd6, 0xd5, 0xd7, 0xd7, 0xd5, 0xd9, 0xdd, 0x9e, 0x14, 0x00, 0x00, 0x00,
  0x00, 0x00, 0x00, 0x00, 0x00, 0x00, 0x00, 0x00, 0x00, 0x0b, 0x13, 0xcd,
  0xec, 0xd3, 0xd1, 0xe1, 0xec, 0x7b, 0x01, 0x0c, 0x00, 0x00, 0x00, 0x00,
  0x00, 0x00, 0x00, 0x00, 0x00, 0x00, 0x00, 0x00, 0x00, 0x00, 0x00, 0x00,
  0x00, 0x00, 0x00, 0x00, 0x00, 0x00, 0x00, 0x00, 0x00, 0x00, 0x00, 0x00,
  0x00, 0x00, 0x00, 0x02, 0x00, 0xb5, 0xe3, 0xd0, 0xd6, 0xd7, 0xdb, 0xf0,
  0x9c, 0x00, 0x05, 0x00, 0x00, 0x00, 0x00, 0x00, 0x00, 0x00, 0x00, 0x00,
  0x00, 0x00, 0x00, 0x00, 0x00, 0x00, 0x00, 0x00, 0x05, 0x00, 0x94, 0xf0,
  0xd8, 0xda, 0xdb, 0xe3, 0xe4, 0x89, 0x00, 0x00, 0x00, 0x00, 0x00, 0x00,
  0x00, 0x00, 0x00, 0x00, 0x00, 0x00, 0x00, 0x00, 0x00, 0x16, 0xc9, 0xe9,
  0xdb, 0xda, 0xda, 0xd3, 0xe3, 0xdd, 0x67, 0x00, 0x04, 0x00, 0x00, 0x00,
  0x00, 0x00, 0x00, 0x00, 0x00, 0x00, 0x00, 0x00, 0x00, 0x00, 0x00, 0x00,
  0x00, 0x00, 0x00, 0x00, 0x06, 0x00, 0x74, 0xf2, 0xdc, 0xd6, 0xda, 0xda,
  0xeb, 0xcb, 0x03, 0x00, 0x00, 0x00, 0x00, 0x00, 0x00, 0x00, 0x00, 0x00,
  0x00, 0x00, 0x00, 0x00, 0x00, 0x00, 0x00, 0x00, 0x00, 0x00, 0x00, 0x00,
  0x00, 0x00, 0x00, 0x00, 0x00, 0x00, 0x00, 0x00, 0x00, 0x00, 0x00, 0x00,
  0x00, 0x00, 0x00, 0x00, 0x00, 0x00, 0x00, 0x00, 0x03, 0x00, 0xa9, 0xf1,
  0xd7, 0xd6, 0xdc, 0xdd, 0xdf, 0xe5, 0xe9, 0xad, 0x13, 0x00, 0x01, 0x01,
  0x00, 0x00, 0x00, 0x00, 0x00, 0x00, 0x00, 0x00, 0x00, 0x01, 0x00, 0x01,
  0x11, 0xc3, 0xf5, 0xef, 0xd8, 0x64, 0x05, 0x00, 0x01, 0x00, 0x00, 0x00,
  0x00, 0x00, 0x00, 0x00, 0x00, 0x00, 0x00, 0x00, 0x00, 0x00, 0x00, 0x00,
  0x00, 0x00, 0x00, 0x00, 0x03, 0x00, 0x5c, 0xd4, 0xe2, 0xd5, 0xde, 0xdc,
  0xde, 0xe3, 0xe8, 0xc3, 0x1f, 0x00, 0x01, 0x01, 0x00, 0x00, 0x00, 0x00,
  0x00, 0x00, 0x00, 0x00, 0x00, 0x00, 0x01, 0x02, 0x00, 0x91, 0xe9, 0xdf,
  0xdc, 0xde, 0xdd, 0xd8, 0xda, 0xd9, 0x7a, 0x03, 0x00, 0x00, 0x00, 0x00,
  0x00, 0x00, 0x00, 0x00, 0x00, 0x00, 0x00, 0x00, 0x00, 0x00, 0x00, 0x00,
  0x00, 0x00, 0x00, 0x01, 0x00, 0x53, 0xf0, 0xdd, 0xdd, 0xde, 0xda, 0xd4,
  0xdd, 0xc8, 0x32, 0x00, 0x03, 0x00, 0x00, 0x00, 0x00, 0x00, 0x00, 0x00,
  0x00, 0x00, 0x05, 0x00, 0x83, 0xed, 0xd8, 0xd1, 0xd4, 0xd0, 0xd2, 0xde,
  0x97, 0x02, 0x00, 0x00, 0x00, 0x00, 0x00, 0x00, 0x00, 0x00, 0x00, 0x00,
  0x00, 0x00, 0x00, 0x00, 0x00, 0x00, 0x00, 0x00, 0x00, 0x00, 0x00, 0x02,
  0x00, 0x21, 0xd6, 0xe3, 0xd7, 0xdb, 0xd5, 0xe1, 0xdb, 0x3a, 0x00, 0x04,
  0x00, 0x00, 0x00, 0x00, 0x00, 0x00, 0x00, 0x00, 0x00, 0x00, 0x00, 0x00,
  0x00, 0x00, 0x00, 0x00, 0x00, 0x00, 0x00, 0x00, 0x00, 0x00, 0x00, 0x00,
  0x00, 0x00, 0x00, 0x00, 0x00, 0x00, 0x00, 0x00, 0x00, 0x00, 0x00, 0x00,
  0x00, 0x00, 0x00, 0x00, 0x04, 0x00, 0x34, 0xd7, 0xe3, 0xd5, 0xd7, 0xd6,
  0xe0, 0xd9, 0x26, 0x00, 0x03, 0x00, 0x00, 0x00, 0x00, 0x00, 0x00, 0x00,
  0x00, 0x00, 0x00, 0x00, 0x06, 0x00, 0x69, 0xe3, 0xdf, 0xdb, 0xe1, 0xdd,
  0xde, 0xe9, 0xc7, 0x0a, 0x00, 0x01, 0x00, 0x00, 0x00, 0x00, 0x00, 0x00,
  0x00, 0x00, 0x00, 0x00, 0x00, 0x00, 0x00, 0x00, 0x00, 0x00, 0x00, 0x00,
  0x00, 0x01, 0x00, 0x2b, 0xe0, 0xda, 0xd7, 0xd8, 0xd8, 0xd8, 0xd8, 0xf1,
  0xa9, 0x27, 0x00, 0x02, 0x00, 0x00, 0x00, 0x00, 0x99, 0xde, 0xd7, 0xd3,
  0xd7, 0xd8, 0xd1, 0xec, 0xac, 0x06, 0x02, 0x00, 0x00, 0x00, 0x00, 0x00,
  0x00, 0x00, 0x00, 0x00, 0x00, 0x00, 0x00, 0x00, 0x00, 0x00, 0x00, 0x00,
  0x00, 0x00, 0x00, 0x00, 0x00, 0x00, 0x00, 0x00, 0x00, 0x00, 0x00, 0x00,
  0x00, 0x00, 0x00, 0x00, 0x00, 0x00, 0x00, 0x00, 0x00, 0x00, 0x00, 0x00,
  0x00, 0x00, 0x00, 0x00, 0x00, 0x00, 0x00, 0x00, 0x00, 0x00, 0x00, 0x00,
  0x00, 0x00, 0x00, 0x00, 0x00, 0x00, 0x00, 0x06, 0x00, 0x7a, 0xf6, 0xdb,
  0xd5, 0xd8, 0xd6, 0xdf, 0xd8, 0x02, 0x00, 0x00, 0x00, 0x00, 0x00, 0x00,
  0x00, 0x00, 0x00, 0x00, 0x00, 0x00, 0x00, 0x02, 0x07, 0xb7, 0xed, 0xd9,
  0xd9, 0xdb, 0xd3, 0xe6, 0xca, 0x40, 0x00, 0x01, 0x00, 0x00, 0x00, 0x00,
  0x00, 0x00, 0x00, 0x00, 0x00, 0x00, 0x00, 0x00, 0x00, 0x00, 0x00, 0x00,
  0x00, 0x05, 0x00, 0x62, 0xdd, 0xdc, 0xcb, 0xd5, 0xd2, 0xd9, 0xdf, 0x82,
  0x03, 0x00, 0x00, 0x00, 0x00, 0x00, 0x00, 0x00, 0x00, 0x00, 0x00, 0x00,
  0x00, 0x00, 0x01, 0x05, 0xc0, 0xe6, 0xd2, 0xda, 0xd8, 0xda, 0xee, 0xa0,
  0x00, 0x04, 0x00, 0x00, 0x00, 0x00, 0x00, 0x00, 0x00, 0x00, 0x00, 0x00,
  0x00, 0x00, 0x00, 0x00, 0x00, 0x00, 0x00, 0x00, 0x00, 0x07, 0x00, 0x76,
  0xff, 0xd5, 0xdb, 0xdc, 0xd9, 0xda, 0xe0, 0xe6, 0x3e, 0x00, 0x00, 0x02,
  0x00, 0x00, 0x00, 0x00, 0x00, 0x00, 0x00, 0x00, 0x00, 0x00, 0x00, 0x02,
  0x03, 0x00, 0x74, 0xe3, 0xd6, 0xd3, 0xd5, 0xd3, 0xd4, 0xd7, 0xdd, 0x7c,
  0x0c, 0x00, 0x01, 0x00, 0x00, 0x00, 0x00, 0x00, 0x00, 0x00, 0x00, 0x00,
  0x00, 0x00, 0x00, 0x00, 0x00, 0x00, 0x00, 0x00, 0x00, 0x00, 0x00, 0x00,
  0x00, 0x00, 0x00, 0x00, 0x00, 0x00, 0x00, 0x00, 0x00, 0x00, 0x01, 0x00,
  0x0a, 0x85, 0xe4, 0xe0, 0xd9, 0xd6, 0xd2, 0xd4, 0xe4, 0x5f, 0x00, 0x06,
  0x00, 0x00, 0x00, 0x00, 0x00, 0x00, 0x00, 0x00, 0x00, 0x00, 0x00, 0x00,
  0x00, 0x00, 0x00, 0x00, 0x00, 0x00, 0x00, 0x00, 0x00, 0x06, 0x00, 0x75,
  0xec, 0xdd, 0xd8, 0xd9, 0xd5, 0xde, 0xc9, 0x00, 0x00, 0x00, 0x00, 0x00,
  0x00, 0x00, 0x00, 0x00, 0x00, 0x00, 0x00, 0x00, 0x00, 0x00, 0x00, 0x00,
  0x00, 0x00, 0x00, 0x00, 0x00, 0x00, 0x00, 0x00, 0x00, 0x00, 0x00, 0x00,
  0x00, 0x00, 0x00, 0x00, 0x00, 0x00, 0x00, 0x00, 0x00, 0x00, 0x00, 0x00,
  0x00, 0x01, 0x00, 0x77, 0xe1, 0xe0, 0xd4, 0xd7, 0xd7, 0xd4, 0xd8, 0xe6,
  0xad, 0x12, 0x00, 0x00, 0x01, 0x00, 0x00, 0x00, 0x00, 0x00, 0x00, 0x00,
  0x00, 0x01, 0x01, 0x00, 0x00, 0x16, 0xcc, 0xf3, 0xf1, 0xdd, 0x64, 0x04,
  0x00, 0x01, 0x00, 0x00, 0x00, 0x00, 0x00, 0x00, 0x00, 0x00, 0x00, 0x00,
  0x00, 0x00, 0x00, 0x00, 0x00, 0x00, 0x00, 0x00, 0x00, 0x00, 0x00, 0x00,
  0x00, 0x00, 0x00, 0x00, 0x00, 0x00, 0x00, 0x00, 0x00, 0x02, 0x00, 0xb2,
  0xe4, 0xd1, 0xd6, 0xd9, 0xdc, 0xf0, 0x9d, 0x00, 0x04, 0x00, 0x00, 0x00,
  0x00, 0x00, 0x00, 0x00, 0x00, 0x00, 0x00, 0x00, 0x00, 0x00, 0x00, 0x00,
  0x00, 0x00, 0x05, 0x00, 0x93, 0xef, 0xd8, 0xdb, 0xda, 0xe3, 0xe5, 0x87,
  0x00, 0x00, 0x00, 0x00, 0x00, 0x00, 0x00, 0x00, 0x00, 0x00, 0x00, 0x00,
  0x00, 0x00, 0x00, 0x00, 0xb6, 0xe8, 0xdb, 0xd8, 0xdb, 0xd5, 0xe3, 0xe1,
  0x6d, 0x00, 0x04, 0x00, 0x00, 0x00, 0x00, 0x00, 0x00, 0x00, 0x00, 0x00,
  0x00, 0x00, 0x00, 0x00, 0x00, 0x00, 0x00, 0x00, 0x00, 0x00, 0x06, 0x00,
  0x73, 0xf1, 0xdd, 0xd6, 0xda, 0xda, 0xea, 0xc8, 0x02, 0x00, 0x00, 0x00,
  0x00, 0x00, 0x00, 0x00, 0x00, 0x00, 0x00, 0x00, 0x00, 0x00, 0x00, 0x00,
  0x00, 0x00, 0x00, 0x00, 0x00, 0x00, 0x00, 0x00, 0x00, 0x00, 0x00, 0x00,
  0x00, 0x00, 0x00, 0x00, 0x00, 0x00, 0x00, 0x00, 0x00, 0x00, 0x00, 0x00,
  0x00, 0x00, 0x00, 0x3e, 0xd1, 0xe7, 0xd5, 0xdb, 0xdd, 0xdc, 0xde, 0xf2,
  0xc9, 0x1a, 0x00, 0x01, 0x00, 0x00, 0x00, 0x00, 0x00, 0x00, 0x00, 0x00,
  0x00, 0x00, 0x00, 0x00, 0x01, 0x03, 0x00, 0x1b, 0xb1, 0x78, 0x1e, 0x10,
  0x00, 0x03, 0x00, 0x00, 0x00, 0x00, 0x00, 0x00, 0x00, 0x00, 0x00, 0x00,
  0x00, 0x00, 0x00, 0x00, 0x00, 0x00, 0x00, 0x00, 0x00, 0x00, 0x06, 0x00,
  0xa1, 0xf8, 0xd1, 0xdb, 0xdd, 0xdc, 0xdd, 0xe9, 0xd4, 0x2a, 0x00, 0x00,
  0x00, 0x00, 0x00, 0x00, 0x00, 0x00, 0x00, 0x00, 0x00, 0x00, 0x00, 0x00,
  0x00, 0x02, 0x01, 0x09, 0x9e, 0xf2, 0xda, 0xdc, 0xdb, 0xd8, 0xd6, 0xd9,
  0xcd, 0x0c, 0x00, 0x00, 0x00, 0x00, 0x00, 0x00, 0x00, 0x00, 0x00, 0x00,
  0x00, 0x00, 0x00, 0x00, 0x00, 0x00, 0x00, 0x00, 0x00, 0x04, 0x00, 0x38,
  0xe1, 0xdf, 0xde, 0xdc, 0xd8, 0xd5, 0xce, 0xeb, 0x40, 0x00, 0x04, 0x00,
  0x00, 0x00, 0x00, 0x00, 0x00, 0x00, 0x00, 0x02, 0x00, 0x36, 0xb6, 0xe8,
  0xd8, 0xd5, 0xd5, 0xd1, 0xdc, 0xd1, 0x1a, 0x00, 0x00, 0x00, 0x00, 0x00,
  0x00, 0x00, 0x00, 0x00, 0x00, 0x00, 0x00, 0x00, 0x00, 0x00, 0x00, 0x00,
  0x00, 0x00, 0x00, 0x00, 0x00, 0x02, 0x00, 0x21, 0xd4, 0xe3, 0xd7, 0xda,
  0xd5, 0xe1, 0xd8, 0x39, 0x00, 0x04, 0x00, 0x00, 0x00, 0x00, 0x00, 0x00,
  0x00, 0x00, 0x00, 0x00, 0x00, 0x00, 0x00, 0x00, 0x00, 0x00, 0x00, 0x00,
  0x00, 0x00, 0x00, 0x00, 0x00, 0x00, 0x00, 0x00, 0x00, 0x00, 0x00, 0x00,
  0x00, 0x00, 0x00, 0x00, 0x00, 0x00, 0x00, 0x00, 0x00, 0x00, 0x04, 0x00,
  0x34, 0xd6, 0xe4, 0xd7, 0xd8, 0xd6, 0xdf, 0xd7, 0x26, 0x00, 0x03, 0x00,
  0x00, 0x00, 0x00, 0x00, 0x00, 0x00, 0x00, 0x00, 0x00, 0x00, 0x04, 0x00,
  0x53, 0xd5, 0xe7, 0xd9, 0xe1, 0xdd, 0xde, 0xe9, 0xcd, 0x0a, 0x00, 0x01,
  0x00, 0x00, 0x00, 0x00, 0x00, 0x00, 0x00, 0x00, 0x00, 0x00, 0x00, 0x00,
  0x00, 0x00, 0x00, 0x00, 0x00, 0x00, 0x00, 0x00, 0x00, 0x00, 0x3f, 0xea,
  0xd6, 0xd8, 0xd9, 0xda, 0xd9, 0xdd, 0xec, 0x70, 0x00, 0x09, 0x00, 0x00,
  0x07, 0x5d, 0xec, 0xdc, 0xd2, 0xd5, 0xd7, 0xd5, 0xd9, 0xde, 0x77, 0x00,
  0x06, 0x00, 0x00, 0x00, 0x00, 0x00, 0x00, 0x00, 0x00, 0x00, 0x00, 0x00,
  0x00, 0x00, 0x00, 0x00, 0x00, 0x00, 0x00, 0x00, 0x00, 0x00, 0x00, 0x00,
  0x00, 0x00, 0x00, 0x00, 0x00, 0x00, 0x00, 0x00, 0x00, 0x00, 0x00, 0x00,
  0x00, 0x00, 0x00, 0x00, 0x00, 0x00, 0x00, 0x00, 0x00, 0x00, 0x00, 0x00,
  0x00, 0x00, 0x00, 0x00, 0x00, 0x00, 0x00, 0x00, 0x00, 0x00, 0x00, 0x00,
  0x00, 0x06, 0x00, 0x79, 0xf6, 0xdb, 0xd6, 0xd8, 0xd6, 0xdf, 0xd8, 0x02,
  0x00, 0x00, 0x00, 0x00, 0x00, 0x00, 0x00, 0x00, 0x00, 0x00, 0x00, 0x00,
  0x00, 0x01, 0x00, 0xa1, 0xec, 0xdb, 0xd7, 0xdb, 0xd2, 0xe0, 0xda, 0x67,
  0x00, 0x01, 0x00, 0x00, 0x00, 0x00, 0x00, 0x00, 0x00, 0x00, 0x00, 0x00,
  0x00, 0x00, 0x00, 0x00, 0x00, 0x00, 0x00, 0x05, 0x00, 0x61, 0xdc, 0xdb,
  0xca, 0xd4, 0xd1, 0xd7, 0xde, 0x7d, 0x03, 0x00, 0x00, 0x00, 0x00, 0x00,
  0x00, 0x00, 0x00, 0x00, 0x00, 0x00, 0x00, 0x00, 0x04, 0x00, 0xae, 0xe8,
  0xd5, 0xdb, 0xdb, 0xda, 0xea, 0xbe, 0x31, 0x00, 0x00, 0x00, 0x00, 0x00,
  0x00, 0x00, 0x00, 0x00, 0x00, 0x00, 0x00, 0x00, 0x00, 0x00, 0x00, 0x00,
  0x00, 0x00, 0x03, 0x00, 0x2a, 0xb6, 0xf0, 0xd3, 0xde, 0xde, 0xdd, 0xe1,
  0xe4, 0xb8, 0x12, 0x00, 0x02, 0x00, 0x00, 0x00, 0x00, 0x00, 0x00, 0x00,
  0x00, 0x00, 0x00, 0x00, 0x00, 0x00, 0x02, 0x01, 0x02, 0x7e, 0xec, 0xcf,
  0xd5, 0xd5, 0xd6, 0xd7, 0xdb, 0xcd, 0x22, 0x00, 0x02, 0x00, 0x00, 0x00,
  0x00, 0x00, 0x00, 0x00, 0x00, 0x00, 0x00, 0x00, 0x00, 0x00, 0x00, 0x00,
  0x00, 0x00, 0x00, 0x00, 0x00, 0x00, 0x00, 0x00, 0x00, 0x00, 0x00, 0x00,
  0x00, 0x00, 0x00, 0x00, 0x01, 0x00, 0x0a, 0x82, 0xe3, 0xe0, 0xd8, 0xd6,
  0xd2, 0xd3, 0xe3, 0x5f, 0x00, 0x06, 0x00, 0x00, 0x00, 0x00, 0x00, 0x00,
  0x00, 0x00, 0x00, 0x00, 0x00, 0x00, 0x00, 0x00, 0x00, 0x00, 0x00, 0x00,
  0x00, 0x00, 0x00, 0x06, 0x00, 0x73, 0xeb, 0xdc, 0xd6, 0xd9, 0xd5, 0xde,
  0xcb, 0x00, 0x00, 0x00, 0x00, 0x00, 0x00, 0x00, 0x00, 0x00, 0x00, 0x00,
  0x00, 0x00, 0x00, 0x00, 0x00, 0x00, 0x00, 0x00, 0x00, 0x00, 0x00, 0x00,
  0x00, 0x00, 0x00, 0x00, 0x00, 0x00, 0x00, 0x00, 0x00, 0x00, 0x00, 0x00,
  0x00, 0x00, 0x00, 0x00, 0x00, 0x00, 0x00, 0x02, 0x00, 0xa2, 0xed, 0xda,
  0xd5, 0xd8, 0xd6, 0xd4, 0xe4, 0xbc, 0x1b, 0x00, 0x01, 0x00, 0x00, 0x00,
  0x00, 0x00, 0x00, 0x00, 0x00, 0x00, 0x00, 0x00, 0x00, 0x01, 0x03, 0x00,
  0x1e, 0xbe, 0x7a, 0x21, 0x11, 0x00, 0x03, 0x00, 0x00, 0x00, 0x00, 0x00,
  0x00, 0x00, 0x00, 0x00, 0x00, 0x00, 0x00, 0x00, 0x00, 0x00, 0x00, 0x00,
  0x00, 0x00, 0x00, 0x00, 0x00, 0x00, 0x00, 0x00, 0x00, 0x00, 0x00, 0x00,
  0x00, 0x00, 0x00, 0x02, 0x00, 0xb2, 0xe4, 0xd1, 0xd6, 0xd9, 0xdc, 0xf0,
  0x9d, 0x00, 0x04, 0x00, 0x00, 0x00, 0x00, 0x00, 0x00, 0x00, 0x00, 0x00,
  0x00, 0x00, 0x00, 0x00, 0x00, 0x00, 0x00, 0x00, 0x05, 0x00, 0x91, 0xed,
  0xd8, 0xdc, 0xdb, 0xe1, 0xe5, 0x88, 0x00, 0x00, 0x00, 0x00, 0x00, 0x00,
  0x00, 0x00, 0x00, 0x00, 0x00, 0x00, 0x00, 0x00, 0x00, 0x00, 0xb0, 0xe7,
  0xdb, 0xd8, 0xdb, 0xd7, 0xe4, 0xe3, 0x70, 0x00, 0x04, 0x00, 0x00, 0x00,
  0x00, 0x00, 0x00, 0x00, 0x00, 0x00, 0x00, 0x00, 0x00, 0x00, 0x00, 0x00,
  0x00, 0x00, 0x00, 0x00, 0x06, 0x00, 0x71, 0xf0, 0xdd, 0xd7, 0xda, 0xda,
  0xe9, 0xc7, 0x02, 0x00, 0x00, 0x00, 0x00, 0x00, 0x00, 0x00, 0x00, 0x00,
  0x00, 0x00, 0x00, 0x00, 0x00, 0x00, 0x00, 0x00, 0x00, 0x00, 0x00, 0x00,
  0x00, 0x00, 0x00, 0x00, 0x00, 0x00, 0x00, 0x00, 0x00, 0x00, 0x00, 0x00,
  0x00, 0x00, 0x00, 0x00, 0x00, 0x00, 0x00, 0x00, 0x00, 0x89, 0xe7, 0xe0,
  0xd7, 0xdd, 0xdd, 0xdb, 0xed, 0xc8, 0x2e, 0x00, 0x02, 0x00, 0x00, 0x00,
  0x00, 0x00, 0x00, 0x00, 0x00, 0x00, 0x00, 0x00, 0x00, 0x00, 0x00, 0x00,
  0x04, 0x00, 0x2a, 0x15, 0x00, 0x03, 0x02, 0x00, 0x00, 0x00, 0x00, 0x00,
  0x00, 0x00, 0x00, 0x00, 0x00, 0x00, 0x00, 0x00, 0x00, 0x00, 0x00, 0x00,
  0x00, 0x00, 0x00, 0x01, 0x00, 0x32, 0xc4, 0xec, 0xd4, 0xdc, 0xdb, 0xda,
  0xe2, 0xe7, 0xa2, 0x00, 0x00, 0x00, 0x00, 0x00, 0x00, 0x00, 0x00, 0x00,
  0x00, 0x00, 0x00, 0x00, 0x00, 0x00, 0x00, 0x00, 0x07, 0x00, 0x62, 0xde,
  0xe4, 0xd9, 0xda, 0xd8, 0xd6, 0xd9, 0xd7, 0x08, 0x00, 0x01, 0x00, 0x00,
  0x00, 0x00, 0x00, 0x00, 0x00, 0x00, 0x00, 0x00, 0x00, 0x00, 0x00, 0x00,
  0x00, 0x00, 0x00, 0x01, 0x00, 0x06, 0x64, 0xed, 0xdd, 0xda, 0xd6, 0xd5,
  0xcb, 0xeb, 0x7f, 0x0c, 0x00, 0x01, 0x00, 0x00, 0x00, 0x00, 0x00, 0x00,
  0x00, 0x03, 0x00, 0x81, 0xe2, 0xe0, 0xd8, 0xd9, 0xd5, 0xd5, 0xe1, 0xb0,
  0x00, 0x00, 0x00, 0x00, 0x00, 0x00, 0x00, 0x00, 0x00, 0x00, 0x00, 0x00,
  0x00, 0x00, 0x00, 0x00, 0x00, 0x00, 0x00, 0x00, 0x00, 0x00, 0x00, 0x02,
  0x00, 0x21, 0xd3, 0xe4, 0xd8, 0xdb, 0xd6, 0xe1, 0xd7, 0x39, 0x00, 0x04,
  0x00, 0x00, 0x00, 0x00, 0x00, 0x00, 0x00, 0x00, 0x00, 0x00, 0x00, 0x00,
  0x00, 0x00, 0x00, 0x00, 0x00, 0x00, 0x00, 0x00, 0x00, 0x00, 0x00, 0x00,
  0x00, 0x00, 0x00, 0x00, 0x00, 0x00, 0x00, 0x00, 0x00, 0x00, 0x00, 0x00,
  0x00, 0x00, 0x00, 0x00, 0x04, 0x00, 0x34, 0xd6, 0xe4, 0xd7, 0xd9, 0xd7,
  0xdf, 0xd6, 0x26, 0x00, 0x03, 0x00, 0x00, 0x00, 0x00, 0x00, 0x00, 0x00,
  0x00, 0x00, 0x00, 0x00, 0x04, 0x00, 0x4d, 0xd1, 0xea, 0xd9, 0xe0, 0xdd,
  0xde, 0xe9, 0xcf, 0x0a, 0x00, 0x01, 0x00, 0x00, 0x00, 0x00, 0x00, 0x00,
  0x00, 0x00, 0x00, 0x00, 0x00, 0x00, 0x00, 0x00, 0x00, 0x00, 0x00, 0x00,
  0x00, 0x00, 0x01, 0x00, 0x0a, 0xb5, 0xda, 0xd8, 0xdb, 0xdc, 0xda, 0xd7,
  0xee, 0xc1, 0x39, 0x00, 0x04, 0x00, 0x08, 0xd1, 0xe3, 0xd8, 0xd7, 0xd8,
  0xd7, 0xd2, 0xee, 0x9e, 0x0b, 0x03, 0x00, 0x00, 0x00, 0x00, 0x00, 0x00,
  0x00, 0x00, 0x00, 0x00, 0x00, 0x00, 0x00, 0x00, 0x00, 0x00, 0x00, 0x00,
  0x00, 0x00, 0x00, 0x00, 0x00, 0x00, 0x00, 0x00, 0x00, 0x00, 0x00, 0x00,
  0x00, 0x00, 0x00, 0x00, 0x00, 0x00, 0x00, 0x00, 0x00, 0x00, 0x00, 0x00,
  0x00, 0x00, 0x00, 0x00, 0x00, 0x00, 0x00, 0x00, 0x00, 0x00, 0x00, 0x00,
  0x00, 0x00, 0x00, 0x00, 0x00, 0x00, 0x00, 0x06, 0x00, 0x79, 0xf5, 0xdb,
  0xd7, 0xd9, 0xd6, 0xe0, 0xd8, 0x02, 0x00, 0x00, 0x00, 0x00, 0x00, 0x00,
  0x00, 0x00, 0x00, 0x00, 0x00, 0x00, 0x00, 0x01, 0x00, 0x99, 0xe9, 0xdc,
  0xd7, 0xdb, 0xd3, 0xe0, 0xd7, 0x63, 0x00, 0x01, 0x00, 0x00, 0x00, 0x00,
  0x00, 0x00, 0x00, 0x00, 0x00, 0x00, 0x00, 0x00, 0x00, 0x00, 0x00, 0x00,
  0x00, 0x04, 0x00, 0x61, 0xdb, 0xda, 0xca, 0xd3, 0xd0, 0xd6, 0xdd, 0x7c,
  0x03, 0x00, 0x00, 0x00, 0x00, 0x00, 0x00, 0x00, 0x00, 0x00, 0x00, 0x00,
  0x00, 0x00, 0x02, 0x00, 0xa6, 0xe7, 0xd8, 0xdb, 0xdd, 0xdb, 0xe8, 0xcf,
  0x5b, 0x00, 0x00, 0x00, 0x00, 0x00, 0x00, 0x00, 0x00, 0x00, 0x00, 0x00,
  0x00, 0x00, 0x00, 0x00, 0x00, 0x00, 0x00, 0x00, 0x05, 0x00, 0x71, 0xec,
  0xdf, 0xd7, 0xdd, 0xde, 0xe1, 0xe8, 0xd4, 0x37, 0x02, 0x00, 0x00, 0x00,
  0x00, 0x00, 0x00, 0x00, 0x00, 0x00, 0x00, 0x00, 0x00, 0x00, 0x00, 0x00,
  0x00, 0x07, 0x00, 0x48, 0xd5, 0xdb, 0xd4, 0xd8, 0xd8, 0xd9, 0xda, 0xe6,
  0x23, 0x00, 0x03, 0x00, 0x00, 0x00, 0x00, 0x00, 0x00, 0x00, 0x00, 0x00,
  0x00, 0x00, 0x00, 0x00, 0x00, 0x00, 0x00, 0x00, 0x00, 0x00, 0x00, 0x00,
  0x00, 0x00, 0x00, 0x00, 0x00, 0x00, 0x00, 0x00, 0x00, 0x00, 0x01, 0x00,
  0x09, 0x7f, 0xe3, 0xe0, 0xd8, 0xd6, 0xd2, 0xd3, 0xe3, 0x60, 0x00, 0x06,
  0x00, 0x00, 0x00, 0x00, 0x00, 0x00, 0x00, 0x00, 0x00, 0x00, 0x00, 0x00,
  0x00, 0x00, 0x00, 0x00, 0x00, 0x00, 0x00, 0x00, 0x00, 0x06, 0x00, 0x73,
  0xea, 0xdb, 0xd5, 0xd8, 0xd5, 0xdd, 0xcb, 0x00, 0x00, 0x00, 0x00, 0x00,
  0x00, 0x00, 0x00, 0x00, 0x00, 0x00, 0x00, 0x00, 0x00, 0x00, 0x00, 0x00,
  0x00, 0x00, 0x00, 0x00, 0x00, 0x00, 0x00, 0x00, 0x00, 0x00, 0x00, 0x00,
  0x00, 0x00, 0x00, 0x00, 0x00, 0x00, 0x00, 0x00, 0x00, 0x00, 0x00, 0x00,
  0x00, 0x00, 0x38, 0xcb, 0xe9, 0xd6, 0xd6, 0xd9, 0xd4, 0xdd, 0xe0, 0x7d,
  0x00, 0x03, 0x00, 0x00, 0x00, 0x00, 0x00, 0x00, 0x00, 0x00, 0x00, 0x00,
  0x00, 0x00, 0x00, 0x00, 0x00, 0x04, 0x00, 0x30, 0x16, 0x00, 0x03, 0x02,
  0x00, 0x00, 0x00, 0x00, 0x00, 0x00, 0x00, 0x00, 0x00, 0x00, 0x00, 0x00,
  0x00, 0x00, 0x00, 0x00, 0x00, 0x00, 0x00, 0x00, 0x00, 0x00, 0x00, 0x00,
  0x00, 0x00, 0x00, 0x00, 0x00, 0x00, 0x00, 0x00, 0x00, 0x02, 0x00, 0xb0,
  0xe4, 0xd2, 0xd7, 0xda, 0xdc, 0xf0, 0x9d, 0x00, 0x04, 0x00, 0x00, 0x00,
  0x00, 0x00, 0x00, 0x00, 0x00, 0x00, 0x00, 0x00, 0x00, 0x00, 0x00, 0x00,
  0x00, 0x00, 0x05, 0x00, 0x91, 0xed, 0xd8, 0xdc, 0xdc, 0xe0, 0xe4, 0x89,
  0x00, 0x00, 0x00, 0x00, 0x00, 0x00, 0x00, 0x00, 0x00, 0x00, 0x00, 0x00,
  0x00, 0x00, 0x00, 0x03, 0xb4, 0xe8, 0xdb, 0xd9, 0xdb, 0xd6, 0xe5, 0xe3,
  0x6f, 0x00, 0x04, 0x00, 0x00, 0x00, 0x00, 0x00, 0x00, 0x00, 0x00, 0x00,
  0x00, 0x00, 0x00, 0x00, 0x00, 0x00, 0x00, 0x00, 0x00, 0x00, 0x06, 0x00,
  0x70, 0xee, 0xde, 0xd7, 0xda, 0xda, 0xe7, 0xc2, 0x07, 0x00, 0x05, 0x04,
  0x04, 0x04, 0x04, 0x04, 0x04, 0x04, 0x04, 0x04, 0x04, 0x04, 0x04, 0x04,
  0x05, 0x01, 0x00, 0x00, 0x00, 0x00, 0x00, 0x00, 0x00, 0x00, 0x00, 0x00,
  0x00, 0x00, 0x00, 0x00, 0x00, 0x00, 0x00, 0x00, 0x00, 0x00, 0x00, 0x00,
  0x00, 0x00, 0x00, 0xa7, 0xeb, 0xdc, 0xd8, 0xdd, 0xdb, 0xe0, 0xee, 0x9a,
  0x00, 0x06, 0x00, 0x00, 0x00, 0x00, 0x00, 0x00, 0x00, 0x00, 0x00, 0x00,
  0x00, 0x00, 0x00, 0x00, 0x00, 0x00, 0x00, 0x04, 0x00, 0x02, 0x04, 0x01,
  0x00, 0x00, 0x00, 0x00, 0x00, 0x00, 0x00, 0x00, 0x00, 0x00, 0x00, 0x00,
  0x00, 0x00, 0x00, 0x00, 0x00, 0x00, 0x00, 0x00, 0x00, 0x03, 0x00, 0x8c,
  0xe9, 0xe0, 0xda, 0xdc, 0xda, 0xda, 0xeb, 0xcc, 0x2d, 0x03, 0x00, 0x00,
  0x00, 0x00, 0x00, 0x00, 0x00, 0x00, 0x00, 0x00, 0x00, 0x00, 0x00, 0x00,
  0x00, 0x00, 0x01, 0x02, 0x0d, 0x93, 0xf2, 0xd9, 0xd9, 0xd8, 0xd7, 0xd8,
  0xda, 0x52, 0x02, 0x00, 0x00, 0x00, 0x00, 0x00, 0x00, 0x00, 0x00, 0x00,
  0x00, 0x00, 0x00, 0x00, 0x00, 0x00, 0x00, 0x00, 0x00, 0x00, 0x03, 0x00,
  0x2b, 0xe4, 0xdd, 0xd7, 0xd5, 0xd7, 0xd1, 0xd6, 0xd0, 0x42, 0x00, 0x04,
  0x00, 0x00, 0x00, 0x00, 0x00, 0x00, 0x00, 0x04, 0x00, 0x97, 0xed, 0xdc,
  0xd8, 0xdb, 0xd6, 0xdc, 0xde, 0x79, 0x00, 0x00, 0x00, 0x00, 0x00, 0x00,
  0x00, 0x00, 0x00, 0x00, 0x00, 0x00, 0x00, 0x00, 0x00, 0x00, 0x00, 0x00,
  0x00, 0x00, 0x00, 0x00, 0x00, 0x02, 0x00, 0x21, 0xd4, 0xe5, 0xd9, 0xdb,
  0xd7, 0xe2, 0xd5, 0x3b, 0x00, 0x08, 0x04, 0x03, 0x04, 0x04, 0x04, 0x04,
  0x04, 0x04, 0x04, 0x04, 0x04, 0x04, 0x04, 0x04, 0x05, 0x03, 0x00, 0x00,
  0x00, 0x00, 0x00, 0x00, 0x00, 0x00, 0x00, 0x00, 0x00, 0x00, 0x00, 0x00,
  0x00, 0x00, 0x00, 0x00, 0x00, 0x00, 0x00, 0x00, 0x00, 0x00, 0x04, 0x00,
  0x34, 0xd6, 0xe5, 0xd6, 0xd8, 0xd7, 0xdf, 0xd7, 0x26, 0x00, 0x03, 0x00,
  0x00, 0x00, 0x00, 0x00, 0x00, 0x00, 0x00, 0x00, 0x00, 0x00, 0x04, 0x00,
  0x5b, 0xdb, 0xe9, 0xda, 0xe1, 0xde, 0xde, 0xea, 0xce, 0x0a, 0x00, 0x01,
  0x00, 0x00, 0x00, 0x00, 0x00, 0x00, 0x00, 0x00, 0x00, 0x00, 0x00, 0x00,
  0x00, 0x00, 0x00, 0x00, 0x00, 0x00, 0x00, 0x00, 0x00, 0x00, 0x03, 0x34,
  0xe2, 0xde, 0xdb, 0xde, 0xdc, 0xdd, 0xdd, 0xf6, 0xb0, 0x18, 0x00, 0x05,
  0x65, 0xea, 0xe1, 0xda, 0xda, 0xdb, 0xd3, 0xe6, 0xa5, 0x23, 0x00, 0x02,
  0x00, 0x00, 0x00, 0x00, 0x00, 0x00, 0x00, 0x00, 0x00, 0x00, 0x00, 0x00,
  0x00, 0x00, 0x00, 0x00, 0x00, 0x00, 0x00, 0x00, 0x00, 0x00, 0x00, 0x00,
  0x00, 0x00, 0x00, 0x00, 0x00, 0x00, 0x00, 0x00, 0x00, 0x00, 0x00, 0x00,
  0x00, 0x00, 0x00, 0x00, 0x00, 0x00, 0x00, 0x00, 0x00, 0x00, 0x00, 0x00,
  0x00, 0x00, 0x00, 0x00, 0x00, 0x00, 0x00, 0x00, 0x00, 0x00, 0x00, 0x00,
  0x00, 0x06, 0x00, 0x77, 0xf4, 0xdb, 0xd6, 0xd9, 0xd6, 0xdf, 0xd8, 0x02,
  0x00, 0x00, 0x00, 0x00, 0x00, 0x00, 0x00, 0x00, 0x00, 0x00, 0x00, 0x00,
  0x00, 0x01, 0x00, 0x9b, 0xeb, 0xdc, 0xd6, 0xdb, 0xd3, 0xe0, 0xd6, 0x5f,
  0x00, 0x01, 0x00, 0x00, 0x00, 0x00, 0x00, 0x00, 0x00, 0x00, 0x00, 0x00,
  0x00, 0x00, 0x00, 0x00, 0x00, 0x00, 0x00, 0x05, 0x00, 0x62, 0xdb, 0xda,
  0xcb, 0xd4, 0xd1, 0xd6, 0xde, 0x7d, 0x03, 0x00, 0x00, 0x00, 0x00, 0x00,
  0x00, 0x00, 0x00, 0x00, 0x00, 0x00, 0x00, 0x00, 0x02, 0x00, 0xa8, 0xe9,
  0xd9, 0xdd, 0xde, 0xdc, 0xea, 0xcf, 0x54, 0x00, 0x00, 0x00, 0x00, 0x00,
  0x00, 0x00, 0x00, 0x00, 0x00, 0x00, 0x00, 0x00, 0x00, 0x00, 0x00, 0x00,
  0x00, 0x00, 0x06, 0x00, 0x82, 0xf6, 0xd7, 0xda, 0xdb, 0xdc, 0xe4, 0xe7,
  0xaf, 0x08, 0x00, 0x01, 0x00, 0x00, 0x00, 0x00, 0x00, 0x00, 0x00, 0x00,
  0x00, 0x00, 0x00, 0x00, 0x00, 0x00, 0x00, 0x01, 0x00, 0x08, 0x7b, 0xf3,
  0xd3, 0xdb, 0xd9, 0xda, 0xdb, 0xe9, 0x68, 0x07, 0x00, 0x01, 0x00, 0x00,
  0x00, 0x00, 0x00, 0x00, 0x00, 0x00, 0x00, 0x00, 0x00, 0x00, 0x00, 0x00,
  0x00, 0x00, 0x00, 0x00, 0x00, 0x00, 0x00, 0x00, 0x00, 0x00, 0x00, 0x00,
  0x00, 0x00, 0x00, 0x00, 0x01, 0x00, 0x09, 0x7c, 0xe2, 0xdf, 0xd8, 0xd6,
  0xd1, 0xd2, 0xe2, 0x5f, 0x00, 0x06, 0x00, 0x00, 0x00, 0x00, 0x00, 0x00,
  0x00, 0x00, 0x00, 0x00, 0x00, 0x00, 0x00, 0x00, 0x00, 0x00, 0x00, 0x00,
  0x00, 0x00, 0x00, 0x06, 0x00, 0x74, 0xec, 0xdc, 0xd6, 0xd9, 0xd5, 0xdd,
  0xca, 0x04, 0x00, 0x04, 0x04, 0x04, 0x04, 0x04, 0x04, 0x04, 0x04, 0x04,
  0x04, 0x04, 0x04, 0x04, 0x03, 0x03, 0x04, 0x01, 0x00, 0x00, 0x00, 0x00,
  0x00, 0x00, 0x00, 0x00, 0x00, 0x00, 0x00, 0x00, 0x00, 0x00, 0x00, 0x00,
  0x00, 0x00, 0x00, 0x00, 0x00, 0x00, 0x00, 0x00, 0x87, 0xe3, 0xe0, 0xd6,
  0xd8, 0xd6, 0xd7, 0xe7, 0xad, 0x19, 0x03, 0x00, 0x00, 0x00, 0x00, 0x00,
  0x00, 0x00, 0x00, 0x00, 0x00, 0x00, 0x00, 0x00, 0x00, 0x00, 0x00, 0x00,
  0x04, 0x00, 0x03, 0x05, 0x01, 0x00, 0x00, 0x00, 0x00, 0x00, 0x00, 0x00,
  0x00, 0x00, 0x00, 0x00, 0x00, 0x00, 0x00, 0x00, 0x00, 0x00, 0x00, 0x00,
  0x00, 0x00, 0x00, 0x00, 0x00, 0x00, 0x00, 0x00, 0x00, 0x00, 0x00, 0x00,
  0x00, 0x00, 0x00, 0x02, 0x00, 0xaf, 0xe6, 0xd4, 0xd7, 0xdb, 0xdd, 0xf0,
  0x9d, 0x00, 0x04, 0x00, 0x00, 0x00, 0x00, 0x00, 0x00, 0x00, 0x00, 0x00,
  0x00, 0x00, 0x00, 0x00, 0x00, 0x00, 0x00, 0x00, 0x05, 0x00, 0x90, 0xec,
  0xd7, 0xdc, 0xdb, 0xe1, 0xe4, 0x8c, 0x00, 0x00, 0x00, 0x00, 0x00, 0x00,
  0x00, 0x00, 0x00, 0x00, 0x00, 0x00, 0x00, 0x00, 0x00, 0x00, 0xc2, 0xeb,
  0xdb, 0xd9, 0xdb, 0xd5, 0xe6, 0xdf, 0x67, 0x00, 0x04, 0x00, 0x00, 0x00,
  0x00, 0x00, 0x00, 0x00, 0x00, 0x00, 0x00, 0x00, 0x00, 0x00, 0x00, 0x00,
  0x00, 0x00, 0x00, 0x00, 0x06, 0x00, 0x6f, 0xed, 0xdd, 0xd7, 0xdb, 0xdb,
  0xe7, 0xbb, 0x02, 0x00, 0x00, 0x00, 0x00, 0x00, 0x00, 0x00, 0x00, 0x00,
  0x00, 0x00, 0x00, 0x00, 0x00, 0x00, 0x00, 0x01, 0x00, 0x00, 0x00, 0x00,
  0x00, 0x00, 0x00, 0x00, 0x00, 0x00, 0x00, 0x00, 0x00, 0x00, 0x00, 0x00,
  0x00, 0x00, 0x00, 0x00, 0x00, 0x00, 0x00, 0x01, 0x00, 0xc0, 0xeb, 0xd7,
  0xd9, 0xdb, 0xdb, 0xe8, 0xdf, 0x77, 0x00, 0x02, 0x00, 0x00, 0x00, 0x00,
  0x00, 0x00, 0x00, 0x00, 0x00, 0x00, 0x00, 0x00, 0x00, 0x00, 0x00, 0x00,
  0x00, 0x00, 0x03, 0x01, 0x00, 0x00, 0x00, 0x00, 0x00, 0x00, 0x00, 0x00,
  0x00, 0x00, 0x00, 0x00, 0x00, 0x00, 0x00, 0x00, 0x00, 0x00, 0x00, 0x00,
  0x00, 0x00, 0x00, 0x04, 0x00, 0xa2, 0xee, 0xdc, 0xdd, 0xdd, 0xdb, 0xe1,
  0xea, 0xa3, 0x00, 0x00, 0x00, 0x00, 0x00, 0x00, 0x00, 0x00, 0x00, 0x00,
  0x00, 0x00, 0x00, 0x00, 0x00, 0x00, 0x00, 0x00, 0x00, 0x06, 0x00, 0x68,
  0xec, 0xdb, 0xd8, 0xd7, 0xd7, 0xd7, 0xdd, 0xb9, 0x10, 0x00, 0x01, 0x00,
  0x00, 0x00, 0x00, 0x00, 0x00, 0x00, 0x00, 0x00, 0x00, 0x00, 0x00, 0x00,
  0x00, 0x00, 0x00, 0x00, 0x02, 0x00, 0x25, 0xc0, 0xdd, 0xd6, 0xd6, 0xd6,
  0xd4, 0xca, 0xed, 0x53, 0x00, 0x05, 0x00, 0x00, 0x00, 0x00, 0x00, 0x00,
  0x00, 0x01, 0x27, 0xbc, 0xed, 0xd9, 0xd9, 0xdb, 0xd7, 0xe7, 0xc8, 0x20,
  0x00, 0x00, 0x00, 0x00, 0x00, 0x00, 0x00, 0x00, 0x00, 0x00, 0x00, 0x00,
  0x00, 0x00, 0x00, 0x00, 0x00, 0x00, 0x00, 0x00, 0x00, 0x00, 0x00, 0x03,
  0x00, 0x21, 0xd7, 0xe5, 0xd9, 0xdc, 0xd9, 0xe3, 0xd7, 0x38, 0x00, 0x04,
  0x00, 0x00, 0x00, 0x00, 0x00, 0x00, 0x00, 0x00, 0x00, 0x00, 0x00, 0x00,
  0x00, 0x00, 0x00, 0x00, 0x00, 0x00, 0x00, 0x00, 0x00, 0x00, 0x00, 0x00,
  0x00, 0x00, 0x00, 0x00, 0x00, 0x00, 0x00, 0x00, 0x00, 0x00, 0x00, 0x00,
  0x00, 0x00, 0x00, 0x00, 0x04, 0x00, 0x34, 0xd6, 0xe5, 0xd7, 0xd8, 0xd6,
  0xde, 0xd8, 0x26, 0x00, 0x03, 0x00, 0x00, 0x00, 0x00, 0x00, 0x00, 0x00,
  0x00, 0x00, 0x00, 0x00, 0x09, 0x00, 0x74, 0xf0, 0xe1, 0xdf, 0xe3, 0xde,
  0xde, 0xe9, 0xc8, 0x0a, 0x00, 0x01, 0x00, 0x00, 0x00, 0x00, 0x00, 0x00,
  0x00, 0x00, 0x00, 0x00, 0x00, 0x00, 0x00, 0x00, 0x00, 0x00, 0x00, 0x00,
  0x00, 0x00, 0x00, 0x00, 0x00, 0x00, 0x63, 0xdf, 0xe1, 0xdd, 0xe0, 0xe0,
  0xe1, 0xe7, 0xe5, 0x7c, 0x00, 0x44, 0xea, 0xe1, 0xe0, 0xdc, 0xda, 0xdb,
  0xd6, 0xdf, 0x61, 0x00, 0x09, 0x00, 0x00, 0x00, 0x00, 0x00, 0x00, 0x00,
  0x00, 0x00, 0x00, 0x00, 0x00, 0x00, 0x00, 0x00, 0x00, 0x00, 0x00, 0x00,
  0x00, 0x00, 0x00, 0x00, 0x00, 0x00, 0x00, 0x00, 0x00, 0x00, 0x00, 0x00,
  0x00, 0x00, 0x00, 0x00, 0x00, 0x00, 0x00, 0x00, 0x00, 0x00, 0x00, 0x00,
  0x00, 0x00, 0x00, 0x00, 0x00, 0x00, 0x00, 0x00, 0x00, 0x00, 0x00, 0x00,
  0x00, 0x00, 0x00, 0x00, 0x00, 0x00, 0x00, 0x06, 0x00, 0x76, 0xf2, 0xdb,
  0xd6, 0xd9, 0xd6, 0xde, 0xd8, 0x02, 0x00, 0x00, 0x00, 0x00, 0x00, 0x00,
  0x00, 0x00, 0x00, 0x00, 0x00, 0x00, 0x00, 0x04, 0x00, 0xa8, 0xef, 0xdb,
  0xd6, 0xda, 0xd3, 0xe0, 0xd6, 0x62, 0x00, 0x01, 0x00, 0x00, 0x00, 0x00,
  0x00, 0x00, 0x00, 0x00, 0x00, 0x00, 0x00, 0x00, 0x00, 0x00, 0x00, 0x00,
  0x00, 0x05, 0x00, 0x62, 0xdc, 0xdb, 0xcc, 0xd6, 0xd2, 0xd6, 0xde, 0x7d,
  0x03, 0x00, 0x00, 0x00, 0x00, 0x00, 0x00, 0x00, 0x00, 0x00, 0x00, 0x00,
  0x00, 0x00, 0x04, 0x13, 0xc0, 0xe8, 0xd9, 0xdf, 0xdd, 0xdd, 0xea, 0xd2,
  0x5e, 0x00, 0x01, 0x00, 0x00, 0x00, 0x00, 0x00, 0x00, 0x00, 0x00, 0x00,
  0x00, 0x00, 0x00, 0x00, 0x00, 0x00, 0x00, 0x01, 0x01, 0x05, 0x9e, 0xf2,
  0xd1, 0xda, 0xd8, 0xd9, 0xe8, 0xd7, 0x45, 0x04, 0x00, 0x00, 0x00, 0x00,
  0x00, 0x00, 0x00, 0x00, 0x00, 0x00, 0x00, 0x00, 0x00, 0x00, 0x00, 0x00,
  0x00, 0x00, 0x05, 0x00, 0x48, 0xec, 0xd9, 0xda, 0xda, 0xda, 0xdb, 0xe1,
  0xc5, 0x25, 0x00, 0x03, 0x00, 0x00, 0x00, 0x00, 0x00, 0x00, 0x00, 0x00,
  0x00, 0x00, 0x00, 0x00, 0x00, 0x00, 0x00, 0x00, 0x00, 0x00, 0x00, 0x00,
  0x00, 0x00, 0x00, 0x00, 0x00, 0x00, 0x00, 0x00, 0x00, 0x00, 0x01, 0x00,
  0x09, 0x7b, 0xe2, 0xde, 0xd7, 0xd5, 0xd1, 0xd2, 0xe1, 0x5e, 0x00, 0x05,
  0x00, 0x00, 0x00, 0x00, 0x00, 0x00, 0x00, 0x00, 0x00, 0x00, 0x00, 0x00,
  0x00, 0x00, 0x00, 0x00, 0x00, 0x00, 0x00, 0x00, 0x00, 0x06, 0x00, 0x76,
  0xee, 0xdd, 0xd7, 0xd9, 0xd5, 0xdd, 0xca, 0x00, 0x00, 0x00, 0x00, 0x00,
  0x00, 0x00, 0x00, 0x00, 0x00, 0x00, 0x00, 0x00, 0x00, 0x00, 0x00, 0x00,
  0x00, 0x00, 0x00, 0x00, 0x00, 0x00, 0x00, 0x00, 0x00, 0x00, 0x00, 0x00,
  0x00, 0x00, 0x00, 0x00, 0x00, 0x00, 0x00, 0x00, 0x00, 0x00, 0x00, 0x00,
  0x00, 0x00, 0x98, 0xe7, 0xde, 0xd8, 0xdb, 0xd4, 0xde, 0xe3, 0x7d, 0x00,
  0x03, 0x00, 0x00, 0x00, 0x00, 0x00, 0x00, 0x00, 0x00, 0x00, 0x00, 0x00,
  0x00, 0x00, 0x00, 0x00, 0x00, 0x00, 0x00, 0x04, 0x01, 0x00, 0x00, 0x00,
  0x00, 0x00, 0x00, 0x00, 0x00, 0x00, 0x00, 0x00, 0x00, 0x00, 0x00, 0x00,
  0x00, 0x00, 0x00, 0x00, 0x00, 0x00, 0x00, 0x00, 0x00, 0x00, 0x00, 0x00,
  0x00, 0x00, 0x00, 0x00, 0x00, 0x00, 0x00, 0x00, 0x00, 0x02, 0x00, 0xaf,
  0xe8, 0xd5, 0xd7, 0xdb, 0xdd, 0xf0, 0x9e, 0x00, 0x04, 0x00, 0x00, 0x00,
  0x00, 0x00, 0x00, 0x00, 0x00, 0x00, 0x00, 0x00, 0x00, 0x00, 0x00, 0x00,
  0x00, 0x00, 0x05, 0x00, 0x90, 0xec, 0xd8, 0xdb, 0xdb, 0xe1, 0xe3, 0x8d,
  0x00, 0x01, 0x01, 0x00, 0x00, 0x00, 0x00, 0x00, 0x00, 0x00, 0x00, 0x00,
  0x02, 0x01, 0x00, 0x37, 0xd9, 0xea, 0xdc, 0xdb, 0xdb, 0xd5, 0xe8, 0xd8,
  0x5b, 0x00, 0x03, 0x00, 0x00, 0x00, 0x00, 0x00, 0x00, 0x00, 0x00, 0x00,
  0x00, 0x00, 0x00, 0x00, 0x00, 0x00, 0x00, 0x00, 0x00, 0x00, 0x06, 0x00,
  0x6e, 0xec, 0xdb, 0xd6, 0xdd, 0xdd, 0xe7, 0xc9, 0x3e, 0x34, 0x39, 0x38,
  0x37, 0x38, 0x38, 0x38, 0x38, 0x36, 0x35, 0x34, 0x33, 0x32, 0x32, 0x32,
  0x3d, 0x0d, 0x00, 0x01, 0x00, 0x00, 0x00, 0x00, 0x00, 0x00, 0x00, 0x00,
  0x00, 0x00, 0x00, 0x00, 0x00, 0x00, 0x00, 0x00, 0x00, 0x00, 0x00, 0x00,
  0x00, 0x00, 0x19, 0xcd, 0xe5, 0xd5, 0xd9, 0xd9, 0xdd, 0xed, 0xb4, 0x2b,
  0x00, 0x01, 0x00, 0x00, 0x00, 0x00, 0x00, 0x00, 0x00, 0x00, 0x00, 0x00,
  0x00, 0x00, 0x00, 0x00, 0x00, 0x00, 0x00, 0x00, 0x00, 0x00, 0x00, 0x00,
  0x00, 0x00, 0x00, 0x00, 0x00, 0x00, 0x00, 0x00, 0x00, 0x00, 0x00, 0x00,
  0x00, 0x00, 0x00, 0x00, 0x00, 0x00, 0x00, 0x00, 0x00, 0x04, 0x00, 0xaf,
  0xf2, 0xd8, 0xdf, 0xdf, 0xde, 0xe7, 0xe1, 0x82, 0x00, 0x00, 0x00, 0x00,
  0x00, 0x00, 0x00, 0x00, 0x00, 0x00, 0x00, 0x00, 0x00, 0x00, 0x00, 0x00,
  0x00, 0x00, 0x00, 0x02, 0x00, 0x29, 0xa6, 0xea, 0xd6, 0xd9, 0xd6, 0xd9,
  0xde, 0xc5, 0x11, 0x00, 0x01, 0x00, 0x00, 0x00, 0x00, 0x00, 0x00, 0x00,
  0x00, 0x00, 0x00, 0x00, 0x00, 0x00, 0x00, 0x00, 0x00, 0x00, 0x01, 0x00,
  0x07, 0x65, 0xdc, 0xd8, 0xd6, 0xd4, 0xd4, 0xc9, 0xf0, 0x79, 0x01, 0x00,
  0x01, 0x00, 0x00, 0x00, 0x00, 0x00, 0x02, 0x00, 0x9a, 0xe9, 0xe0, 0xd9,
  0xda, 0xd8, 0xdc, 0xec, 0xa3, 0x00, 0x02, 0x00, 0x00, 0x00, 0x00, 0x00,
  0x00, 0x00, 0x00, 0x00, 0x00, 0x00, 0x00, 0x00, 0x00, 0x00, 0x00, 0x00,
  0x00, 0x00, 0x00, 0x00, 0x00, 0x03, 0x00, 0x22, 0xda, 0xe6, 0xda, 0xde,
  0xdc, 0xe3, 0xe0, 0x63, 0x20, 0x2f, 0x2d, 0x2c, 0x2d, 0x2e, 0x2e, 0x2f,
  0x30, 0x30, 0x31, 0x31, 0x31, 0x32, 0x31, 0x32, 0x3c, 0x26, 0x00, 0x01,
  0x00, 0x00, 0x00, 0x00, 0x00, 0x00, 0x00, 0x00, 0x00, 0x00, 0x00, 0x00,
  0x00, 0x00, 0x00, 0x00, 0x00, 0x00, 0x00, 0x00, 0x00, 0x00, 0x04, 0x00,
  0x34, 0xd7, 0xe4, 0xd6, 0xd8, 0xd5, 0xde, 0xd5, 0x27, 0x00, 0x03, 0x00,
  0x00, 0x00, 0x00, 0x00, 0x00, 0x00, 0x00, 0x01, 0x02, 0x04, 0x00, 0x0e,
  0xa5, 0xf5, 0xda, 0xe3, 0xe2, 0xe0, 0xe2, 0xe9, 0xbd, 0x09, 0x00, 0x01,
  0x00, 0x00, 0x00, 0x00, 0x00, 0x00, 0x00, 0x00, 0x00, 0x00, 0x00, 0x00,
  0x00, 0x00, 0x00, 0x00, 0x00, 0x00, 0x00, 0x00, 0x00, 0x00, 0x00, 0x03,
  0x00, 0xbe, 0xe8, 0xde, 0xdf, 0xe1, 0xe3, 0xe1, 0xf2, 0xb2, 0x3c, 0xb9,
  0xe7, 0xe1, 0xdf, 0xdc, 0xdb, 0xd5, 0xf2, 0x9c, 0x1c, 0x00, 0x01, 0x00,
  0x00, 0x00, 0x00, 0x00, 0x00, 0x00, 0x00, 0x00, 0x00, 0x00, 0x00, 0x00,
  0x00, 0x00, 0x00, 0x00, 0x00, 0x00, 0x00, 0x00, 0x00, 0x00, 0x00, 0x00,
  0x00, 0x00, 0x00, 0x00, 0x00, 0x00, 0x00, 0x00, 0x00, 0x00, 0x00, 0x00,
  0x00, 0x00, 0x00, 0x00, 0x00, 0x00, 0x00, 0x00, 0x00, 0x00, 0x00, 0x00,
  0x00, 0x00, 0x00, 0x00, 0x00, 0x00, 0x00, 0x00, 0x00, 0x00, 0x00, 0x00,
  0x00, 0x06, 0x00, 0x75, 0xf0, 0xda, 0xd6, 0xd9, 0xd6, 0xde, 0xd8, 0x02,
  0x00, 0x00, 0x00, 0x00, 0x00, 0x00, 0x00, 0x00, 0x00, 0x00, 0x00, 0x00,
  0x02, 0x00, 0x21, 0xc8, 0xef, 0xdb, 0xd9, 0xd9, 0xd3, 0xe8, 0xc2, 0x2d,
  0x00, 0x01, 0x00, 0x00, 0x00, 0x00, 0x00, 0x00, 0x00, 0x00, 0x00, 0x00,
  0x00, 0x00, 0x00, 0x00, 0x00, 0x00, 0x00, 0x05, 0x00, 0x63, 0xde, 0xdd,
  0xce, 0xd7, 0xd4, 0xd8, 0xdd, 0x7b, 0x03, 0x00, 0x00, 0x00, 0x00, 0x00,
  0x00, 0x00, 0x01, 0x01, 0x01, 0x01, 0x02, 0x03, 0x00, 0x7a, 0xe0, 0xdf,
  0xda, 0xe1, 0xde, 0xdf, 0xee, 0xbb, 0x2d, 0x00, 0x00, 0x00, 0x00, 0x00,
  0x00, 0x00, 0x00, 0x00, 0x00, 0x00, 0x00, 0x00, 0x00, 0x00, 0x00, 0x00,
  0x00, 0x03, 0x00, 0x4a, 0xcc, 0xe6, 0xd0, 0xd9, 0xd7, 0xda, 0xe9, 0xbd,
  0x00, 0x00, 0x00, 0x00, 0x00, 0x00, 0x00, 0x00, 0x00, 0x00, 0x00, 0x00,
  0x00, 0x00, 0x00, 0x00, 0x00, 0x00, 0x00, 0x00, 0x03, 0x00, 0x39, 0xcc,
  0xe3, 0xd8, 0xda, 0xd9, 0xd9, 0xe1, 0xcd, 0x28, 0x00, 0x03, 0x00, 0x00,
  0x00, 0x00, 0x00, 0x00, 0x00, 0x00, 0x00, 0x00, 0x00, 0x00, 0x00, 0x00,
  0x00, 0x00, 0x00, 0x00, 0x00, 0x00, 0x00, 0x00, 0x00, 0x00, 0x00, 0x00,
  0x00, 0x00, 0x00, 0x00, 0x01, 0x00, 0x09, 0x7b, 0xe1, 0xdd, 0xd5, 0xd4,
  0xd1, 0xd2, 0xe2, 0x5f, 0x00, 0x06, 0x00, 0x00, 0x00, 0x00, 0x00, 0x00,
  0x00, 0x00, 0x00, 0x00, 0x00, 0x00, 0x00, 0x00, 0x00, 0x00, 0x00, 0x00,
  0x00, 0x00, 0x00, 0x06, 0x00, 0x78, 0xef, 0xde, 0xd8, 0xda, 0xd8, 0xdd,
  0xcf, 0x36, 0x29, 0x2d, 0x2f, 0x30, 0x30, 0x32, 0x33, 0x33, 0x32, 0x32,
  0x30, 0x2f, 0x2e, 0x2d, 0x2c, 0x2c, 0x37, 0x0e, 0x00, 0x01, 0x00, 0x00,
  0x00, 0x00, 0x00, 0x00, 0x00, 0x00, 0x00, 0x00, 0x00, 0x00, 0x00, 0x00,
  0x00, 0x00, 0x00, 0x00, 0x00, 0x00, 0x00, 0x00, 0xb1, 0xed, 0xdd, 0xd9,
  0xdb, 0xd5, 0xeb, 0xbf, 0x2f, 0x00, 0x01, 0x00, 0x00, 0x00, 0x00, 0x00,
  0x00, 0x00, 0x00, 0x00, 0x00, 0x00, 0x00, 0x00, 0x00, 0x00, 0x00, 0x00,
  0x00, 0x00, 0x00, 0x00, 0x00, 0x00, 0x00, 0x00, 0x00, 0x00, 0x00, 0x00,
  0x00, 0x00, 0x00, 0x00, 0x00, 0x00, 0x00, 0x00, 0x00, 0x00, 0x00, 0x00,
  0x00, 0x00, 0x00, 0x00, 0x00, 0x00, 0x00, 0x00, 0x00, 0x00, 0x00, 0x00,
  0x00, 0x00, 0x00, 0x02, 0x00, 0xaf, 0xe9, 0xd6, 0xd7, 0xdb, 0xde, 0xf0,
  0x9c, 0x00, 0x04, 0x00, 0x00, 0x00, 0x00, 0x00, 0x00, 0x00, 0x00, 0x00,
  0x00, 0x00, 0x00, 0x00, 0x00, 0x00, 0x00, 0x00, 0x05, 0x00, 0x92, 0xed,
  0xd8, 0xdb, 0xdb, 0xe1, 0xe3, 0x8a, 0x00, 0x00, 0x00, 0x01, 0x02, 0x02,
  0x02, 0x02, 0x02, 0x02, 0x02, 0x01, 0x00, 0x00, 0x2d, 0xd6, 0xe9, 0xe1,
  0xde, 0xde, 0xdc, 0xd5, 0xf0, 0xbb, 0x29, 0x00, 0x02, 0x00, 0x00, 0x00,
  0x00, 0x00, 0x00, 0x00, 0x00, 0x00, 0x00, 0x00, 0x00, 0x00, 0x00, 0x00,
  0x00, 0x00, 0x00, 0x00, 0x06, 0x00, 0x6e, 0xeb, 0xdb, 0xd5, 0xdd, 0xdf,
  0xe3, 0xe3, 0xe1, 0xd7, 0xd7, 0xd6, 0xd6, 0xd7, 0xd7, 0xd7, 0xd6, 0xd3,
  0xd0, 0xce, 0xcb, 0xca, 0xc6, 0xc4, 0xe5, 0x48, 0x00, 0x00, 0x00, 0x00,
  0x00, 0x00, 0x00, 0x00, 0x00, 0x00, 0x00, 0x00, 0x00, 0x00, 0x00, 0x00,
  0x00, 0x00, 0x00, 0x00, 0x00, 0x00, 0x00, 0x00, 0x78, 0xe0, 0xde, 0xd4,
  0xd9, 0xd7, 0xdf, 0xeb, 0x85, 0x00, 0x04, 0x00, 0x00, 0x00, 0x00, 0x00,
  0x00, 0x00, 0x00, 0x00, 0x00, 0x00, 0x00, 0x00, 0x00, 0x00, 0x00, 0x00,
  0x00, 0x00, 0x00, 0x00, 0x00, 0x00, 0x00, 0x00, 0x00, 0x00, 0x00, 0x00,
  0x00, 0x00, 0x00, 0x00, 0x00, 0x00, 0x00, 0x00, 0x00, 0x00, 0x00, 0x00,
  0x00, 0x00, 0x00, 0x02, 0x05, 0xba, 0xee, 0xd7, 0xdf, 0xdf, 0xdf, 0xed,
  0xce, 0x40, 0x00, 0x00, 0x00, 0x00, 0x00, 0x00, 0x00, 0x00, 0x00, 0x00,
  0x00, 0x00, 0x00, 0x00, 0x00, 0x00, 0x00, 0x00, 0x00, 0x00, 0x06, 0x00,
  0x62, 0xf8, 0xd6, 0xda, 0xd8, 0xd9, 0xdd, 0xdc, 0x14, 0x00, 0x01, 0x00,
  0x00, 0x00, 0x00, 0x00, 0x00, 0x00, 0x00, 0x00, 0x00, 0x00, 0x00, 0x00,
  0x00, 0x00, 0x00, 0x00, 0x00, 0x02, 0x00, 0x1a, 0xd0, 0xda, 0xd5, 0xd3,
  0xd3, 0xd0, 0xd9, 0xd8, 0x4f, 0x00, 0x05, 0x00, 0x00, 0x00, 0x00, 0x00,
  0x01, 0x0a, 0xad, 0xeb, 0xdb, 0xd6, 0xd9, 0xd3, 0xe7, 0xd5, 0x49, 0x00,
  0x00, 0x00, 0x00, 0x00, 0x00, 0x00, 0x00, 0x00, 0x00, 0x00, 0x00, 0x00,
  0x00, 0x00, 0x00, 0x00, 0x00, 0x00, 0x00, 0x00, 0x00, 0x00, 0x00, 0x03,
  0x00, 0x23, 0xde, 0xe7, 0xdd, 0xdf, 0xe0, 0xe3, 0xe2, 0xd6, 0xc3, 0xbd,
  0xbf, 0xbd, 0xc0, 0xc2, 0xc2, 0xc5, 0xc6, 0xc6, 0xc8, 0xc9, 0xc9, 0xca,
  0xc6, 0xc9, 0xea, 0x95, 0x00, 0x05, 0x00, 0x00, 0x00, 0x00, 0x00, 0x00,
  0x00, 0x00, 0x00, 0x00, 0x00, 0x00, 0x00, 0x00, 0x00, 0x00, 0x00, 0x00,
  0x00, 0x00, 0x00, 0x00, 0x04, 0x00, 0x34, 0xd6, 0xe4, 0xd5, 0xd9, 0xd5,
  0xde, 0xd3, 0x25, 0x00, 0x05, 0x01, 0x02, 0x02, 0x02, 0x02, 0x02, 0x02,
  0x02, 0x00, 0x00, 0x01, 0x0b, 0x9a, 0xee, 0xe1, 0xdf, 0xe2, 0xe0, 0xe2,
  0xe7, 0xe7, 0xa3, 0x07, 0x00, 0x00, 0x00, 0x00, 0x00, 0x00, 0x00, 0x00,
  0x00, 0x00, 0x00, 0x00, 0x00, 0x00, 0x00, 0x00, 0x00, 0x00, 0x00, 0x00,
  0x00, 0x00, 0x00, 0x00, 0x00, 0x00, 0x04, 0x50, 0xdf, 0xeb, 0xdb, 0xdf,
  0xe1, 0xe5, 0xe5, 0xdf, 0xdf, 0xe3, 0xe1, 0xe3, 0xdf, 0xdc, 0xd8, 0xe7,
  0xc3, 0x38, 0x00, 0x04, 0x00, 0x00, 0x00, 0x00, 0x00, 0x00, 0x00, 0x00,
  0x00, 0x00, 0x00, 0x00, 0x00, 0x00, 0x00, 0x00, 0x00, 0x00, 0x00, 0x00,
  0x00, 0x00, 0x00, 0x00, 0x00, 0x00, 0x00, 0x00, 0x00, 0x00, 0x00, 0x00,
  0x00, 0x00, 0x00, 0x00, 0x00, 0x00, 0x00, 0x00, 0x00, 0x00, 0x00, 0x00,
  0x00, 0x00, 0x00, 0x00, 0x00, 0x00, 0x00, 0x00, 0x00, 0x00, 0x00, 0x00,
  0x00, 0x00, 0x00, 0x00, 0x00, 0x00, 0x00, 0x06, 0x00, 0x74, 0xef, 0xd9,
  0xd6, 0xd9, 0xd6, 0xde, 0xd6, 0x04, 0x00, 0x02, 0x01, 0x01, 0x01, 0x01,
  0x01, 0x01, 0x01, 0x01, 0x02, 0x01, 0x00, 0x16, 0xb3, 0xed, 0xe5, 0xdd,
  0xdd, 0xda, 0xd5, 0xf0, 0xa3, 0x00, 0x05, 0x00, 0x00, 0x00, 0x00, 0x00,
  0x00, 0x00, 0x00, 0x00, 0x00, 0x00, 0x00, 0x00, 0x00, 0x00, 0x00, 0x00,
  0x00, 0x05, 0x00, 0x65, 0xe1, 0xdf, 0xd1, 0xda, 0xd7, 0xdc, 0xdd, 0x73,
  0x04, 0x00, 0x02, 0x02, 0x02, 0x02, 0x02, 0x01, 0x00, 0x00, 0x00, 0x00,
  0x00, 0x00, 0x22, 0xc0, 0xe5, 0xda, 0xdc, 0xe0, 0xde, 0xe3, 0xf2, 0x99,
  0x00, 0x03, 0x00, 0x00, 0x00, 0x00, 0x00, 0x00, 0x00, 0x00, 0x00, 0x00,
  0x00, 0x00, 0x00, 0x00, 0x00, 0x00, 0x00, 0x04, 0x00, 0x5e, 0xdb, 0xe4,
  0xd1, 0xda, 0xd7, 0xdd, 0xe6, 0xa6, 0x04, 0x00, 0x00, 0x00, 0x00, 0x00,
  0x00, 0x00, 0x00, 0x00, 0x00, 0x00, 0x00, 0x00, 0x00, 0x00, 0x00, 0x00,
  0x00, 0x00, 0x03, 0x00, 0x26, 0xb0, 0xe9, 0xd7, 0xd9, 0xd8, 0xd9, 0xdf,
  0xe0, 0x2e, 0x00, 0x03, 0x00, 0x00, 0x00, 0x00, 0x00, 0x00, 0x00, 0x00,
  0x00, 0x00, 0x00, 0x00, 0x00, 0x00, 0x00, 0x00, 0x00, 0x00, 0x00, 0x00,
  0x00, 0x00, 0x00, 0x00, 0x00, 0x00, 0x00, 0x00, 0x00, 0x00, 0x01, 0x00,
  0x09, 0x7a, 0xdf, 0xdb, 0xd4, 0xd4, 0xd0, 0xd3, 0xe3, 0x5f, 0x00, 0x06,
  0x00, 0x00, 0x00, 0x00, 0x00, 0x00, 0x00, 0x00, 0x00, 0x00, 0x00, 0x00,
  0x00, 0x00, 0x00, 0x00, 0x00, 0x00, 0x00, 0x00, 0x00, 0x06, 0x00, 0x79,
  0xf1, 0xdf, 0xda, 0xdb, 0xdb, 0xda, 0xda, 0xd3, 0xbf, 0xc0, 0xc4, 0xc7,
  0xc8, 0xcb, 0xcd, 0xcd, 0xcc, 0xcb, 0xc8, 0xc5, 0xc3, 0xbf, 0xbc, 0xb6,
  0xdd, 0x3a, 0x00, 0x04, 0x00, 0x00, 0x00, 0x00, 0x00, 0x00, 0x00, 0x00,
  0x00, 0x00, 0x00, 0x00, 0x00, 0x00, 0x00, 0x00, 0x00, 0x00, 0x00, 0x00,
  0x00, 0x00, 0xc0, 0xef, 0xdd, 0xdb, 0xd9, 0xd8, 0xf6, 0x98, 0x00, 0x05,
  0x00, 0x00, 0x00, 0x00, 0x00, 0x00, 0x00, 0x00, 0x00, 0x00, 0x00, 0x00,
  0x00, 0x00, 0x00, 0x00, 0x00, 0x00, 0x00, 0x00, 0x00, 0x00, 0x00, 0x00,
  0x00, 0x00, 0x00, 0x00, 0x00, 0x00, 0x00, 0x00, 0x00, 0x00, 0x00, 0x00,
  0x00, 0x00, 0x00, 0x00, 0x00, 0x00, 0x00, 0x00, 0x00, 0x00, 0x00, 0x00,
  0x00, 0x00, 0x00, 0x00, 0x00, 0x00, 0x00, 0x00, 0x00, 0x02, 0x00, 0xb1,
  0xea, 0xd6, 0xd7, 0xdb, 0xde, 0xf0, 0x9c, 0x00, 0x04, 0x00, 0x00, 0x00,
  0x00, 0x00, 0x00, 0x00, 0x00, 0x00, 0x00, 0x00, 0x00, 0x00, 0x00, 0x00,
  0x00, 0x00, 0x05, 0x00, 0x93, 0xef, 0xd8, 0xdc, 0xdb, 0xe1, 0xe4, 0x91,
  0x06, 0x0a, 0x0a, 0x01, 0x00, 0x00, 0x00, 0x00, 0x00, 0x00, 0x00, 0x04,
  0x0c, 0x2d, 0xcb, 0xe4, 0xe2, 0xdf, 0xe0, 0xe1, 0xdc, 0xd9, 0xfa, 0x8a,
  0x00, 0x06, 0x00, 0x00, 0x00, 0x00, 0x00, 0x00, 0x00, 0x00, 0x00, 0x00,
  0x00, 0x00, 0x00, 0x00, 0x00, 0x00, 0x00, 0x00, 0x00, 0x00, 0x06, 0x00,
  0x6e, 0xeb, 0xda, 0xd4, 0xdc, 0xdf, 0xe0, 0xe4, 0xe4, 0xe6, 0xe4, 0xe3,
  0xe2, 0xe3, 0xe3, 0xe2, 0xe3, 0xe3, 0xe2, 0xe2, 0xe1, 0xe0, 0xdb, 0xd6,
  0xe7, 0x9a, 0x1a, 0x00, 0x02, 0x00, 0x00, 0x00, 0x00, 0x00, 0x00, 0x00,
  0x00, 0x00, 0x00, 0x00, 0x00, 0x00, 0x00, 0x00, 0x00, 0x00, 0x00, 0x00,
  0x00, 0x00, 0x76, 0xe1, 0xde, 0xd4, 0xd7, 0xd3, 0xe0, 0xe2, 0x76, 0x00,
  0x03, 0x00, 0x00, 0x00, 0x00, 0x00, 0x00, 0x00, 0x00, 0x00, 0x00, 0x00,
  0x00, 0x00, 0x00, 0x00, 0x00, 0x00, 0x00, 0x00, 0x00, 0x00, 0x00, 0x00,
  0x00, 0x00, 0x00, 0x00, 0x00, 0x00, 0x00, 0x00, 0x00, 0x00, 0x00, 0x00,
  0x00, 0x00, 0x00, 0x00, 0x00, 0x00, 0x00, 0x00, 0x01, 0x00, 0x65, 0xdb,
  0xe4, 0xd9, 0xdf, 0xdf, 0xde, 0xf3, 0xb6, 0x00, 0x02, 0x00, 0x00, 0x00,
  0x00, 0x00, 0x00, 0x00, 0x00, 0x00, 0x00, 0x00, 0x00, 0x00, 0x00, 0x00,
  0x00, 0x00, 0x00, 0x00, 0x05, 0x00, 0x64, 0xf7, 0xd9, 0xdb, 0xd9, 0xdb,
  0xdf, 0xe6, 0x16, 0x00, 0x02, 0x00, 0x00, 0x00, 0x00, 0x00, 0x00, 0x00,
  0x00, 0x00, 0x00, 0x00, 0x00, 0x00, 0x00, 0x00, 0x00, 0x00, 0x00, 0x01,
  0x00, 0x10, 0x87, 0xda, 0xd8, 0xd3, 0xd2, 0xd4, 0xd0, 0xed, 0x6d, 0x00,
  0x04, 0x00, 0x00, 0x00, 0x00, 0x00, 0x00, 0x74, 0xd9, 0xe5, 0xd8, 0xd5,
  0xd5, 0xd3, 0xf1, 0xad, 0x00, 0x04, 0x00, 0x00, 0x00, 0x00, 0x00, 0x00,
  0x00, 0x00, 0x00, 0x00, 0x00, 0x00, 0x00, 0x00, 0x00, 0x00, 0x00, 0x00,
  0x00, 0x00, 0x00, 0x00, 0x00, 0x03, 0x00, 0x24, 0xe1, 0xe9, 0xe0, 0xe0,
  0xe1, 0xe3, 0xe5, 0xe7, 0xe8, 0xe7, 0xe5, 0xe5, 0xe4, 0xe4, 0xe4, 0xe4,
  0xe4, 0xe5, 0xe4, 0xe4, 0xe4, 0xe3, 0xe0, 0xdf, 0xfd, 0xa2, 0x00, 0x05,
  0x00, 0x00, 0x00, 0x00, 0x00, 0x00, 0x00, 0x00, 0x00, 0x00, 0x00, 0x00,
  0x00, 0x00, 0x00, 0x00, 0x00, 0x00, 0x00, 0x00, 0x00, 0x00, 0x04, 0x00,
  0x33, 0xd5, 0xe4, 0xd5, 0xda, 0xd7, 0xdc, 0xd6, 0x36, 0x00, 0x01, 0x00,
  0x00, 0x00, 0x00, 0x00, 0x00, 0x00, 0x00, 0x0c, 0x17, 0x11, 0x9f, 0xed,
  0xe2, 0xe0, 0xe3, 0xdf, 0xde, 0xe3, 0xed, 0xdd, 0x5c, 0x02, 0x00, 0x00,
  0x00, 0x00, 0x00, 0x00, 0x00, 0x00, 0x00, 0x00, 0x00, 0x00, 0x00, 0x00,
  0x00, 0x00, 0x00, 0x00, 0x00, 0x00, 0x00, 0x00, 0x00, 0x00, 0x00, 0x00,
  0x01, 0x00, 0x85, 0xe6, 0xe1, 0xd9, 0xdf, 0xe3, 0xe4, 0xe0, 0xe0, 0xe0,
  0xe3, 0xe1, 0xde, 0xdb, 0xd8, 0xfb, 0x4f, 0x00, 0x08, 0x00, 0x00, 0x00,
  0x00, 0x00, 0x00, 0x00, 0x00, 0x00, 0x00, 0x00, 0x00, 0x00, 0x00, 0x00,
  0x00, 0x00, 0x00, 0x00, 0x00, 0x00, 0x00, 0x00, 0x00, 0x00, 0x00, 0x00,
  0x00, 0x00, 0x00, 0x00, 0x00, 0x00, 0x00, 0x00, 0x00, 0x00, 0x00, 0x00,
  0x00, 0x00, 0x00, 0x00, 0x00, 0x00, 0x00, 0x00, 0x00, 0x00, 0x00, 0x00,
  0x00, 0x00, 0x00, 0x00, 0x00, 0x00, 0x00, 0x00, 0x00, 0x00, 0x00, 0x00,
  0x00, 0x06, 0x00, 0x74, 0xee, 0xd9, 0xd6, 0xda, 0xd7, 0xdf, 0xd4, 0x02,
  0x00, 0x00, 0x00, 0x00, 0x00, 0x00, 0x00, 0x00, 0x00, 0x00, 0x00, 0x00,
  0x18, 0x9f, 0xe2, 0xe7, 0xe2, 0xdf, 0xe0, 0xd9, 0xdc, 0xec, 0x8e, 0x00,
  0x04, 0x00, 0x00, 0x00, 0x00, 0x00, 0x00, 0x00, 0x00, 0x00, 0x00, 0x00,
  0x00, 0x00, 0x00, 0x00, 0x00, 0x00, 0x00, 0x05, 0x00, 0x67, 0xe3, 0xe2,
  0xd6, 0xde, 0xdb, 0xe0, 0xe0, 0x7a, 0x03, 0x00, 0x00, 0x00, 0x00, 0x00,
  0x00, 0x04, 0x0a, 0x09, 0x0a, 0x0d, 0x13, 0x22, 0xce, 0xe7, 0xdb, 0xdc,
  0xdd, 0xde, 0xde, 0xe9, 0xeb, 0x85, 0x00, 0x03, 0x00, 0x00, 0x00, 0x00,
  0x00, 0x00, 0x00, 0x00, 0x00, 0x00, 0x00, 0x00, 0x00, 0x00, 0x00, 0x00,
  0x00, 0x04, 0x00, 0x72, 0xe8, 0xe1, 0xd3, 0xda, 0xd7, 0xe0, 0xe4, 0x93,
  0x00, 0x00, 0x00, 0x00, 0x00, 0x00, 0x00, 0x00, 0x00, 0x00, 0x00, 0x00,
  0x00, 0x00, 0x00, 0x00, 0x00, 0x00, 0x00, 0x00, 0x03, 0x00, 0x1f, 0xa3,
  0xeb, 0xd7, 0xd8, 0xd7, 0xd8, 0xdc, 0xe9, 0x32, 0x00, 0x04, 0x00, 0x00,
  0x00, 0x00, 0x00, 0x00, 0x00, 0x00, 0x00, 0x00, 0x00, 0x00, 0x00, 0x00,
  0x00, 0x00, 0x00, 0x00, 0x00, 0x00, 0x00, 0x00, 0x00, 0x00, 0x00, 0x00,
  0x00, 0x00, 0x00, 0x00, 0x01, 0x00, 0x08, 0x79, 0xde, 0xda, 0xd4, 0xd3,
  0xd0, 0xd3, 0xe3, 0x60, 0x00, 0x06, 0x00, 0x00, 0x00, 0x00, 0x00, 0x00,
  0x00, 0x00, 0x00, 0x00, 0x00, 0x00, 0x00, 0x00, 0x00, 0x00, 0x00, 0x00,
  0x00, 0x00, 0x00, 0x06, 0x00, 0x7a, 0xf3, 0xe1, 0xdd, 0xdc, 0xda, 0xdb,
  0xdb, 0xe2, 0xe8, 0xe7, 0xe6, 0xe6, 0xe6, 0xe6, 0xe7, 0xe6, 0xe5, 0xe5,
  0xe5, 0xe4, 0xe5, 0xe3, 0xe0, 0xd3, 0xf8, 0x40, 0x00, 0x04, 0x00, 0x00,
  0x00, 0x00, 0x00, 0x00, 0x00, 0x00, 0x00, 0x00, 0x00, 0x00, 0x00, 0x00,
  0x00, 0x00, 0x00, 0x00, 0x00, 0x00, 0x00, 0x06, 0xca, 0xef, 0xdc, 0xdc,
  0xd8, 0xdb, 0xf3, 0x8f, 0x00, 0x05, 0x00, 0x00, 0x00, 0x00, 0x00, 0x00,
  0x00, 0x00, 0x00, 0x00, 0x00, 0x00, 0x00, 0x00, 0x00, 0x00, 0x00, 0x00,
  0x00, 0x00, 0x00, 0x00, 0x00, 0x00, 0x00, 0x00, 0x00, 0x00, 0x00, 0x00,
  0x00, 0x00, 0x00, 0x00, 0x00, 0x00, 0x00, 0x00, 0x00, 0x00, 0x00, 0x00,
  0x00, 0x00, 0x00, 0x00, 0x00, 0x00, 0x00, 0x00, 0x00, 0x00, 0x00, 0x00,
  0x00, 0x00, 0x00, 0x02, 0x00, 0xb3, 0xed, 0xd7, 0xd7, 0xdb, 0xde, 0xf1,
  0x9d, 0x00, 0x04, 0x00, 0x00, 0x00, 0x00, 0x00, 0x00, 0x00, 0x00, 0x00,
  0x00, 0x00, 0x00, 0x00, 0x00, 0x00, 0x00, 0x00, 0x05, 0x00, 0x94, 0xf1,
  0xd9, 0xdb, 0xdd, 0xdf, 0xe3, 0xbf, 0x7f, 0x77, 0x7a, 0x1e, 0x0e, 0x14,
  0x13, 0x13, 0x13, 0x16, 0x09, 0x2f, 0xad, 0xd9, 0xe5, 0xdf, 0xdd, 0xdd,
  0xde, 0xe2, 0xd9, 0xeb, 0xd8, 0x55, 0x00, 0x04, 0x00, 0x00, 0x00, 0x00,
  0x00, 0x00, 0x00, 0x00, 0x00, 0x00, 0x00, 0x00, 0x00, 0x00, 0x00, 0x00,
  0x00, 0x00, 0x00, 0x00, 0x06, 0x00, 0x6e, 0xe9, 0xd9, 0xd4, 0xdc, 0xdd,
  0xdf, 0xdf, 0xda, 0xd8, 0xd7, 0xd7, 0xd7, 0xd7, 0xd6, 0xd6, 0xd6, 0xd7,
  0xd6, 0xd4, 0xd2, 0xd1, 0xd0, 0xcc, 0xe0, 0x8a, 0x15, 0x00, 0x02, 0x00,
  0x00, 0x00, 0x00, 0x00, 0x00, 0x00, 0x00, 0x00, 0x00, 0x00, 0x00, 0x00,
  0x00, 0x00, 0x00, 0x00, 0x00, 0x00, 0x00, 0x00, 0x7e, 0xe3, 0xdc, 0xd4,
  0xd7, 0xd3, 0xe0, 0xdd, 0x6d, 0x00, 0x04, 0x00, 0x00, 0x00, 0x00, 0x00,
  0x00, 0x00, 0x00, 0x00, 0x00, 0x00, 0x00, 0x00, 0x00, 0x00, 0x00, 0x00,
  0x00, 0x00, 0x00, 0x00, 0x00, 0x00, 0x00, 0x00, 0x00, 0x00, 0x00, 0x00,
  0x00, 0x00, 0x00, 0x00, 0x00, 0x00, 0x00, 0x00, 0x00, 0x00, 0x00, 0x00,
  0x00, 0x00, 0x01, 0x00, 0x5d, 0xd8, 0xe5, 0xd9, 0xe0, 0xdd, 0xdf, 0xf2,
  0xb2, 0x00, 0x02, 0x00, 0x00, 0x00, 0x00, 0x00, 0x00, 0x00, 0x00, 0x00,
  0x00, 0x00, 0x00, 0x00, 0x00, 0x00, 0x00, 0x00, 0x00, 0x00, 0x06, 0x00,
  0x60, 0xf7, 0xd9, 0xdb, 0xd9, 0xdb, 0xe0, 0xe9, 0x16, 0x00, 0x02, 0x00,
  0x00, 0x00, 0x00, 0x00, 0x00, 0x00, 0x00, 0x00, 0x00, 0x00, 0x00, 0x00,
  0x00, 0x00, 0x00, 0x00, 0x00, 0x00, 0x01, 0x00, 0x0f, 0xd1, 0xdc, 0xd3,
  0xd3, 0xd7, 0xd0, 0xe8, 0xb7, 0x33, 0x00, 0x03, 0x00, 0x00, 0x00, 0x00,
  0x00, 0x9f, 0xe7, 0xe0, 0xd7, 0xd8, 0xd3, 0xdd, 0xe8, 0x87, 0x00, 0x03,
  0x00, 0x00, 0x00, 0x00, 0x00, 0x00, 0x00, 0x00, 0x00, 0x00, 0x00, 0x00,
  0x00, 0x00, 0x00, 0x00, 0x00, 0x00, 0x00, 0x00, 0x00, 0x00, 0x00, 0x03,
  0x00, 0x24, 0xe4, 0xe9, 0xdf, 0xe0, 0xe1, 0xe3, 0xe4, 0xde, 0xd8, 0xd7,
  0xd6, 0xd4, 0xd3, 0xd1, 0xd1, 0xd2, 0xd3, 0xd4, 0xd4, 0xd5, 0xd2, 0xd1,
  0xd0, 0xd4, 0xf1, 0x99, 0x00, 0x05, 0x00, 0x00, 0x00, 0x00, 0x00, 0x00,
  0x00, 0x00, 0x00, 0x00, 0x00, 0x00, 0x00, 0x00, 0x00, 0x00, 0x00, 0x00,
  0x00, 0x00, 0x00, 0x00, 0x04, 0x00, 0x33, 0xd4, 0xe5, 0xd6, 0xda, 0xd8,
  0xd9, 0xd4, 0xb0, 0x34, 0x08, 0x16, 0x13, 0x13, 0x13, 0x13, 0x14, 0x11,
  0x15, 0x81, 0xaa, 0xdd, 0xee, 0xe0, 0xdf, 0xe3, 0xe0, 0xde, 0xde, 0xe5,
  0xf0, 0xbb, 0x00, 0x00, 0x00, 0x00, 0x00, 0x00, 0x00, 0x00, 0x00, 0x00,
  0x00, 0x00, 0x00, 0x00, 0x00, 0x00, 0x00, 0x00, 0x00, 0x00, 0x00, 0x00,
  0x00, 0x00, 0x00, 0x00, 0x00, 0x00, 0x00, 0x07, 0x00, 0xaf, 0xf2, 0xd8,
  0xe0, 0xe2, 0xe2, 0xdd, 0xd9, 0xdd, 0xe0, 0xdf, 0xde, 0xdb, 0xeb, 0xb3,
  0x2b, 0x00, 0x03, 0x00, 0x00, 0x00, 0x00, 0x00, 0x00, 0x00, 0x00, 0x00,
  0x00, 0x00, 0x00, 0x00, 0x00, 0x00, 0x00, 0x00, 0x00, 0x00, 0x00, 0x00,
  0x00, 0x00, 0x00, 0x00, 0x00, 0x00, 0x00, 0x00, 0x00, 0x00, 0x00, 0x00,
  0x00, 0x00, 0x00, 0x00, 0x00, 0x00, 0x00, 0x00, 0x00, 0x00, 0x00, 0x00,
  0x00, 0x00, 0x00, 0x00, 0x00, 0x00, 0x00, 0x00, 0x00, 0x00, 0x00, 0x00,
  0x00, 0x00, 0x00, 0x00, 0x00, 0x00, 0x00, 0x06, 0x00, 0x74, 0xee, 0xd9,
  0xd6, 0xda, 0xd7, 0xdf, 0xd5, 0x13, 0x09, 0x0e, 0x0e, 0x0e, 0x0e, 0x0e,
  0x0e, 0x0e, 0x0e, 0x10, 0x0b, 0x1e, 0xb5, 0xe9, 0xe7, 0xe1, 0xe1, 0xe0,
  0xdf, 0xd8, 0xe8, 0xd3, 0x53, 0x00, 0x02, 0x00, 0x00, 0x00, 0x00, 0x00,
  0x00, 0x00, 0x00, 0x00, 0x00, 0x00, 0x00, 0x00, 0x00, 0x00, 0x00, 0x00,
  0x00, 0x05, 0x00, 0x69, 0xe4, 0xe3, 0xd8, 0xe0, 0xdf, 0xe2, 0xe4, 0xb5,
  0x19, 0x0f, 0x14, 0x14, 0x14, 0x16, 0x09, 0x3c, 0x81, 0x74, 0x77, 0x85,
  0xb2, 0xe8, 0xe4, 0xd7, 0xdc, 0xdd, 0xdd, 0xdc, 0xdf, 0xf1, 0xcd, 0x4d,
  0x00, 0x02, 0x00, 0x00, 0x00, 0x00, 0x00, 0x00, 0x00, 0x00, 0x00, 0x00,
  0x00, 0x00, 0x00, 0x00, 0x00, 0x00, 0x00, 0x05, 0x00, 0x7c, 0xed, 0xdf,
  0xd4, 0xda, 0xd7, 0xe2, 0xe2, 0x86, 0x00, 0x00, 0x00, 0x00, 0x00, 0x00,
  0x00, 0x00, 0x00, 0x00, 0x00, 0x00, 0x00, 0x00, 0x00, 0x00, 0x00, 0x00,
  0x00, 0x00, 0x02, 0x00, 0x13, 0x8c, 0xef, 0xd6, 0xd8, 0xd6, 0xd7, 0xdc,
  0xed, 0x33, 0x00, 0x04, 0x00, 0x00, 0x00, 0x00, 0x00, 0x00, 0x00, 0x00,
  0x00, 0x00, 0x00, 0x00, 0x00, 0x00, 0x00, 0x00, 0x00, 0x00, 0x00, 0x00,
  0x00, 0x00, 0x00, 0x00, 0x00, 0x00, 0x00, 0x00, 0x00, 0x00, 0x01, 0x00,
  0x08, 0x79, 0xdd, 0xd8, 0xd3, 0xd3, 0xd0, 0xd3, 0xe5, 0x61, 0x00, 0x06,
  0x00, 0x00, 0x00, 0x00, 0x00, 0x00, 0x00, 0x00, 0x00, 0x00, 0x00, 0x00,
  0x00, 0x00, 0x00, 0x00, 0x00, 0x00, 0x00, 0x00, 0x00, 0x06, 0x00, 0x7a,
  0xf2, 0xe1, 0xdd, 0xdd, 0xda, 0xdb, 0xda, 0xd7, 0xd5, 0xd5, 0xd6, 0xd6,
  0xd5, 0xd6, 0xd5, 0xd5, 0xd5, 0xd4, 0xd3, 0xd4, 0xd3, 0xd0, 0xcf, 0xc4,
  0xea, 0x3d, 0x00, 0x04, 0x00, 0x00, 0x00, 0x00, 0x00, 0x00, 0x00, 0x00,
  0x00, 0x00, 0x00, 0x00, 0x00, 0x00, 0x00, 0x00, 0x00, 0x00, 0x00, 0x00,
  0x00, 0x61, 0xda, 0xea, 0xdd, 0xdc, 0xd8, 0xdd, 0xef, 0x86, 0x00, 0x05,
  0x00, 0x00, 0x00, 0x00, 0x00, 0x00, 0x00, 0x00, 0x00, 0x00, 0x00, 0x00,
  0x00, 0x00, 0x00, 0x00, 0x00, 0x00, 0x00, 0x00, 0x00, 0x00, 0x00, 0x00,
  0x00, 0x00, 0x00, 0x00, 0x00, 0x00, 0x00, 0x00, 0x00, 0x00, 0x00, 0x00,
  0x00, 0x00, 0x00, 0x00, 0x00, 0x00, 0x00, 0x00, 0x00, 0x00, 0x00, 0x00,
  0x00, 0x00, 0x00, 0x00, 0x00, 0x00, 0x00, 0x00, 0x00, 0x02, 0x00, 0xb4,
  0xed, 0xd8, 0xd7, 0xdb, 0xde, 0xf1, 0x9d, 0x00, 0x04, 0x00, 0x00, 0x00,
  0x00, 0x00, 0x00, 0x00, 0x00, 0x00, 0x00, 0x00, 0x00, 0x00, 0x00, 0x00,
  0x00, 0x00, 0x05, 0x00, 0x95, 0xf3, 0xdb, 0xdb, 0xdd, 0xdf, 0xe1, 0xe3,
  0xe5, 0xe6, 0xe4, 0xe7, 0xe7, 0xe7, 0xe6, 0xe4, 0xe3, 0xe4, 0xe6, 0xe9,
  0xe8, 0xe4, 0xdc, 0xdd, 0xdd, 0xdb, 0xda, 0xda, 0xd9, 0xfb, 0x77, 0x00,
  0x06, 0x00, 0x00, 0x00, 0x00, 0x00, 0x00, 0x00, 0x00, 0x00, 0x00, 0x00,
  0x00, 0x00, 0x00, 0x00, 0x00, 0x00, 0x00, 0x00, 0x00, 0x00, 0x06, 0x00,
  0x6e, 0xe9, 0xd8, 0xd3, 0xd9, 0xdb, 0xde, 0xe0, 0xdf, 0xdd, 0xdb, 0xda,
  0xdb, 0xdc, 0xdb, 0xdb, 0xdc, 0xdc, 0xdb, 0xd8, 0xd6, 0xd5, 0xd4, 0xd0,
  0xe4, 0x8e, 0x16, 0x00, 0x02, 0x00, 0x00, 0x00, 0x00, 0x00, 0x00, 0x00,
  0x00, 0x00, 0x00, 0x00, 0x00, 0x00, 0x00, 0x00, 0x00, 0x00, 0x00, 0x00,
  0x00, 0x00, 0x80, 0xe2, 0xdc, 0xd4, 0xd8, 0xd3, 0xe2, 0xda, 0x68, 0x00,
  0x03, 0x00, 0x00, 0x00, 0x00, 0x00, 0x00, 0x00, 0x00, 0x00, 0x00, 0x00,
  0x00, 0x00, 0x00, 0x00, 0x00, 0x00, 0x00, 0x00, 0x00, 0x00, 0x00, 0x00,
  0x00, 0x00, 0x00, 0x00, 0x00, 0x00, 0x00, 0x00, 0x00, 0x00, 0x00, 0x00,
  0x00, 0x00, 0x00, 0x00, 0x00, 0x00, 0x00, 0x00, 0x01, 0x00, 0x5c, 0xd6,
  0xe5, 0xd9, 0xe0, 0xde, 0xde, 0xf1, 0xad, 0x00, 0x02, 0x00, 0x00, 0x00,
  0x00, 0x00, 0x00, 0x00, 0x00, 0x00, 0x00, 0x00, 0x00, 0x00, 0x00, 0x00,
  0x00, 0x00, 0x00, 0x00, 0x06, 0x00, 0x5f, 0xf5, 0xd9, 0xdb, 0xda, 0xdd,
  0xe1, 0xea, 0x16, 0x00, 0x02, 0x00, 0x00, 0x00, 0x00, 0x00, 0x00, 0x00,
  0x00, 0x00, 0x00, 0x00, 0x00, 0x00, 0x00, 0x00, 0x00, 0x00, 0x00, 0x00,
  0x01, 0x00, 0x0d, 0xb6, 0xde, 0xd6, 0xd4, 0xd7, 0xd5, 0xda, 0xe3, 0x66,
  0x00, 0x05, 0x00, 0x00, 0x00, 0x00, 0x00, 0xbe, 0xeb, 0xdb, 0xda, 0xdd,
  0xd5, 0xea, 0xca, 0x41, 0x00, 0x02, 0x00, 0x00, 0x00, 0x00, 0x00, 0x00,
  0x00, 0x00, 0x00, 0x00, 0x00, 0x00, 0x00, 0x00, 0x00, 0x00, 0x00, 0x00,
  0x00, 0x00, 0x00, 0x00, 0x00, 0x03, 0x00, 0x24, 0xe3, 0xe9, 0xe0, 0xe1,
  0xe1, 0xe3, 0xe3, 0xdf, 0xdd, 0xde, 0xdb, 0xd9, 0xd8, 0xd6, 0xd6, 0xd6,
  0xd6, 0xd7, 0xd8, 0xda, 0xd8, 0xd7, 0xd6, 0xd8, 0xf4, 0x9c, 0x00, 0x05,
  0x00, 0x00, 0x00, 0x00, 0x00, 0x00, 0x00, 0x00, 0x00, 0x00, 0x00, 0x00,
  0x00, 0x00, 0x00, 0x00, 0x00, 0x00, 0x00, 0x00, 0x00, 0x00, 0x04, 0x00,
  0x32, 0xd3, 0xe5, 0xd5, 0xd9, 0xd8, 0xd8, 0xda, 0xdb, 0xdf, 0xe1, 0xe0,
  0xe0, 0xe2, 0xe3, 0xe7, 0xe9, 0xe9, 0xea, 0xe9, 0xec, 0xe6, 0xde, 0xdf,
  0xe0, 0xdf, 0xe1, 0xe1, 0xe1, 0xed, 0xdc, 0x66, 0x01, 0x00, 0x00, 0x00,
  0x00, 0x00, 0x00, 0x00, 0x00, 0x00, 0x00, 0x00, 0x00, 0x00, 0x00, 0x00,
  0x00, 0x00, 0x00, 0x00, 0x00, 0x00, 0x00, 0x00, 0x00, 0x00, 0x00, 0x00,
  0x00, 0x03, 0x00, 0x6d, 0xe0, 0xe9, 0xdc, 0xe1, 0xdf, 0xde, 0xde, 0xdd,
  0xdc, 0xdd, 0xde, 0xe1, 0xe4, 0x34, 0x00, 0x04, 0x00, 0x00, 0x00, 0x00,
  0x00, 0x00, 0x00, 0x00, 0x00, 0x00, 0x00, 0x00, 0x00, 0x00, 0x00, 0x00,
  0x00, 0x00, 0x00, 0x00, 0x00, 0x00, 0x00, 0x00, 0x00, 0x00, 0x00, 0x00,
  0x00, 0x00, 0x00, 0x00, 0x00, 0x00, 0x00, 0x00, 0x00, 0x00, 0x00, 0x00,
  0x00, 0x00, 0x00, 0x00, 0x00, 0x00, 0x00, 0x00, 0x00, 0x00, 0x00, 0x00,
  0x00, 0x00, 0x00, 0x00, 0x00, 0x00, 0x00, 0x00, 0x00, 0x00, 0x00, 0x00,
  0x00, 0x06, 0x00, 0x74, 0xee, 0xd8, 0xd5, 0xd8, 0xd8, 0xd9, 0xdc, 0xcc,
  0xb6, 0xb7, 0xba, 0xb8, 0xb7, 0xb8, 0xb9, 0xb9, 0xbc, 0xc5, 0xd3, 0xe8,
  0xea, 0xe3, 0xe0, 0xe1, 0xdd, 0xdd, 0xda, 0xdb, 0xf5, 0x8b, 0x00, 0x06,
  0x00, 0x00, 0x00, 0x00, 0x00, 0x00, 0x00, 0x00, 0x00, 0x00, 0x00, 0x00,
  0x00, 0x00, 0x00, 0x00, 0x00, 0x00, 0x00, 0x05, 0x00, 0x6c, 0xe7, 0xe4,
  0xdb, 0xe1, 0xe0, 0xe2, 0xe2, 0xe6, 0xeb, 0xe8, 0xe7, 0xe7, 0xe7, 0xe6,
  0xe7, 0xe7, 0xe5, 0xe5, 0xe6, 0xe9, 0xe8, 0xdb, 0xd6, 0xdc, 0xdd, 0xdd,
  0xdc, 0xd8, 0xe5, 0xeb, 0x79, 0x00, 0x04, 0x00, 0x00, 0x00, 0x00, 0x00,
  0x00, 0x00, 0x00, 0x00, 0x00, 0x00, 0x00, 0x00, 0x00, 0x00, 0x00, 0x00,
  0x00, 0x05, 0x00, 0x7e, 0xee, 0xdf, 0xd5, 0xda, 0xd8, 0xe3, 0xde, 0x7d,
  0x00, 0x00, 0x00, 0x00, 0x00, 0x00, 0x00, 0x00, 0x00, 0x00, 0x00, 0x00,
  0x00, 0x00, 0x00, 0x00, 0x00, 0x00, 0x00, 0x00, 0x00, 0x04, 0x00, 0x3f,
  0xfb, 0xd4, 0xd8, 0xd7, 0xd7, 0xdb, 0xeb, 0x33, 0x00, 0x04, 0x00, 0x00,
  0x00, 0x00, 0x00, 0x00, 0x00, 0x00, 0x00, 0x00, 0x00, 0x00, 0x00, 0x00,
  0x00, 0x00, 0x00, 0x00, 0x00, 0x00, 0x00, 0x00, 0x00, 0x00, 0x00, 0x00,
  0x00, 0x00, 0x00, 0x00, 0x01, 0x00, 0x09, 0x79, 0xdb, 0xd8, 0xd3, 0xd4,
  0xd2, 0xd5, 0xe8, 0x62, 0x00, 0x06, 0x00, 0x00, 0x00, 0x00, 0x00, 0x00,
  0x00, 0x00, 0x00, 0x00, 0x00, 0x00, 0x00, 0x00, 0x00, 0x00, 0x00, 0x00,
  0x00, 0x00, 0x00, 0x06, 0x00, 0x7a, 0xf2, 0xe1, 0xde, 0xde, 0xdc, 0xdc,
  0xdc, 0xdc, 0xdd, 0xdd, 0xdc, 0xdc, 0xdb, 0xdb, 0xdb, 0xda, 0xdb, 0xda,
  0xda, 0xda, 0xda, 0xd8, 0xd5, 0xca, 0xee, 0x3e, 0x00, 0x04, 0x00, 0x00,
  0x00, 0x00, 0x00, 0x00, 0x00, 0x00, 0x00, 0x00, 0x00, 0x00, 0x00, 0x00,
  0x00, 0x00, 0x00, 0x00, 0x00, 0x00, 0x00, 0x5d, 0xda, 0xea, 0xdc, 0xdb,
  0xd8, 0xdf, 0xed, 0x82, 0x00, 0x05, 0x00, 0x00, 0x00, 0x00, 0x00, 0x00,
  0x00, 0x00, 0x00, 0x00, 0x00, 0x00, 0x00, 0x00, 0x00, 0x00, 0x00, 0x00,
  0x00, 0x00, 0x00, 0x00, 0x00, 0x00, 0x00, 0x00, 0x00, 0x00, 0x00, 0x00,
  0x00, 0x00, 0x00, 0x00, 0x00, 0x00, 0x00, 0x00, 0x00, 0x00, 0x00, 0x00,
  0x00, 0x00, 0x00, 0x00, 0x00, 0x00, 0x00, 0x00, 0x00, 0x00, 0x00, 0x00,
  0x00, 0x00, 0x00, 0x02, 0x00, 0xb7, 0xee, 0xd8, 0xd7, 0xd9, 0xde, 0xf0,
  0x9c, 0x00, 0x04, 0x00, 0x00, 0x00, 0x00, 0x00, 0x00, 0x00, 0x00, 0x00,
  0x00, 0x00, 0x00, 0x00, 0x00, 0x00, 0x00, 0x00, 0x05, 0x00, 0x98, 0xf6,
  0xdc, 0xdc, 0xde, 0xdf, 0xe0, 0xdf, 0xde, 0xde, 0xdf, 0xde, 0xdf, 0xe0,
  0xde, 0xdd, 0xde, 0xde, 0xde, 0xdc, 0xda, 0xda, 0xdd, 0xde, 0xdd, 0xd9,
  0xd2, 0xd0, 0xe8, 0xc7, 0x40, 0x00, 0x04, 0x00, 0x00, 0x00, 0x00, 0x00,
  0x00, 0x00, 0x00, 0x00, 0x00, 0x00, 0x00, 0x00, 0x00, 0x00, 0x00, 0x00,
  0x00, 0x00, 0x00, 0x00, 0x06, 0x00, 0x6e, 0xe9, 0xd8, 0xd1, 0xd8, 0xd9,
  0xdc, 0xe0, 0xdf, 0xdc, 0xdc, 0xdc, 0xdc, 0xdc, 0xdc, 0xdd, 0xde, 0xde,
  0xdd, 0xdd, 0xda, 0xd7, 0xd6, 0xd0, 0xe3, 0x8e, 0x16, 0x00, 0x02, 0x00,
  0x00, 0x00, 0x00, 0x00, 0x00, 0x00, 0x00, 0x00, 0x00, 0x00, 0x00, 0x00,
  0x00, 0x00, 0x00, 0x00, 0x00, 0x00, 0x00, 0x00, 0x7e, 0xe2, 0xdd, 0xd5,
  0xd8, 0xd3, 0xe2, 0xda, 0x67, 0x00, 0x03, 0x00, 0x00, 0x00, 0x00, 0x00,
  0x00, 0x00, 0x00, 0x00, 0x00, 0x00, 0x00, 0x00, 0x00, 0x00, 0x00, 0x00,
  0x00, 0x00, 0x00, 0x00, 0x00, 0x00, 0x00, 0x00, 0x00, 0x00, 0x00, 0x00,
  0x00, 0x00, 0x00, 0x00, 0x00, 0x00, 0x00, 0x00, 0x00, 0x00, 0x00, 0x00,
  0x00, 0x00, 0x01, 0x00, 0x58, 0xd7, 0xe6, 0xd9, 0xe0, 0xdd, 0xdf, 0xf0,
  0xaa, 0x00, 0x02, 0x00, 0x00, 0x00, 0x00, 0x00, 0x00, 0x00, 0x00, 0x00,
  0x00, 0x00, 0x00, 0x00, 0x00, 0x00, 0x00, 0x00, 0x00, 0x00, 0x06, 0x00,
  0x60, 0xf5, 0xd9, 0xdb, 0xda, 0xdd, 0xe2, 0xea, 0x16, 0x00, 0x02, 0x00,
  0x00, 0x00, 0x00, 0x00, 0x00, 0x00, 0x00, 0x00, 0x00, 0x00, 0x00, 0x00,
  0x00, 0x00, 0x00, 0x00, 0x00, 0x00, 0x00, 0x00, 0x07, 0x82, 0xd7, 0xdb,
  0xd7, 0xd7, 0xd8, 0xd0, 0xf8, 0x81, 0x00, 0x07, 0x00, 0x00, 0x00, 0x00,
  0x81, 0xdd, 0xe2, 0xdb, 0xdd, 0xdd, 0xdc, 0xf2, 0x90, 0x00, 0x05, 0x00,
  0x00, 0x00, 0x00, 0x00, 0x00, 0x00, 0x00, 0x00, 0x00, 0x00, 0x00, 0x00,
  0x00, 0x00, 0x00, 0x00, 0x00, 0x00, 0x00, 0x00, 0x00, 0x00, 0x00, 0x03,
  0x00, 0x24, 0xe4, 0xe9, 0xe0, 0xe0, 0xe0, 0xe3, 0xe4, 0xe1, 0xde, 0xdd,
  0xdc, 0xda, 0xd8, 0xd6, 0xd5, 0xd5, 0xd5, 0xd7, 0xda, 0xdb, 0xdb, 0xda,
  0xd8, 0xd9, 0xf4, 0x9b, 0x00, 0x05, 0x00, 0x00, 0x00, 0x00, 0x00, 0x00,
  0x00, 0x00, 0x00, 0x00, 0x00, 0x00, 0x00, 0x00, 0x00, 0x00, 0x00, 0x00,
  0x00, 0x00, 0x00, 0x00, 0x04, 0x00, 0x31, 0xd0, 0xe4, 0xd3, 0xd8, 0xd8,
  0xd8, 0xda, 0xd8, 0xd9, 0xdb, 0xdd, 0xdd, 0xdd, 0xde, 0xdd, 0xdd, 0xdd,
  0xde, 0xda, 0xd8, 0xdc, 0xe1, 0xe1, 0xdf, 0xdf, 0xde, 0xe0, 0xec, 0xe7,
  0x8a, 0x00, 0x00, 0x00, 0x00, 0x00, 0x00, 0x00, 0x00, 0x00, 0x00, 0x00,
  0x00, 0x00, 0x00, 0x00, 0x00, 0x00, 0x00, 0x00, 0x00, 0x00, 0x00, 0x00,
  0x00, 0x00, 0x00, 0x00, 0x00, 0x00, 0x00, 0x00, 0x05, 0x00, 0x91, 0xf7,
  0xe0, 0xdd, 0xde, 0xde, 0xe0, 0xde, 0xdc, 0xdc, 0xdd, 0xef, 0x96, 0x16,
  0x00, 0x02, 0x00, 0x00, 0x00, 0x00, 0x00, 0x00, 0x00, 0x00, 0x00, 0x00,
  0x00, 0x00, 0x00, 0x00, 0x00, 0x00, 0x00, 0x00, 0x00, 0x00, 0x00, 0x00,
  0x00, 0x00, 0x00, 0x00, 0x00, 0x00, 0x00, 0x00, 0x00, 0x00, 0x00, 0x00,
  0x00, 0x00, 0x00, 0x00, 0x00, 0x00, 0x00, 0x00, 0x00, 0x00, 0x00, 0x00,
  0x00, 0x00, 0x00, 0x00, 0x00, 0x00, 0x00, 0x00, 0x00, 0x00, 0x00, 0x00,
  0x00, 0x00, 0x00, 0x00, 0x00, 0x00, 0x00, 0x06, 0x00, 0x74, 0xee, 0xd8,
  0xd5, 0xd7, 0xd7, 0xd9, 0xdb, 0xe3, 0xe6, 0xe7, 0xe9, 0xe9, 0xe9, 0xe9,
  0xe9, 0xe7, 0xe6, 0xe7, 0xe4, 0xdf, 0xda, 0xdc, 0xdf, 0xdd, 0xdb, 0xd8,
  0xd3, 0xea, 0xd6, 0x54, 0x00, 0x04, 0x00, 0x00, 0x00, 0x00, 0x00, 0x00,
  0x00, 0x00, 0x00, 0x00, 0x00, 0x00, 0x00, 0x00, 0x00, 0x00, 0x00, 0x00,
  0x00, 0x05, 0x00, 0x6c, 0xe8, 0xe7, 0xdc, 0xe1, 0xe1, 0xe3, 0xe2, 0xdf,
  0xde, 0xdd, 0xdc, 0xdb, 0xd9, 0xd8, 0xd8, 0xd8, 0xd9, 0xd9, 0xda, 0xda,
  0xd7, 0xd8, 0xd8, 0xda, 0xde, 0xde, 0xd7, 0xda, 0xfa, 0x87, 0x00, 0x06,
  0x00, 0x00, 0x00, 0x00, 0x00, 0x00, 0x00, 0x00, 0x00, 0x00, 0x00, 0x00,
  0x00, 0x00, 0x00, 0x00, 0x00, 0x00, 0x00, 0x05, 0x00, 0x7b, 0xec, 0xe0,
  0xd5, 0xda, 0xd9, 0xe2, 0xdd, 0x7a, 0x00, 0x00, 0x00, 0x00, 0x00, 0x00,
  0x00, 0x00, 0x00, 0x00, 0x00, 0x00, 0x00, 0x00, 0x00, 0x00, 0x00, 0x00,
  0x00, 0x00, 0x00, 0x04, 0x00, 0x3f, 0xfb, 0xd4, 0xd9, 0xd7, 0xd7, 0xdc,
  0xeb, 0x32, 0x00, 0x04, 0x00, 0x00, 0x00, 0x00, 0x00, 0x00, 0x00, 0x00,
  0x00, 0x00, 0x00, 0x00, 0x00, 0x00, 0x00, 0x00, 0x00, 0x00, 0x00, 0x00,
  0x00, 0x00, 0x00, 0x00, 0x00, 0x00, 0x00, 0x00, 0x00, 0x00, 0x01, 0x00,
  0x09, 0x79, 0xd9, 0xd7, 0xd3, 0xd5, 0xd5, 0xd7, 0xeb, 0x64, 0x00, 0x06,
  0x00, 0x00, 0x00, 0x00, 0x00, 0x00, 0x00, 0x00, 0x00, 0x00, 0x00, 0x00,
  0x00, 0x00, 0x00, 0x00, 0x00, 0x00, 0x00, 0x00, 0x00, 0x06, 0x00, 0x79,
  0xf2, 0xe1, 0xdd, 0xdf, 0xde, 0xdd, 0xdb, 0xdc, 0xdc, 0xdd, 0xdb, 0xdc,
  0xdb, 0xdb, 0xdb, 0xdc, 0xdc, 0xdb, 0xda, 0xda, 0xd8, 0xd8, 0xd6, 0xca,
  0xee, 0x3e, 0x00, 0x04, 0x00, 0x00, 0x00, 0x00, 0x00, 0x00, 0x00, 0x00,
  0x00, 0x00, 0x00, 0x00, 0x00, 0x00, 0x00, 0x00, 0x00, 0x00, 0x00, 0x00,
  0x00, 0x5e, 0xda, 0xea, 0xdc, 0xdb, 0xd8, 0xde, 0xec, 0x81, 0x00, 0x05,
  0x00, 0x00, 0x00, 0x00, 0x00, 0x00, 0x00, 0x00, 0x00, 0x00, 0x00, 0x00,
  0x00, 0x00, 0x00, 0x00, 0x00, 0x00, 0x00, 0x00, 0x00, 0x00, 0x00, 0x00,
  0x00, 0x00, 0x00, 0x00, 0x00, 0x00, 0x00, 0x00, 0x00, 0x00, 0x00, 0x00,
  0x00, 0x00, 0x00, 0x00, 0x00, 0x00, 0x00, 0x00, 0x00, 0x00, 0x00, 0x00,
  0x00, 0x00, 0x00, 0x00, 0x00, 0x00, 0x00, 0x00, 0x00, 0x02, 0x00, 0xb8,
  0xee, 0xd8, 0xd7, 0xd9, 0xde, 0xf0, 0x9b, 0x00, 0x04, 0x00, 0x00, 0x00,
  0x00, 0x00, 0x00, 0x00, 0x00, 0x00, 0x00, 0x00, 0x00, 0x00, 0x00, 0x00,
  0x00, 0x00, 0x05, 0x00, 0x99, 0xf8, 0xdc, 0xdc, 0xde, 0xde, 0xdd, 0xdc,
  0xdb, 0xd9, 0xd8, 0xd8, 0xd9, 0xd9, 0xd8, 0xd6, 0xd6, 0xd6, 0xd7, 0xd8,
  0xda, 0xdb, 0xdc, 0xdf, 0xdd, 0xd8, 0xd7, 0xe5, 0xde, 0x52, 0x00, 0x04,
  0x00, 0x00, 0x00, 0x00, 0x00, 0x00, 0x00, 0x00, 0x00, 0x00, 0x00, 0x00,
  0x00, 0x00, 0x00, 0x00, 0x00, 0x00, 0x00, 0x00, 0x00, 0x00, 0x06, 0x00,
  0x6e, 0xea, 0xd8, 0xd2, 0xd7, 0xd9, 0xdd, 0xe1, 0xe8, 0xed, 0xec, 0xec,
  0xec, 0xec, 0xec, 0xec, 0xec, 0xec, 0xec, 0xec, 0xeb, 0xe7, 0xe4, 0xe7,
  0xf0, 0x99, 0x19, 0x00, 0x02, 0x00, 0x00, 0x00, 0x00, 0x00, 0x00, 0x00,
  0x00, 0x00, 0x00, 0x00, 0x00, 0x00, 0x00, 0x00, 0x00, 0x00, 0x00, 0x00,
  0x00, 0x00, 0x78, 0xe1, 0xdd, 0xd5, 0xd9, 0xd3, 0xe0, 0xde, 0x6f, 0x00,
  0x04, 0x00, 0x00, 0x00, 0x00, 0x00, 0x00, 0x00, 0x00, 0x00, 0x00, 0x00,
  0x00, 0x00, 0x00, 0x00, 0x00, 0x00, 0x00, 0x00, 0x00, 0x00, 0x00, 0x00,
  0x00, 0x00, 0x00, 0x00, 0x00, 0x00, 0x00, 0x00, 0x00, 0x00, 0x00, 0x00,
  0x00, 0x00, 0x00, 0x00, 0x00, 0x00, 0x00, 0x00, 0x01, 0x00, 0x56, 0xd7,
  0xe9, 0xdb, 0xdf, 0xdc, 0xde, 0xf0, 0xae, 0x00, 0x02, 0x00, 0x00, 0x00,
  0x00, 0x00, 0x00, 0x00, 0x00, 0x00, 0x00, 0x00, 0x00, 0x00, 0x00, 0x00,
  0x00, 0x00, 0x00, 0x00, 0x06, 0x00, 0x61, 0xf7, 0xd6, 0xda, 0xda, 0xdd,
  0xe3, 0xe9, 0x16, 0x00, 0x02, 0x00, 0x00, 0x00, 0x00, 0x00, 0x00, 0x00,
  0x00, 0x00, 0x00, 0x00, 0x00, 0x00, 0x00, 0x00, 0x00, 0x00, 0x00, 0x00,
  0x00, 0x00, 0x00, 0x0d, 0xc7, 0xe2, 0xdb, 0xd9, 0xda, 0xd4, 0xe8, 0xca,
  0x49, 0x00, 0x03, 0x00, 0x00, 0x04, 0xb3, 0xe6, 0xde, 0xda, 0xdc, 0xd8,
  0xe7, 0xde, 0x64, 0x00, 0x04, 0x00, 0x00, 0x00, 0x00, 0x00, 0x00, 0x00,
  0x00, 0x00, 0x00, 0x00, 0x00, 0x00, 0x00, 0x00, 0x00, 0x00, 0x00, 0x00,
  0x00, 0x00, 0x00, 0x00, 0x00, 0x03, 0x00, 0x24, 0xe2, 0xe8, 0xdf, 0xdf,
  0xdf, 0xe3, 0xe6, 0xe9, 0xec, 0xed, 0xeb, 0xea, 0xea, 0xe9, 0xe9, 0xe9,
  0xe9, 0xea, 0xeb, 0xec, 0xeb, 0xeb, 0xe9, 0xe6, 0xff, 0xa3, 0x00, 0x05,
  0x00, 0x00, 0x00, 0x00, 0x00, 0x00, 0x00, 0x00, 0x00, 0x00, 0x00, 0x00,
  0x00, 0x00, 0x00, 0x00, 0x00, 0x00, 0x00, 0x00, 0x00, 0x00, 0x04, 0x00,
  0x30, 0xce, 0xe3, 0xd2, 0xd8, 0xd8, 0xd7, 0xd9, 0xd7, 0xd5, 0xd6, 0xd9,
  0xda, 0xd9, 0xda, 0xd9, 0xd9, 0xda, 0xdb, 0xdb, 0xdc, 0xde, 0xe0, 0xe1,
  0xe2, 0xdf, 0xdf, 0xee, 0xeb, 0x8a, 0x00, 0x01, 0x00, 0x00, 0x00, 0x00,
  0x00, 0x00, 0x00, 0x00, 0x00, 0x00, 0x00, 0x00, 0x00, 0x00, 0x00, 0x00,
  0x00, 0x00, 0x00, 0x00, 0x00, 0x00, 0x00, 0x00, 0x00, 0x00, 0x00, 0x00,
  0x00, 0x00, 0x00, 0x04, 0x00, 0x93, 0xfa, 0xd6, 0xdc, 0xdc, 0xdf, 0xdd,
  0xdc, 0xdd, 0xe5, 0xdd, 0x2b, 0x00, 0x02, 0x00, 0x00, 0x00, 0x00, 0x00,
  0x00, 0x00, 0x00, 0x00, 0x00, 0x00, 0x00, 0x00, 0x00, 0x00, 0x00, 0x00,
  0x00, 0x00, 0x00, 0x00, 0x00, 0x00, 0x00, 0x00, 0x00, 0x00, 0x00, 0x00,
  0x00, 0x00, 0x00, 0x00, 0x00, 0x00, 0x00, 0x00, 0x00, 0x00, 0x00, 0x00,
  0x00, 0x00, 0x00, 0x00, 0x00, 0x00, 0x00, 0x00, 0x00, 0x00, 0x00, 0x00,
  0x00, 0x00, 0x00, 0x00, 0x00, 0x00, 0x00, 0x00, 0x00, 0x00, 0x00, 0x00,
  0x00, 0x06, 0x00, 0x74, 0xef, 0xd9, 0xd5, 0xd7, 0xd7, 0xd9, 0xdb, 0xda,
  0xd8, 0xd9, 0xd9, 0xda, 0xda, 0xd9, 0xd8, 0xd7, 0xd6, 0xd6, 0xd6, 0xd7,
  0xd9, 0xda, 0xdb, 0xda, 0xd7, 0xcd, 0xdf, 0xf1, 0x73, 0x00, 0x05, 0x00,
  0x00, 0x00, 0x00, 0x00, 0x00, 0x00, 0x00, 0x00, 0x00, 0x00, 0x00, 0x00,
  0x00, 0x00, 0x00, 0x00, 0x00, 0x00, 0x00, 0x05, 0x00, 0x6b, 0xe7, 0xe7,
  0xdc, 0xe1, 0xe1, 0xe3, 0xe2, 0xde, 0xda, 0xd9, 0xd6, 0xd5, 0xd2, 0xd1,
  0xd3, 0xd5, 0xd6, 0xd6, 0xd7, 0xd8, 0xd9, 0xda, 0xd9, 0xdc, 0xdb, 0xdb,
  0xdf, 0xfe, 0x80, 0x00, 0x04, 0x00, 0x00, 0x00, 0x00, 0x00, 0x00, 0x00,
  0x00, 0x00, 0x00, 0x00, 0x00, 0x00, 0x00, 0x00, 0x00, 0x00, 0x00, 0x00,
  0x00, 0x04, 0x00, 0x70, 0xe5, 0xe3, 0xd6, 0xda, 0xd8, 0xe3, 0xdf, 0x83,
  0x00, 0x00, 0x00, 0x00, 0x00, 0x00, 0x00, 0x00, 0x00, 0x00, 0x00, 0x00,
  0x00, 0x00, 0x00, 0x00, 0x00, 0x00, 0x00, 0x00, 0x02, 0x00, 0x18, 0x96,
  0xee, 0xd6, 0xd9, 0xd7, 0xd8, 0xde, 0xe8, 0x31, 0x00, 0x04, 0x00, 0x00,
  0x00, 0x00, 0x00, 0x00, 0x00, 0x00, 0x00, 0x00, 0x00, 0x00, 0x00, 0x00,
  0x00, 0x00, 0x00, 0x00, 0x00, 0x00, 0x00, 0x00, 0x00, 0x00, 0x00, 0x00,
  0x00, 0x00, 0x00, 0x00, 0x01, 0x00, 0x09, 0x7a, 0xd9, 0xd7, 0xd4, 0xd6,
  0xd6, 0xd9, 0xed, 0x65, 0x00, 0x06, 0x00, 0x00, 0x00, 0x00, 0x00, 0x00,
  0x00, 0x00, 0x00, 0x00, 0x00, 0x00, 0x00, 0x00, 0x00, 0x00, 0x00, 0x00,
  0x00, 0x00, 0x00, 0x06, 0x00, 0x78, 0xf1, 0xe0, 0xdb, 0xde, 0xdd, 0xdc,
  0xdd, 0xe7, 0xed, 0xed, 0xec, 0xec, 0xec, 0xeb, 0xec, 0xed, 0xec, 0xeb,
  0xeb, 0xeb, 0xea, 0xe9, 0xe8, 0xdc, 0xfe, 0x41, 0x00, 0x05, 0x00, 0x00,
  0x00, 0x00, 0x00, 0x00, 0x00, 0x00, 0x00, 0x00, 0x00, 0x00, 0x00, 0x00,
  0x00, 0x00, 0x00, 0x00, 0x00, 0x00, 0x00, 0x00, 0xcb, 0xef, 0xdd, 0xdc,
  0xd8, 0xde, 0xee, 0x87, 0x00, 0x05, 0x00, 0x00, 0x00, 0x00, 0x00, 0x00,
  0x00, 0x00, 0x00, 0x00, 0x00, 0x00, 0x00, 0x00, 0x00, 0x00, 0x00, 0x00,
  0x00, 0x00, 0x00, 0x00, 0x00, 0x00, 0x00, 0x00, 0x00, 0x00, 0x00, 0x00,
  0x00, 0x00, 0x00, 0x00, 0x00, 0x00, 0x00, 0x00, 0x00, 0x00, 0x00, 0x00,
  0x00, 0x00, 0x00, 0x00, 0x00, 0x00, 0x00, 0x00, 0x00, 0x00, 0x00, 0x00,
  0x00, 0x00, 0x00, 0x02, 0x00, 0xb8, 0xef, 0xd9, 0xd9, 0xd9, 0xdd, 0xf0,
  0x9a, 0x00, 0x04, 0x00, 0x00, 0x00, 0x00, 0x00, 0x00, 0x00, 0x00, 0x00,
  0x00, 0x00, 0x00, 0x00, 0x00, 0x00, 0x00, 0x00, 0x05, 0x00, 0x9b, 0xf8,
  0xdc, 0xdc, 0xde, 0xde, 0xdd, 0xd8, 0xd2, 0xd0, 0xd0, 0xd0, 0xd1, 0xcf,
  0xcd, 0xcf, 0xd4, 0xd6, 0xd7, 0xd9, 0xda, 0xdc, 0xdf, 0xdf, 0xe5, 0xe4,
  0xec, 0xd1, 0x4b, 0x00, 0x01, 0x00, 0x00, 0x00, 0x00, 0x00, 0x00, 0x00,
  0x00, 0x00, 0x00, 0x00, 0x00, 0x00, 0x00, 0x00, 0x00, 0x00, 0x00, 0x00,
  0x00, 0x00, 0x00, 0x00, 0x06, 0x00, 0x6f, 0xec, 0xda, 0xd3, 0xd9, 0xd9,
  0xdf, 0xdb, 0xb5, 0x97, 0x9d, 0x9d, 0x9a, 0x99, 0x99, 0x98, 0x96, 0x96,
  0x94, 0x90, 0x8c, 0x87, 0x85, 0x23, 0x7a, 0x34, 0x00, 0x00, 0x00, 0x00,
  0x00, 0x00, 0x00, 0x00, 0x00, 0x00, 0x00, 0x00, 0x00, 0x00, 0x00, 0x00,
  0x00, 0x00, 0x00, 0x00, 0x00, 0x00, 0x00, 0x00, 0x6c, 0xde, 0xde, 0xd6,
  0xda, 0xd6, 0xde, 0xe6, 0x7f, 0x00, 0x04, 0x00, 0x00, 0x00, 0x00, 0x00,
  0x00, 0x00, 0x00, 0x00, 0x00, 0x00, 0x00, 0x00, 0x00, 0x00, 0x00, 0x00,
  0x00, 0x00, 0x00, 0x00, 0x00, 0x00, 0x00, 0x00, 0x00, 0x00, 0x00, 0x00,
  0x00, 0x00, 0x00, 0x00, 0x00, 0x00, 0x00, 0x00, 0x00, 0x00, 0x00, 0x00,
  0x00, 0x00, 0x00, 0x03, 0x00, 0xb9, 0xf4, 0xdb, 0xdf, 0xdc, 0xdd, 0xf0,
  0xb3, 0x00, 0x02, 0x00, 0x00, 0x00, 0x00, 0x00, 0x00, 0x00, 0x00, 0x00,
  0x00, 0x00, 0x00, 0x00, 0x00, 0x00, 0x00, 0x00, 0x00, 0x02, 0x00, 0x20,
  0x9f, 0xea, 0xd6, 0xd9, 0xd9, 0xdd, 0xe4, 0xe8, 0x16, 0x00, 0x02, 0x00,
  0x00, 0x00, 0x00, 0x00, 0x00, 0x00, 0x00, 0x00, 0x00, 0x00, 0x00, 0x00,
  0x00, 0x00, 0x00, 0x00, 0x00, 0x00, 0x00, 0x00, 0x00, 0x03, 0xab, 0xe2,
  0xdf, 0xdc, 0xdb, 0xda, 0xdd, 0xf0, 0x83, 0x00, 0x06, 0x00, 0x00, 0x01,
  0xc7, 0xe7, 0xdb, 0xd8, 0xd8, 0xd5, 0xf8, 0x92, 0x00, 0x04, 0x00, 0x00,
  0x00, 0x00, 0x00, 0x00, 0x00, 0x00, 0x00, 0x00, 0x00, 0x00, 0x00, 0x00,
  0x00, 0x00, 0x00, 0x00, 0x00, 0x00, 0x00, 0x00, 0x00, 0x00, 0x00, 0x03,
  0x00, 0x23, 0xde, 0xe7, 0xdc, 0xdc, 0xdd, 0xe3, 0xe3, 0xc2, 0x9d, 0x98,
  0x9e, 0x9b, 0x99, 0x96, 0x94, 0x93, 0x93, 0x94, 0x95, 0x97, 0x96, 0x96,
  0x94, 0x90, 0xa2, 0x68, 0x00, 0x03, 0x00, 0x00, 0x00, 0x00, 0x00, 0x00,
  0x00, 0x00, 0x00, 0x00, 0x00, 0x00, 0x00, 0x00, 0x00, 0x00, 0x00, 0x00,
  0x00, 0x00, 0x00, 0x00, 0x04, 0x00, 0x30, 0xce, 0xe3, 0xd1, 0xd7, 0xd8,
  0xd8, 0xd8, 0xd6, 0xd3, 0xd5, 0xd7, 0xd8, 0xd8, 0xd7, 0xd7, 0xd9, 0xdc,
  0xdf, 0xe0, 0xe1, 0xe1, 0xdf, 0xe2, 0xe6, 0xe9, 0xf1, 0xda, 0x70, 0x07,
  0x01, 0x00, 0x00, 0x00, 0x00, 0x00, 0x00, 0x00, 0x00, 0x00, 0x00, 0x00,
  0x00, 0x00, 0x00, 0x00, 0x00, 0x00, 0x00, 0x00, 0x00, 0x00, 0x00, 0x00,
  0x00, 0x00, 0x00, 0x00, 0x00, 0x00, 0x00, 0x00, 0x00, 0x05, 0x00, 0x49,
  0xc7, 0xe4, 0xd8, 0xda, 0xdc, 0xdc, 0xdd, 0xe0, 0xd2, 0x31, 0x00, 0x00,
  0x00, 0x00, 0x00, 0x00, 0x00, 0x00, 0x00, 0x00, 0x00, 0x00, 0x00, 0x00,
  0x00, 0x00, 0x00, 0x00, 0x00, 0x00, 0x00, 0x00, 0x00, 0x00, 0x00, 0x00,
  0x00, 0x00, 0x00, 0x00, 0x00, 0x00, 0x00, 0x00, 0x00, 0x00, 0x00, 0x00,
  0x00, 0x00, 0x00, 0x00, 0x00, 0x00, 0x00, 0x00, 0x00, 0x00, 0x00, 0x00,
  0x00, 0x00, 0x00, 0x00, 0x00, 0x00, 0x00, 0x00, 0x00, 0x00, 0x00, 0x00,
  0x00, 0x00, 0x00, 0x00, 0x00, 0x00, 0x00, 0x06, 0x00, 0x75, 0xf0, 0xda,
  0xd5, 0xd8, 0xd9, 0xda, 0xdb, 0xdb, 0xd8, 0xd8, 0xd7, 0xd8, 0xd8, 0xd7,
  0xd7, 0xd7, 0xd6, 0xd6, 0xd6, 0xd7, 0xd5, 0xd3, 0xd0, 0xd0, 0xd7, 0xe3,
  0xed, 0x70, 0x00, 0x02, 0x00, 0x00, 0x00, 0x00, 0x00, 0x00, 0x00, 0x00,
  0x00, 0x00, 0x00, 0x00, 0x00, 0x00, 0x00, 0x00, 0x00, 0x00, 0x00, 0x00,
  0x00, 0x05, 0x00, 0x6b, 0xe7, 0xe7, 0xdd, 0xe2, 0xe0, 0xe2, 0xe3, 0xde,
  0xd6, 0xd2, 0xcf, 0xcc, 0xca, 0xca, 0xca, 0xce, 0xd4, 0xd6, 0xd6, 0xd6,
  0xd8, 0xdb, 0xdd, 0xdd, 0xe3, 0xe9, 0xe8, 0x6a, 0x00, 0x01, 0x01, 0x00,
  0x00, 0x00, 0x00, 0x00, 0x00, 0x00, 0x00, 0x00, 0x00, 0x00, 0x00, 0x00,
  0x00, 0x00, 0x00, 0x00, 0x00, 0x00, 0x00, 0x04, 0x00, 0x5d, 0xdc, 0xe7,
  0xd4, 0xdb, 0xd8, 0xe0, 0xe3, 0x9a, 0x00, 0x00, 0x00, 0x00, 0x00, 0x00,
  0x00, 0x00, 0x00, 0x00, 0x00, 0x00, 0x00, 0x00, 0x00, 0x00, 0x00, 0x00,
  0x00, 0x00, 0x03, 0x00, 0x2e, 0xbe, 0xe8, 0xd6, 0xda, 0xd8, 0xd9, 0xe0,
  0xe0, 0x2e, 0x00, 0x03, 0x00, 0x00, 0x00, 0x00, 0x00, 0x00, 0x00, 0x00,
  0x00, 0x00, 0x00, 0x00, 0x00, 0x00, 0x00, 0x00, 0x00, 0x00, 0x00, 0x00,
  0x00, 0x00, 0x00, 0x00, 0x00, 0x00, 0x00, 0x00, 0x00, 0x00, 0x01, 0x00,
  0x09, 0x7c, 0xd9, 0xd7, 0xd4, 0xd7, 0xd7, 0xdb, 0xef, 0x65, 0x00, 0x06,
  0x00, 0x00, 0x00, 0x00, 0x00, 0x00, 0x00, 0x00, 0x00, 0x00, 0x00, 0x00,
  0x00, 0x00, 0x00, 0x00, 0x00, 0x00, 0x00, 0x00, 0x00, 0x06, 0x00, 0x77,
  0xef, 0xdf, 0xda, 0xdc, 0xda, 0xdd, 0xdf, 0xb9, 0x96, 0x9c, 0xa2, 0xa0,
  0x9d, 0x9d, 0x9f, 0x9f, 0xa0, 0xa0, 0xa0, 0x9d, 0x9b, 0x97, 0x93, 0x84,
  0x9b, 0x28, 0x00, 0x03, 0x00, 0x00, 0x00, 0x00, 0x00, 0x00, 0x00, 0x00,
  0x00, 0x00, 0x00, 0x00, 0x00, 0x00, 0x00, 0x00, 0x00, 0x00, 0x00, 0x00,
  0x00, 0x00, 0xc3, 0xf0, 0xdd, 0xdc, 0xd9, 0xda, 0xf4, 0x92, 0x00, 0x05,
  0x00, 0x00, 0x00, 0x00, 0x00, 0x00, 0x00, 0x00, 0x00, 0x00, 0x00, 0x00,
  0x00, 0x00, 0x00, 0x00, 0x00, 0x00, 0x00, 0x00, 0x00, 0x00, 0x00, 0x00,
  0x00, 0x00, 0x00, 0x00, 0x00, 0x00, 0x00, 0x00, 0x00, 0x00, 0x00, 0x00,
  0x00, 0x00, 0x00, 0x00, 0x00, 0x00, 0x00, 0x00, 0x00, 0x00, 0x00, 0x00,
  0x00, 0x00, 0x00, 0x00, 0x00, 0x00, 0x00, 0x00, 0x00, 0x02, 0x00, 0xb8,
  0xef, 0xd9, 0xd9, 0xd8, 0xdb, 0xef, 0x9a, 0x00, 0x04, 0x00, 0x00, 0x00,
  0x00, 0x00, 0x00, 0x00, 0x00, 0x00, 0x00, 0x00, 0x00, 0x00, 0x00, 0x00,
  0x00, 0x00, 0x05, 0x00, 0x9c, 0xf9, 0xdc, 0xdc, 0xde, 0xdf, 0xde, 0xe1,
  0xe6, 0xe5, 0xe3, 0xe3, 0xe2, 0xe1, 0xe3, 0xdb, 0xd3, 0xd6, 0xd8, 0xd8,
  0xda, 0xdd, 0xe0, 0xe1, 0xd3, 0xbf, 0x4b, 0x1e, 0x0a, 0x00, 0x01, 0x00,
  0x00, 0x00, 0x00, 0x00, 0x00, 0x00, 0x00, 0x00, 0x00, 0x00, 0x00, 0x00,
  0x00, 0x00, 0x00, 0x00, 0x00, 0x00, 0x00, 0x00, 0x00, 0x00, 0x06, 0x00,
  0x70, 0xee, 0xdb, 0xd4, 0xd9, 0xd8, 0xe4, 0xcd, 0x22, 0x12, 0x18, 0x17,
  0x16, 0x16, 0x16, 0x16, 0x15, 0x15, 0x15, 0x13, 0x12, 0x11, 0x10, 0x00,
  0x0e, 0x04, 0x00, 0x00, 0x00, 0x00, 0x00, 0x00, 0x00, 0x00, 0x00, 0x00,
  0x00, 0x00, 0x00, 0x00, 0x00, 0x00, 0x00, 0x00, 0x00, 0x00, 0x00, 0x00,
  0x00, 0x00, 0x63, 0xda, 0xe0, 0xd6, 0xdb, 0xd8, 0xda, 0xee, 0x90, 0x00,
  0x05, 0x00, 0x00, 0x00, 0x00, 0x00, 0x00, 0x00, 0x00, 0x00, 0x00, 0x00,
  0x00, 0x00, 0x00, 0x00, 0x00, 0x00, 0x00, 0x00, 0x00, 0x00, 0x00, 0x00,
  0x00, 0x00, 0x00, 0x00, 0x00, 0x00, 0x00, 0x00, 0x00, 0x00, 0x00, 0x00,
  0x00, 0x00, 0x00, 0x00, 0x00, 0x00, 0x00, 0x00, 0x00, 0x04, 0x00, 0xb2,
  0xf5, 0xdb, 0xe0, 0xdd, 0xdd, 0xe8, 0xcb, 0x46, 0x00, 0x00, 0x00, 0x00,
  0x00, 0x00, 0x00, 0x00, 0x00, 0x00, 0x00, 0x00, 0x00, 0x00, 0x00, 0x00,
  0x00, 0x00, 0x00, 0x04, 0x00, 0x4e, 0xca, 0xde, 0xd7, 0xd9, 0xd9, 0xdd,
  0xe6, 0xdc, 0x14, 0x00, 0x01, 0x00, 0x00, 0x00, 0x00, 0x00, 0x00, 0x00,
  0x00, 0x00, 0x00, 0x00, 0x00, 0x00, 0x00, 0x00, 0x00, 0x00, 0x00, 0x00,
  0x00, 0x00, 0x00, 0x03, 0x7f, 0xdb, 0xe4, 0xde, 0xdd, 0xdf, 0xdb, 0xf0,
  0xb8, 0x26, 0x00, 0x00, 0x08, 0x78, 0xdc, 0xde, 0xd8, 0xd8, 0xd4, 0xdb,
  0xf0, 0x75, 0x00, 0x06, 0x00, 0x00, 0x00, 0x00, 0x00, 0x00, 0x00, 0x00,
  0x00, 0x00, 0x00, 0x00, 0x00, 0x00, 0x00, 0x00, 0x00, 0x00, 0x00, 0x00,
  0x00, 0x00, 0x00, 0x00, 0x00, 0x03, 0x00, 0x23, 0xdc, 0xe6, 0xda, 0xda,
  0xd9, 0xe4, 0xdf, 0x53, 0x09, 0x1a, 0x18, 0x17, 0x16, 0x15, 0x15, 0x14,
  0x14, 0x15, 0x15, 0x15, 0x15, 0x15, 0x15, 0x14, 0x17, 0x0f, 0x00, 0x00,
  0x00, 0x00, 0x00, 0x00, 0x00, 0x00, 0x00, 0x00, 0x00, 0x00, 0x00, 0x00,
  0x00, 0x00, 0x00, 0x00, 0x00, 0x00, 0x00, 0x00, 0x00, 0x00, 0x04, 0x00,
  0x30, 0xcd, 0xe2, 0xd1, 0xd7, 0xd7, 0xd8, 0xda, 0xdd, 0xe6, 0xe9, 0xe7,
  0xe6, 0xe6, 0xe6, 0xe5, 0xe1, 0xdf, 0xe2, 0xe2, 0xe3, 0xe1, 0xdf, 0xe2,
  0xdf, 0xde, 0x85, 0x1a, 0x12, 0x00, 0x01, 0x00, 0x00, 0x00, 0x00, 0x00,
  0x00, 0x00, 0x00, 0x00, 0x00, 0x00, 0x00, 0x00, 0x00, 0x00, 0x00, 0x00,
  0x00, 0x00, 0x00, 0x00, 0x00, 0x00, 0x00, 0x00, 0x00, 0x00, 0x00, 0x00,
  0x00, 0x00, 0x00, 0x00, 0x05, 0x00, 0x76, 0xee, 0xd6, 0xd8, 0xda, 0xdb,
  0xdf, 0xe0, 0x9f, 0x0e, 0x00, 0x01, 0x00, 0x00, 0x00, 0x00, 0x00, 0x00,
  0x00, 0x00, 0x00, 0x00, 0x00, 0x00, 0x00, 0x00, 0x00, 0x00, 0x00, 0x00,
  0x00, 0x00, 0x00, 0x00, 0x00, 0x00, 0x00, 0x00, 0x00, 0x00, 0x00, 0x00,
  0x00, 0x00, 0x00, 0x00, 0x00, 0x00, 0x00, 0x00, 0x00, 0x00, 0x00, 0x00,
  0x00, 0x00, 0x00, 0x00, 0x00, 0x00, 0x00, 0x00, 0x00, 0x00, 0x00, 0x00,
  0x00, 0x00, 0x00, 0x00, 0x00, 0x00, 0x00, 0x00, 0x00, 0x00, 0x00, 0x00,
  0x00, 0x06, 0x00, 0x75, 0xf1, 0xda, 0xd6, 0xd9, 0xd8, 0xda, 0xdb, 0xd7,
  0xd0, 0xd0, 0xcf, 0xd0, 0xd0, 0xcf, 0xcf, 0xd0, 0xd1, 0xd0, 0xd0, 0xd0,
  0xd3, 0xd7, 0xde, 0xe4, 0xeb, 0xd5, 0x5e, 0x04, 0x00, 0x02, 0x00, 0x00,
  0x00, 0x00, 0x00, 0x00, 0x00, 0x00, 0x00, 0x00, 0x00, 0x00, 0x00, 0x00,
  0x00, 0x00, 0x00, 0x00, 0x00, 0x00, 0x00, 0x05, 0x00, 0x6a, 0xe7, 0xe7,
  0xdc, 0xe1, 0xdf, 0xe2, 0xe1, 0xe1, 0xe5, 0xe5, 0xe1, 0xdb, 0xd9, 0xda,
  0xdb, 0xd8, 0xd3, 0xd3, 0xd6, 0xd5, 0xd7, 0xda, 0xdd, 0xde, 0xd6, 0xb6,
  0x4f, 0x05, 0x00, 0x02, 0x00, 0x00, 0x00, 0x00, 0x00, 0x00, 0x00, 0x00,
  0x00, 0x00, 0x00, 0x00, 0x00, 0x00, 0x00, 0x00, 0x00, 0x00, 0x00, 0x00,
  0x00, 0x03, 0x00, 0x4f, 0xd2, 0xe8, 0xd4, 0xdc, 0xd8, 0xdc, 0xe7, 0xb5,
  0x06, 0x00, 0x00, 0x00, 0x00, 0x00, 0x00, 0x00, 0x00, 0x00, 0x00, 0x00,
  0x00, 0x00, 0x00, 0x00, 0x00, 0x00, 0x00, 0x00, 0x04, 0x00, 0x41, 0xd9,
  0xe1, 0xd9, 0xda, 0xd9, 0xd9, 0xe3, 0xcf, 0x28, 0x00, 0x03, 0x00, 0x00,
  0x00, 0x00, 0x00, 0x00, 0x00, 0x00, 0x00, 0x00, 0x00, 0x00, 0x00, 0x00,
  0x00, 0x00, 0x00, 0x00, 0x00, 0x00, 0x00, 0x00, 0x00, 0x00, 0x00, 0x00,
  0x00, 0x00, 0x00, 0x00, 0x01, 0x00, 0x0a, 0x7f, 0xd9, 0xd8, 0xd5, 0xd8,
  0xd9, 0xdc, 0xf0, 0x66, 0x00, 0x06, 0x00, 0x00, 0x00, 0x00, 0x00, 0x00,
  0x00, 0x00, 0x00, 0x00, 0x00, 0x00, 0x00, 0x00, 0x00, 0x00, 0x00, 0x00,
  0x00, 0x00, 0x00, 0x06, 0x00, 0x74, 0xec, 0xde, 0xd8, 0xda, 0xd7, 0xe0,
  0xd9, 0x21, 0x12, 0x17, 0x19, 0x18, 0x17, 0x18, 0x18, 0x18, 0x18, 0x19,
  0x18, 0x17, 0x17, 0x16, 0x14, 0x11, 0x15, 0x05, 0x00, 0x00, 0x00, 0x00,
  0x00, 0x00, 0x00, 0x00, 0x00, 0x00, 0x00, 0x00, 0x00, 0x00, 0x00, 0x00,
  0x00, 0x00, 0x00, 0x00, 0x00, 0x00, 0x00, 0x00, 0xb3, 0xed, 0xdf, 0xdb,
  0xdb, 0xd7, 0xea, 0xbe, 0x32, 0x00, 0x01, 0x00, 0x00, 0x00, 0x00, 0x00,
  0x00, 0x00, 0x00, 0x00, 0x00, 0x00, 0x00, 0x00, 0x00, 0x00, 0x00, 0x00,
  0x00, 0x00, 0x00, 0x00, 0x00, 0x00, 0x00, 0x00, 0x00, 0x00, 0x00, 0x00,
  0x00, 0x00, 0x00, 0x00, 0x00, 0x00, 0x00, 0x00, 0x00, 0x00, 0x00, 0x00,
  0x00, 0x00, 0x00, 0x00, 0x00, 0x00, 0x00, 0x00, 0x00, 0x00, 0x00, 0x00,
  0x00, 0x00, 0x00, 0x02, 0x00, 0xb8, 0xef, 0xd9, 0xd8, 0xd8, 0xdb, 0xee,
  0x9a, 0x00, 0x04, 0x00, 0x00, 0x00, 0x00, 0x00, 0x00, 0x00, 0x00, 0x00,
  0x00, 0x00, 0x00, 0x00, 0x00, 0x00, 0x00, 0x00, 0x05, 0x00, 0x9b, 0xf8,
  0xdb, 0xdc, 0xdf, 0xe1, 0xe1, 0xd9, 0xd2, 0xd3, 0xd3, 0xd2, 0xd3, 0xd3,
  0xcc, 0xe0, 0xe4, 0xd6, 0xda, 0xda, 0xdb, 0xde, 0xe0, 0xe6, 0xbc, 0x3f,
  0x01, 0x00, 0x02, 0x01, 0x00, 0x00, 0x00, 0x00, 0x00, 0x00, 0x00, 0x00,
  0x00, 0x00, 0x00, 0x00, 0x00, 0x00, 0x00, 0x00, 0x00, 0x00, 0x00, 0x00,
  0x00, 0x00, 0x00, 0x00, 0x06, 0x00, 0x71, 0xef, 0xdd, 0xd6, 0xd9, 0xd7,
  0xe6, 0xc8, 0x02, 0x00, 0x00, 0x00, 0x00, 0x00, 0x00, 0x00, 0x00, 0x00,
  0x00, 0x00, 0x00, 0x00, 0x00, 0x03, 0x00, 0x01, 0x00, 0x00, 0x00, 0x00,
  0x00, 0x00, 0x00, 0x00, 0x00, 0x00, 0x00, 0x00, 0x00, 0x00, 0x00, 0x00,
  0x00, 0x00, 0x00, 0x00, 0x00, 0x00, 0x00, 0x00, 0x12, 0xc6, 0xe8, 0xd8,
  0xdb, 0xdb, 0xd8, 0xe8, 0xbf, 0x3a, 0x00, 0x01, 0x00, 0x00, 0x00, 0x00,
  0x00, 0x00, 0x00, 0x00, 0x00, 0x00, 0x00, 0x00, 0x00, 0x00, 0x00, 0x00,
  0x00, 0x00, 0x05, 0x06, 0x01, 0x00, 0x00, 0x00, 0x00, 0x00, 0x00, 0x00,
  0x00, 0x00, 0x00, 0x00, 0x00, 0x00, 0x00, 0x00, 0x00, 0x00, 0x00, 0x00,
  0x00, 0x00, 0x00, 0x04, 0x00, 0xad, 0xf5, 0xdd, 0xdf, 0xde, 0xdc, 0xe0,
  0xde, 0x92, 0x00, 0x00, 0x00, 0x00, 0x00, 0x00, 0x00, 0x00, 0x00, 0x00,
  0x00, 0x00, 0x00, 0x00, 0x00, 0x00, 0x00, 0x00, 0x00, 0x06, 0x00, 0x64,
  0xe3, 0xd7, 0xd9, 0xd8, 0xd8, 0xdc, 0xe8, 0xcd, 0x12, 0x00, 0x01, 0x00,
  0x00, 0x00, 0x00, 0x00, 0x00, 0x00, 0x00, 0x00, 0x00, 0x00, 0x00, 0x00,
  0x00, 0x00, 0x00, 0x00, 0x00, 0x00, 0x00, 0x00, 0x00, 0x00, 0x1a, 0xc4,
  0xeb, 0xe1, 0xde, 0xe0, 0xdd, 0xe6, 0xdf, 0x72, 0x00, 0x00, 0x0a, 0xc7,
  0xe3, 0xd7, 0xd6, 0xd7, 0xce, 0xf3, 0x97, 0x0b, 0x01, 0x01, 0x00, 0x00,
  0x00, 0x00, 0x00, 0x00, 0x00, 0x00, 0x00, 0x00, 0x00, 0x00, 0x00, 0x00,
  0x00, 0x00, 0x00, 0x00, 0x00, 0x00, 0x00, 0x00, 0x00, 0x00, 0x00, 0x03,
  0x00, 0x22, 0xd9, 0xe4, 0xd8, 0xda, 0xd8, 0xe4, 0xdb, 0x3a, 0x00, 0x04,
  0x00, 0x00, 0x00, 0x00, 0x00, 0x00, 0x00, 0x00, 0x00, 0x00, 0x00, 0x00,
  0x00, 0x00, 0x00, 0x00, 0x00, 0x00, 0x00, 0x00, 0x00, 0x00, 0x00, 0x00,
  0x00, 0x00, 0x00, 0x00, 0x00, 0x00, 0x00, 0x00, 0x00, 0x00, 0x00, 0x00,
  0x00, 0x00, 0x00, 0x00, 0x03, 0x00, 0x2f, 0xca, 0xe2, 0xd1, 0xd9, 0xd9,
  0xda, 0xdc, 0xe0, 0xcd, 0xcd, 0xd8, 0xd9, 0xdb, 0xdc, 0xdd, 0xe9, 0xe5,
  0xe3, 0xe2, 0xe0, 0xdf, 0xdd, 0xe0, 0xe4, 0x70, 0x00, 0x01, 0x01, 0x02,
  0x00, 0x00, 0x00, 0x00, 0x00, 0x00, 0x00, 0x00, 0x00, 0x00, 0x00, 0x00,
  0x00, 0x00, 0x00, 0x00, 0x00, 0x00, 0x00, 0x00, 0x00, 0x00, 0x00, 0x00,
  0x00, 0x00, 0x00, 0x00, 0x00, 0x00, 0x00, 0x00, 0x00, 0x00, 0x06, 0x00,
  0x61, 0xe8, 0xd7, 0xd5, 0xd9, 0xda, 0xdf, 0xdf, 0x2e, 0x00, 0x00, 0x00,
  0x00, 0x00, 0x00, 0x00, 0x00, 0x00, 0x00, 0x00, 0x00, 0x00, 0x00, 0x00,
  0x00, 0x00, 0x00, 0x00, 0x00, 0x00, 0x00, 0x00, 0x00, 0x00, 0x00, 0x00,
  0x00, 0x00, 0x00, 0x00, 0x00, 0x00, 0x00, 0x00, 0x00, 0x00, 0x00, 0x00,
  0x00, 0x00, 0x00, 0x00, 0x00, 0x00, 0x00, 0x00, 0x00, 0x00, 0x00, 0x00,
  0x00, 0x00, 0x00, 0x00, 0x00, 0x00, 0x00, 0x00, 0x00, 0x00, 0x00, 0x00,
  0x00, 0x00, 0x00, 0x00, 0x00, 0x00, 0x00, 0x06, 0x00, 0x77, 0xf2, 0xda,
  0xd6, 0xda, 0xda, 0xdb, 0xda, 0xe1, 0xe6, 0xe7, 0xe5, 0xe6, 0xe6, 0xe6,
  0xe6, 0xe6, 0xe7, 0xe7, 0xe7, 0xe8, 0xe7, 0xe9, 0xd7, 0xc2, 0x5c, 0x2b,
  0x0e, 0x00, 0x02, 0x00, 0x00, 0x00, 0x00, 0x00, 0x00, 0x00, 0x00, 0x00,
  0x00, 0x00, 0x00, 0x00, 0x00, 0x00, 0x00, 0x00, 0x00, 0x00, 0x00, 0x00,
  0x00, 0x05, 0x00, 0x6a, 0xe7, 0xe7, 0xdb, 0xe0, 0xdf, 0xe1, 0xe0, 0xdc,
  0xda, 0xd5, 0xd6, 0xd4, 0xd4, 0xd1, 0xd4, 0xdb, 0xd9, 0xd4, 0xd5, 0xd7,
  0xd8, 0xd8, 0xdc, 0xe3, 0xa4, 0x3a, 0x03, 0x00, 0x02, 0x00, 0x00, 0x00,
  0x00, 0x00, 0x00, 0x00, 0x00, 0x00, 0x00, 0x00, 0x00, 0x00, 0x00, 0x00,
  0x00, 0x00, 0x00, 0x00, 0x00, 0x00, 0x00, 0x00, 0x02, 0x01, 0x9e, 0xf5,
  0xd3, 0xdd, 0xdb, 0xdc, 0xe9, 0xc9, 0x01, 0x00, 0x00, 0x00, 0x00, 0x00,
  0x00, 0x00, 0x00, 0x00, 0x00, 0x00, 0x00, 0x00, 0x00, 0x00, 0x00, 0x00,
  0x00, 0x00, 0x05, 0x00, 0x4d, 0xf4, 0xd5, 0xdb, 0xdb, 0xda, 0xda, 0xe4,
  0xc0, 0x24, 0x00, 0x03, 0x00, 0x00, 0x00, 0x00, 0x00, 0x00, 0x00, 0x00,
  0x00, 0x00, 0x00, 0x00, 0x00, 0x00, 0x00, 0x00, 0x00, 0x00, 0x00, 0x00,
  0x00, 0x00, 0x00, 0x00, 0x00, 0x00, 0x00, 0x00, 0x00, 0x00, 0x01, 0x00,
  0x0a, 0x82, 0xdb, 0xd9, 0xd7, 0xda, 0xda, 0xdd, 0xf1, 0x66, 0x00, 0x06,
  0x00, 0x00, 0x00, 0x00, 0x00, 0x00, 0x00, 0x00, 0x00, 0x00, 0x00, 0x00,
  0x00, 0x00, 0x00, 0x00, 0x00, 0x00, 0x00, 0x00, 0x00, 0x05, 0x00, 0x71,
  0xe9, 0xdd, 0xd7, 0xda, 0xd6, 0xe0, 0xd4, 0x00, 0x00, 0x00, 0x00, 0x00,
  0x00, 0x00, 0x00, 0x00, 0x00, 0x00, 0x00, 0x00, 0x00, 0x00, 0x00, 0x00,
  0x00, 0x00, 0x00, 0x00, 0x00, 0x00, 0x00, 0x00, 0x00, 0x00, 0x00, 0x00,
  0x00, 0x00, 0x00, 0x00, 0x00, 0x00, 0x00, 0x00, 0x00, 0x00, 0x00, 0x00,
  0x00, 0x00, 0x97, 0xe7, 0xdf, 0xd8, 0xdc, 0xd5, 0xe1, 0xdd, 0x71, 0x00,
  0x02, 0x00, 0x00, 0x00, 0x00, 0x00, 0x00, 0x00, 0x00, 0x00, 0x00, 0x00,
  0x00, 0x00, 0x00, 0x00, 0x00, 0x00, 0x00, 0x04, 0x05, 0x00, 0x00, 0x00,
  0x00, 0x00, 0x00, 0x00, 0x00, 0x00, 0x00, 0x00, 0x00, 0x00, 0x00, 0x00,
  0x00, 0x00, 0x00, 0x00, 0x00, 0x00, 0x00, 0x00, 0x00, 0x00, 0x00, 0x00,
  0x00, 0x00, 0x00, 0x00, 0x00, 0x00, 0x00, 0x00, 0x00, 0x02, 0x00, 0xb7,
  0xee, 0xd8, 0xd9, 0xd8, 0xda, 0xed, 0x98, 0x00, 0x04, 0x00, 0x00, 0x00,
  0x00, 0x00, 0x00, 0x00, 0x00, 0x00, 0x00, 0x00, 0x00, 0x00, 0x00, 0x00,
  0x00, 0x00, 0x05, 0x00, 0x9a, 0xf7, 0xdb, 0xdd, 0xdd, 0xe3, 0xe4, 0x9e,
  0x3b, 0x41, 0x41, 0x41, 0x42, 0x42, 0x41, 0x3c, 0x98, 0xea, 0xd9, 0xdb,
  0xde, 0xdf, 0xe2, 0xe6, 0xd7, 0x17, 0x00, 0x07, 0x00, 0x00, 0x00, 0x00,
  0x00, 0x00, 0x00, 0x00, 0x00, 0x00, 0x00, 0x00, 0x00, 0x00, 0x00, 0x00,
  0x00, 0x00, 0x00, 0x00, 0x00, 0x00, 0x00, 0x00, 0x00, 0x00, 0x06, 0x00,
  0x73, 0xf1, 0xdd, 0xd6, 0xd9, 0xd8, 0xe5, 0xc7, 0x05, 0x00, 0x03, 0x02,
  0x02, 0x02, 0x02, 0x02, 0x02, 0x02, 0x02, 0x02, 0x02, 0x02, 0x02, 0x00,
  0x01, 0x00, 0x00, 0x00, 0x00, 0x00, 0x00, 0x00, 0x00, 0x00, 0x00, 0x00,
  0x00, 0x00, 0x00, 0x00, 0x00, 0x00, 0x00, 0x00, 0x00, 0x00, 0x00, 0x00,
  0x00, 0x00, 0x00, 0xa9, 0xe9, 0xdb, 0xd9, 0xdc, 0xd6, 0xdc, 0xe5, 0x8b,
  0x00, 0x05, 0x00, 0x00, 0x00, 0x00, 0x00, 0x00, 0x00, 0x00, 0x00, 0x00,
  0x00, 0x00, 0x00, 0x00, 0x00, 0x00, 0x00, 0x05, 0x02, 0x00, 0x03, 0x03,
  0x00, 0x00, 0x00, 0x00, 0x00, 0x00, 0x00, 0x00, 0x00, 0x00, 0x00, 0x00,
  0x00, 0x00, 0x00, 0x00, 0x00, 0x00, 0x00, 0x00, 0x00, 0x04, 0x00, 0x98,
  0xef, 0xe0, 0xdd, 0xde, 0xdc, 0xdd, 0xe5, 0xb1, 0x00, 0x03, 0x00, 0x00,
  0x00, 0x00, 0x00, 0x00, 0x00, 0x00, 0x00, 0x00, 0x00, 0x00, 0x00, 0x00,
  0x00, 0x00, 0x01, 0x01, 0x15, 0x95, 0xe8, 0xd3, 0xd9, 0xd8, 0xd7, 0xdf,
  0xe8, 0x4b, 0x01, 0x00, 0x00, 0x00, 0x00, 0x00, 0x00, 0x00, 0x00, 0x00,
  0x00, 0x00, 0x00, 0x00, 0x00, 0x00, 0x00, 0x00, 0x00, 0x00, 0x00, 0x00,
  0x00, 0x00, 0x00, 0x00, 0x00, 0xba, 0xed, 0xe4, 0xe0, 0xdf, 0xde, 0xdc,
  0xef, 0x9a, 0x00, 0x0a, 0x4c, 0xd2, 0xde, 0xd6, 0xd6, 0xd4, 0xd0, 0xf3,
  0x6e, 0x00, 0x06, 0x00, 0x00, 0x00, 0x00, 0x00, 0x00, 0x00, 0x00, 0x00,
  0x00, 0x00, 0x00, 0x00, 0x00, 0x00, 0x00, 0x00, 0x00, 0x00, 0x00, 0x00,
  0x00, 0x00, 0x00, 0x00, 0x00, 0x02, 0x00, 0x21, 0xd5, 0xe3, 0xd7, 0xdb,
  0xd6, 0xe1, 0xdd, 0x3d, 0x00, 0x07, 0x02, 0x02, 0x02, 0x02, 0x02, 0x02,
  0x02, 0x02, 0x02, 0x02, 0x02, 0x02, 0x02, 0x02, 0x02, 0x01, 0x00, 0x00,
  0x00, 0x00, 0x00, 0x00, 0x00, 0x00, 0x00, 0x00, 0x00, 0x00, 0x00, 0x00,
  0x00, 0x00, 0x00, 0x00, 0x00, 0x00, 0x00, 0x00, 0x00, 0x00, 0x03, 0x00,
  0x2d, 0xc7, 0xe2, 0xd0, 0xd9, 0xda, 0xde, 0xe3, 0x68, 0x33, 0x3f, 0x44,
  0x45, 0x47, 0x48, 0x40, 0x61, 0xdc, 0xe7, 0xde, 0xdd, 0xdd, 0xdc, 0xdf,
  0xe7, 0x80, 0x10, 0x06, 0x02, 0x00, 0x00, 0x00, 0x00, 0x00, 0x00, 0x00,
  0x00, 0x00, 0x00, 0x00, 0x00, 0x00, 0x00, 0x00, 0x00, 0x00, 0x00, 0x00,
  0x00, 0x00, 0x00, 0x00, 0x00, 0x00, 0x00, 0x00, 0x00, 0x00, 0x00, 0x00,
  0x00, 0x00, 0x00, 0x00, 0x05, 0x00, 0x61, 0xe5, 0xd5, 0xd4, 0xd7, 0xd8,
  0xdd, 0xdd, 0x0c, 0x00, 0x01, 0x00, 0x00, 0x00, 0x00, 0x00, 0x00, 0x00,
  0x00, 0x00, 0x00, 0x00, 0x00, 0x00, 0x00, 0x00, 0x00, 0x00, 0x00, 0x00,
  0x00, 0x00, 0x00, 0x00, 0x00, 0x00, 0x00, 0x00, 0x00, 0x00, 0x00, 0x00,
  0x00, 0x00, 0x00, 0x00, 0x00, 0x00, 0x00, 0x00, 0x00, 0x00, 0x00, 0x00,
  0x00, 0x00, 0x00, 0x00, 0x00, 0x00, 0x00, 0x00, 0x00, 0x00, 0x00, 0x00,
  0x00, 0x00, 0x00, 0x00, 0x00, 0x00, 0x00, 0x00, 0x00, 0x00, 0x00, 0x00,
  0x00, 0x06, 0x00, 0x78, 0xf4, 0xd9, 0xd6, 0xdb, 0xdc, 0xdc, 0xdc, 0xdc,
  0xc9, 0xc7, 0xca, 0xca, 0xca, 0xc9, 0xc8, 0xc9, 0xc8, 0xc6, 0xc1, 0xb9,
  0xa1, 0x56, 0x44, 0x35, 0x09, 0x00, 0x03, 0x02, 0x00, 0x00, 0x00, 0x00,
  0x00, 0x00, 0x00, 0x00, 0x00, 0x00, 0x00, 0x00, 0x00, 0x00, 0x00, 0x00,
  0x00, 0x00, 0x00, 0x00, 0x00, 0x00, 0x00, 0x05, 0x00, 0x6a, 0xe7, 0xe6,
  0xda, 0xdf, 0xdd, 0xdf, 0xe2, 0xb2, 0x49, 0x3f, 0x44, 0x44, 0x45, 0x46,
  0x3a, 0x6e, 0xcd, 0xe0, 0xd2, 0xda, 0xd9, 0xda, 0xdc, 0xe6, 0xaa, 0x1d,
  0x00, 0x04, 0x00, 0x00, 0x00, 0x00, 0x00, 0x00, 0x00, 0x00, 0x00, 0x00,
  0x00, 0x00, 0x00, 0x00, 0x00, 0x00, 0x00, 0x00, 0x00, 0x00, 0x00, 0x00,
  0x00, 0x00, 0x06, 0x00, 0x81, 0xf6, 0xd9, 0xdd, 0xdd, 0xdc, 0xe5, 0xdd,
  0x59, 0x07, 0x00, 0x00, 0x00, 0x00, 0x00, 0x00, 0x00, 0x00, 0x00, 0x00,
  0x00, 0x00, 0x00, 0x00, 0x00, 0x00, 0x00, 0x01, 0x00, 0x15, 0x8c, 0xee,
  0xd1, 0xdb, 0xda, 0xdb, 0xdd, 0xec, 0x59, 0x01, 0x00, 0x01, 0x00, 0x00,
  0x00, 0x00, 0x00, 0x00, 0x00, 0x00, 0x00, 0x00, 0x00, 0x00, 0x00, 0x00,
  0x00, 0x00, 0x00, 0x00, 0x00, 0x00, 0x00, 0x00, 0x00, 0x00, 0x00, 0x00,
  0x00, 0x00, 0x00, 0x00, 0x01, 0x00, 0x0b, 0x87, 0xdc, 0xdc, 0xd9, 0xdb,
  0xdc, 0xde, 0xf1, 0x66, 0x00, 0x06, 0x00, 0x00, 0x00, 0x00, 0x00, 0x00,
  0x00, 0x00, 0x00, 0x00, 0x00, 0x00, 0x00, 0x00, 0x00, 0x00, 0x00, 0x00,
  0x00, 0x00, 0x00, 0x05, 0x00, 0x70, 0xe8, 0xdd, 0xd7, 0xda, 0xd7, 0xe1,
  0xd3, 0x02, 0x00, 0x03, 0x02, 0x02, 0x02, 0x02, 0x02, 0x02, 0x02, 0x02,
  0x02, 0x02, 0x02, 0x02, 0x02, 0x02, 0x02, 0x00, 0x00, 0x00, 0x00, 0x00,
  0x00, 0x00, 0x00, 0x00, 0x00, 0x00, 0x00, 0x00, 0x00, 0x00, 0x00, 0x00,
  0x00, 0x00, 0x00, 0x00, 0x00, 0x00, 0x00, 0x00, 0x81, 0xe1, 0xdf, 0xd6,
  0xdb, 0xd7, 0xdb, 0xea, 0x91, 0x00, 0x07, 0x00, 0x00, 0x00, 0x00, 0x00,
  0x00, 0x00, 0x00, 0x00, 0x00, 0x00, 0x00, 0x00, 0x00, 0x00, 0x00, 0x00,
  0x05, 0x01, 0x00, 0x03, 0x02, 0x00, 0x00, 0x00, 0x00, 0x00, 0x00, 0x00,
  0x00, 0x00, 0x00, 0x00, 0x00, 0x00, 0x00, 0x00, 0x00, 0x00, 0x00, 0x00,
  0x00, 0x00, 0x00, 0x00, 0x00, 0x00, 0x00, 0x00, 0x00, 0x00, 0x00, 0x00,
  0x00, 0x00, 0x00, 0x02, 0x00, 0xb5, 0xed, 0xd7, 0xd8, 0xd7, 0xd8, 0xec,
  0x98, 0x00, 0x04, 0x00, 0x00, 0x00, 0x00, 0x00, 0x00, 0x00, 0x00, 0x00,
  0x00, 0x00, 0x00, 0x00, 0x00, 0x00, 0x00, 0x00, 0x05, 0x00, 0x99, 0xf6,
  0xdb, 0xdd, 0xdc, 0xe6, 0xe4, 0x7a, 0x00, 0x00, 0x00, 0x00, 0x00, 0x00,
  0x05, 0x00, 0x51, 0xd9, 0xe1, 0xdd, 0xdf, 0xe0, 0xe3, 0xe1, 0xf1, 0x78,
  0x0a, 0x00, 0x01, 0x00, 0x00, 0x00, 0x00, 0x00, 0x00, 0x00, 0x00, 0x00,
  0x00, 0x00, 0x00, 0x00, 0x00, 0x00, 0x00, 0x00, 0x00, 0x00, 0x00, 0x00,
  0x00, 0x00, 0x00, 0x00, 0x06, 0x00, 0x74, 0xf2, 0xdc, 0xd6, 0xd9, 0xd7,
  0xe4, 0xc4, 0x02, 0x00, 0x00, 0x00, 0x00, 0x00, 0x00, 0x00, 0x00, 0x00,
  0x00, 0x00, 0x00, 0x00, 0x00, 0x00, 0x00, 0x00, 0x00, 0x00, 0x00, 0x00,
  0x00, 0x00, 0x00, 0x00, 0x00, 0x00, 0x00, 0x00, 0x00, 0x00, 0x00, 0x00,
  0x00, 0x00, 0x00, 0x00, 0x00, 0x00, 0x00, 0x00, 0x00, 0x87, 0xe5, 0xde,
  0xd6, 0xdb, 0xd7, 0xd7, 0xe5, 0xb7, 0x2a, 0x00, 0x00, 0x00, 0x00, 0x00,
  0x00, 0x00, 0x00, 0x00, 0x00, 0x00, 0x00, 0x00, 0x00, 0x00, 0x00, 0x00,
  0x06, 0x00, 0x4e, 0x62, 0x16, 0x00, 0x05, 0x00, 0x00, 0x00, 0x00, 0x00,
  0x00, 0x00, 0x00, 0x00, 0x00, 0x00, 0x00, 0x00, 0x00, 0x00, 0x00, 0x00,
  0x00, 0x00, 0x00, 0x03, 0x00, 0x75, 0xe3, 0xe7, 0xda, 0xdc, 0xdc, 0xdb,
  0xe2, 0xce, 0x45, 0x00, 0x00, 0x00, 0x00, 0x00, 0x00, 0x00, 0x00, 0x00,
  0x00, 0x00, 0x00, 0x00, 0x00, 0x00, 0x00, 0x00, 0x08, 0x00, 0x64, 0xd6,
  0xd7, 0xd5, 0xd8, 0xd8, 0xd7, 0xe1, 0xe4, 0x09, 0x00, 0x01, 0x00, 0x00,
  0x00, 0x00, 0x00, 0x00, 0x00, 0x00, 0x00, 0x00, 0x00, 0x00, 0x00, 0x00,
  0x00, 0x00, 0x00, 0x00, 0x00, 0x00, 0x00, 0x00, 0x00, 0x00, 0x01, 0x46,
  0xd6, 0xef, 0xdf, 0xdd, 0xdd, 0xd8, 0xed, 0xbe, 0x15, 0x10, 0xab, 0xdf,
  0xd8, 0xd5, 0xd7, 0xcf, 0xdd, 0xd7, 0x53, 0x00, 0x04, 0x00, 0x00, 0x00,
  0x00, 0x00, 0x00, 0x00, 0x00, 0x00, 0x00, 0x00, 0x00, 0x00, 0x00, 0x00,
  0x00, 0x00, 0x00, 0x00, 0x00, 0x00, 0x00, 0x00, 0x00, 0x00, 0x00, 0x02,
  0x00, 0x20, 0xd2, 0xe2, 0xd6, 0xda, 0xd5, 0xdf, 0xdd, 0x3c, 0x00, 0x04,
  0x00, 0x00, 0x00, 0x00, 0x00, 0x00, 0x00, 0x00, 0x00, 0x00, 0x00, 0x00,
  0x00, 0x00, 0x00, 0x00, 0x00, 0x00, 0x00, 0x00, 0x00, 0x00, 0x00, 0x00,
  0x00, 0x00, 0x00, 0x00, 0x00, 0x00, 0x00, 0x00, 0x00, 0x00, 0x00, 0x00,
  0x00, 0x00, 0x00, 0x00, 0x03, 0x00, 0x2c, 0xc5, 0xe3, 0xd0, 0xd9, 0xd9,
  0xe1, 0xe4, 0x29, 0x00, 0x03, 0x00, 0x00, 0x00, 0x00, 0x00, 0x04, 0x5e,
  0xe6, 0xe0, 0xdc, 0xdd, 0xdd, 0xdd, 0xe1, 0xe5, 0x68, 0x00, 0x07, 0x00,
  0x00, 0x00, 0x00, 0x00, 0x00, 0x00, 0x00, 0x00, 0x00, 0x00, 0x00, 0x00,
  0x00, 0x00, 0x00, 0x00, 0x00, 0x00, 0x00, 0x00, 0x00, 0x00, 0x00, 0x00,
  0x00, 0x00, 0x00, 0x00, 0x00, 0x00, 0x00, 0x00, 0x00, 0x00, 0x06, 0x00,
  0x60, 0xe4, 0xd3, 0xd3, 0xd6, 0xd7, 0xdd, 0xdb, 0x0f, 0x00, 0x01, 0x00,
  0x00, 0x00, 0x00, 0x00, 0x00, 0x00, 0x00, 0x00, 0x00, 0x00, 0x00, 0x00,
  0x00, 0x00, 0x00, 0x00, 0x00, 0x00, 0x00, 0x00, 0x00, 0x00, 0x00, 0x00,
  0x00, 0x00, 0x00, 0x00, 0x00, 0x00, 0x00, 0x00, 0x00, 0x00, 0x00, 0x00,
  0x00, 0x00, 0x00, 0x00, 0x00, 0x00, 0x00, 0x00, 0x00, 0x00, 0x00, 0x00,
  0x00, 0x00, 0x00, 0x00, 0x00, 0x00, 0x00, 0x00, 0x00, 0x00, 0x00, 0x00,
  0x00, 0x00, 0x00, 0x00, 0x00, 0x00, 0x00, 0x06, 0x00, 0x79, 0xf4, 0xd9,
  0xd6, 0xdb, 0xda, 0xdf, 0xd8, 0x57, 0x3e, 0x40, 0x42, 0x42, 0x42, 0x41,
  0x41, 0x41, 0x41, 0x3f, 0x3b, 0x34, 0x25, 0x01, 0x00, 0x00, 0x04, 0x05,
  0x01, 0x00, 0x00, 0x00, 0x00, 0x00, 0x00, 0x00, 0x00, 0x00, 0x00, 0x00,
  0x00, 0x00, 0x00, 0x00, 0x00, 0x00, 0x00, 0x00, 0x00, 0x00, 0x00, 0x00,
  0x00, 0x05, 0x00, 0x6a, 0xe5, 0xe5, 0xda, 0xdf, 0xda, 0xdd, 0xe2, 0x8a,
  0x03, 0x00, 0x00, 0x00, 0x00, 0x01, 0x00, 0x07, 0x74, 0xea, 0xd8, 0xd6,
  0xdc, 0xdc, 0xdd, 0xe1, 0xe0, 0x68, 0x0b, 0x00, 0x01, 0x00, 0x00, 0x00,
  0x00, 0x00, 0x00, 0x00, 0x00, 0x00, 0x00, 0x00, 0x00, 0x00, 0x00, 0x00,
  0x00, 0x00, 0x00, 0x00, 0x00, 0x00, 0x00, 0x00, 0x05, 0x00, 0x6c, 0xe9,
  0xe3, 0xdb, 0xdf, 0xdc, 0xde, 0xe7, 0xcd, 0x0a, 0x00, 0x02, 0x00, 0x00,
  0x00, 0x00, 0x00, 0x00, 0x00, 0x00, 0x00, 0x00, 0x00, 0x00, 0x00, 0x00,
  0x00, 0x08, 0x00, 0x55, 0xe4, 0xd4, 0xd6, 0xd9, 0xd9, 0xda, 0xdf, 0xea,
  0x24, 0x00, 0x03, 0x00, 0x00, 0x00, 0x00, 0x00, 0x00, 0x00, 0x00, 0x00,
  0x00, 0x00, 0x00, 0x00, 0x00, 0x00, 0x00, 0x00, 0x00, 0x00, 0x00, 0x00,
  0x00, 0x03, 0x00, 0x00, 0x00, 0x00, 0x00, 0x00, 0x00, 0x00, 0x01, 0x00,
  0x0b, 0x8b, 0xdf, 0xde, 0xdb, 0xdd, 0xde, 0xdf, 0xf1, 0x66, 0x00, 0x06,
  0x00, 0x00, 0x00, 0x00, 0x00, 0x00, 0x00, 0x00, 0x00, 0x00, 0x00, 0x00,
  0x00, 0x00, 0x00, 0x00, 0x00, 0x00, 0x00, 0x00, 0x00, 0x05, 0x00, 0x70,
  0xe8, 0xdd, 0xd7, 0xda, 0xd7, 0xe3, 0xd3, 0x00, 0x00, 0x00, 0x00, 0x00,
  0x00, 0x00, 0x00, 0x00, 0x00, 0x00, 0x00, 0x00, 0x00, 0x00, 0x00, 0x00,
  0x00, 0x00, 0x00, 0x00, 0x00, 0x00, 0x00, 0x00, 0x00, 0x00, 0x00, 0x00,
  0x00, 0x00, 0x00, 0x00, 0x00, 0x00, 0x00, 0x00, 0x00, 0x00, 0x00, 0x00,
  0x00, 0x00, 0x29, 0xc4, 0xe7, 0xd6, 0xd8, 0xd8, 0xd6, 0xe8, 0xc4, 0x30,
  0x00, 0x03, 0x00, 0x00, 0x00, 0x00, 0x00, 0x00, 0x00, 0x00, 0x00, 0x00,
  0x00, 0x00, 0x00, 0x00, 0x00, 0x06, 0x00, 0x43, 0x40, 0x09, 0x00, 0x05,
  0x01, 0x00, 0x00, 0x00, 0x00, 0x00, 0x00, 0x00, 0x00, 0x00, 0x00, 0x00,
  0x00, 0x00, 0x00, 0x00, 0x00, 0x00, 0x00, 0x00, 0x00, 0x00, 0x00, 0x00,
  0x00, 0x00, 0x00, 0x00, 0x00, 0x00, 0x00, 0x00, 0x00, 0x02, 0x00, 0xb3,
  0xeb, 0xd7, 0xd8, 0xd5, 0xd7, 0xeb, 0x97, 0x00, 0x04, 0x00, 0x00, 0x00,
  0x00, 0x00, 0x00, 0x00, 0x00, 0x00, 0x00, 0x00, 0x00, 0x00, 0x00, 0x00,
  0x00, 0x00, 0x05, 0x00, 0x99, 0xf5, 0xdb, 0xdd, 0xdc, 0xe6, 0xe4, 0x7d,
  0x00, 0x05, 0x05, 0x05, 0x05, 0x05, 0x06, 0x03, 0x11, 0x8d, 0xf9, 0xde,
  0xde, 0xdf, 0xdf, 0xdf, 0xe0, 0xf8, 0x55, 0x00, 0x00, 0x00, 0x00, 0x00,
  0x00, 0x00, 0x00, 0x00, 0x00, 0x00, 0x00, 0x00, 0x00, 0x00, 0x00, 0x00,
  0x00, 0x00, 0x00, 0x00, 0x00, 0x00, 0x00, 0x00, 0x00, 0x00, 0x06, 0x00,
  0x74, 0xf2, 0xdc, 0xd6, 0xd9, 0xd8, 0xe5, 0xc1, 0x02, 0x00, 0x00, 0x00,
  0x00, 0x00, 0x00, 0x00, 0x00, 0x00, 0x00, 0x00, 0x00, 0x00, 0x00, 0x00,
  0x00, 0x00, 0x00, 0x00, 0x00, 0x00, 0x00, 0x00, 0x00, 0x00, 0x00, 0x00,
  0x00, 0x00, 0x00, 0x00, 0x00, 0x00, 0x00, 0x00, 0x00, 0x00, 0x00, 0x00,
  0x00, 0x00, 0x00, 0x2f, 0xcc, 0xe6, 0xd3, 0xd9, 0xd8, 0xd6, 0xdc, 0xe4,
  0xa2, 0x15, 0x04, 0x02, 0x00, 0x00, 0x00, 0x00, 0x00, 0x00, 0x00, 0x00,
  0x00, 0x00, 0x00, 0x00, 0x00, 0x04, 0x00, 0x27, 0xd4, 0xfe, 0x7e, 0x12,
  0x00, 0x05, 0x01, 0x00, 0x00, 0x00, 0x00, 0x00, 0x00, 0x00, 0x00, 0x00,
  0x00, 0x00, 0x00, 0x00, 0x00, 0x00, 0x00, 0x00, 0x00, 0x01, 0x00, 0x20,
  0xbe, 0xf3, 0xd6, 0xdb, 0xd9, 0xd9, 0xd8, 0xe0, 0xcc, 0x26, 0x02, 0x01,
  0x00, 0x00, 0x00, 0x00, 0x00, 0x00, 0x00, 0x00, 0x00, 0x00, 0x00, 0x00,
  0x00, 0x04, 0x00, 0x15, 0x9e, 0xe4, 0xd1, 0xd6, 0xd7, 0xd7, 0xda, 0xe4,
  0xca, 0x0c, 0x00, 0x00, 0x00, 0x00, 0x00, 0x00, 0x00, 0x00, 0x00, 0x00,
  0x00, 0x00, 0x00, 0x00, 0x00, 0x00, 0x00, 0x00, 0x00, 0x00, 0x00, 0x00,
  0x00, 0x00, 0x00, 0x00, 0x01, 0x00, 0xbb, 0xf3, 0xde, 0xda, 0xdc, 0xdb,
  0xe3, 0xdd, 0x79, 0x2d, 0xc3, 0xdf, 0xd5, 0xd3, 0xd5, 0xca, 0xef, 0x91,
  0x0f, 0x00, 0x02, 0x00, 0x00, 0x00, 0x00, 0x00, 0x00, 0x00, 0x00, 0x00,
  0x00, 0x00, 0x00, 0x00, 0x00, 0x00, 0x00, 0x00, 0x00, 0x00, 0x00, 0x00,
  0x00, 0x00, 0x00, 0x00, 0x00, 0x02, 0x00, 0x20, 0xce, 0xe2, 0xd4, 0xd8,
  0xd3, 0xde, 0xd9, 0x3a, 0x00, 0x04, 0x00, 0x00, 0x00, 0x00, 0x00, 0x00,
  0x00, 0x00, 0x00, 0x00, 0x00, 0x00, 0x00, 0x00, 0x00, 0x00, 0x00, 0x00,
  0x00, 0x00, 0x00, 0x00, 0x00, 0x00, 0x00, 0x00, 0x00, 0x00, 0x00, 0x00,
  0x00, 0x00, 0x00, 0x00, 0x00, 0x00, 0x00, 0x00, 0x00, 0x00, 0x03, 0x00,
  0x2d, 0xc6, 0xe4, 0xd3, 0xd9, 0xdb, 0xe3, 0xe4, 0x2e, 0x00, 0x08, 0x05,
  0x05, 0x05, 0x05, 0x07, 0x00, 0x0b, 0xc0, 0xe9, 0xe0, 0xe0, 0xe0, 0xdc,
  0xdd, 0xf6, 0xa3, 0x15, 0x00, 0x01, 0x00, 0x00, 0x00, 0x00, 0x00, 0x00,
  0x00, 0x00, 0x00, 0x00, 0x00, 0x00, 0x00, 0x00, 0x00, 0x00, 0x00, 0x00,
  0x00, 0x00, 0x00, 0x00, 0x00, 0x00, 0x00, 0x00, 0x00, 0x00, 0x00, 0x00,
  0x00, 0x00, 0x00, 0x00, 0x06, 0x00, 0x5e, 0xe3, 0xd4, 0xd3, 0xd6, 0xd6,
  0xdc, 0xd9, 0x0c, 0x00, 0x01, 0x00, 0x00, 0x00, 0x00, 0x00, 0x00, 0x00,
  0x00, 0x00, 0x00, 0x00, 0x00, 0x00, 0x00, 0x00, 0x00, 0x00, 0x00, 0x00,
  0x00, 0x00, 0x00, 0x00, 0x00, 0x00, 0x00, 0x00, 0x00, 0x00, 0x00, 0x00,
  0x00, 0x00, 0x00, 0x00, 0x00, 0x00, 0x00, 0x00, 0x00, 0x00, 0x00, 0x00,
  0x00, 0x00, 0x00, 0x00, 0x00, 0x00, 0x00, 0x00, 0x00, 0x00, 0x00, 0x00,
  0x00, 0x00, 0x00, 0x00, 0x00, 0x00, 0x00, 0x00, 0x00, 0x00, 0x00, 0x00,
  0x00, 0x06, 0x00, 0x78, 0xf4, 0xda, 0xd6, 0xd9, 0xd8, 0xe1, 0xd4, 0x02,
  0x00, 0x00, 0x00, 0x00, 0x00, 0x00, 0x00, 0x00, 0x00, 0x00, 0x00, 0x00,
  0x00, 0x05, 0x05, 0x04, 0x00, 0x00, 0x00, 0x00, 0x00, 0x00, 0x00, 0x00,
  0x00, 0x00, 0x00, 0x00, 0x00, 0x00, 0x00, 0x00, 0x00, 0x00, 0x00, 0x00,
  0x00, 0x00, 0x00, 0x00, 0x00, 0x00, 0x00, 0x05, 0x00, 0x68, 0xe4, 0xe4,
  0xd9, 0xdf, 0xd9, 0xdb, 0xe1, 0x86, 0x08, 0x01, 0x05, 0x05, 0x05, 0x04,
  0x08, 0x00, 0x13, 0x8f, 0xef, 0xd3, 0xdd, 0xdf, 0xe1, 0xdd, 0xe9, 0xd6,
  0x38, 0x00, 0x05, 0x00, 0x00, 0x00, 0x00, 0x00, 0x00, 0x00, 0x00, 0x00,
  0x00, 0x00, 0x00, 0x00, 0x00, 0x00, 0x00, 0x00, 0x00, 0x00, 0x00, 0x00,
  0x00, 0x00, 0x02, 0x00, 0x1e, 0xab, 0xf3, 0xd4, 0xdf, 0xdb, 0xdb, 0xe0,
  0xdc, 0x4f, 0x02, 0x00, 0x01, 0x00, 0x00, 0x00, 0x00, 0x00, 0x00, 0x00,
  0x00, 0x00, 0x00, 0x00, 0x00, 0x00, 0x04, 0x00, 0x10, 0x8f, 0xea, 0xce,
  0xd7, 0xd7, 0xd8, 0xd8, 0xdf, 0xd4, 0x23, 0x00, 0x02, 0x00, 0x00, 0x00,
  0x00, 0x00, 0x00, 0x00, 0x00, 0x00, 0x00, 0x00, 0x00, 0x00, 0x00, 0x00,
  0x00, 0x00, 0x00, 0x00, 0x00, 0x00, 0x03, 0x00, 0x02, 0x00, 0x00, 0x00,
  0x00, 0x00, 0x00, 0x00, 0x01, 0x00, 0x0f, 0x9a, 0xe3, 0xe0, 0xdc, 0xdf,
  0xde, 0xe0, 0xef, 0x64, 0x00, 0x06, 0x00, 0x00, 0x00, 0x00, 0x00, 0x00,
  0x00, 0x00, 0x00, 0x00, 0x00, 0x00, 0x00, 0x00, 0x00, 0x00, 0x00, 0x00,
  0x00, 0x00, 0x00, 0x05, 0x00, 0x70, 0xe9, 0xde, 0xd7, 0xda, 0xd8, 0xe4,
  0xd4, 0x00, 0x00, 0x00, 0x00, 0x00, 0x00, 0x00, 0x00, 0x00, 0x00, 0x00,
  0x00, 0x00, 0x00, 0x00, 0x00, 0x00, 0x00, 0x00, 0x00, 0x00, 0x00, 0x00,
  0x00, 0x00, 0x00, 0x00, 0x00, 0x00, 0x00, 0x00, 0x00, 0x00, 0x00, 0x00,
  0x00, 0x00, 0x00, 0x00, 0x00, 0x00, 0x00, 0x02, 0x00, 0x9e, 0xe9, 0xd8,
  0xd5, 0xd9, 0xd7, 0xdb, 0xeb, 0xb8, 0x1d, 0x00, 0x02, 0x00, 0x00, 0x00,
  0x00, 0x00, 0x00, 0x00, 0x00, 0x00, 0x00, 0x00, 0x00, 0x00, 0x04, 0x00,
  0x2e, 0xcd, 0xd4, 0x5e, 0x0e, 0x00, 0x02, 0x02, 0x00, 0x00, 0x00, 0x00,
  0x00, 0x00, 0x00, 0x00, 0x00, 0x00, 0x00, 0x00, 0x00, 0x00, 0x00, 0x00,
  0x00, 0x00, 0x00, 0x00, 0x00, 0x00, 0x00, 0x00, 0x00, 0x00, 0x00, 0x00,
  0x00, 0x00, 0x00, 0x02, 0x00, 0xb1, 0xe8, 0xd5, 0xd7, 0xd4, 0xd5, 0xe9,
  0x96, 0x00, 0x04, 0x00, 0x00, 0x00, 0x00, 0x00, 0x00, 0x00, 0x00, 0x00,
  0x00, 0x00, 0x00, 0x00, 0x00, 0x00, 0x00, 0x00, 0x05, 0x00, 0x98, 0xf5,
  0xdb, 0xdd, 0xdc, 0xe5, 0xe4, 0x7f, 0x00, 0x00, 0x00, 0x00, 0x00, 0x00,
  0x00, 0x03, 0x00, 0x2c, 0xb5, 0xee, 0xde, 0xde, 0xdc, 0xdd, 0xd7, 0xe2,
  0xca, 0x2b, 0x00, 0x04, 0x00, 0x00, 0x00, 0x00, 0x00, 0x00, 0x00, 0x00,
  0x00, 0x00, 0x00, 0x00, 0x00, 0x00, 0x00, 0x00, 0x00, 0x00, 0x00, 0x00,
  0x00, 0x00, 0x00, 0x00, 0x06, 0x00, 0x75, 0xf3, 0xdd, 0xd6, 0xd9, 0xd8,
  0xe6, 0xbe, 0x02, 0x00, 0x00, 0x00, 0x00, 0x00, 0x00, 0x00, 0x00, 0x00,
  0x00, 0x00, 0x00, 0x00, 0x00, 0x00, 0x00, 0x00, 0x00, 0x00, 0x00, 0x00,
  0x00, 0x00, 0x00, 0x00, 0x00, 0x00, 0x00, 0x00, 0x00, 0x00, 0x00, 0x00,
  0x00, 0x00, 0x00, 0x00, 0x00, 0x00, 0x00, 0x00, 0x03, 0x00, 0xa2, 0xec,
  0xd5, 0xd4, 0xd9, 0xd8, 0xda, 0xdd, 0xd4, 0x83, 0x00, 0x00, 0x02, 0x01,
  0x00, 0x00, 0x00, 0x00, 0x00, 0x00, 0x00, 0x00, 0x00, 0x02, 0x02, 0x00,
  0x1c, 0xc9, 0xe8, 0xda, 0xf4, 0x93, 0x0f, 0x00, 0x01, 0x00, 0x00, 0x00,
  0x00, 0x00, 0x00, 0x00, 0x00, 0x00, 0x00, 0x00, 0x00, 0x00, 0x00, 0x00,
  0x00, 0x00, 0x00, 0x00, 0x05, 0x00, 0x8f, 0xf3, 0xda, 0xd7, 0xd9, 0xd7,
  0xd7, 0xdb, 0xdc, 0xa3, 0x08, 0x00, 0x02, 0x01, 0x00, 0x00, 0x00, 0x00,
  0x00, 0x00, 0x00, 0x00, 0x00, 0x01, 0x03, 0x01, 0x09, 0x95, 0xdd, 0xd4,
  0xd7, 0xd7, 0xd7, 0xd7, 0xdf, 0xe5, 0x61, 0x02, 0x00, 0x00, 0x00, 0x00,
  0x00, 0x00, 0x00, 0x00, 0x00, 0x00, 0x00, 0x00, 0x00, 0x00, 0x00, 0x00,
  0x00, 0x00, 0x00, 0x00, 0x00, 0x00, 0x00, 0x00, 0x00, 0x00, 0x01, 0x00,
  0xa6, 0xed, 0xe1, 0xd9, 0xdb, 0xdd, 0xe4, 0xdc, 0xaf, 0xa1, 0xd1, 0xda,
  0xd4, 0xd4, 0xd2, 0xce, 0xf3, 0x5b, 0x00, 0x06, 0x00, 0x00, 0x00, 0x00,
  0x00, 0x00, 0x00, 0x00, 0x00, 0x00, 0x00, 0x00, 0x00, 0x00, 0x00, 0x00,
  0x00, 0x00, 0x00, 0x00, 0x00, 0x00, 0x00, 0x00, 0x00, 0x00, 0x00, 0x02,
  0x00, 0x1f, 0xcd, 0xe2, 0xd2, 0xd7, 0xd1, 0xdc, 0xd5, 0x39, 0x00, 0x04,
  0x00, 0x00, 0x00, 0x00, 0x00, 0x00, 0x00, 0x00, 0x00, 0x00, 0x00, 0x00,
  0x00, 0x00, 0x00, 0x00, 0x00, 0x00, 0x00, 0x00, 0x00, 0x00, 0x00, 0x00,
  0x00, 0x00, 0x00, 0x00, 0x00, 0x00, 0x00, 0x00, 0x00, 0x00, 0x00, 0x00,
  0x00, 0x00, 0x00, 0x00, 0x03, 0x00, 0x2d, 0xc7, 0xe4, 0xd4, 0xdb, 0xdd,
  0xe2, 0xe8, 0x2a, 0x00, 0x03, 0x00, 0x00, 0x00, 0x00, 0x00, 0x00, 0x07,
  0x55, 0xe4, 0xeb, 0xe2, 0xe0, 0xde, 0xdd, 0xdf, 0xe9, 0x8c, 0x00, 0x04,
  0x00, 0x00, 0x00, 0x00, 0x00, 0x00, 0x00, 0x00, 0x00, 0x00, 0x00, 0x00,
  0x00, 0x00, 0x00, 0x00, 0x00, 0x00, 0x00, 0x00, 0x00, 0x00, 0x00, 0x00,
  0x00, 0x00, 0x00, 0x00, 0x00, 0x00, 0x00, 0x00, 0x00, 0x00, 0x06, 0x00,
  0x5e, 0xe3, 0xd5, 0xd4, 0xd6, 0xd6, 0xda, 0xd7, 0x0c, 0x00, 0x01, 0x00,
  0x00, 0x00, 0x00, 0x00, 0x00, 0x00, 0x00, 0x00, 0x00, 0x00, 0x00, 0x00,
  0x00, 0x00, 0x00, 0x00, 0x00, 0x00, 0x00, 0x00, 0x00, 0x00, 0x00, 0x00,
  0x00, 0x00, 0x00, 0x00, 0x00, 0x00, 0x00, 0x00, 0x00, 0x00, 0x00, 0x00,
  0x00, 0x00, 0x00, 0x00, 0x00, 0x00, 0x00, 0x00, 0x00, 0x00, 0x00, 0x00,
  0x00, 0x00, 0x00, 0x00, 0x00, 0x00, 0x00, 0x00, 0x00, 0x00, 0x00, 0x00,
  0x00, 0x00, 0x00, 0x00, 0x00, 0x00, 0x00, 0x06, 0x00, 0x79, 0xf5, 0xdb,
  0xd5, 0xd8, 0xd8, 0xe1, 0xd4, 0x08, 0x00, 0x05, 0x04, 0x04, 0x04, 0x04,
  0x04, 0x04, 0x04, 0x04, 0x04, 0x03, 0x03, 0x00, 0x00, 0x00, 0x00, 0x00,
  0x00, 0x00, 0x00, 0x00, 0x00, 0x00, 0x00, 0x00, 0x00, 0x00, 0x00, 0x00,
  0x00, 0x00, 0x00, 0x00, 0x00, 0x00, 0x00, 0x00, 0x00, 0x00, 0x00, 0x00,
  0x00, 0x05, 0x00, 0x68, 0xe4, 0xe3, 0xd7, 0xde, 0xd8, 0xd9, 0xe2, 0x8a,
  0x03, 0x00, 0x00, 0x00, 0x00, 0x00, 0x00, 0x06, 0x00, 0x32, 0xe6, 0xdf,
  0xdb, 0xe1, 0xe3, 0xde, 0xda, 0xed, 0x6d, 0x01, 0x00, 0x01, 0x00, 0x00,
  0x00, 0x00, 0x00, 0x00, 0x00, 0x00, 0x00, 0x00, 0x00, 0x00, 0x00, 0x00,
  0x00, 0x00, 0x00, 0x00, 0x00, 0x00, 0x00, 0x00, 0x00, 0x06, 0x00, 0x70,
  0xfa, 0xd8, 0xda, 0xdb, 0xd8, 0xd8, 0xdf, 0xe4, 0x43, 0x00, 0x00, 0x03,
  0x00, 0x00, 0x00, 0x00, 0x00, 0x00, 0x00, 0x00, 0x00, 0x00, 0x01, 0x04,
  0x01, 0x04, 0x8a, 0xe8, 0xcf, 0xd7, 0xd6, 0xd6, 0xd6, 0xd9, 0xe4, 0x77,
  0x0a, 0x00, 0x01, 0x00, 0x00, 0x00, 0x00, 0x00, 0x00, 0x00, 0x00, 0x00,
  0x00, 0x00, 0x00, 0x00, 0x00, 0x00, 0x00, 0x00, 0x00, 0x00, 0x00, 0x01,
  0x00, 0x1f, 0x03, 0x00, 0x00, 0x00, 0x00, 0x00, 0x00, 0x00, 0x02, 0x00,
  0x12, 0xbb, 0xe5, 0xe1, 0xdd, 0xdf, 0xde, 0xe2, 0xea, 0x5f, 0x00, 0x06,
  0x00, 0x00, 0x00, 0x00, 0x00, 0x00, 0x00, 0x00, 0x00, 0x00, 0x00, 0x00,
  0x00, 0x00, 0x00, 0x00, 0x00, 0x00, 0x00, 0x00, 0x00, 0x05, 0x00, 0x72,
  0xeb, 0xdf, 0xd8, 0xdb, 0xd9, 0xe5, 0xd3, 0x00, 0x00, 0x00, 0x00, 0x00,
  0x00, 0x00, 0x00, 0x00, 0x00, 0x00, 0x00, 0x00, 0x00, 0x00, 0x00, 0x00,
  0x00, 0x00, 0x00, 0x00, 0x00, 0x00, 0x00, 0x00, 0x00, 0x00, 0x00, 0x00,
  0x00, 0x00, 0x00, 0x00, 0x00, 0x00, 0x00, 0x00, 0x00, 0x00, 0x00, 0x00,
  0x00, 0x01, 0x00, 0x77, 0xdf, 0xdd, 0xd3, 0xd9, 0xd9, 0xdc, 0xe2, 0xe2,
  0x9d, 0x19, 0x00, 0x01, 0x01, 0x00, 0x00, 0x00, 0x00, 0x00, 0x00, 0x00,
  0x00, 0x00, 0x02, 0x02, 0x00, 0x22, 0xd3, 0xf5, 0xe9, 0xe7, 0x7e, 0x1d,
  0x0f, 0x00, 0x00, 0x00, 0x00, 0x00, 0x00, 0x00, 0x00, 0x00, 0x00, 0x00,
  0x00, 0x00, 0x00, 0x00, 0x00, 0x00, 0x00, 0x00, 0x00, 0x00, 0x00, 0x00,
  0x00, 0x00, 0x00, 0x00, 0x00, 0x00, 0x00, 0x00, 0x00, 0x02, 0x00, 0xb0,
  0xe6, 0xd3, 0xd5, 0xd4, 0xd4, 0xe8, 0x97, 0x00, 0x04, 0x00, 0x00, 0x00,
  0x00, 0x00, 0x00, 0x00, 0x00, 0x00, 0x00, 0x00, 0x00, 0x00, 0x00, 0x00,
  0x00, 0x00, 0x05, 0x00, 0x98, 0xf4, 0xda, 0xdd, 0xdc, 0xe6, 0xe3, 0x7b,
  0x00, 0x00, 0x00, 0x00, 0x00, 0x00, 0x00, 0x00, 0x07, 0x00, 0x44, 0xf5,
  0xe2, 0xde, 0xdd, 0xda, 0xdb, 0xd7, 0xf4, 0x58, 0x00, 0x01, 0x00, 0x00,
  0x00, 0x00, 0x00, 0x00, 0x00, 0x00, 0x00, 0x00, 0x00, 0x00, 0x00, 0x00,
  0x00, 0x00, 0x00, 0x00, 0x00, 0x00, 0x00, 0x00, 0x00, 0x00, 0x06, 0x00,
  0x75, 0xf3, 0xdd, 0xd7, 0xda, 0xd9, 0xe5, 0xba, 0x03, 0x00, 0x01, 0x01,
  0x01, 0x01, 0x01, 0x01, 0x01, 0x01, 0x01, 0x01, 0x01, 0x01, 0x01, 0x01,
  0x01, 0x01, 0x01, 0x01, 0x01, 0x00, 0x00, 0x00, 0x00, 0x00, 0x00, 0x00,
  0x00, 0x00, 0x00, 0x00, 0x00, 0x00, 0x00, 0x00, 0x00, 0x00, 0x00, 0x00,
  0x00, 0x00, 0x01, 0x00, 0x4c, 0xd2, 0xe3, 0xcf, 0xd9, 0xda, 0xdb, 0xd8,
  0xe4, 0xd0, 0x28, 0x12, 0x01, 0x00, 0x01, 0x01, 0x01, 0x00, 0x00, 0x01,
  0x01, 0x01, 0x01, 0x00, 0x00, 0x1d, 0xbf, 0xe6, 0xd3, 0xd0, 0xd8, 0xf9,
  0x9e, 0x10, 0x14, 0x00, 0x00, 0x00, 0x00, 0x00, 0x00, 0x00, 0x00, 0x00,
  0x00, 0x00, 0x00, 0x00, 0x00, 0x00, 0x00, 0x00, 0x00, 0x00, 0x02, 0x00,
  0x3f, 0xc9, 0xec, 0xd1, 0xda, 0xd8, 0xd8, 0xd8, 0xde, 0xe1, 0x36, 0x10,
  0x03, 0x00, 0x01, 0x01, 0x00, 0x00, 0x00, 0x00, 0x00, 0x01, 0x01, 0x00,
  0x00, 0x0e, 0x8a, 0xd9, 0xd9, 0xd6, 0xda, 0xd9, 0xd7, 0xd7, 0xe6, 0xc9,
  0x00, 0x00, 0x00, 0x00, 0x00, 0x00, 0x00, 0x00, 0x00, 0x00, 0x00, 0x00,
  0x00, 0x00, 0x00, 0x00, 0x00, 0x00, 0x00, 0x00, 0x00, 0x00, 0x00, 0x00,
  0x00, 0x00, 0x00, 0x00, 0x00, 0x00, 0x57, 0xd3, 0xeb, 0xdc, 0xdd, 0xe0,
  0xe1, 0xe0, 0xda, 0xd7, 0xd8, 0xd7, 0xd5, 0xd5, 0xcd, 0xe4, 0xb2, 0x2e,
  0x00, 0x03, 0x00, 0x00, 0x00, 0x00, 0x00, 0x00, 0x00, 0x00, 0x00, 0x00,
  0x00, 0x00, 0x00, 0x00, 0x00, 0x00, 0x00, 0x00, 0x00, 0x00, 0x00, 0x00,
  0x00, 0x00, 0x00, 0x00, 0x00, 0x02, 0x00, 0x1f, 0xcd, 0xe2, 0xd3, 0xd6,
  0xd0, 0xdc, 0xd1, 0x37, 0x00, 0x05, 0x00, 0x00, 0x00, 0x01, 0x01, 0x01,
  0x01, 0x01, 0x01, 0x01, 0x01, 0x01, 0x01, 0x01, 0x01, 0x01, 0x01, 0x01,
  0x01, 0x00, 0x00, 0x00, 0x00, 0x00, 0x00, 0x00, 0x00, 0x00, 0x00, 0x00,
  0x00, 0x00, 0x00, 0x00, 0x00, 0x00, 0x00, 0x00, 0x00, 0x00, 0x03, 0x00,
  0x2d, 0xc7, 0xe5, 0xd3, 0xdb, 0xdd, 0xe4, 0xe9, 0x2b, 0x00, 0x03, 0x00,
  0x00, 0x00, 0x00, 0x00, 0x00, 0x00, 0x01, 0x83, 0xe9, 0xe5, 0xdd, 0xde,
  0xdd, 0xdc, 0xdf, 0xc5, 0x5b, 0x00, 0x02, 0x00, 0x00, 0x00, 0x00, 0x00,
  0x00, 0x00, 0x00, 0x00, 0x00, 0x00, 0x00, 0x00, 0x00, 0x00, 0x00, 0x00,
  0x00, 0x00, 0x00, 0x00, 0x00, 0x00, 0x00, 0x00, 0x00, 0x00, 0x00, 0x00,
  0x00, 0x00, 0x00, 0x00, 0x06, 0x00, 0x60, 0xe5, 0xd4, 0xd4, 0xd7, 0xd6,
  0xd9, 0xd6, 0x0c, 0x00, 0x01, 0x00, 0x00, 0x00, 0x00, 0x00, 0x00, 0x00,
  0x00, 0x00, 0x00, 0x00, 0x00, 0x00, 0x00, 0x00, 0x00, 0x00, 0x00, 0x00,
  0x00, 0x00, 0x00, 0x00, 0x00, 0x00, 0x00, 0x00, 0x00, 0x00, 0x00, 0x00,
  0x00, 0x00, 0x00, 0x00, 0x00, 0x00, 0x00, 0x00, 0x00, 0x00, 0x00, 0x00,
  0x00, 0x00, 0x00, 0x00, 0x00, 0x00, 0x00, 0x00, 0x00, 0x00, 0x00, 0x00,
  0x00, 0x00, 0x00, 0x00, 0x00, 0x00, 0x00, 0x00, 0x00, 0x00, 0x00, 0x00,
  0x00, 0x06, 0x00, 0x79, 0xf5, 0xda, 0xd6, 0xd8, 0xd7, 0xe0, 0xd5, 0x02,
  0x00, 0x00, 0x00, 0x00, 0x00, 0x00, 0x00, 0x00, 0x00, 0x00, 0x00, 0x00,
  0x00, 0x00, 0x00, 0x00, 0x00, 0x00, 0x00, 0x00, 0x00, 0x00, 0x00, 0x00,
  0x00, 0x00, 0x00, 0x00, 0x00, 0x00, 0x00, 0x00, 0x00, 0x00, 0x00, 0x00,
  0x00, 0x00, 0x00, 0x00, 0x00, 0x00, 0x00, 0x05, 0x00, 0x66, 0xe2, 0xe2,
  0xd5, 0xdd, 0xd6, 0xd8, 0xe1, 0x84, 0x03, 0x00, 0x00, 0x00, 0x00, 0x00,
  0x00, 0x01, 0x00, 0x15, 0x88, 0xeb, 0xdb, 0xdf, 0xe0, 0xe0, 0xd9, 0xe0,
  0xe5, 0x5d, 0x00, 0x03, 0x00, 0x00, 0x00, 0x00, 0x00, 0x00, 0x00, 0x00,
  0x00, 0x00, 0x00, 0x00, 0x00, 0x00, 0x00, 0x00, 0x00, 0x00, 0x00, 0x00,
  0x00, 0x00, 0x00, 0x03, 0x00, 0x37, 0xbf, 0xed, 0xd0, 0xdb, 0xd7, 0xd7,
  0xd8, 0xda, 0xd4, 0x41, 0x00, 0x00, 0x01, 0x01, 0x01, 0x01, 0x00, 0x00,
  0x00, 0x01, 0x01, 0x01, 0x01, 0x01, 0x07, 0x85, 0xe0, 0xd5, 0xd3, 0xd9,
  0xd6, 0xd6, 0xd5, 0xdd, 0xda, 0x14, 0x00, 0x01, 0x00, 0x00, 0x00, 0x00,
  0x00, 0x00, 0x00, 0x00, 0x00, 0x00, 0x00, 0x00, 0x00, 0x00, 0x00, 0x00,
  0x00, 0x00, 0x00, 0x01, 0x00, 0x00, 0x2f, 0xae, 0x2a, 0x00, 0x00, 0x01,
  0x00, 0x00, 0x00, 0x01, 0x01, 0x00, 0x2a, 0xde, 0xe3, 0xe0, 0xde, 0xdf,
  0xdd, 0xe6, 0xe2, 0x57, 0x00, 0x05, 0x00, 0x00, 0x00, 0x00, 0x00, 0x00,
  0x00, 0x00, 0x00, 0x00, 0x00, 0x00, 0x00, 0x00, 0x00, 0x00, 0x00, 0x00,
  0x00, 0x00, 0x00, 0x06, 0x00, 0x73, 0xec, 0xe0, 0xd9, 0xdb, 0xda, 0xe7,
  0xd2, 0x00, 0x00, 0x01, 0x01, 0x01, 0x01, 0x01, 0x01, 0x01, 0x01, 0x01,
  0x01, 0x01, 0x01, 0x01, 0x01, 0x01, 0x01, 0x01, 0x01, 0x01, 0x00, 0x00,
  0x00, 0x00, 0x00, 0x00, 0x00, 0x00, 0x00, 0x00, 0x00, 0x00, 0x00, 0x00,
  0x00, 0x00, 0x00, 0x00, 0x00, 0x00, 0x00, 0x01, 0x00, 0x33, 0xbd, 0xe8,
  0xd4, 0xd6, 0xda, 0xdd, 0xdf, 0xe1, 0xdf, 0x9d, 0x1a, 0x00, 0x00, 0x01,
  0x01, 0x01, 0x00, 0x00, 0x00, 0x01, 0x01, 0x01, 0x00, 0x00, 0x1e, 0xcb,
  0xeb, 0xd4, 0xd6, 0xe4, 0xf2, 0xce, 0x62, 0x0c, 0x00, 0x00, 0x00, 0x00,
  0x00, 0x00, 0x00, 0x00, 0x00, 0x00, 0x00, 0x00, 0x00, 0x00, 0x00, 0x00,
  0x00, 0x00, 0x00, 0x00, 0x00, 0x00, 0x00, 0x00, 0x00, 0x00, 0x00, 0x00,
  0x00, 0x00, 0x00, 0x02, 0x00, 0xb0, 0xe6, 0xd2, 0xd4, 0xd3, 0xd4, 0xe9,
  0x98, 0x00, 0x04, 0x00, 0x00, 0x00, 0x00, 0x00, 0x00, 0x00, 0x00, 0x00,
  0x00, 0x00, 0x00, 0x00, 0x00, 0x00, 0x00, 0x00, 0x05, 0x00, 0x98, 0xf5,
  0xda, 0xdd, 0xdc, 0xe5, 0xe2, 0x7a, 0x00, 0x00, 0x00, 0x00, 0x00, 0x00,
  0x00, 0x00, 0x02, 0x00, 0x25, 0xaa, 0xf0, 0xe2, 0xe2, 0xdf, 0xdd, 0xd9,
  0xde, 0xdc, 0x47, 0x00, 0x03, 0x00, 0x00, 0x00, 0x00, 0x00, 0x00, 0x00,
  0x00, 0x00, 0x00, 0x00, 0x00, 0x00, 0x00, 0x00, 0x00, 0x00, 0x00, 0x00,
  0x00, 0x00, 0x00, 0x00, 0x06, 0x00, 0x75, 0xf4, 0xdd, 0xd7, 0xda, 0xda,
  0xe7, 0xb7, 0x02, 0x00, 0x00, 0x00, 0x00, 0x00, 0x00, 0x00, 0x00, 0x00,
  0x00, 0x00, 0x00, 0x00, 0x00, 0x00, 0x00, 0x00, 0x00, 0x00, 0x00, 0x00,
  0x00, 0x00, 0x00, 0x00, 0x00, 0x00, 0x00, 0x00, 0x00, 0x00, 0x00, 0x00,
  0x00, 0x00, 0x00, 0x00, 0x00, 0x00, 0x00, 0x00, 0x00, 0x04, 0x00, 0x8a,
  0xea, 0xd7, 0xd4, 0xdb, 0xdb, 0xdb, 0xda, 0xe8, 0xed, 0x9c, 0x1f, 0x07,
  0x02, 0x00, 0x00, 0x00, 0x00, 0x00, 0x00, 0x00, 0x01, 0x0f, 0x1b, 0xd1,
  0xe8, 0xd4, 0xd8, 0xd9, 0xd5, 0xd4, 0xec, 0xda, 0x5b, 0x00, 0x02, 0x00,
  0x00, 0x00, 0x00, 0x00, 0x00, 0x00, 0x00, 0x00, 0x00, 0x00, 0x00, 0x00,
  0x00, 0x00, 0x00, 0x00, 0x00, 0x06, 0x00, 0x78, 0xed, 0xd6, 0xd7, 0xdb,
  0xda, 0xdb, 0xdc, 0xdc, 0xef, 0xa8, 0x28, 0x04, 0x03, 0x00, 0x00, 0x00,
  0x00, 0x00, 0x00, 0x00, 0x00, 0x0d, 0x0f, 0xa2, 0xea, 0xde, 0xd8, 0xdb,
  0xd9, 0xd9, 0xd5, 0xe2, 0xe0, 0x65, 0x03, 0x00, 0x00, 0x00, 0x00, 0x00,
  0x00, 0x00, 0x00, 0x00, 0x00, 0x00, 0x00, 0x00, 0x00, 0x00, 0x00, 0x00,
  0x00, 0x00, 0x00, 0x00, 0x00, 0x00, 0x00, 0x00, 0x00, 0x00, 0x00, 0x04,
  0x00, 0xa8, 0xf6, 0xe1, 0xe1, 0xe1, 0xe0, 0xe1, 0xdf, 0xdb, 0xd8, 0xd7,
  0xd6, 0xd6, 0xcc, 0xf7, 0x4c, 0x00, 0x05, 0x00, 0x00, 0x00, 0x00, 0x00,
  0x00, 0x00, 0x00, 0x00, 0x00, 0x00, 0x00, 0x00, 0x00, 0x00, 0x00, 0x00,
  0x00, 0x00, 0x00, 0x00, 0x00, 0x00, 0x00, 0x00, 0x00, 0x00, 0x00, 0x02,
  0x00, 0x1f, 0xcc, 0xe2, 0xd4, 0xd7, 0xd0, 0xde, 0xcd, 0x34, 0x00, 0x04,
  0x00, 0x00, 0x00, 0x00, 0x00, 0x00, 0x00, 0x00, 0x00, 0x00, 0x00, 0x00,
  0x00, 0x00, 0x00, 0x00, 0x00, 0x00, 0x00, 0x00, 0x00, 0x00, 0x00, 0x00,
  0x00, 0x00, 0x00, 0x00, 0x00, 0x00, 0x00, 0x00, 0x00, 0x00, 0x00, 0x00,
  0x00, 0x00, 0x00, 0x00, 0x03, 0x00, 0x2d, 0xc9, 0xe6, 0xd2, 0xdb, 0xde,
  0xe4, 0xea, 0x2b, 0x00, 0x03, 0x00, 0x00, 0x00, 0x00, 0x00, 0x00, 0x00,
  0x02, 0x00, 0xbc, 0xeb, 0xdc, 0xdb, 0xdc, 0xd9, 0xda, 0xe9, 0x9b, 0x00,
  0x03, 0x00, 0x00, 0x00, 0x00, 0x00, 0x00, 0x00, 0x00, 0x00, 0x00, 0x00,
  0x00, 0x00, 0x00, 0x00, 0x00, 0x00, 0x00, 0x00, 0x00, 0x00, 0x00, 0x00,
  0x00, 0x00, 0x00, 0x00, 0x00, 0x00, 0x00, 0x00, 0x00, 0x00, 0x06, 0x00,
  0x61, 0xe7, 0xd6, 0xd5, 0xd8, 0xd7, 0xd9, 0xd6, 0x0c, 0x00, 0x01, 0x00,
  0x00, 0x00, 0x00, 0x00, 0x00, 0x00, 0x00, 0x00, 0x00, 0x00, 0x00, 0x00,
  0x00, 0x00, 0x00, 0x00, 0x00, 0x00, 0x00, 0x00, 0x00, 0x00, 0x00, 0x00,
  0x00, 0x00, 0x00, 0x00, 0x00, 0x00, 0x00, 0x00, 0x00, 0x00, 0x00, 0x00,
  0x00, 0x00, 0x00, 0x00, 0x00, 0x00, 0x00, 0x00, 0x00, 0x00, 0x00, 0x00,
  0x00, 0x00, 0x00, 0x00, 0x00, 0x00, 0x00, 0x00, 0x00, 0x00, 0x00, 0x00,
  0x00, 0x00, 0x00, 0x00, 0x00, 0x00, 0x00, 0x06, 0x00, 0x79, 0xf5, 0xda,
  0xd6, 0xd9, 0xd6, 0xe1, 0xd6, 0x02, 0x00, 0x00, 0x00, 0x00, 0x00, 0x00,
  0x00, 0x00, 0x00, 0x00, 0x00, 0x00, 0x00, 0x00, 0x00, 0x00, 0x00, 0x00,
  0x00, 0x00, 0x00, 0x00, 0x00, 0x00, 0x00, 0x00, 0x00, 0x00, 0x00, 0x00,
  0x00, 0x00, 0x00, 0x00, 0x00, 0x00, 0x00, 0x00, 0x00, 0x00, 0x00, 0x00,
  0x00, 0x05, 0x00, 0x64, 0xe1, 0xe1, 0xd2, 0xda, 0xd4, 0xd8, 0xdf, 0x7e,
  0x03, 0x00, 0x00, 0x00, 0x00, 0x00, 0x00, 0x00, 0x02, 0x00, 0x1e, 0xcc,
  0xe7, 0xd9, 0xdd, 0xdd, 0xde, 0xde, 0xe4, 0xb8, 0x3a, 0x00, 0x04, 0x00,
  0x00, 0x00, 0x00, 0x00, 0x00, 0x00, 0x00, 0x00, 0x00, 0x00, 0x00, 0x00,
  0x00, 0x00, 0x00, 0x00, 0x00, 0x00, 0x00, 0x00, 0x00, 0x00, 0x06, 0x00,
  0x59, 0xf0, 0xd1, 0xd7, 0xd9, 0xd8, 0xd8, 0xd9, 0xdf, 0xdd, 0x47, 0x04,
  0x08, 0x00, 0x00, 0x00, 0x00, 0x00, 0x00, 0x00, 0x00, 0x00, 0x11, 0x07,
  0x99, 0xf2, 0xdd, 0xd6, 0xd9, 0xd5, 0xd5, 0xd3, 0xd9, 0xe2, 0x84, 0x0c,
  0x00, 0x00, 0x00, 0x00, 0x00, 0x00, 0x00, 0x00, 0x00, 0x00, 0x00, 0x00,
  0x00, 0x00, 0x00, 0x00, 0x00, 0x00, 0x00, 0x00, 0x00, 0x00, 0x00, 0x2a,
  0xef, 0xf1, 0xba, 0x27, 0x00, 0x00, 0x00, 0x00, 0x00, 0x01, 0x00, 0x1e,
  0xa2, 0xe5, 0xe0, 0xdc, 0xdc, 0xde, 0xdb, 0xef, 0xbb, 0x33, 0x00, 0x03,
  0x00, 0x00, 0x00, 0x00, 0x00, 0x00, 0x00, 0x00, 0x00, 0x00, 0x00, 0x00,
  0x00, 0x00, 0x00, 0x00, 0x00, 0x00, 0x00, 0x00, 0x00, 0x06, 0x00, 0x75,
  0xee, 0xe1, 0xdc, 0xdc, 0xdd, 0xe9, 0xd1, 0x00, 0x00, 0x00, 0x00, 0x00,
  0x00, 0x00, 0x00, 0x00, 0x00, 0x00, 0x00, 0x00, 0x00, 0x00, 0x00, 0x00,
  0x00, 0x00, 0x00, 0x00, 0x00, 0x00, 0x00, 0x00, 0x00, 0x00, 0x00, 0x00,
  0x00, 0x00, 0x00, 0x00, 0x00, 0x00, 0x00, 0x00, 0x00, 0x00, 0x00, 0x00,
  0x00, 0x00, 0x03, 0x00, 0x61, 0xd9, 0xe2, 0xd2, 0xda, 0xdc, 0xdf, 0xe0,
  0xe6, 0xe8, 0xac, 0x1f, 0x07, 0x02, 0x00, 0x00, 0x00, 0x00, 0x00, 0x00,
  0x00, 0x02, 0x0d, 0x1e, 0xd0, 0xe7, 0xd7, 0xdd, 0xde, 0xd8, 0xd7, 0xe7,
  0xec, 0x80, 0x00, 0x04, 0x00, 0x00, 0x00, 0x00, 0x00, 0x00, 0x00, 0x00,
  0x00, 0x00, 0x00, 0x00, 0x00, 0x00, 0x00, 0x00, 0x00, 0x00, 0x00, 0x00,
  0x00, 0x00, 0x00, 0x00, 0x00, 0x00, 0x00, 0x00, 0x00, 0x02, 0x00, 0xb2,
  0xe7, 0xd3, 0xd4, 0xd3, 0xd5, 0xea, 0x98, 0x00, 0x04, 0x00, 0x00, 0x00,
  0x00, 0x00, 0x00, 0x00, 0x00, 0x00, 0x00, 0x00, 0x00, 0x00, 0x00, 0x00,
  0x00, 0x00, 0x05, 0x00, 0x98, 0xf5, 0xda, 0xdc, 0xdb, 0xe4, 0xe2, 0x79,
  0x00, 0x00, 0x00, 0x00, 0x00, 0x00, 0x00, 0x00, 0x00, 0x03, 0x00, 0x29,
  0xd2, 0xe7, 0xe4, 0xe1, 0xde, 0xde, 0xd5, 0xe7, 0xab, 0x28, 0x00, 0x03,
  0x00, 0x00, 0x00, 0x00, 0x00, 0x00, 0x00, 0x00, 0x00, 0x00, 0x00, 0x00,
  0x00, 0x00, 0x00, 0x00, 0x00, 0x00, 0x00, 0x00, 0x00, 0x00, 0x06, 0x00,
  0x75, 0xf4, 0xdd, 0xd8, 0xdc, 0xdb, 0xe7, 0xc1, 0x0b, 0x04, 0x08, 0x07,
  0x07, 0x07, 0x07, 0x07, 0x07, 0x06, 0x06, 0x06, 0x06, 0x06, 0x07, 0x07,
  0x07, 0x07, 0x07, 0x08, 0x08, 0x03, 0x00, 0x00, 0x00, 0x00, 0x00, 0x00,
  0x00, 0x00, 0x00, 0x00, 0x00, 0x00, 0x00, 0x00, 0x00, 0x00, 0x00, 0x00,
  0x00, 0x00, 0x00, 0x02, 0x00, 0x38, 0xbe, 0xe9, 0xd1, 0xd8, 0xdd, 0xde,
  0xe0, 0xdf, 0xe4, 0xeb, 0xd1, 0x98, 0x23, 0x00, 0x09, 0x05, 0x05, 0x06,
  0x09, 0x02, 0x1b, 0xb7, 0xea, 0xdf, 0xd4, 0xda, 0xd9, 0xd8, 0xd8, 0xd5,
  0xe2, 0xc9, 0x53, 0x00, 0x02, 0x00, 0x00, 0x00, 0x00, 0x00, 0x00, 0x00,
  0x00, 0x00, 0x00, 0x00, 0x00, 0x00, 0x00, 0x00, 0x00, 0x00, 0x00, 0x02,
  0x00, 0x2d, 0xb1, 0xec, 0xd4, 0xdb, 0xdd, 0xdd, 0xdf, 0xdd, 0xdc, 0xe7,
  0xcd, 0x91, 0x29, 0x00, 0x08, 0x04, 0x04, 0x05, 0x06, 0x05, 0x0e, 0x8d,
  0xd9, 0xe9, 0xdd, 0xdc, 0xde, 0xdb, 0xd9, 0xd5, 0xdd, 0xe6, 0x94, 0x00,
  0x00, 0x00, 0x00, 0x00, 0x00, 0x00, 0x00, 0x00, 0x00, 0x00, 0x00, 0x00,
  0x00, 0x00, 0x00, 0x00, 0x00, 0x00, 0x00, 0x00, 0x00, 0x00, 0x00, 0x00,
  0x00, 0x00, 0x00, 0x00, 0x00, 0x02, 0x00, 0x78, 0xe1, 0xea, 0xe1, 0xe0,
  0xdf, 0xdf, 0xdb, 0xd9, 0xda, 0xd9, 0xd8, 0xd6, 0xd7, 0xe4, 0x42, 0x00,
  0x04, 0x00, 0x00, 0x00, 0x00, 0x00, 0x00, 0x00, 0x00, 0x00, 0x00, 0x00,
  0x00, 0x00, 0x00, 0x00, 0x00, 0x00, 0x00, 0x00, 0x00, 0x00, 0x00, 0x00,
  0x00, 0x00, 0x00, 0x00, 0x00, 0x02, 0x00, 0x20, 0xce, 0xe2, 0xd6, 0xd8,
  0xd3, 0xdb, 0xd3, 0x3e, 0x00, 0x0a, 0x06, 0x06, 0x06, 0x06, 0x06, 0x07,
  0x07, 0x07, 0x07, 0x07, 0x07, 0x07, 0x07, 0x08, 0x08, 0x08, 0x08, 0x09,
  0x07, 0x00, 0x00, 0x00, 0x00, 0x00, 0x00, 0x00, 0x00, 0x00, 0x00, 0x00,
  0x00, 0x00, 0x00, 0x00, 0x00, 0x00, 0x00, 0x00, 0x00, 0x00, 0x03, 0x00,
  0x2e, 0xca, 0xe7, 0xd3, 0xdb, 0xde, 0xe4, 0xea, 0x2b, 0x00, 0x03, 0x00,
  0x00, 0x00, 0x00, 0x00, 0x00, 0x00, 0x00, 0x00, 0x62, 0xdd, 0xe2, 0xd6,
  0xdb, 0xda, 0xd7, 0xdd, 0xdf, 0x87, 0x00, 0x02, 0x00, 0x00, 0x00, 0x00,
  0x00, 0x00, 0x00, 0x00, 0x00, 0x00, 0x00, 0x00, 0x00, 0x00, 0x00, 0x00,
  0x00, 0x00, 0x00, 0x00, 0x00, 0x00, 0x00, 0x00, 0x00, 0x00, 0x00, 0x00,
  0x00, 0x00, 0x00, 0x00, 0x06, 0x00, 0x62, 0xe9, 0xd7, 0xd6, 0xd8, 0xd7,
  0xd9, 0xd6, 0x0c, 0x00, 0x01, 0x00, 0x00, 0x00, 0x00, 0x00, 0x00, 0x00,
  0x00, 0x00, 0x00, 0x00, 0x00, 0x00, 0x00, 0x00, 0x00, 0x00, 0x00, 0x00,
  0x00, 0x00, 0x00, 0x00, 0x00, 0x00, 0x00, 0x00, 0x00, 0x00, 0x00, 0x00,
  0x00, 0x00, 0x00, 0x00, 0x00, 0x00, 0x00, 0x00, 0x00, 0x00, 0x00, 0x00,
  0x00, 0x00, 0x00, 0x00, 0x00, 0x00, 0x00, 0x00, 0x00, 0x00, 0x00, 0x00,
  0x00, 0x00, 0x00, 0x00, 0x00, 0x00, 0x00, 0x00, 0x00, 0x00, 0x00, 0x00,
  0x00, 0x06, 0x00, 0x78, 0xf4, 0xda, 0xd5, 0xd7, 0xd6, 0xe2, 0xd7, 0x02,
  0x00, 0x00, 0x00, 0x00, 0x00, 0x00, 0x00, 0x00, 0x00, 0x00, 0x00, 0x00,
  0x00, 0x00, 0x00, 0x00, 0x00, 0x00, 0x00, 0x00, 0x00, 0x00, 0x00, 0x00,
  0x00, 0x00, 0x00, 0x00, 0x00, 0x00, 0x00, 0x00, 0x00, 0x00, 0x00, 0x00,
  0x00, 0x00, 0x00, 0x00, 0x00, 0x00, 0x00, 0x05, 0x00, 0x62, 0xdf, 0xe0,
  0xcf, 0xd8, 0xd3, 0xd8, 0xde, 0x7b, 0x03, 0x00, 0x00, 0x00, 0x00, 0x00,
  0x00, 0x00, 0x01, 0x00, 0x0b, 0x74, 0xe7, 0xdc, 0xdb, 0xdd, 0xdf, 0xdd,
  0xdf, 0xea, 0x69, 0x00, 0x05, 0x00, 0x00, 0x00, 0x00, 0x00, 0x00, 0x00,
  0x00, 0x00, 0x00, 0x00, 0x00, 0x00, 0x00, 0x00, 0x00, 0x00, 0x00, 0x00,
  0x00, 0x00, 0x00, 0x00, 0x03, 0x00, 0x26, 0xa8, 0xe9, 0xd0, 0xd7, 0xd9,
  0xd9, 0xdb, 0xda, 0xe1, 0xea, 0xc4, 0x42, 0x00, 0x0c, 0x06, 0x06, 0x05,
  0x06, 0x07, 0x0a, 0x04, 0x89, 0xe3, 0xed, 0xde, 0xdc, 0xde, 0xd8, 0xd5,
  0xd2, 0xd5, 0xde, 0xb1, 0x06, 0x00, 0x00, 0x00, 0x00, 0x00, 0x00, 0x00,
  0x00, 0x00, 0x00, 0x00, 0x00, 0x00, 0x00, 0x00, 0x00, 0x00, 0x00, 0x00,
  0x00, 0x00, 0x03, 0x00, 0x2a, 0xed, 0xe2, 0xd8, 0xe5, 0xc9, 0x2d, 0x00,
  0x08, 0x03, 0x05, 0x00, 0x1e, 0x96, 0xe4, 0xdf, 0xdc, 0xdb, 0xda, 0xdd,
  0xd7, 0xff, 0x62, 0x00, 0x06, 0x00, 0x00, 0x00, 0x00, 0x00, 0x00, 0x00,
  0x00, 0x00, 0x00, 0x00, 0x00, 0x00, 0x00, 0x00, 0x00, 0x00, 0x00, 0x00,
  0x00, 0x00, 0x00, 0x06, 0x00, 0x77, 0xf0, 0xe2, 0xdd, 0xde, 0xde, 0xea,
  0xd4, 0x09, 0x05, 0x08, 0x08, 0x07, 0x07, 0x07, 0x07, 0x07, 0x07, 0x07,
  0x07, 0x07, 0x07, 0x08, 0x08, 0x08, 0x08, 0x07, 0x07, 0x09, 0x04, 0x00,
  0x00, 0x00, 0x00, 0x00, 0x00, 0x00, 0x00, 0x00, 0x00, 0x00, 0x00, 0x00,
  0x00, 0x00, 0x00, 0x00, 0x00, 0x00, 0x00, 0x00, 0x00, 0x07, 0x00, 0x83,
  0xef, 0xda, 0xd6, 0xdc, 0xde, 0xe3, 0xe3, 0xe4, 0xe9, 0xd1, 0x96, 0x20,
  0x01, 0x09, 0x06, 0x05, 0x06, 0x09, 0x01, 0x1d, 0xb3, 0xe9, 0xdf, 0xd3,
  0xda, 0xdd, 0xde, 0xdb, 0xd2, 0xe1, 0xe2, 0x72, 0x00, 0x03, 0x00, 0x00,
  0x00, 0x00, 0x00, 0x00, 0x00, 0x00, 0x00, 0x00, 0x00, 0x00, 0x00, 0x00,
  0x00, 0x00, 0x00, 0x00, 0x00, 0x00, 0x00, 0x00, 0x00, 0x00, 0x00, 0x00,
  0x00, 0x00, 0x00, 0x02, 0x00, 0xb3, 0xe8, 0xd3, 0xd4, 0xd3, 0xd6, 0xeb,
  0x98, 0x00, 0x04, 0x00, 0x00, 0x00, 0x00, 0x00, 0x00, 0x00, 0x00, 0x00,
  0x00, 0x00, 0x00, 0x00, 0x00, 0x00, 0x00, 0x00, 0x05, 0x00, 0x98, 0xf5,
  0xda, 0xdd, 0xdb, 0xe3, 0xe2, 0x78, 0x00, 0x00, 0x00, 0x00, 0x00, 0x00,
  0x00, 0x00, 0x00, 0x00, 0x03, 0x00, 0x24, 0xed, 0xe3, 0xde, 0xdc, 0xdc,
  0xd9, 0xd2, 0xe9, 0x5a, 0x00, 0x06, 0x00, 0x00, 0x00, 0x00, 0x00, 0x00,
  0x00, 0x00, 0x00, 0x00, 0x00, 0x00, 0x00, 0x00, 0x00, 0x00, 0x00, 0x00,
  0x00, 0x00, 0x00, 0x00, 0x06, 0x00, 0x74, 0xf4, 0xde, 0xd9, 0xdf, 0xdf,
  0xe3, 0xdb, 0xba, 0xa6, 0xa4, 0xa3, 0xa2, 0xa1, 0x9f, 0x9c, 0x99, 0x95,
  0x93, 0x94, 0x94, 0x96, 0x98, 0x9b, 0x9c, 0x9a, 0x96, 0xad, 0xa7, 0x3f,
  0x00, 0x03, 0x00, 0x00, 0x00, 0x00, 0x00, 0x00, 0x00, 0x00, 0x00, 0x00,
  0x00, 0x00, 0x00, 0x00, 0x00, 0x00, 0x00, 0x00, 0x00, 0x00, 0x04, 0x00,
  0x55, 0xd4, 0xe3, 0xd4, 0xde, 0xde, 0xdf, 0xe2, 0xe3, 0xe1, 0xea, 0xeb,
  0xde, 0xba, 0x99, 0x89, 0x87, 0x93, 0xa9, 0xc7, 0xe1, 0xe7, 0xdd, 0xd8,
  0xda, 0xdb, 0xda, 0xd8, 0xd4, 0xe3, 0xdc, 0x67, 0x00, 0x04, 0x00, 0x00,
  0x00, 0x00, 0x00, 0x00, 0x00, 0x00, 0x00, 0x00, 0x00, 0x00, 0x00, 0x00,
  0x00, 0x00, 0x00, 0x00, 0x00, 0x00, 0x04, 0x00, 0x45, 0xce, 0xe5, 0xd4,
  0xdd, 0xdc, 0xdd, 0xdd, 0xdf, 0xdb, 0xe4, 0xe6, 0xcf, 0xa7, 0x85, 0x74,
  0x72, 0x7c, 0x8f, 0xb0, 0xd3, 0xe6, 0xe7, 0xdf, 0xdd, 0xdd, 0xdc, 0xda,
  0xd6, 0xd7, 0xee, 0xab, 0x00, 0x03, 0x00, 0x00, 0x00, 0x00, 0x00, 0x00,
  0x00, 0x00, 0x00, 0x00, 0x00, 0x00, 0x00, 0x00, 0x00, 0x00, 0x00, 0x00,
  0x00, 0x00, 0x00, 0x00, 0x00, 0x00, 0x00, 0x00, 0x00, 0x00, 0x00, 0x00,
  0x05, 0x00, 0x9d, 0xfa, 0xdd, 0xdf, 0xde, 0xdc, 0xdc, 0xdb, 0xd9, 0xda,
  0xd9, 0xd3, 0xe6, 0xb2, 0x26, 0x00, 0x03, 0x00, 0x00, 0x00, 0x00, 0x00,
  0x00, 0x00, 0x00, 0x00, 0x00, 0x00, 0x00, 0x00, 0x00, 0x00, 0x00, 0x00,
  0x00, 0x00, 0x00, 0x00, 0x00, 0x00, 0x00, 0x00, 0x00, 0x00, 0x00, 0x02,
  0x00, 0x20, 0xd1, 0xe3, 0xd7, 0xd9, 0xd8, 0xda, 0xd6, 0xb7, 0x99, 0x91,
  0x91, 0x8f, 0x90, 0x93, 0x96, 0x9a, 0x9c, 0x9e, 0x9f, 0x9e, 0xa0, 0xa2,
  0xa3, 0xa6, 0xaa, 0xa7, 0xa7, 0xbb, 0x93, 0x00, 0x00, 0x00, 0x00, 0x00,
  0x00, 0x00, 0x00, 0x00, 0x00, 0x00, 0x00, 0x00, 0x00, 0x00, 0x00, 0x00,
  0x00, 0x00, 0x00, 0x00, 0x04, 0x00, 0x2e, 0xcb, 0xe6, 0xd3, 0xdb, 0xde,
  0xe4, 0xe9, 0x2a, 0x00, 0x03, 0x00, 0x00, 0x00, 0x00, 0x00, 0x00, 0x00,
  0x00, 0x01, 0x00, 0x99, 0xe8, 0xda, 0xd8, 0xdc, 0xd7, 0xd6, 0xe9, 0xaf,
  0x00, 0x02, 0x00, 0x00, 0x00, 0x00, 0x00, 0x00, 0x00, 0x00, 0x00, 0x00,
  0x00, 0x00, 0x00, 0x00, 0x00, 0x00, 0x00, 0x00, 0x00, 0x00, 0x00, 0x00,
  0x00, 0x00, 0x00, 0x00, 0x00, 0x00, 0x00, 0x00, 0x00, 0x00, 0x06, 0x00,
  0x64, 0xec, 0xd9, 0xd8, 0xd9, 0xd8, 0xdb, 0xd7, 0x0c, 0x00, 0x01, 0x00,
  0x00, 0x00, 0x00, 0x00, 0x00, 0x00, 0x00, 0x00, 0x00, 0x00, 0x00, 0x00,
  0x00, 0x00, 0x00, 0x00, 0x00, 0x00, 0x00, 0x00, 0x00, 0x00, 0x00, 0x00,
  0x00, 0x00, 0x00, 0x00, 0x00, 0x00, 0x00, 0x00, 0x00, 0x00, 0x00, 0x00,
  0x00, 0x00, 0x00, 0x00, 0x00, 0x00, 0x00, 0x00, 0x00, 0x00, 0x00, 0x00,
  0x00, 0x00, 0x00, 0x00, 0x00, 0x00, 0x00, 0x00, 0x00, 0x00, 0x00, 0x00,
  0x00, 0x00, 0x00, 0x00, 0x00, 0x00, 0x00, 0x06, 0x00, 0x78, 0xf3, 0xda,
  0xd6, 0xd7, 0xd5, 0xe3, 0xd6, 0x02, 0x00, 0x00, 0x00, 0x00, 0x00, 0x00,
  0x00, 0x00, 0x00, 0x00, 0x00, 0x00, 0x00, 0x00, 0x00, 0x00, 0x00, 0x00,
  0x00, 0x00, 0x00, 0x00, 0x00, 0x00, 0x00, 0x00, 0x00, 0x00, 0x00, 0x00,
  0x00, 0x00, 0x00, 0x00, 0x00, 0x00, 0x00, 0x00, 0x00, 0x00, 0x00, 0x00,
  0x00, 0x04, 0x00, 0x61, 0xdd, 0xde, 0xcd, 0xd6, 0xd2, 0xd8, 0xde, 0x7a,
  0x03, 0x00, 0x00, 0x00, 0x00, 0x00, 0x00, 0x00, 0x00, 0x01, 0x00, 0x0f,
  0xaf, 0xe9, 0xdc, 0xde, 0xdd, 0xdc, 0xda, 0xe2, 0xd1, 0x57, 0x00, 0x04,
  0x00, 0x00, 0x00, 0x00, 0x00, 0x00, 0x00, 0x00, 0x00, 0x00, 0x00, 0x00,
  0x00, 0x00, 0x00, 0x00, 0x00, 0x00, 0x00, 0x00, 0x00, 0x00, 0x00, 0x04,
  0x00, 0x32, 0xcb, 0xe1, 0xcd, 0xd8, 0xd9, 0xdb, 0xdd, 0xda, 0xde, 0xe8,
  0xe9, 0xd0, 0xae, 0x98, 0x8c, 0x8a, 0x91, 0xa1, 0xbc, 0xde, 0xe9, 0xe6,
  0xdf, 0xde, 0xde, 0xdc, 0xd9, 0xd3, 0xd1, 0xe1, 0xc7, 0x00, 0x00, 0x00,
  0x00, 0x00, 0x00, 0x00, 0x00, 0x00, 0x00, 0x00, 0x00, 0x00, 0x00, 0x00,
  0x00, 0x00, 0x00, 0x00, 0x00, 0x00, 0x02, 0x00, 0x17, 0x8e, 0xe5, 0xe9,
  0xde, 0xe1, 0xdb, 0xe8, 0xde, 0xae, 0x80, 0x6d, 0x6a, 0x80, 0xbb, 0xe8,
  0xe0, 0xdd, 0xdd, 0xdc, 0xdc, 0xda, 0xe0, 0xef, 0x53, 0x00, 0x05, 0x00,
  0x00, 0x00, 0x00, 0x00, 0x00, 0x00, 0x00, 0x00, 0x00, 0x00, 0x00, 0x00,
  0x00, 0x00, 0x00, 0x00, 0x00, 0x00, 0x00, 0x00, 0x00, 0x06, 0x00, 0x77,
  0xf1, 0xe3, 0xde, 0xe0, 0xe1, 0xe5, 0xe2, 0xc4, 0xaa, 0xa7, 0xa7, 0xa5,
  0xa0, 0x9e, 0x9d, 0x9b, 0x9b, 0x9c, 0x9e, 0xa1, 0xa3, 0xa8, 0xaa, 0xac,
  0xab, 0xa3, 0xa4, 0xc4, 0x5e, 0x00, 0x05, 0x00, 0x00, 0x00, 0x00, 0x00,
  0x00, 0x00, 0x00, 0x00, 0x00, 0x00, 0x00, 0x00, 0x00, 0x00, 0x00, 0x00,
  0x00, 0x00, 0x00, 0x03, 0x00, 0x39, 0xbb, 0xed, 0xd8, 0xda, 0xdf, 0xdf,
  0xe4, 0xe3, 0xe0, 0xe8, 0xe9, 0xe0, 0xc1, 0x9e, 0x8b, 0x85, 0x8d, 0xa3,
  0xc3, 0xe1, 0xe3, 0xd7, 0xd6, 0xd8, 0xd9, 0xdb, 0xdd, 0xd6, 0xe1, 0xeb,
  0x76, 0x00, 0x05, 0x00, 0x00, 0x00, 0x00, 0x00, 0x00, 0x00, 0x00, 0x00,
  0x00, 0x00, 0x00, 0x00, 0x00, 0x00, 0x00, 0x00, 0x00, 0x00, 0x00, 0x00,
  0x00, 0x00, 0x00, 0x00, 0x00, 0x00, 0x00, 0x00, 0x00, 0x02, 0x00, 0xb4,
  0xe9, 0xd4, 0xd5, 0xd3, 0xd5, 0xeb, 0x98, 0x00, 0x04, 0x00, 0x00, 0x00,
  0x00, 0x00, 0x00, 0x00, 0x00, 0x00, 0x00, 0x00, 0x00, 0x00, 0x00, 0x00,
  0x00, 0x00, 0x05, 0x00, 0x99, 0xf6, 0xdb, 0xdd, 0xdb, 0xe3, 0xe1, 0x75,
  0x00, 0x00, 0x00, 0x00, 0x00, 0x00, 0x00, 0x00, 0x00, 0x00, 0x02, 0x00,
  0x1a, 0xc2, 0xe6, 0xdc, 0xd8, 0xd9, 0xdc, 0xd3, 0xdd, 0xcb, 0x4a, 0x00,
  0x04, 0x00, 0x00, 0x00, 0x00, 0x00, 0x00, 0x00, 0x00, 0x00, 0x00, 0x00,
  0x00, 0x00, 0x00, 0x00, 0x00, 0x00, 0x00, 0x00, 0x00, 0x00, 0x06, 0x00,
  0x75, 0xf4, 0xdf, 0xda, 0xe2, 0xe3, 0xe2, 0xe5, 0xea, 0xea, 0xe9, 0xe8,
  0xe7, 0xe7, 0xe5, 0xe4, 0xe4, 0xe3, 0xe2, 0xe2, 0xe3, 0xe3, 0xe4, 0xe4,
  0xe4, 0xe4, 0xe0, 0xf3, 0xe6, 0x5a, 0x00, 0x05, 0x00, 0x00, 0x00, 0x00,
  0x00, 0x00, 0x00, 0x00, 0x00, 0x00, 0x00, 0x00, 0x00, 0x00, 0x00, 0x00,
  0x00, 0x00, 0x00, 0x00, 0x00, 0x04, 0x00, 0x5f, 0xe0, 0xe2, 0xd7, 0xdf,
  0xdf, 0xdf, 0xe2, 0xe2, 0xe0, 0xde, 0xe5, 0xea, 0xe9, 0xe7, 0xe7, 0xe8,
  0xe9, 0xe7, 0xde, 0xd9, 0xdb, 0xdc, 0xdb, 0xdb, 0xd8, 0xd3, 0xdd, 0xeb,
  0x77, 0x00, 0x04, 0x00, 0x00, 0x00, 0x00, 0x00, 0x00, 0x00, 0x00, 0x00,
  0x00, 0x00, 0x00, 0x00, 0x00, 0x00, 0x00, 0x00, 0x00, 0x00, 0x00, 0x00,
  0x00, 0x04, 0x00, 0x4c, 0xdd, 0xe2, 0xd5, 0xd9, 0xdb, 0xdc, 0xde, 0xde,
  0xdb, 0xd8, 0xde, 0xe3, 0xe3, 0xe1, 0xe0, 0xe2, 0xe4, 0xe7, 0xe6, 0xdd,
  0xdb, 0xdc, 0xdc, 0xdb, 0xda, 0xd5, 0xd4, 0xf8, 0xac, 0x00, 0x04, 0x00,
  0x00, 0x00, 0x00, 0x00, 0x00, 0x00, 0x00, 0x00, 0x00, 0x00, 0x00, 0x00,
  0x00, 0x00, 0x00, 0x00, 0x00, 0x00, 0x00, 0x00, 0x00, 0x00, 0x00, 0x00,
  0x00, 0x00, 0x00, 0x00, 0x00, 0x00, 0x05, 0x00, 0x87, 0xee, 0xe0, 0xdc,
  0xdc, 0xdb, 0xdc, 0xdb, 0xda, 0xd9, 0xd9, 0xd4, 0xf3, 0x3d, 0x00, 0x03,
  0x00, 0x00, 0x00, 0x00, 0x00, 0x00, 0x00, 0x00, 0x00, 0x00, 0x00, 0x00,
  0x00, 0x00, 0x00, 0x00, 0x00, 0x00, 0x00, 0x00, 0x00, 0x00, 0x00, 0x00,
  0x00, 0x00, 0x00, 0x00, 0x00, 0x02, 0x00, 0x21, 0xd4, 0xe4, 0xdb, 0xdc,
  0xdc, 0xda, 0xd9, 0xdf, 0xe3, 0xe2, 0xe3, 0xe5, 0xe6, 0xe7, 0xe8, 0xe9,
  0xea, 0xeb, 0xea, 0xe9, 0xe8, 0xe7, 0xe7, 0xe7, 0xe7, 0xe4, 0xe6, 0xf7,
  0xc5, 0x00, 0x00, 0x00, 0x00, 0x00, 0x00, 0x00, 0x00, 0x00, 0x00, 0x00,
  0x00, 0x00, 0x00, 0x00, 0x00, 0x00, 0x00, 0x00, 0x00, 0x00, 0x04, 0x00,
  0x2f, 0xcc, 0xe6, 0xd3, 0xdb, 0xde, 0xe4, 0xe7, 0x2a, 0x00, 0x03, 0x00,
  0x00, 0x00, 0x00, 0x00, 0x00, 0x00, 0x00, 0x00, 0x03, 0x00, 0xb0, 0xeb,
  0xd3, 0xda, 0xda, 0xd7, 0xda, 0xe6, 0xa8, 0x00, 0x00, 0x00, 0x00, 0x00,
  0x00, 0x00, 0x00, 0x00, 0x00, 0x00, 0x00, 0x00, 0x00, 0x00, 0x00, 0x00,
  0x00, 0x00, 0x00, 0x00, 0x00, 0x00, 0x00, 0x00, 0x00, 0x00, 0x00, 0x00,
  0x00, 0x00, 0x00, 0x00, 0x06, 0x00, 0x65, 0xee, 0xdb, 0xdb, 0xdb, 0xda,
  0xdd, 0xd8, 0x0c, 0x00, 0x01, 0x00, 0x00, 0x00, 0x00, 0x00, 0x00, 0x00,
  0x00, 0x00, 0x00, 0x00, 0x00, 0x00, 0x00, 0x00, 0x00, 0x00, 0x00, 0x00,
  0x00, 0x00, 0x00, 0x00, 0x00, 0x00, 0x00, 0x00, 0x00, 0x00, 0x00, 0x00,
  0x00, 0x00, 0x00, 0x00, 0x00, 0x00, 0x00, 0x00, 0x00, 0x00, 0x00, 0x00,
  0x00, 0x00, 0x00, 0x00, 0x00, 0x00, 0x00, 0x00, 0x00, 0x00, 0x00, 0x00,
  0x00, 0x00, 0x00, 0x00, 0x00, 0x00, 0x00, 0x00, 0x00, 0x00, 0x00, 0x00,
  0x00, 0x06, 0x00, 0x78, 0xf3, 0xda, 0xd6, 0xd8, 0xd6, 0xe3, 0xd6, 0x02,
  0x00, 0x00, 0x00, 0x00, 0x00, 0x00, 0x00, 0x00, 0x00, 0x00, 0x00, 0x00,
  0x00, 0x00, 0x00, 0x00, 0x00, 0x00, 0x00, 0x00, 0x00, 0x00, 0x00, 0x00,
  0x00, 0x00, 0x00, 0x00, 0x00, 0x00, 0x00, 0x00, 0x00, 0x00, 0x00, 0x00,
  0x00, 0x00, 0x00, 0x00, 0x00, 0x00, 0x00, 0x04, 0x00, 0x60, 0xdb, 0xdc,
  0xcc, 0xd5, 0xd2, 0xd8, 0xde, 0x79, 0x03, 0x00, 0x00, 0x00, 0x00, 0x00,
  0x00, 0x00, 0x00, 0x00, 0x00, 0x00, 0x12, 0xda, 0xe5, 0xdc, 0xda, 0xda,
  0xd7, 0xd6, 0xf1, 0x7f, 0x00, 0x08, 0x00, 0x00, 0x00, 0x00, 0x00, 0x00,
  0x00, 0x00, 0x00, 0x00, 0x00, 0x00, 0x00, 0x00, 0x00, 0x00, 0x00, 0x00,
  0x00, 0x00, 0x00, 0x00, 0x00, 0x00, 0x02, 0x00, 0x34, 0xd8, 0xdf, 0xd1,
  0xd7, 0xdc, 0xdc, 0xdd, 0xdc, 0xdb, 0xe0, 0xe7, 0xeb, 0xeb, 0xea, 0xea,
  0xeb, 0xeb, 0xea, 0xe6, 0xdd, 0xdd, 0xde, 0xdd, 0xdc, 0xdc, 0xd7, 0xd3,
  0xe0, 0xd8, 0x71, 0x00, 0x00, 0x00, 0x00, 0x00, 0x00, 0x00, 0x00, 0x00,
  0x00, 0x00, 0x00, 0x00, 0x00, 0x00, 0x00, 0x00, 0x00, 0x00, 0x00, 0x02,
  0x00, 0x1b, 0x99, 0xf0, 0xde, 0xda, 0xdf, 0xe0, 0xdf, 0xdd, 0xe2, 0xe8,
  0xe7, 0xe2, 0xe1, 0xe7, 0xe7, 0xdf, 0xdf, 0xdd, 0xdc, 0xdd, 0xdb, 0xd5,
  0xf2, 0xa8, 0x22, 0x00, 0x03, 0x00, 0x00, 0x00, 0x00, 0x00, 0x00, 0x00,
  0x00, 0x00, 0x00, 0x00, 0x00, 0x00, 0x00, 0x00, 0x00, 0x00, 0x00, 0x00,
  0x00, 0x00, 0x00, 0x06, 0x00, 0x77, 0xf2, 0xe4, 0xdf, 0xe0, 0xe1, 0xe5,
  0xe5, 0xea, 0xeb, 0xe9, 0xe8, 0xe9, 0xe8, 0xe6, 0xe5, 0xe4, 0xe5, 0xe5,
  0xe5, 0xe6, 0xe7, 0xe9, 0xe9, 0xe9, 0xe9, 0xe7, 0xe7, 0xff, 0x81, 0x00,
  0x07, 0x00, 0x00, 0x00, 0x00, 0x00, 0x00, 0x00, 0x00, 0x00, 0x00, 0x00,
  0x00, 0x00, 0x00, 0x00, 0x00, 0x00, 0x00, 0x00, 0x00, 0x00, 0x04, 0x00,
  0x49, 0xcc, 0xed, 0xd8, 0xd9, 0xde, 0xdf, 0xe2, 0xe2, 0xde, 0xdc, 0xe5,
  0xea, 0xea, 0xe8, 0xe7, 0xe7, 0xe8, 0xe6, 0xde, 0xd7, 0xd6, 0xd7, 0xd8,
  0xd9, 0xd8, 0xd5, 0xdd, 0xfd, 0x84, 0x00, 0x05, 0x00, 0x00, 0x00, 0x00,
  0x00, 0x00, 0x00, 0x00, 0x00, 0x00, 0x00, 0x00, 0x00, 0x00, 0x00, 0x00,
  0x00, 0x00, 0x00, 0x00, 0x00, 0x00, 0x00, 0x00, 0x00, 0x00, 0x00, 0x00,
  0x00, 0x00, 0x00, 0x02, 0x00, 0xb3, 0xe9, 0xd5, 0xd6, 0xd5, 0xd7, 0xeb,
  0x98, 0x00, 0x04, 0x00, 0x00, 0x00, 0x00, 0x00, 0x00, 0x00, 0x00, 0x00,
  0x00, 0x00, 0x00, 0x00, 0x00, 0x00, 0x00, 0x00, 0x05, 0x00, 0x99, 0xf6,
  0xd8, 0xdb, 0xda, 0xe3, 0xe0, 0x73, 0x00, 0x00, 0x00, 0x00, 0x00, 0x00,
  0x00, 0x00, 0x00, 0x00, 0x00, 0x00, 0x00, 0x26, 0xde, 0xe2, 0xd7, 0xd9,
  0xda, 0xd8, 0xcc, 0xe7, 0xab, 0x26, 0x00, 0x02, 0x00, 0x00, 0x00, 0x00,
  0x00, 0x00, 0x00, 0x00, 0x00, 0x00, 0x00, 0x00, 0x00, 0x00, 0x00, 0x00,
  0x00, 0x00, 0x00, 0x00, 0x06, 0x00, 0x74, 0xf3, 0xde, 0xd8, 0xe1, 0xe2,
  0xe3, 0xe0, 0xde, 0xde, 0xdc, 0xdb, 0xd8, 0xd5, 0xd4, 0xd3, 0xd3, 0xd2,
  0xd1, 0xd2, 0xd3, 0xd5, 0xd7, 0xda, 0xd8, 0xd8, 0xd2, 0xe4, 0xdc, 0x58,
  0x00, 0x05, 0x00, 0x00, 0x00, 0x00, 0x00, 0x00, 0x00, 0x00, 0x00, 0x00,
  0x00, 0x00, 0x00, 0x00, 0x00, 0x00, 0x00, 0x00, 0x00, 0x00, 0x00, 0x00,
  0x03, 0x00, 0x61, 0xe7, 0xe4, 0xdc, 0xdd, 0xe0, 0xe1, 0xdf, 0xdd, 0xdb,
  0xdc, 0xde, 0xe0, 0xe1, 0xe2, 0xe0, 0xdc, 0xda, 0xd9, 0xda, 0xdc, 0xdc,
  0xdc, 0xd8, 0xd5, 0xdf, 0xf5, 0x79, 0x00, 0x03, 0x00, 0x00, 0x00, 0x00,
  0x00, 0x00, 0x00, 0x00, 0x00, 0x00, 0x00, 0x00, 0x00, 0x00, 0x00, 0x00,
  0x00, 0x00, 0x00, 0x00, 0x00, 0x00, 0x00, 0x00, 0x02, 0x00, 0x49, 0xdb,
  0xe6, 0xd8, 0xd6, 0xdc, 0xe0, 0xe0, 0xdc, 0xd8, 0xd8, 0xd8, 0xd8, 0xd8,
  0xd7, 0xd8, 0xda, 0xdc, 0xdb, 0xda, 0xd9, 0xdb, 0xdd, 0xdb, 0xd5, 0xd8,
  0xfc, 0xa0, 0x00, 0x03, 0x01, 0x00, 0x00, 0x00, 0x00, 0x00, 0x00, 0x00,
  0x00, 0x00, 0x00, 0x00, 0x00, 0x00, 0x00, 0x00, 0x00, 0x00, 0x00, 0x00,
  0x00, 0x00, 0x00, 0x00, 0x00, 0x00, 0x00, 0x00, 0x00, 0x00, 0x00, 0x00,
  0x03, 0x00, 0x60, 0xd3, 0xe5, 0xda, 0xd8, 0xd9, 0xda, 0xda, 0xd9, 0xd9,
  0xd7, 0xdf, 0xda, 0x2d, 0x00, 0x03, 0x00, 0x00, 0x00, 0x00, 0x00, 0x00,
  0x00, 0x00, 0x00, 0x00, 0x00, 0x00, 0x00, 0x00, 0x00, 0x00, 0x00, 0x00,
  0x00, 0x00, 0x00, 0x00, 0x00, 0x00, 0x00, 0x00, 0x00, 0x00, 0x00, 0x03,
  0x00, 0x22, 0xd7, 0xe4, 0xdc, 0xdc, 0xda, 0xd9, 0xda, 0xd7, 0xd4, 0xd3,
  0xd4, 0xd5, 0xd5, 0xd7, 0xd9, 0xdb, 0xdd, 0xde, 0xde, 0xde, 0xde, 0xdd,
  0xdd, 0xdd, 0xde, 0xdb, 0xdb, 0xec, 0xbe, 0x00, 0x00, 0x00, 0x00, 0x00,
  0x00, 0x00, 0x00, 0x00, 0x00, 0x00, 0x00, 0x00, 0x00, 0x00, 0x00, 0x00,
  0x00, 0x00, 0x00, 0x00, 0x04, 0x00, 0x2f, 0xcb, 0xe6, 0xd2, 0xd8, 0xdc,
  0xe3, 0xe4, 0x29, 0x00, 0x03, 0x00, 0x00, 0x00, 0x00, 0x00, 0x00, 0x00,
  0x00, 0x00, 0x03, 0x00, 0x6a, 0xd9, 0xdf, 0xd5, 0xdb, 0xd9, 0xd7, 0xdf,
  0xe1, 0x88, 0x04, 0x00, 0x00, 0x00, 0x00, 0x00, 0x00, 0x00, 0x00, 0x00,
  0x00, 0x00, 0x00, 0x00, 0x00, 0x00, 0x00, 0x00, 0x00, 0x00, 0x00, 0x00,
  0x00, 0x00, 0x00, 0x00, 0x00, 0x00, 0x00, 0x00, 0x00, 0x00, 0x06, 0x00,
  0x66, 0xf1, 0xdc, 0xdb, 0xda, 0xda, 0xde, 0xd9, 0x0c, 0x00, 0x01, 0x00,
  0x00, 0x00, 0x00, 0x00, 0x00, 0x00, 0x00, 0x00, 0x00, 0x00, 0x00, 0x00,
  0x00, 0x00, 0x00, 0x00, 0x00, 0x00, 0x00, 0x00, 0x00, 0x00, 0x00, 0x00,
  0x00, 0x00, 0x00, 0x00, 0x00, 0x00, 0x00, 0x00, 0x00, 0x00, 0x00, 0x00,
  0x00, 0x00, 0x00, 0x00, 0x00, 0x00, 0x00, 0x00, 0x00, 0x00, 0x00, 0x00,
  0x00, 0x00, 0x00, 0x00, 0x00, 0x00, 0x00, 0x00, 0x00, 0x00, 0x00, 0x00,
  0x00, 0x00, 0x00, 0x00, 0x00, 0x00, 0x00, 0x06, 0x00, 0x76, 0xf1, 0xd8,
  0xd5, 0xd6, 0xd4, 0xe4, 0xd6, 0x02, 0x00, 0x00, 0x00, 0x00, 0x00, 0x00,
  0x00, 0x00, 0x00, 0x00, 0x00, 0x00, 0x00, 0x00, 0x00, 0x00, 0x00, 0x00,
  0x00, 0x00, 0x00, 0x00, 0x00, 0x00, 0x00, 0x00, 0x00, 0x00, 0x00, 0x00,
  0x00, 0x00, 0x00, 0x00, 0x00, 0x00, 0x00, 0x00, 0x00, 0x00, 0x00, 0x00,
  0x00, 0x04, 0x00, 0x5e, 0xda, 0xdc, 0xcc, 0xd5, 0xd0, 0xd7, 0xdd, 0x77,
  0x03, 0x00, 0x00, 0x00, 0x00, 0x00, 0x00, 0x00, 0x00, 0x00, 0x00, 0x00,
  0x06, 0x98, 0xe6, 0xde, 0xda, 0xd9, 0xd6, 0xd1, 0xdd, 0xd9, 0x68, 0x00,
  0x04, 0x00, 0x00, 0x00, 0x00, 0x00, 0x00, 0x00, 0x00, 0x00, 0x00, 0x00,
  0x00, 0x00, 0x00, 0x00, 0x00, 0x00, 0x00, 0x00, 0x00, 0x00, 0x00, 0x00,
  0x00, 0x01, 0x00, 0x33, 0xd9, 0xe5, 0xd7, 0xd5, 0xdb, 0xde, 0xdd, 0xdc,
  0xdb, 0xdc, 0xdf, 0xe1, 0xe3, 0xe3, 0xe3, 0xe0, 0xdd, 0xda, 0xda, 0xdd,
  0xde, 0xdd, 0xda, 0xd5, 0xd7, 0xec, 0xe4, 0x79, 0x04, 0x00, 0x00, 0x00,
  0x00, 0x00, 0x00, 0x00, 0x00, 0x00, 0x00, 0x00, 0x00, 0x00, 0x00, 0x00,
  0x00, 0x00, 0x00, 0x00, 0x00, 0x03, 0x00, 0x24, 0xb2, 0xfb, 0xd7, 0xd4,
  0xdc, 0xdf, 0xde, 0xde, 0xdc, 0xda, 0xda, 0xdb, 0xdd, 0xdd, 0xdc, 0xdc,
  0xdc, 0xdd, 0xde, 0xdb, 0xd3, 0xe5, 0xdc, 0x41, 0x00, 0x03, 0x00, 0x00,
  0x00, 0x00, 0x00, 0x00, 0x00, 0x00, 0x00, 0x00, 0x00, 0x00, 0x00, 0x00,
  0x00, 0x00, 0x00, 0x00, 0x00, 0x00, 0x00, 0x00, 0x00, 0x06, 0x00, 0x77,
  0xf2, 0xe4, 0xdf, 0xe0, 0xe0, 0xe1, 0xe1, 0xdf, 0xdd, 0xdc, 0xdb, 0xdb,
  0xd9, 0xd6, 0xd5, 0xd3, 0xd5, 0xd6, 0xd6, 0xd9, 0xdc, 0xdd, 0xdf, 0xde,
  0xdc, 0xdd, 0xdc, 0xff, 0x7c, 0x00, 0x07, 0x00, 0x00, 0x00, 0x00, 0x00,
  0x00, 0x00, 0x00, 0x00, 0x00, 0x00, 0x00, 0x00, 0x00, 0x00, 0x00, 0x00,
  0x00, 0x00, 0x00, 0x00, 0x00, 0x03, 0x00, 0x4e, 0xd3, 0xed, 0xd7, 0xd6,
  0xde, 0xe0, 0xdf, 0xdc, 0xdc, 0xdb, 0xdd, 0xe0, 0xe1, 0xe2, 0xe0, 0xdd,
  0xda, 0xd9, 0xd8, 0xd8, 0xd6, 0xd6, 0xd3, 0xd5, 0xde, 0xfb, 0x7c, 0x00,
  0x03, 0x01, 0x00, 0x00, 0x00, 0x00, 0x00, 0x00, 0x00, 0x00, 0x00, 0x00,
  0x00, 0x00, 0x00, 0x00, 0x00, 0x00, 0x00, 0x00, 0x00, 0x00, 0x00, 0x00,
  0x00, 0x00, 0x00, 0x00, 0x00, 0x00, 0x00, 0x00, 0x00, 0x02, 0x00, 0xb1,
  0xe8, 0xd5, 0xd6, 0xd4, 0xd6, 0xea, 0x97, 0x00, 0x04, 0x00, 0x00, 0x00,
  0x00, 0x00, 0x00, 0x00, 0x00, 0x00, 0x00, 0x00, 0x00, 0x00, 0x00, 0x00,
  0x00, 0x00, 0x05, 0x00, 0x98, 0xf4, 0xd5, 0xd6, 0xd7, 0xe3, 0xdf, 0x70,
  0x00, 0x00, 0x00, 0x00, 0x00, 0x00, 0x00, 0x00, 0x00, 0x00, 0x00, 0x01,
  0x00, 0x0c, 0xa0, 0xe1, 0xdf, 0xd9, 0xd6, 0xd6, 0xcd, 0xd0, 0xe1, 0x71,
  0x00, 0x08, 0x00, 0x00, 0x00, 0x00, 0x00, 0x00, 0x00, 0x00, 0x00, 0x00,
  0x00, 0x00, 0x00, 0x00, 0x00, 0x00, 0x00, 0x00, 0x00, 0x00, 0x06, 0x00,
  0x73, 0xf1, 0xdc, 0xd5, 0xde, 0xdf, 0xdf, 0xde, 0xdc, 0xdb, 0xdb, 0xd9,
  0xd6, 0xd5, 0xd4, 0xd3, 0xd1, 0xd0, 0xd0, 0xd1, 0xd1, 0xd3, 0xd6, 0xd7,
  0xd4, 0xd1, 0xcc, 0xe1, 0xdc, 0x58, 0x00, 0x05, 0x00, 0x00, 0x00, 0x00,
  0x00, 0x00, 0x00, 0x00, 0x00, 0x00, 0x00, 0x00, 0x00, 0x00, 0x00, 0x00,
  0x00, 0x00, 0x00, 0x00, 0x00, 0x00, 0x01, 0x01, 0x00, 0x5c, 0xe3, 0xec,
  0xe3, 0xdd, 0xdd, 0xdd, 0xdd, 0xdd, 0xdc, 0xdc, 0xdc, 0xdc, 0xdc, 0xdb,
  0xda, 0xda, 0xdb, 0xdc, 0xda, 0xd7, 0xd7, 0xdb, 0xe5, 0xea, 0x6e, 0x00,
  0x01, 0x02, 0x00, 0x00, 0x00, 0x00, 0x00, 0x00, 0x00, 0x00, 0x00, 0x00,
  0x00, 0x00, 0x00, 0x00, 0x00, 0x00, 0x00, 0x00, 0x00, 0x00, 0x00, 0x00,
  0x00, 0x00, 0x01, 0x00, 0x00, 0x41, 0xcd, 0xf5, 0xe4, 0xdf, 0xdd, 0xde,
  0xdd, 0xda, 0xd8, 0xd8, 0xd6, 0xd5, 0xd4, 0xd5, 0xd8, 0xda, 0xdb, 0xda,
  0xd9, 0xd8, 0xda, 0xdd, 0xe3, 0xf3, 0x8c, 0x06, 0x01, 0x02, 0x00, 0x00,
  0x00, 0x00, 0x00, 0x00, 0x00, 0x00, 0x00, 0x00, 0x00, 0x00, 0x00, 0x00,
  0x00, 0x00, 0x00, 0x00, 0x00, 0x00, 0x00, 0x00, 0x00, 0x00, 0x00, 0x00,
  0x00, 0x00, 0x00, 0x00, 0x00, 0x00, 0x00, 0x03, 0x00, 0x8b, 0xef, 0xd8,
  0xd5, 0xd9, 0xda, 0xd8, 0xd6, 0xd6, 0xd4, 0xf2, 0x45, 0x00, 0x00, 0x00,
  0x00, 0x00, 0x00, 0x00, 0x00, 0x00, 0x00, 0x00, 0x00, 0x00, 0x00, 0x00,
  0x00, 0x00, 0x00, 0x00, 0x00, 0x00, 0x00, 0x00, 0x00, 0x00, 0x00, 0x00,
  0x00, 0x00, 0x00, 0x00, 0x00, 0x03, 0x00, 0x22, 0xd8, 0xe4, 0xda, 0xd8,
  0xd8, 0xd9, 0xd9, 0xd6, 0xd2, 0xd1, 0xd2, 0xd3, 0xd3, 0xd5, 0xd7, 0xd8,
  0xda, 0xda, 0xd9, 0xd8, 0xd8, 0xd9, 0xd8, 0xd7, 0xd9, 0xd8, 0xd8, 0xea,
  0xbd, 0x00, 0x00, 0x00, 0x00, 0x00, 0x00, 0x00, 0x00, 0x00, 0x00, 0x00,
  0x00, 0x00, 0x00, 0x00, 0x00, 0x00, 0x00, 0x00, 0x00, 0x00, 0x04, 0x00,
  0x2e, 0xcb, 0xe6, 0xd1, 0xd5, 0xd9, 0xe3, 0xe2, 0x29, 0x00, 0x03, 0x00,
  0x00, 0x00, 0x00, 0x00, 0x00, 0x00, 0x00, 0x00, 0x00, 0x05, 0x00, 0xa4,
  0xf4, 0xd5, 0xda, 0xdb, 0xd8, 0xd6, 0xe3, 0xcb, 0x00, 0x00, 0x01, 0x00,
  0x00, 0x00, 0x00, 0x00, 0x00, 0x00, 0x00, 0x00, 0x00, 0x00, 0x00, 0x00,
  0x00, 0x00, 0x00, 0x00, 0x00, 0x00, 0x00, 0x00, 0x00, 0x00, 0x00, 0x00,
  0x00, 0x00, 0x00, 0x00, 0x06, 0x00, 0x67, 0xf2, 0xdd, 0xd9, 0xd6, 0xd7,
  0xdf, 0xdb, 0x0f, 0x00, 0x01, 0x00, 0x00, 0x00, 0x00, 0x00, 0x00, 0x00,
  0x00, 0x00, 0x00, 0x00, 0x00, 0x00, 0x00, 0x00, 0x00, 0x00, 0x00, 0x00,
  0x00, 0x00, 0x00, 0x00, 0x00, 0x00, 0x00, 0x00, 0x00, 0x00, 0x00, 0x00,
  0x00, 0x00, 0x00, 0x00, 0x00, 0x00, 0x00, 0x00, 0x00, 0x00, 0x00, 0x00,
  0x00, 0x00, 0x00, 0x00, 0x00, 0x00, 0x00, 0x00, 0x00, 0x00, 0x00, 0x00,
  0x00, 0x00, 0x00, 0x00, 0x00, 0x00, 0x00, 0x00, 0x00, 0x00, 0x00, 0x00,
  0x00, 0x06, 0x00, 0x75, 0xef, 0xd6, 0xd1, 0xd1, 0xd1, 0xe3, 0xd5, 0x02,
  0x00, 0x00, 0x00, 0x00, 0x00, 0x00, 0x00, 0x00, 0x00, 0x00, 0x00, 0x00,
  0x00, 0x00, 0x00, 0x00, 0x00, 0x00, 0x00, 0x00, 0x00, 0x00, 0x00, 0x00,
  0x00, 0x00, 0x00, 0x00, 0x00, 0x00, 0x00, 0x00, 0x00, 0x00, 0x00, 0x00,
  0x00, 0x00, 0x00, 0x00, 0x00, 0x00, 0x00, 0x04, 0x00, 0x5f, 0xdb, 0xde,
  0xcd, 0xd5, 0xd2, 0xd9, 0xdd, 0x76, 0x02, 0x00, 0x00, 0x00, 0x00, 0x00,
  0x00, 0x00, 0x00, 0x00, 0x00, 0x00, 0x00, 0x15, 0xcf, 0xea, 0xda, 0xd8,
  0xd8, 0xd4, 0xd3, 0xe8, 0xc4, 0x44, 0x00, 0x01, 0x00, 0x00, 0x00, 0x00,
  0x00, 0x00, 0x00, 0x00, 0x00, 0x00, 0x00, 0x00, 0x00, 0x00, 0x00, 0x00,
  0x00, 0x00, 0x00, 0x00, 0x00, 0x00, 0x00, 0x00, 0x00, 0x00, 0x33, 0xc9,
  0xe6, 0xe4, 0xd8, 0xd6, 0xda, 0xdd, 0xdd, 0xdc, 0xdc, 0xdc, 0xde, 0xdf,
  0xde, 0xdd, 0xdc, 0xdb, 0xdc, 0xdc, 0xd9, 0xd6, 0xd6, 0xde, 0xf6, 0xae,
  0x16, 0x12, 0x00, 0x00, 0x00, 0x00, 0x00, 0x00, 0x00, 0x00, 0x00, 0x00,
  0x00, 0x00, 0x00, 0x00, 0x00, 0x00, 0x00, 0x00, 0x00, 0x00, 0x00, 0x00,
  0x00, 0x09, 0x0f, 0x55, 0xf8, 0xe1, 0xda, 0xd8, 0xda, 0xdd, 0xdc, 0xd9,
  0xd7, 0xd8, 0xda, 0xdb, 0xdb, 0xdc, 0xdb, 0xda, 0xd8, 0xd9, 0xe2, 0xe8,
  0x4c, 0x00, 0x00, 0x00, 0x00, 0x00, 0x00, 0x00, 0x00, 0x00, 0x00, 0x00,
  0x00, 0x00, 0x00, 0x00, 0x00, 0x00, 0x00, 0x00, 0x00, 0x00, 0x00, 0x00,
  0x00, 0x00, 0x00, 0x06, 0x00, 0x78, 0xf2, 0xe3, 0xdd, 0xdd, 0xde, 0xde,
  0xdd, 0xdc, 0xdb, 0xdb, 0xda, 0xd9, 0xd7, 0xd6, 0xd5, 0xd4, 0xd3, 0xd4,
  0xd5, 0xd6, 0xd8, 0xda, 0xdc, 0xda, 0xd8, 0xda, 0xd9, 0xff, 0x7c, 0x00,
  0x07, 0x00, 0x00, 0x00, 0x00, 0x00, 0x00, 0x00, 0x00, 0x00, 0x00, 0x00,
  0x00, 0x00, 0x00, 0x00, 0x00, 0x00, 0x00, 0x00, 0x00, 0x00, 0x00, 0x01,
  0x01, 0x00, 0x49, 0xc9, 0xed, 0xdf, 0xda, 0xda, 0xdc, 0xdc, 0xdb, 0xdb,
  0xdb, 0xdc, 0xdc, 0xdc, 0xdb, 0xd9, 0xda, 0xdb, 0xda, 0xd8, 0xd1, 0xcf,
  0xd7, 0xe3, 0xe7, 0x6a, 0x01, 0x00, 0x02, 0x00, 0x00, 0x00, 0x00, 0x00,
  0x00, 0x00, 0x00, 0x00, 0x00, 0x00, 0x00, 0x00, 0x00, 0x00, 0x00, 0x00,
  0x00, 0x00, 0x00, 0x00, 0x00, 0x00, 0x00, 0x00, 0x00, 0x00, 0x00, 0x00,
  0x00, 0x00, 0x00, 0x02, 0x00, 0xaf, 0xe7, 0xd4, 0xd3, 0xd1, 0xd5, 0xea,
  0x97, 0x00, 0x04, 0x00, 0x00, 0x00, 0x00, 0x00, 0x00, 0x00, 0x00, 0x00,
  0x00, 0x00, 0x00, 0x00, 0x00, 0x00, 0x00, 0x00, 0x05, 0x00, 0x94, 0xeb,
  0xcd, 0xcd, 0xce, 0xdc, 0xd7, 0x68, 0x00, 0x00, 0x00, 0x00, 0x00, 0x00,
  0x00, 0x00, 0x00, 0x00, 0x00, 0x00, 0x00, 0x00, 0x25, 0xd4, 0xe6, 0xd6,
  0xce, 0xcd, 0xce, 0xc3, 0xdb, 0xb7, 0x34, 0x00, 0x02, 0x00, 0x00, 0x00,
  0x00, 0x00, 0x00, 0x00, 0x00, 0x00, 0x00, 0x00, 0x00, 0x00, 0x00, 0x00,
  0x00, 0x00, 0x00, 0x00, 0x06, 0x00, 0x6f, 0xe8, 0xd1, 0xcc, 0xd5, 0xd6,
  0xd6, 0xd5, 0xd5, 0xd5, 0xd4, 0xd3, 0xd2, 0xd1, 0xd0, 0xce, 0xcb, 0xcb,
  0xcb, 0xcd, 0xcd, 0xd0, 0xd2, 0xd2, 0xd0, 0xcd, 0xc6, 0xdd, 0xd9, 0x56,
  0x00, 0x05, 0x00, 0x00, 0x00, 0x00, 0x00, 0x00, 0x00, 0x00, 0x00, 0x00,
  0x00, 0x00, 0x00, 0x00, 0x00, 0x00, 0x00, 0x00, 0x00, 0x00, 0x00, 0x00,
  0x00, 0x02, 0x00, 0x03, 0x50, 0xce, 0xf8, 0xeb, 0xe4, 0xdb, 0xd6, 0xd6,
  0xd7, 0xd7, 0xd8, 0xd8, 0xd7, 0xd8, 0xd7, 0xd5, 0xd2, 0xd4, 0xd5, 0xdc,
  0xe4, 0xf5, 0xd7, 0x5c, 0x06, 0x00, 0x02, 0x00, 0x00, 0x00, 0x00, 0x00,
  0x00, 0x00, 0x00, 0x00, 0x00, 0x00, 0x00, 0x00, 0x00, 0x00, 0x00, 0x00,
  0x00, 0x00, 0x00, 0x00, 0x00, 0x00, 0x00, 0x00, 0x00, 0x01, 0x00, 0x08,
  0x23, 0x50, 0xe7, 0xef, 0xea, 0xde, 0xd8, 0xd2, 0xd2, 0xd5, 0xd6, 0xd5,
  0xd3, 0xd3, 0xd4, 0xd5, 0xd3, 0xd2, 0xd7, 0xe0, 0xe7, 0xf9, 0xe9, 0x75,
  0x0b, 0x00, 0x03, 0x00, 0x00, 0x00, 0x00, 0x00, 0x00, 0x00, 0x00, 0x00,
  0x00, 0x00, 0x00, 0x00, 0x00, 0x00, 0x00, 0x00, 0x00, 0x00, 0x00, 0x00,
  0x00, 0x00, 0x00, 0x00, 0x00, 0x00, 0x00, 0x00, 0x00, 0x00, 0x00, 0x00,
  0x00, 0x05, 0x00, 0x6c, 0xe0, 0xd4, 0xcc, 0xd2, 0xd3, 0xd0, 0xcd, 0xcc,
  0xd2, 0xe8, 0x25, 0x00, 0x03, 0x00, 0x00, 0x00, 0x00, 0x00, 0x00, 0x00,
  0x00, 0x00, 0x00, 0x00, 0x00, 0x00, 0x00, 0x00, 0x00, 0x00, 0x00, 0x00,
  0x00, 0x00, 0x00, 0x00, 0x00, 0x00, 0x00, 0x00, 0x00, 0x00, 0x00, 0x02,
  0x00, 0x21, 0xd3, 0xdf, 0xd2, 0xcf, 0xcf, 0xd2, 0xd2, 0xd1, 0xcf, 0xce,
  0xcd, 0xce, 0xd0, 0xd0, 0xd2, 0xd3, 0xd2, 0xd2, 0xd2, 0xd1, 0xd1, 0xd2,
  0xd1, 0xd0, 0xd2, 0xd1, 0xd2, 0xe2, 0xb7, 0x00, 0x00, 0x00, 0x00, 0x00,
  0x00, 0x00, 0x00, 0x00, 0x00, 0x00, 0x00, 0x00, 0x00, 0x00, 0x00, 0x00,
  0x00, 0x00, 0x00, 0x00, 0x03, 0x00, 0x2f, 0xc9, 0xe0, 0xca, 0xce, 0xd0,
  0xde, 0xdc, 0x27, 0x00, 0x03, 0x00, 0x00, 0x00, 0x00, 0x00, 0x00, 0x00,
  0x00, 0x00, 0x00, 0x01, 0x00, 0x10, 0xa8, 0xef, 0xcd, 0xd5, 0xd2, 0xcf,
  0xd4, 0xd7, 0x7a, 0x05, 0x00, 0x00, 0x00, 0x00, 0x00, 0x00, 0x00, 0x00,
  0x00, 0x00, 0x00, 0x00, 0x00, 0x00, 0x00, 0x00, 0x00, 0x00, 0x00, 0x00,
  0x00, 0x00, 0x00, 0x00, 0x00, 0x00, 0x00, 0x00, 0x00, 0x00, 0x06, 0x00,
  0x64, 0xec, 0xd7, 0xd3, 0xcf, 0xd0, 0xd9, 0xd6, 0x0c, 0x00, 0x01, 0x00,
  0x00, 0x00, 0x00, 0x00, 0x00, 0x00, 0x00, 0x00, 0x00, 0x00, 0x00, 0x00,
  0x00, 0x00, 0x00, 0x00, 0x00, 0x00, 0x00, 0x00, 0x00, 0x00, 0x00, 0x00,
  0x00, 0x00, 0x00, 0x00, 0x00, 0x00, 0x00, 0x00, 0x00, 0x00, 0x00, 0x00,
  0x00, 0x00, 0x00, 0x00, 0x00, 0x00, 0x00, 0x00, 0x00, 0x00, 0x00, 0x00,
  0x00, 0x00, 0x00, 0x00, 0x00, 0x00, 0x00, 0x00, 0x00, 0x00, 0x00, 0x00,
  0x00, 0x00, 0x00, 0x00, 0x00, 0x00, 0x00, 0x06, 0x00, 0x71, 0xe7, 0xce,
  0xc8, 0xc8, 0xc9, 0xdc, 0xcc, 0x02, 0x00, 0x00, 0x00, 0x00, 0x00, 0x00,
  0x00, 0x00, 0x00, 0x00, 0x00, 0x00, 0x00, 0x00, 0x00, 0x00, 0x00, 0x00,
  0x00, 0x00, 0x00, 0x00, 0x00, 0x00, 0x00, 0x00, 0x00, 0x00, 0x00, 0x00,
  0x00, 0x00, 0x00, 0x00, 0x00, 0x00, 0x00, 0x00, 0x00, 0x00, 0x00, 0x00,
  0x00, 0x04, 0x00, 0x5e, 0xd7, 0xd7, 0xc7, 0xd0, 0xce, 0xd5, 0xd8, 0x75,
  0x02, 0x00, 0x00, 0x00, 0x00, 0x00, 0x00, 0x00, 0x00, 0x00, 0x00, 0x00,
  0x00, 0x00, 0x28, 0xd6, 0xe2, 0xce, 0xcf, 0xcf, 0xcc, 0xd2, 0xde, 0x8b,
  0x00, 0x03, 0x00, 0x00, 0x00, 0x00, 0x00, 0x00, 0x00, 0x00, 0x00, 0x00,
  0x00, 0x00, 0x00, 0x00, 0x00, 0x00, 0x00, 0x00, 0x00, 0x00, 0x00, 0x00,
  0x00, 0x00, 0x01, 0x00, 0x00, 0x2e, 0x9d, 0xe0, 0xea, 0xe4, 0xdb, 0xd6,
  0xd6, 0xd6, 0xd8, 0xda, 0xdb, 0xdb, 0xdb, 0xda, 0xd8, 0xd5, 0xd4, 0xd7,
  0xdd, 0xe3, 0xf4, 0xf2, 0x92, 0x17, 0x00, 0x01, 0x01, 0x00, 0x00, 0x00,
  0x00, 0x00, 0x00, 0x00, 0x00, 0x00, 0x00, 0x00, 0x00, 0x00, 0x00, 0x00,
  0x00, 0x00, 0x00, 0x00, 0x00, 0x00, 0x00, 0x01, 0x00, 0x02, 0x54, 0xe4,
  0xec, 0xe5, 0xda, 0xd5, 0xd5, 0xd6, 0xd6, 0xd7, 0xd8, 0xd7, 0xd5, 0xd2,
  0xd3, 0xd7, 0xe3, 0xe8, 0xd9, 0x4d, 0x01, 0x00, 0x01, 0x00, 0x00, 0x00,
  0x00, 0x00, 0x00, 0x00, 0x00, 0x00, 0x00, 0x00, 0x00, 0x00, 0x00, 0x00,
  0x00, 0x00, 0x00, 0x00, 0x00, 0x00, 0x00, 0x00, 0x00, 0x06, 0x00, 0x74,
  0xeb, 0xdd, 0xd4, 0xd4, 0xd4, 0xd5, 0xd4, 0xd5, 0xd5, 0xd5, 0xd4, 0xd3,
  0xd2, 0xd2, 0xd2, 0xd0, 0xd0, 0xd0, 0xd1, 0xd2, 0xd3, 0xd3, 0xd3, 0xd3,
  0xd2, 0xd5, 0xd4, 0xfb, 0x7b, 0x00, 0x07, 0x00, 0x00, 0x00, 0x00, 0x00,
  0x00, 0x00, 0x00, 0x00, 0x00, 0x00, 0x00, 0x00, 0x00, 0x00, 0x00, 0x00,
  0x00, 0x00, 0x00, 0x00, 0x00, 0x00, 0x01, 0x00, 0x01, 0x3d, 0xb0, 0xed,
  0xeb, 0xe3, 0xdb, 0xd5, 0xd3, 0xd5, 0xd8, 0xd9, 0xd9, 0xd9, 0xd7, 0xd5,
  0xd3, 0xd2, 0xd3, 0xd5, 0xda, 0xe2, 0xe9, 0xc7, 0x55, 0x05, 0x00, 0x02,
  0x00, 0x00, 0x00, 0x00, 0x00, 0x00, 0x00, 0x00, 0x00, 0x00, 0x00, 0x00,
  0x00, 0x00, 0x00, 0x00, 0x00, 0x00, 0x00, 0x00, 0x00, 0x00, 0x00, 0x00,
  0x00, 0x00, 0x00, 0x00, 0x00, 0x00, 0x00, 0x00, 0x00, 0x02, 0x00, 0xaa,
  0xe0, 0xcc, 0xca, 0xc8, 0xce, 0xe3, 0x91, 0x00, 0x04, 0x00, 0x00, 0x00,
  0x00, 0x00, 0x00, 0x00, 0x00, 0x00, 0x00, 0x00, 0x00, 0x00, 0x00, 0x00,
  0x00, 0x00, 0x06, 0x00, 0xa1, 0xff, 0xe2, 0xe4, 0xe1, 0xec, 0xe8, 0x7d,
  0x00, 0x00, 0x00, 0x00, 0x00, 0x00, 0x00, 0x00, 0x00, 0x00, 0x00, 0x00,
  0x00, 0x00, 0x00, 0x3e, 0xde, 0xeb, 0xe0, 0xe0, 0xdf, 0xdc, 0xdb, 0xee,
  0xb2, 0x21, 0x00, 0x01, 0x00, 0x00, 0x00, 0x00, 0x00, 0x00, 0x00, 0x00,
  0x00, 0x00, 0x00, 0x00, 0x00, 0x00, 0x00, 0x00, 0x00, 0x00, 0x06, 0x00,
  0x7b, 0xfb, 0xe3, 0xe0, 0xe5, 0xe5, 0xe5, 0xe6, 0xe5, 0xe4, 0xe4, 0xe3,
  0xe3, 0xe2, 0xe1, 0xe0, 0xde, 0xdd, 0xdd, 0xdf, 0xe0, 0xe1, 0xe2, 0xe3,
  0xe2, 0xe1, 0xdd, 0xed, 0xe6, 0x5d, 0x00, 0x05, 0x00, 0x00, 0x00, 0x00,
  0x00, 0x00, 0x00, 0x00, 0x00, 0x00, 0x00, 0x00, 0x00, 0x00, 0x00, 0x00,
  0x00, 0x00, 0x00, 0x00, 0x00, 0x00, 0x00, 0x00, 0x02, 0x00, 0x09, 0x2e,
  0x61, 0xd9, 0xf5, 0xee, 0xe7, 0xe3, 0xdf, 0xdb, 0xd9, 0xd9, 0xd6, 0xd4,
  0xd5, 0xd9, 0xe0, 0xe4, 0xe7, 0xf0, 0xde, 0x67, 0x32, 0x0d, 0x00, 0x03,
  0x00, 0x00, 0x00, 0x00, 0x00, 0x00, 0x00, 0x00, 0x00, 0x00, 0x00, 0x00,
  0x00, 0x00, 0x00, 0x00, 0x00, 0x00, 0x00, 0x00, 0x00, 0x00, 0x00, 0x00,
  0x00, 0x00, 0x00, 0x00, 0x01, 0x03, 0x00, 0x03, 0x49, 0xb1, 0xe2, 0xfe,
  0xed, 0xe1, 0xdd, 0xd8, 0xd6, 0xd4, 0xd2, 0xd2, 0xd4, 0xda, 0xdf, 0xe3,
  0xea, 0xf1, 0xe7, 0x78, 0x39, 0x16, 0x00, 0x04, 0x00, 0x00, 0x00, 0x00,
  0x00, 0x00, 0x00, 0x00, 0x00, 0x00, 0x00, 0x00, 0x00, 0x00, 0x00, 0x00,
  0x00, 0x00, 0x00, 0x00, 0x00, 0x00, 0x00, 0x00, 0x00, 0x00, 0x00, 0x00,
  0x00, 0x00, 0x00, 0x00, 0x00, 0x00, 0x00, 0x04, 0x00, 0x51, 0xcf, 0xec,
  0xe0, 0xe3, 0xe3, 0xe2, 0xdf, 0xde, 0xe9, 0xd3, 0x21, 0x00, 0x02, 0x00,
  0x00, 0x00, 0x00, 0x00, 0x00, 0x00, 0x00, 0x00, 0x00, 0x00, 0x00, 0x00,
  0x00, 0x00, 0x00, 0x00, 0x00, 0x00, 0x00, 0x00, 0x00, 0x00, 0x00, 0x00,
  0x00, 0x00, 0x00, 0x00, 0x00, 0x03, 0x00, 0x25, 0xe8, 0xeb, 0xe2, 0xe1,
  0xe1, 0xe3, 0xe4, 0xe3, 0xe3, 0xe2, 0xe1, 0xe1, 0xe2, 0xe2, 0xe3, 0xe3,
  0xe3, 0xe2, 0xe2, 0xe1, 0xe1, 0xe2, 0xe1, 0xe2, 0xe3, 0xe1, 0xe3, 0xf1,
  0xc3, 0x00, 0x00, 0x00, 0x00, 0x00, 0x00, 0x00, 0x00, 0x00, 0x00, 0x00,
  0x00, 0x00, 0x00, 0x00, 0x00, 0x00, 0x00, 0x00, 0x00, 0x00, 0x04, 0x00,
  0x37, 0xe0, 0xec, 0xde, 0xe1, 0xe3, 0xea, 0xec, 0x2b, 0x00, 0x03, 0x00,
  0x00, 0x00, 0x00, 0x00, 0x00, 0x00, 0x00, 0x00, 0x00, 0x00, 0x08, 0x00,
  0x84, 0xfe, 0xe3, 0xe5, 0xe5, 0xe3, 0xe3, 0xee, 0xee, 0x5f, 0x04, 0x00,
  0x00, 0x00, 0x00, 0x00, 0x00, 0x00, 0x00, 0x00, 0x00, 0x00, 0x00, 0x00,
  0x00, 0x00, 0x00, 0x00, 0x00, 0x00, 0x00, 0x00, 0x00, 0x00, 0x00, 0x00,
  0x00, 0x00, 0x00, 0x00, 0x06, 0x00, 0x69, 0xfa, 0xe8, 0xe4, 0xe3, 0xe2,
  0xe8, 0xe5, 0x51, 0x02, 0x00, 0x00, 0x00, 0x00, 0x00, 0x00, 0x00, 0x00,
  0x00, 0x00, 0x00, 0x00, 0x00, 0x00, 0x00, 0x00, 0x00, 0x00, 0x00, 0x00,
  0x00, 0x00, 0x00, 0x00, 0x00, 0x00, 0x00, 0x00, 0x00, 0x00, 0x00, 0x00,
  0x00, 0x00, 0x00, 0x00, 0x00, 0x00, 0x00, 0x00, 0x00, 0x00, 0x00, 0x00,
  0x00, 0x00, 0x00, 0x00, 0x00, 0x00, 0x00, 0x00, 0x00, 0x00, 0x00, 0x00,
  0x00, 0x00, 0x00, 0x00, 0x00, 0x00, 0x00, 0x00, 0x00, 0x00, 0x00, 0x00,
  0x00, 0x06, 0x00, 0x7e, 0xfb, 0xde, 0xdd, 0xe0, 0xe0, 0xee, 0xda, 0x02,
  0x00, 0x00, 0x00, 0x00, 0x00, 0x00, 0x00, 0x00, 0x00, 0x00, 0x00, 0x00,
  0x00, 0x00, 0x00, 0x00, 0x00, 0x00, 0x00, 0x00, 0x00, 0x00, 0x00, 0x00,
  0x00, 0x00, 0x00, 0x00, 0x00, 0x00, 0x00, 0x00, 0x00, 0x00, 0x00, 0x00,
  0x00, 0x00, 0x00, 0x00, 0x00, 0x00, 0x00, 0x05, 0x00, 0x6b, 0xe9, 0xe6,
  0xd9, 0xe2, 0xe1, 0xe6, 0xe3, 0x7f, 0x03, 0x00, 0x00, 0x00, 0x00, 0x00,
  0x00, 0x00, 0x00, 0x00, 0x00, 0x00, 0x00, 0x02, 0x00, 0xb1, 0xed, 0xe1,
  0xdf, 0xe1, 0xe0, 0xe0, 0xec, 0xd0, 0x54, 0x00, 0x00, 0x00, 0x00, 0x00,
  0x00, 0x00, 0x00, 0x00, 0x00, 0x00, 0x00, 0x00, 0x00, 0x00, 0x00, 0x00,
  0x00, 0x00, 0x00, 0x00, 0x00, 0x00, 0x00, 0x00, 0x00, 0x00, 0x02, 0x00,
  0x20, 0x3e, 0xab, 0xe7, 0xee, 0xe8, 0xe3, 0xde, 0xdc, 0xdd, 0xdb, 0xdb,
  0xdd, 0xdc, 0xda, 0xdf, 0xe4, 0xe9, 0xf2, 0xef, 0x8d, 0x3d, 0x22, 0x00,
  0x05, 0x01, 0x00, 0x00, 0x00, 0x00, 0x00, 0x00, 0x00, 0x00, 0x00, 0x00,
  0x00, 0x00, 0x00, 0x00, 0x00, 0x00, 0x00, 0x00, 0x00, 0x00, 0x00, 0x00,
  0x00, 0x00, 0x03, 0x00, 0x04, 0x4a, 0xaf, 0xe0, 0xea, 0xe7, 0xe0, 0xdb,
  0xd9, 0xd9, 0xd9, 0xdb, 0xdc, 0xde, 0xe4, 0xe7, 0xe3, 0xad, 0x45, 0x03,
  0x00, 0x02, 0x00, 0x00, 0x00, 0x00, 0x00, 0x00, 0x00, 0x00, 0x00, 0x00,
  0x00, 0x00, 0x00, 0x00, 0x00, 0x00, 0x00, 0x00, 0x00, 0x00, 0x00, 0x00,
  0x00, 0x00, 0x00, 0x06, 0x00, 0x80, 0xfc, 0xe7, 0xe4, 0xe4, 0xe4, 0xe5,
  0xe5, 0xe5, 0xe5, 0xe5, 0xe4, 0xe3, 0xe3, 0xe2, 0xe2, 0xe1, 0xe0, 0xe1,
  0xe2, 0xe2, 0xe3, 0xe3, 0xe3, 0xe2, 0xe3, 0xe4, 0xe3, 0xff, 0x82, 0x00,
  0x07, 0x00, 0x00, 0x00, 0x00, 0x00, 0x00, 0x00, 0x00, 0x00, 0x00, 0x00,
  0x00, 0x00, 0x00, 0x00, 0x00, 0x00, 0x00, 0x00, 0x00, 0x00, 0x00, 0x00,
  0x00, 0x02, 0x00, 0x05, 0x1f, 0x5a, 0xca, 0xeb, 0xee, 0xe7, 0xe1, 0xde,
  0xdc, 0xdb, 0xdb, 0xda, 0xd9, 0xd8, 0xdc, 0xe0, 0xe5, 0xe7, 0xe5, 0xc7,
  0x5c, 0x2c, 0x0a, 0x00, 0x03, 0x00, 0x00, 0x00, 0x00, 0x00, 0x00, 0x00,
  0x00, 0x00, 0x00, 0x00, 0x00, 0x00, 0x00, 0x00, 0x00, 0x00, 0x00, 0x00,
  0x00, 0x00, 0x00, 0x00, 0x00, 0x00, 0x00, 0x00, 0x00, 0x00, 0x00, 0x00,
  0x00, 0x00, 0x00, 0x02, 0x00, 0xb6, 0xf1, 0xdd, 0xdb, 0xdb, 0xdf, 0xf3,
  0x9e, 0x00, 0x04, 0x00, 0x00, 0x00, 0x00, 0x00, 0x00, 0x00, 0x00, 0x00,
  0x00, 0x00, 0x00, 0x00, 0x00, 0x00, 0x00, 0x00, 0x05, 0x00, 0x91, 0xed,
  0xd9, 0xda, 0xd2, 0xe2, 0xc8, 0x2d, 0x00, 0x00, 0x00, 0x00, 0x00, 0x00,
  0x00, 0x00, 0x00, 0x00, 0x00, 0x00, 0x00, 0x00, 0x00, 0x00, 0xa1, 0xd4,
  0xcc, 0xc8, 0xc6, 0xc4, 0xbc, 0xc7, 0xc5, 0x5e, 0x00, 0x02, 0x00, 0x00,
  0x00, 0x00, 0x00, 0x00, 0x00, 0x00, 0x00, 0x00, 0x00, 0x00, 0x00, 0x00,
  0x00, 0x00, 0x00, 0x00, 0x06, 0x00, 0x6d, 0xe4, 0xd3, 0xd1, 0xd9, 0xda,
  0xdd, 0xdf, 0xdf, 0xe0, 0xe0, 0xdf, 0xdd, 0xda, 0xd8, 0xd7, 0xd5, 0xd3,
  0xd3, 0xd3, 0xd5, 0xd5, 0xd7, 0xd9, 0xda, 0xdc, 0xd7, 0xe7, 0xdc, 0x56,
  0x00, 0x05, 0x00, 0x00, 0x00, 0x00, 0x00, 0x00, 0x00, 0x00, 0x00, 0x00,
  0x00, 0x00, 0x00, 0x00, 0x00, 0x00, 0x00, 0x00, 0x00, 0x00, 0x00, 0x00,
  0x00, 0x00, 0x00, 0x01, 0x03, 0x00, 0x08, 0x46, 0x62, 0xbd, 0xdd, 0xec,
  0xf8, 0xff, 0xf5, 0xea, 0xf3, 0xfb, 0xf6, 0xf1, 0xe8, 0xda, 0xc0, 0x65,
  0x49, 0x0b, 0x00, 0x04, 0x02, 0x00, 0x00, 0x00, 0x00, 0x00, 0x00, 0x00,
  0x00, 0x00, 0x00, 0x00, 0x00, 0x00, 0x00, 0x00, 0x00, 0x00, 0x00, 0x00,
  0x00, 0x00, 0x00, 0x00, 0x00, 0x00, 0x00, 0x00, 0x00, 0x00, 0x00, 0x00,
  0x04, 0x03, 0x01, 0x2d, 0x52, 0x61, 0xbf, 0xe5, 0xed, 0xf6, 0xf6, 0xf6,
  0xf4, 0xf3, 0xf1, 0xee, 0xe8, 0xd9, 0xbf, 0x6a, 0x4c, 0x13, 0x00, 0x04,
  0x02, 0x00, 0x00, 0x00, 0x00, 0x00, 0x00, 0x00, 0x00, 0x00, 0x00, 0x00,
  0x00, 0x00, 0x00, 0x00, 0x00, 0x00, 0x00, 0x00, 0x00, 0x00, 0x00, 0x00,
  0x00, 0x00, 0x00, 0x00, 0x00, 0x00, 0x00, 0x00, 0x00, 0x00, 0x00, 0x00,
  0x00, 0x01, 0x00, 0x0c, 0x83, 0xdd, 0xd1, 0xd1, 0xd0, 0xd1, 0xcf, 0xce,
  0xea, 0x5a, 0x03, 0x00, 0x00, 0x00, 0x00, 0x00, 0x00, 0x00, 0x00, 0x00,
  0x00, 0x00, 0x00, 0x00, 0x00, 0x00, 0x00, 0x00, 0x00, 0x00, 0x00, 0x00,
  0x00, 0x00, 0x00, 0x00, 0x00, 0x00, 0x00, 0x00, 0x00, 0x00, 0x00, 0x03,
  0x00, 0x22, 0xd6, 0xdd, 0xd5, 0xd4, 0xd3, 0xd3, 0xd4, 0xd4, 0xd2, 0xd1,
  0xd1, 0xd3, 0xd5, 0xd7, 0xda, 0xdb, 0xde, 0xe0, 0xe2, 0xe2, 0xe2, 0xe2,
  0xe0, 0xde, 0xdc, 0xd7, 0xd5, 0xde, 0xab, 0x00, 0x00, 0x00, 0x00, 0x00,
  0x00, 0x00, 0x00, 0x00, 0x00, 0x00, 0x00, 0x00, 0x00, 0x00, 0x00, 0x00,
  0x00, 0x00, 0x00, 0x00, 0x04, 0x00, 0x33, 0xd2, 0xdf, 0xce, 0xd3, 0xd2,
  0xd9, 0xd5, 0x26, 0x00, 0x03, 0x00, 0x00, 0x00, 0x00, 0x00, 0x00, 0x00,
  0x00, 0x00, 0x00, 0x00, 0x01, 0x00, 0x22, 0xa2, 0xec, 0xd5, 0xd7, 0xd6,
  0xd4, 0xd5, 0xd7, 0xb4, 0x12, 0x00, 0x01, 0x00, 0x00, 0x00, 0x00, 0x00,
  0x00, 0x00, 0x00, 0x00, 0x00, 0x00, 0x00, 0x00, 0x00, 0x00, 0x00, 0x00,
  0x00, 0x00, 0x00, 0x00, 0x00, 0x00, 0x00, 0x00, 0x00, 0x00, 0x05, 0x00,
  0x57, 0xdd, 0xda, 0xd5, 0xd8, 0xd5, 0xd9, 0xd5, 0x42, 0x00, 0x00, 0x00,
  0x00, 0x00, 0x00, 0x00, 0x00, 0x00, 0x00, 0x00, 0x00, 0x00, 0x00, 0x00,
  0x00, 0x00, 0x00, 0x00, 0x00, 0x00, 0x00, 0x00, 0x00, 0x00, 0x00, 0x00,
  0x00, 0x00, 0x00, 0x00, 0x00, 0x00, 0x00, 0x00, 0x00, 0x00, 0x00, 0x00,
  0x00, 0x00, 0x00, 0x00, 0x00, 0x00, 0x00, 0x00, 0x00, 0x00, 0x00, 0x00,
  0x00, 0x00, 0x00, 0x00, 0x00, 0x00, 0x00, 0x00, 0x00, 0x00, 0x00, 0x00,
  0x00, 0x00, 0x00, 0x00, 0x00, 0x00, 0x00, 0x06, 0x00, 0x73, 0xe9, 0xd3,
  0xd3, 0xd5, 0xd5, 0xe2, 0xc7, 0x02, 0x00, 0x00, 0x00, 0x00, 0x00, 0x00,
  0x00, 0x00, 0x00, 0x00, 0x00, 0x00, 0x00, 0x00, 0x00, 0x00, 0x00, 0x00,
  0x00, 0x00, 0x00, 0x00, 0x00, 0x00, 0x00, 0x00, 0x00, 0x00, 0x00, 0x00,
  0x00, 0x00, 0x00, 0x00, 0x00, 0x00, 0x00, 0x00, 0x00, 0x00, 0x00, 0x00,
  0x00, 0x04, 0x00, 0x5f, 0xd4, 0xd8, 0xcc, 0xd1, 0xd0, 0xd7, 0xd6, 0x7b,
  0x03, 0x00, 0x00, 0x00, 0x00, 0x00, 0x00, 0x00, 0x00, 0x00, 0x00, 0x00,
  0x00, 0x00, 0x03, 0x32, 0xbf, 0xdf, 0xd1, 0xd2, 0xd0, 0xca, 0xc8, 0xdd,
  0xa9, 0x00, 0x01, 0x00, 0x00, 0x00, 0x00, 0x00, 0x00, 0x00, 0x00, 0x00,
  0x00, 0x00, 0x00, 0x00, 0x00, 0x00, 0x00, 0x00, 0x00, 0x00, 0x00, 0x00,
  0x00, 0x00, 0x00, 0x00, 0x00, 0x03, 0x00, 0x00, 0x2f, 0x4b, 0x9f, 0xd9,
  0xe8, 0xf7, 0xfa, 0xf1, 0xf1, 0xf1, 0xf2, 0xf2, 0xfe, 0xf9, 0xe7, 0xd0,
  0x7b, 0x4f, 0x20, 0x00, 0x04, 0x03, 0x00, 0x00, 0x00, 0x00, 0x00, 0x00,
  0x00, 0x00, 0x00, 0x00, 0x00, 0x00, 0x00, 0x00, 0x00, 0x00, 0x00, 0x00,
  0x00, 0x00, 0x00, 0x00, 0x00, 0x00, 0x00, 0x00, 0x00, 0x01, 0x02, 0x02,
  0x2b, 0x4e, 0xa5, 0xd6, 0xe7, 0xf2, 0xf7, 0xfa, 0xfa, 0xf9, 0xf4, 0xe8,
  0xd4, 0xa8, 0x53, 0x2b, 0x02, 0x02, 0x01, 0x00, 0x00, 0x00, 0x00, 0x00,
  0x00, 0x00, 0x00, 0x00, 0x00, 0x00, 0x00, 0x00, 0x00, 0x00, 0x00, 0x00,
  0x00, 0x00, 0x00, 0x00, 0x00, 0x00, 0x00, 0x00, 0x00, 0x06, 0x00, 0x78,
  0xed, 0xdc, 0xda, 0xdd, 0xdf, 0xe1, 0xe2, 0xe3, 0xe3, 0xe2, 0xe1, 0xe0,
  0xdf, 0xdd, 0xdb, 0xda, 0xd8, 0xd8, 0xd9, 0xd9, 0xd9, 0xda, 0xdb, 0xdd,
  0xde, 0xdc, 0xda, 0xff, 0x7b, 0x00, 0x07, 0x00, 0x00, 0x00, 0x00, 0x00,
  0x00, 0x00, 0x00, 0x00, 0x00, 0x00, 0x00, 0x00, 0x00, 0x00, 0x00, 0x00,
  0x00, 0x00, 0x00, 0x00, 0x00, 0x00, 0x00, 0x00, 0x01, 0x03, 0x00, 0x07,
  0x3b, 0x5b, 0xb7, 0xd7, 0xea, 0xf5, 0xfe, 0xf6, 0xef, 0xef, 0xf5, 0xfc,
  0xf1, 0xe4, 0xd2, 0xb3, 0x5a, 0x3b, 0x07, 0x00, 0x03, 0x02, 0x00, 0x00,
  0x00, 0x00, 0x00, 0x00, 0x00, 0x00, 0x00, 0x00, 0x00, 0x00, 0x00, 0x00,
  0x00, 0x00, 0x00, 0x00, 0x00, 0x00, 0x00, 0x00, 0x00, 0x00, 0x00, 0x00,
  0x00, 0x00, 0x00, 0x00, 0x00, 0x00, 0x00, 0x00, 0x00, 0x02, 0x00, 0x99,
  0xd6, 0xc7, 0xc4, 0xc5, 0xc9, 0xdd, 0x90, 0x00, 0x04, 0x00, 0x00, 0x00,
  0x00, 0x00, 0x00, 0x00, 0x00, 0x00, 0x00, 0x00, 0x00, 0x00, 0x00, 0x00,
  0x00, 0x00, 0x02, 0x00, 0x35, 0x5a, 0x54, 0x54, 0x50, 0x59, 0x49, 0x00,
  0x01, 0x00, 0x00, 0x00, 0x00, 0x00, 0x00, 0x00, 0x00, 0x00, 0x00, 0x00,
  0x00, 0x00, 0x00, 0x04, 0x31, 0x4e, 0x4b, 0x48, 0x47, 0x46, 0x42, 0x42,
  0x47, 0x2c, 0x00, 0x01, 0x00, 0x00, 0x00, 0x00, 0x00, 0x00, 0x00, 0x00,
  0x00, 0x00, 0x00, 0x00, 0x00, 0x00, 0x00, 0x00, 0x00, 0x00, 0x02, 0x00,
  0x26, 0x54, 0x50, 0x4f, 0x55, 0x57, 0x59, 0x5a, 0x5a, 0x5c, 0x5c, 0x5b,
  0x59, 0x57, 0x55, 0x54, 0x53, 0x52, 0x52, 0x52, 0x53, 0x53, 0x55, 0x56,
  0x57, 0x58, 0x55, 0x5e, 0x59, 0x21, 0x00, 0x02, 0x00, 0x00, 0x00, 0x00,
  0x00, 0x00, 0x00, 0x00, 0x00, 0x00, 0x00, 0x00, 0x00, 0x00, 0x00, 0x00,
  0x00, 0x00, 0x00, 0x00, 0x00, 0x00, 0x00, 0x00, 0x00, 0x00, 0x00, 0x04,
  0x05, 0x00, 0x00, 0x3a, 0x57, 0x68, 0x78, 0x78, 0xa2, 0xc7, 0xa0, 0x79,
  0x7e, 0x73, 0x66, 0x56, 0x3e, 0x03, 0x00, 0x05, 0x05, 0x01, 0x00, 0x00,
  0x00, 0x00, 0x00, 0x00, 0x00, 0x00, 0x00, 0x00, 0x00, 0x00, 0x00, 0x00,
  0x00, 0x00, 0x00, 0x00, 0x00, 0x00, 0x00, 0x00, 0x00, 0x00, 0x00, 0x00,
  0x00, 0x00, 0x00, 0x00, 0x00, 0x00, 0x00, 0x00, 0x05, 0x00, 0x01, 0x00,
  0x3f, 0x61, 0x6c, 0x78, 0x7c, 0x7c, 0x7b, 0x7a, 0x77, 0x71, 0x66, 0x56,
  0x3c, 0x06, 0x00, 0x05, 0x06, 0x01, 0x00, 0x00, 0x00, 0x00, 0x00, 0x00,
  0x00, 0x00, 0x00, 0x00, 0x00, 0x00, 0x00, 0x00, 0x00, 0x00, 0x00, 0x00,
  0x00, 0x00, 0x00, 0x00, 0x00, 0x00, 0x00, 0x00, 0x00, 0x00, 0x00, 0x00,
  0x00, 0x00, 0x00, 0x00, 0x00, 0x00, 0x00, 0x00, 0x02, 0x00, 0x23, 0x53,
  0x4f, 0x4f, 0x4f, 0x4f, 0x4e, 0x4f, 0x60, 0x0a, 0x00, 0x00, 0x00, 0x00,
  0x00, 0x00, 0x00, 0x00, 0x00, 0x00, 0x00, 0x00, 0x00, 0x00, 0x00, 0x00,
  0x00, 0x00, 0x00, 0x00, 0x00, 0x00, 0x00, 0x00, 0x00, 0x00, 0x00, 0x00,
  0x00, 0x00, 0x00, 0x00, 0x00, 0x01, 0x00, 0x0c, 0x50, 0x58, 0x53, 0x53,
  0x51, 0x50, 0x51, 0x50, 0x4f, 0x4e, 0x4f, 0x50, 0x52, 0x53, 0x56, 0x58,
  0x5a, 0x5c, 0x5e, 0x5f, 0x5e, 0x5e, 0x5d, 0x5b, 0x59, 0x55, 0x53, 0x55,
  0x3d, 0x00, 0x00, 0x00, 0x00, 0x00, 0x00, 0x00, 0x00, 0x00, 0x00, 0x00,
  0x00, 0x00, 0x00, 0x00, 0x00, 0x00, 0x00, 0x00, 0x00, 0x00, 0x01, 0x00,
  0x12, 0x50, 0x59, 0x4e, 0x51, 0x50, 0x55, 0x4f, 0x0d, 0x00, 0x01, 0x00,
  0x00, 0x00, 0x00, 0x00, 0x00, 0x00, 0x00, 0x00, 0x00, 0x00, 0x00, 0x02,
  0x00, 0x2c, 0x61, 0x53, 0x53, 0x52, 0x51, 0x4f, 0x51, 0x4e, 0x08, 0x00,
  0x00, 0x00, 0x00, 0x00, 0x00, 0x00, 0x00, 0x00, 0x00, 0x00, 0x00, 0x00,
  0x00, 0x00, 0x00, 0x00, 0x00, 0x00, 0x00, 0x00, 0x00, 0x00, 0x00, 0x00,
  0x00, 0x00, 0x00, 0x00, 0x01, 0x00, 0x1d, 0x51, 0x55, 0x52, 0x54, 0x53,
  0x55, 0x52, 0x04, 0x00, 0x00, 0x00, 0x00, 0x00, 0x00, 0x00, 0x00, 0x00,
  0x00, 0x00, 0x00, 0x00, 0x00, 0x00, 0x00, 0x00, 0x00, 0x00, 0x00, 0x00,
  0x00, 0x00, 0x00, 0x00, 0x00, 0x00, 0x00, 0x00, 0x00, 0x00, 0x00, 0x00,
  0x00, 0x00, 0x00, 0x00, 0x00, 0x00, 0x00, 0x00, 0x00, 0x00, 0x00, 0x00,
  0x00, 0x00, 0x00, 0x00, 0x00, 0x00, 0x00, 0x00, 0x00, 0x00, 0x00, 0x00,
  0x00, 0x00, 0x00, 0x00, 0x00, 0x00, 0x00, 0x00, 0x00, 0x00, 0x00, 0x00,
  0x00, 0x02, 0x00, 0x2a, 0x59, 0x53, 0x51, 0x51, 0x52, 0x58, 0x4b, 0x00,
  0x00, 0x00, 0x00, 0x00, 0x00, 0x00, 0x00, 0x00, 0x00, 0x00, 0x00, 0x00,
  0x00, 0x00, 0x00, 0x00, 0x00, 0x00, 0x00, 0x00, 0x00, 0x00, 0x00, 0x00,
  0x00, 0x00, 0x00, 0x00, 0x00, 0x00, 0x00, 0x00, 0x00, 0x00, 0x00, 0x00,
  0x00, 0x00, 0x00, 0x00, 0x00, 0x00, 0x00, 0x01, 0x00, 0x21, 0x4f, 0x54,
  0x4f, 0x50, 0x4f, 0x53, 0x56, 0x31, 0x01, 0x00, 0x00, 0x00, 0x00, 0x00,
  0x00, 0x00, 0x00, 0x00, 0x00, 0x00, 0x00, 0x00, 0x01, 0x00, 0x43, 0x5a,
  0x51, 0x50, 0x4e, 0x49, 0x47, 0x51, 0x40, 0x00, 0x00, 0x00, 0x00, 0x00,
  0x00, 0x00, 0x00, 0x00, 0x00, 0x00, 0x00, 0x00, 0x00, 0x00, 0x00, 0x00,
  0x00, 0x00, 0x00, 0x00, 0x00, 0x00, 0x00, 0x00, 0x00, 0x00, 0x00, 0x00,
  0x03, 0x05, 0x02, 0x00, 0x26, 0x51, 0x66, 0x6e, 0x95, 0xc7, 0xc6, 0xc8,
  0xc8, 0xc1, 0x83, 0x74, 0x63, 0x49, 0x0f, 0x00, 0x04, 0x06, 0x02, 0x00,
  0x00, 0x00, 0x00, 0x00, 0x00, 0x00, 0x00, 0x00, 0x00, 0x00, 0x00, 0x00,
  0x00, 0x00, 0x00, 0x00, 0x00, 0x00, 0x00, 0x00, 0x00, 0x00, 0x00, 0x00,
  0x00, 0x00, 0x00, 0x00, 0x00, 0x05, 0x00, 0x00, 0x29, 0x51, 0x66, 0x73,
  0x79, 0x7d, 0x7d, 0x7a, 0x74, 0x66, 0x50, 0x2c, 0x00, 0x00, 0x04, 0x01,
  0x00, 0x00, 0x00, 0x00, 0x00, 0x00, 0x00, 0x00, 0x00, 0x00, 0x00, 0x00,
  0x00, 0x00, 0x00, 0x00, 0x00, 0x00, 0x00, 0x00, 0x00, 0x00, 0x00, 0x00,
  0x00, 0x00, 0x00, 0x02, 0x00, 0x2d, 0x5d, 0x59, 0x57, 0x5a, 0x5b, 0x5c,
  0x5d, 0x5d, 0x5d, 0x5d, 0x5c, 0x5c, 0x5b, 0x59, 0x58, 0x57, 0x56, 0x55,
  0x56, 0x56, 0x56, 0x56, 0x58, 0x5a, 0x5a, 0x59, 0x58, 0x67, 0x31, 0x00,
  0x02, 0x00, 0x00, 0x00, 0x00, 0x00, 0x00, 0x00, 0x00, 0x00, 0x00, 0x00,
  0x00, 0x00, 0x00, 0x00, 0x00, 0x00, 0x00, 0x00, 0x00, 0x00, 0x00, 0x00,
  0x00, 0x00, 0x00, 0x00, 0x04, 0x05, 0x00, 0x01, 0x35, 0x52, 0x67, 0x76,
  0x76, 0xa6, 0xc3, 0xc3, 0xa7, 0x76, 0x73, 0x62, 0x4e, 0x34, 0x01, 0x00,
  0x05, 0x04, 0x00, 0x00, 0x00, 0x00, 0x00, 0x00, 0x00, 0x00, 0x00, 0x00,
  0x00, 0x00, 0x00, 0x00, 0x00, 0x00, 0x00, 0x00, 0x00, 0x00, 0x00, 0x00,
  0x00, 0x00, 0x00, 0x00, 0x00, 0x00, 0x00, 0x00, 0x00, 0x00, 0x00, 0x00,
  0x00, 0x00, 0x00, 0x00, 0x00, 0x33, 0x4e, 0x49, 0x47, 0x47, 0x4a, 0x53,
  0x35, 0x00, 0x01, 0x00, 0x00, 0x00, 0x00, 0x00, 0x00, 0x00, 0x00, 0x00,
  0x00, 0x00, 0x00, 0x00, 0x00, 0x00, 0x00, 0x00, 0x00, 0x00, 0x00, 0x00,
  0x00, 0x00, 0x00, 0x00, 0x01, 0x04, 0x00, 0x00, 0x00, 0x00, 0x00, 0x00,
  0x00, 0x00, 0x00, 0x00, 0x00, 0x00, 0x00, 0x00, 0x00, 0x00, 0x00, 0x00,
  0x00, 0x00, 0x00, 0x00, 0x00, 0x00, 0x00, 0x00, 0x00, 0x00, 0x00, 0x00,
  0x00, 0x00, 0x00, 0x00, 0x00, 0x00, 0x00, 0x00, 0x00, 0x00, 0x00, 0x00,
  0x00, 0x00, 0x00, 0x00, 0x00, 0x00, 0x00, 0x00, 0x00, 0x00, 0x00, 0x00,
  0x00, 0x00, 0x00, 0x00, 0x00, 0x00, 0x00, 0x00, 0x00, 0x00, 0x00, 0x00,
  0x00, 0x00, 0x00, 0x00, 0x00, 0x00, 0x00, 0x00, 0x00, 0x00, 0x00, 0x00,
  0x00, 0x00, 0x00, 0x00, 0x00, 0x00, 0x00, 0x00, 0x00, 0x00, 0x00, 0x00,
  0x00, 0x00, 0x00, 0x00, 0x00, 0x00, 0x00, 0x00, 0x00, 0x00, 0x00, 0x00,
  0x00, 0x00, 0x00, 0x00, 0x00, 0x00, 0x00, 0x05, 0x06, 0x00, 0x00, 0x00,
  0x01, 0x00, 0x20, 0x46, 0x1f, 0x00, 0x01, 0x00, 0x00, 0x00, 0x00, 0x06,
  0x05, 0x00, 0x00, 0x00, 0x00, 0x00, 0x00, 0x00, 0x00, 0x00, 0x00, 0x00,
  0x00, 0x00, 0x00, 0x00, 0x00, 0x00, 0x00, 0x00, 0x00, 0x00, 0x00, 0x00,
  0x00, 0x00, 0x00, 0x00, 0x00, 0x00, 0x00, 0x00, 0x00, 0x00, 0x00, 0x00,
  0x00, 0x00, 0x00, 0x03, 0x05, 0x07, 0x01, 0x00, 0x00, 0x00, 0x00, 0x00,
  0x00, 0x00, 0x00, 0x00, 0x00, 0x00, 0x00, 0x05, 0x06, 0x01, 0x00, 0x00,
  0x00, 0x00, 0x00, 0x00, 0x00, 0x00, 0x00, 0x00, 0x00, 0x00, 0x00, 0x00,
  0x00, 0x00, 0x00, 0x00, 0x00, 0x00, 0x00, 0x00, 0x00, 0x00, 0x00, 0x00,
  0x00, 0x00, 0x00, 0x00, 0x00, 0x00, 0x00, 0x00, 0x00, 0x00, 0x00, 0x00,
  0x00, 0x00, 0x00, 0x02, 0x02, 0x00, 0x00, 0x00, 0x00, 0x00, 0x00, 0x00,
  0x00, 0x04, 0x01, 0x00, 0x00, 0x00, 0x00, 0x00, 0x00, 0x00, 0x00, 0x00,
  0x00, 0x00, 0x00, 0x00, 0x00, 0x00, 0x00, 0x00, 0x00, 0x00, 0x00, 0x00,
  0x00, 0x00, 0x00, 0x00, 0x00, 0x00, 0x00, 0x00, 0x00, 0x00, 0x00, 0x00,
  0x00, 0x00, 0x00, 0x00, 0x00, 0x00, 0x00, 0x00, 0x00, 0x00, 0x00, 0x00,
  0x00, 0x00, 0x00, 0x00, 0x00, 0x00, 0x00, 0x00, 0x00, 0x00, 0x00, 0x00,
  0x00, 0x00, 0x00, 0x00, 0x00, 0x00, 0x00, 0x00, 0x00, 0x00, 0x00, 0x00,
  0x00, 0x00, 0x00, 0x00, 0x00, 0x00, 0x00, 0x00, 0x00, 0x00, 0x00, 0x00,
  0x00, 0x00, 0x00, 0x00, 0x00, 0x00, 0x00, 0x00, 0x00, 0x00, 0x00, 0x00,
  0x00, 0x00, 0x00, 0x00, 0x00, 0x00, 0x00, 0x00, 0x00, 0x00, 0x00, 0x00,
  0x00, 0x00, 0x00, 0x00, 0x00, 0x00, 0x04, 0x03, 0x00, 0x00, 0x00, 0x00,
  0x00, 0x00, 0x00, 0x00, 0x00, 0x00, 0x00, 0x00, 0x00, 0x00, 0x00, 0x00,
  0x00, 0x00, 0x00, 0x00, 0x00, 0x00, 0x00, 0x00, 0x00, 0x00, 0x00, 0x00,
  0x00, 0x00, 0x00, 0x00, 0x00, 0x00, 0x00, 0x00, 0x00, 0x00, 0x00, 0x00,
  0x00, 0x00, 0x00, 0x00, 0x00, 0x00, 0x00, 0x00, 0x02, 0x00, 0x00, 0x00,
  0x00, 0x00, 0x00, 0x00, 0x00, 0x00, 0x00, 0x00, 0x00, 0x00, 0x00, 0x00,
  0x00, 0x00, 0x00, 0x00, 0x00, 0x00, 0x00, 0x00, 0x00, 0x00, 0x00, 0x00,
  0x00, 0x00, 0x00, 0x00, 0x00, 0x00, 0x00, 0x00, 0x00, 0x00, 0x00, 0x00,
  0x00, 0x00, 0x00, 0x00, 0x00, 0x00, 0x00, 0x00, 0x00, 0x00, 0x00, 0x00,
  0x00, 0x00, 0x00, 0x00, 0x00, 0x00, 0x00, 0x00, 0x00, 0x00, 0x00, 0x00,
  0x00, 0x00, 0x00, 0x00, 0x00, 0x00, 0x00, 0x00, 0x00, 0x00, 0x00, 0x00,
  0x00, 0x00, 0x00, 0x00, 0x00, 0x00, 0x00, 0x00, 0x00, 0x00, 0x00, 0x00,
  0x00, 0x00, 0x00, 0x00, 0x00, 0x00, 0x00, 0x00, 0x00, 0x00, 0x00, 0x00,
  0x00, 0x00, 0x00, 0x00, 0x00, 0x00, 0x00, 0x00, 0x00, 0x00, 0x00, 0x00,
  0x00, 0x00, 0x00, 0x00, 0x00, 0x00, 0x00, 0x00, 0x00, 0x00, 0x00, 0x00,
  0x00, 0x00, 0x00, 0x00, 0x00, 0x00, 0x00, 0x00, 0x00, 0x00, 0x00, 0x00,
  0x00, 0x00, 0x00, 0x00, 0x00, 0x00, 0x00, 0x00, 0x00, 0x00, 0x00, 0x00,
  0x00, 0x00, 0x00, 0x04, 0x01, 0x00, 0x00, 0x00, 0x00, 0x00, 0x00, 0x00,
  0x00, 0x00, 0x00, 0x00, 0x00, 0x00, 0x00, 0x00, 0x00, 0x00, 0x00, 0x00,
  0x00, 0x00, 0x00, 0x00, 0x00, 0x00, 0x00, 0x00, 0x00, 0x00, 0x00, 0x00,
  0x00, 0x00, 0x00, 0x00, 0x00, 0x00, 0x00, 0x00, 0x03, 0x06, 0x01, 0x00,
  0x01, 0x00, 0x15, 0x43, 0x43, 0x45, 0x46, 0x3e, 0x01, 0x00, 0x00, 0x00,
  0x04, 0x06, 0x02, 0x00, 0x00, 0x00, 0x00, 0x00, 0x00, 0x00, 0x00, 0x00,
  0x00, 0x00, 0x00, 0x00, 0x00, 0x00, 0x00, 0x00, 0x00, 0x00, 0x00, 0x00,
  0x00, 0x00, 0x00, 0x00, 0x00, 0x00, 0x00, 0x00, 0x00, 0x00, 0x00, 0x00,
  0x03, 0x05, 0x00, 0x00, 0x00, 0x00, 0x00, 0x00, 0x00, 0x00, 0x00, 0x00,
  0x00, 0x00, 0x05, 0x03, 0x00, 0x00, 0x00, 0x00, 0x00, 0x00, 0x00, 0x00,
  0x00, 0x00, 0x00, 0x00, 0x00, 0x00, 0x00, 0x00, 0x00, 0x00, 0x00, 0x00,
  0x00, 0x00, 0x00, 0x00, 0x00, 0x00, 0x00, 0x00, 0x00, 0x00, 0x00, 0x00,
  0x00, 0x00, 0x00, 0x00, 0x00, 0x00, 0x00, 0x00, 0x00, 0x00, 0x00, 0x00,
  0x00, 0x00, 0x00, 0x00, 0x00, 0x00, 0x00, 0x00, 0x00, 0x00, 0x00, 0x00,
  0x00, 0x00, 0x00, 0x00, 0x00, 0x00, 0x00, 0x00, 0x00, 0x00, 0x00, 0x00,
  0x00, 0x00, 0x00, 0x00, 0x00, 0x00, 0x00, 0x00, 0x00, 0x00, 0x00, 0x00,
  0x00, 0x00, 0x00, 0x00, 0x00, 0x00, 0x00, 0x00, 0x00, 0x00, 0x00, 0x00,
  0x04, 0x05, 0x00, 0x00, 0x00, 0x01, 0x00, 0x24, 0x41, 0x41, 0x25, 0x00,
  0x01, 0x00, 0x00, 0x00, 0x05, 0x04, 0x00, 0x00, 0x00, 0x00, 0x00, 0x00,
  0x00, 0x00, 0x00, 0x00, 0x00, 0x00, 0x00, 0x00, 0x00, 0x00, 0x00, 0x00,
  0x00, 0x00, 0x00, 0x00, 0x00, 0x00, 0x00, 0x00, 0x00, 0x00, 0x00, 0x00,
  0x00, 0x00, 0x00, 0x00, 0x00, 0x00, 0x00, 0x00, 0x00, 0x00, 0x00, 0x00,
  0x00, 0x00, 0x00, 0x00, 0x00, 0x00, 0x00, 0x00, 0x00, 0x00, 0x00, 0x00,
  0x00, 0x00, 0x00, 0x00, 0x00, 0x00, 0x00, 0x00, 0x00, 0x00, 0x00, 0x00,
  0x00, 0x00, 0x00, 0x00, 0x03, 0x05, 0x05, 0x05, 0x04, 0x05, 0x04, 0x00,
  0x00, 0x00, 0x00, 0x00, 0x00, 0x00, 0x00, 0x00, 0x00, 0x00, 0x00, 0x00,
  0x00, 0x00, 0x00, 0x00, 0x03, 0x04, 0x04, 0x04, 0x04, 0x04, 0x04, 0x04,
  0x04, 0x02, 0x00, 0x00, 0x00, 0x00, 0x00, 0x00, 0x00, 0x00, 0x00, 0x00,
  0x00, 0x00, 0x00, 0x00, 0x00, 0x00, 0x00, 0x00, 0x00, 0x00, 0x00, 0x00,
  0x02, 0x05, 0x04, 0x04, 0x05, 0x05, 0x05, 0x05, 0x05, 0x05, 0x05, 0x05,
  0x05, 0x05, 0x05, 0x05, 0x04, 0x04, 0x04, 0x04, 0x04, 0x04, 0x05, 0x05,
  0x05, 0x05, 0x05, 0x05, 0x05, 0x02, 0x00, 0x00, 0x00, 0x00, 0x00, 0x00,
  0x00, 0x00, 0x00, 0x00, 0x00, 0x00, 0x00, 0x00, 0x00, 0x00, 0x00, 0x00,
  0x00, 0x00, 0x00, 0x00, 0x00, 0x00, 0x00, 0x00, 0x00, 0x00, 0x00, 0x00,
  0x00, 0x00, 0x00, 0x03, 0x05, 0x05, 0x06, 0x07, 0x03, 0x00, 0x03, 0x07,
  0x06, 0x06, 0x05, 0x05, 0x04, 0x00, 0x00, 0x00, 0x00, 0x00, 0x00, 0x00,
  0x00, 0x00, 0x00, 0x00, 0x00, 0x00, 0x00, 0x00, 0x00, 0x00, 0x00, 0x00,
  0x00, 0x00, 0x00, 0x00, 0x00, 0x00, 0x00, 0x00, 0x00, 0x00, 0x00, 0x00,
  0x00, 0x00, 0x00, 0x00, 0x00, 0x00, 0x00, 0x00, 0x00, 0x00, 0x00, 0x00,
  0x03, 0x05, 0x06, 0x06, 0x06, 0x06, 0x06, 0x06, 0x06, 0x06, 0x05, 0x05,
  0x03, 0x00, 0x00, 0x00, 0x00, 0x00, 0x00, 0x00, 0x00, 0x00, 0x00, 0x00,
  0x00, 0x00, 0x00, 0x00, 0x00, 0x00, 0x00, 0x00, 0x00, 0x00, 0x00, 0x00,
  0x00, 0x00, 0x00, 0x00, 0x00, 0x00, 0x00, 0x00, 0x00, 0x00, 0x00, 0x00,
  0x00, 0x00, 0x00, 0x00, 0x00, 0x00, 0x00, 0x00, 0x00, 0x00, 0x02, 0x05,
  0x04, 0x04, 0x04, 0x04, 0x04, 0x04, 0x05, 0x00, 0x00, 0x00, 0x00, 0x00,
  0x00, 0x00, 0x00, 0x00, 0x00, 0x00, 0x00, 0x00, 0x00, 0x00, 0x00, 0x00,
  0x00, 0x00, 0x00, 0x00, 0x00, 0x00, 0x00, 0x00, 0x00, 0x00, 0x00, 0x00,
  0x00, 0x00, 0x00, 0x00, 0x00, 0x00, 0x00, 0x00, 0x04, 0x05, 0x04, 0x04,
  0x04, 0x04, 0x04, 0x04, 0x04, 0x04, 0x04, 0x04, 0x04, 0x05, 0x05, 0x05,
  0x05, 0x05, 0x05, 0x05, 0x05, 0x05, 0x05, 0x05, 0x05, 0x05, 0x04, 0x05,
  0x03, 0x00, 0x00, 0x00, 0x00, 0x00, 0x00, 0x00, 0x00, 0x00, 0x00, 0x00,
  0x00, 0x00, 0x00, 0x00, 0x00, 0x00, 0x00, 0x00, 0x00, 0x00, 0x00, 0x00,
  0x01, 0x04, 0x05, 0x04, 0x04, 0x04, 0x05, 0x04, 0x00, 0x00, 0x00, 0x00,
  0x00, 0x00, 0x00, 0x00, 0x00, 0x00, 0x00, 0x00, 0x00, 0x00, 0x00, 0x00,
  0x00, 0x02, 0x05, 0x04, 0x04, 0x04, 0x04, 0x04, 0x04, 0x04, 0x00, 0x00,
  0x00, 0x00, 0x00, 0x00, 0x00, 0x00, 0x00, 0x00, 0x00, 0x00, 0x00, 0x00,
  0x00, 0x00, 0x00, 0x00, 0x00, 0x00, 0x00, 0x00, 0x00, 0x00, 0x00, 0x00,
  0x00, 0x00, 0x00, 0x00, 0x00, 0x00, 0x01, 0x04, 0x05, 0x04, 0x05, 0x04,
  0x05, 0x04, 0x00, 0x00, 0x00, 0x00, 0x00, 0x00, 0x00, 0x00, 0x00, 0x00,
  0x00, 0x00, 0x00, 0x00, 0x00, 0x00, 0x00, 0x00, 0x00, 0x00, 0x00, 0x00,
  0x00, 0x00, 0x00, 0x00, 0x00, 0x00, 0x00, 0x00, 0x00, 0x00, 0x00, 0x00,
  0x00, 0x00, 0x00, 0x00, 0x00, 0x00, 0x00, 0x00, 0x00, 0x00, 0x00, 0x00,
  0x00, 0x00, 0x00, 0x00, 0x00, 0x00, 0x00, 0x00, 0x00, 0x00, 0x00, 0x00,
  0x00, 0x00, 0x00, 0x00, 0x00, 0x00, 0x00, 0x00, 0x00, 0x00, 0x00, 0x00,
  0x00, 0x00, 0x00, 0x02, 0x05, 0x04, 0x04, 0x04, 0x04, 0x05, 0x04, 0x00,
  0x00, 0x00, 0x00, 0x00, 0x00, 0x00, 0x00, 0x00, 0x00, 0x00, 0x00, 0x00,
  0x00, 0x00, 0x00, 0x00, 0x00, 0x00, 0x00, 0x00, 0x00, 0x00, 0x00, 0x00,
  0x00, 0x00, 0x00, 0x00, 0x00, 0x00, 0x00, 0x00, 0x00, 0x00, 0x00, 0x00,
  0x00, 0x00, 0x00, 0x00, 0x00, 0x00, 0x00, 0x00, 0x00, 0x02, 0x04, 0x05,
  0x04, 0x04, 0x04, 0x04, 0x05, 0x02, 0x00, 0x00, 0x00, 0x00, 0x00, 0x00,
  0x00, 0x00, 0x00, 0x00, 0x00, 0x00, 0x00, 0x00, 0x00, 0x00, 0x04, 0x05,
  0x04, 0x04, 0x04, 0x04, 0x04, 0x04, 0x03, 0x00, 0x00, 0x00, 0x00, 0x00,
  0x00, 0x00, 0x00, 0x00, 0x00, 0x00, 0x00, 0x00, 0x00, 0x00, 0x00, 0x00,
  0x00, 0x00, 0x00, 0x00, 0x00, 0x00, 0x00, 0x00, 0x00, 0x00, 0x00, 0x00,
  0x00, 0x00, 0x00, 0x00, 0x02, 0x05, 0x05, 0x07, 0x04, 0x00, 0x00, 0x00,
  0x00, 0x00, 0x06, 0x06, 0x05, 0x04, 0x01, 0x00, 0x00, 0x00, 0x00, 0x00,
  0x00, 0x00, 0x00, 0x00, 0x00, 0x00, 0x00, 0x00, 0x00, 0x00, 0x00, 0x00,
  0x00, 0x00, 0x00, 0x00, 0x00, 0x00, 0x00, 0x00, 0x00, 0x00, 0x00, 0x00,
  0x00, 0x00, 0x00, 0x00, 0x00, 0x00, 0x00, 0x00, 0x02, 0x04, 0x05, 0x06,
  0x06, 0x06, 0x06, 0x06, 0x06, 0x05, 0x04, 0x03, 0x00, 0x00, 0x00, 0x00,
  0x00, 0x00, 0x00, 0x00, 0x00, 0x00, 0x00, 0x00, 0x00, 0x00, 0x00, 0x00,
  0x00, 0x00, 0x00, 0x00, 0x00, 0x00, 0x00, 0x00, 0x00, 0x00, 0x00, 0x00,
  0x00, 0x00, 0x00, 0x00, 0x00, 0x02, 0x05, 0x05, 0x05, 0x05, 0x05, 0x05,
  0x05, 0x05, 0x05, 0x05, 0x05, 0x05, 0x05, 0x05, 0x05, 0x05, 0x05, 0x05,
  0x05, 0x05, 0x05, 0x05, 0x05, 0x05, 0x05, 0x05, 0x05, 0x06, 0x02, 0x00,
  0x00, 0x00, 0x00, 0x00, 0x00, 0x00, 0x00, 0x00, 0x00, 0x00, 0x00, 0x00,
  0x00, 0x00, 0x00, 0x00, 0x00, 0x00, 0x00, 0x00, 0x00, 0x00, 0x00, 0x00,
  0x00, 0x00, 0x00, 0x00, 0x00, 0x00, 0x00, 0x00, 0x03, 0x04, 0x05, 0x06,
  0x07, 0x02, 0x00, 0x00, 0x02, 0x07, 0x06, 0x05, 0x04, 0x03, 0x00, 0x00,
  0x00, 0x00, 0x00, 0x00, 0x00, 0x00, 0x00, 0x00, 0x00, 0x00, 0x00, 0x00,
  0x00, 0x00, 0x00, 0x00, 0x00, 0x00, 0x00, 0x00, 0x00, 0x00, 0x00, 0x00,
  0x00, 0x00, 0x00, 0x00, 0x00, 0x00, 0x00, 0x00, 0x00, 0x00, 0x00, 0x00,
  0x00, 0x00, 0x00, 0x00, 0x00, 0x03, 0x04, 0x04, 0x04, 0x04, 0x04, 0x05,
  0x03, 0x00, 0x00, 0x00, 0x00, 0x00, 0x00, 0x00, 0x00, 0x00, 0x00, 0x00,
  0x00, 0x00, 0x00, 0x00, 0x00, 0x00, 0x00, 0x00, 0x00, 0x00, 0x00, 0x00,
  0x00, 0x00, 0x00, 0x00, 0x00, 0x00, 0x00, 0x00, 0x00, 0x00, 0x00, 0x00,
  0x00, 0x00, 0x00, 0x00, 0x00, 0x00, 0x00, 0x00, 0x00, 0x00, 0x00, 0x00,
  0x00, 0x00, 0x00, 0x00, 0x00, 0x00, 0x00, 0x00, 0x00, 0x00, 0x00, 0x00,
  0x00, 0x00, 0x00, 0x00, 0x00, 0x00, 0x00, 0x00, 0x00, 0x00, 0x00, 0x00,
  0x00, 0x00, 0x00, 0x00, 0x00, 0x00, 0x00, 0x00, 0x00, 0x00, 0x00, 0x00,
  0x00, 0x00, 0x00, 0x00, 0x00, 0x00, 0x00, 0x00, 0x00, 0x00, 0x00, 0x00,
  0x00, 0x00, 0x00, 0x00, 0x00, 0x00, 0x00, 0x00, 0x00, 0x00, 0x00, 0x00,
  0x00, 0x00, 0x00, 0x00, 0x00, 0x00, 0x00, 0x00, 0x00, 0x00, 0x00, 0x00,
  0x00, 0x00, 0x00, 0x00, 0x00, 0x00, 0x00, 0x00, 0x00, 0x00, 0x00, 0x00,
  0x00, 0x00, 0x00, 0x00, 0x00, 0x00, 0x00, 0x00, 0x00, 0x00, 0x00, 0x00,
  0x00, 0x00, 0x01, 0x03, 0x01, 0x00, 0x00, 0x00, 0x00, 0x00, 0x00, 0x00,
  0x00, 0x00, 0x00, 0x00, 0x00, 0x00, 0x00, 0x00, 0x00, 0x00, 0x00, 0x00,
  0x00, 0x00, 0x00, 0x00, 0x00, 0x00, 0x00, 0x00, 0x00, 0x00, 0x00, 0x00,
  0x00, 0x00, 0x00, 0x00, 0x00, 0x00, 0x00, 0x00, 0x00, 0x00, 0x00, 0x00,
  0x00, 0x00, 0x00, 0x00, 0x00, 0x00, 0x00, 0x00, 0x00, 0x00, 0x00, 0x00,
  0x00, 0x00, 0x00, 0x00, 0x00, 0x00, 0x00, 0x00, 0x00, 0x00, 0x00, 0x00,
  0x00, 0x00, 0x00, 0x00, 0x00, 0x00, 0x00, 0x00, 0x00, 0x00, 0x00, 0x00,
  0x00, 0x00, 0x00, 0x00, 0x00, 0x00, 0x00, 0x00, 0x00, 0x00, 0x00, 0x00,
  0x00, 0x00, 0x00, 0x00, 0x00, 0x00, 0x00, 0x00, 0x00, 0x00, 0x00, 0x00,
  0x00, 0x00, 0x00, 0x00, 0x00, 0x00, 0x00, 0x00, 0x00, 0x00, 0x00, 0x00,
  0x00, 0x00, 0x00, 0x00, 0x00, 0x00, 0x00, 0x00, 0x00, 0x00, 0x00, 0x00,
  0x00, 0x00, 0x00, 0x00, 0x00, 0x00, 0x00, 0x00, 0x00, 0x00, 0x00, 0x00,
  0x00, 0x00, 0x00, 0x00, 0x00, 0x00, 0x00, 0x00, 0x00, 0x00, 0x00, 0x00,
  0x00, 0x00, 0x00, 0x00, 0x00, 0x00, 0x00, 0x00, 0x00, 0x00, 0x00, 0x00,
  0x00, 0x00, 0x00, 0x00, 0x00, 0x00, 0x00, 0x00, 0x00, 0x00, 0x00, 0x00,
  0x00, 0x00, 0x00, 0x00, 0x00, 0x00, 0x00, 0x00, 0x00, 0x00, 0x00, 0x00,
  0x00, 0x00, 0x00, 0x00, 0x00, 0x00, 0x00, 0x00, 0x00, 0x00, 0x00, 0x00,
  0x00, 0x00, 0x00, 0x00, 0x00, 0x00, 0x00, 0x00, 0x00, 0x00, 0x00, 0x00,
  0x00, 0x00, 0x00, 0x00, 0x00, 0x00, 0x00, 0x00, 0x00, 0x00, 0x00, 0x00,
  0x00, 0x00, 0x00, 0x00, 0x00, 0x00, 0x00, 0x00, 0x00, 0x00, 0x00, 0x00,
  0x00, 0x00, 0x00, 0x00, 0x00, 0x00, 0x00, 0x00, 0x00, 0x00, 0x00, 0x00,
  0x00, 0x00, 0x00, 0x00, 0x00, 0x00, 0x00, 0x00, 0x00, 0x00, 0x00, 0x00,
  0x00, 0x00, 0x00, 0x00, 0x00, 0x00, 0x00, 0x00, 0x00, 0x00, 0x00, 0x00,
  0x00, 0x00, 0x00, 0x00, 0x00, 0x00, 0x00, 0x00, 0x00, 0x00, 0x00, 0x00,
  0x00, 0x00, 0x00, 0x00, 0x00, 0x00, 0x00, 0x00, 0x00, 0x00, 0x00, 0x00,
  0x00, 0x00, 0x00, 0x00, 0x00, 0x00, 0x00, 0x00, 0x00, 0x00, 0x00, 0x00,
  0x00, 0x00, 0x00, 0x00, 0x00, 0x00, 0x00, 0x00, 0x00, 0x00, 0x00, 0x00,
  0x00, 0x00, 0x00, 0x00, 0x00, 0x00, 0x00, 0x00, 0x00, 0x00, 0x00, 0x00,
  0x00, 0x00, 0x00, 0x00, 0x00, 0x00, 0x00, 0x00, 0x00, 0x00, 0x00, 0x00,
  0x00, 0x00, 0x00, 0x00, 0x00, 0x00, 0x00, 0x00, 0x00, 0x00, 0x00, 0x00,
  0x00, 0x00, 0x00, 0x00, 0x00, 0x00, 0x00, 0x00, 0x00, 0x00, 0x00, 0x00,
  0x00, 0x00, 0x00, 0x00, 0x00, 0x00, 0x00, 0x00, 0x00, 0x00, 0x00, 0x00,
  0x00, 0x00, 0x00, 0x00, 0x00, 0x00, 0x00, 0x00, 0x00, 0x00, 0x00, 0x00,
  0x00, 0x00, 0x00, 0x00, 0x00, 0x00, 0x00, 0x00, 0x00, 0x00, 0x00, 0x00,
  0x00, 0x00, 0x00, 0x00, 0x00, 0x00, 0x00, 0x00, 0x00, 0x00, 0x00, 0x00,
  0x00, 0x00, 0x00, 0x00, 0x00, 0x00, 0x00, 0x00, 0x00, 0x00, 0x00, 0x00,
  0x00, 0x00, 0x00, 0x00, 0x00, 0x00, 0x00, 0x00, 0x00, 0x00, 0x00, 0x00,
  0x00, 0x00, 0x00, 0x00, 0x00, 0x00, 0x00, 0x00, 0x00, 0x00, 0x00, 0x00,
  0x00, 0x00, 0x00, 0x00, 0x00, 0x00, 0x00, 0x00, 0x00, 0x00, 0x00, 0x00,
  0x00, 0x00, 0x00, 0x00, 0x00, 0x00, 0x00, 0x00, 0x00, 0x00, 0x00, 0x00,
  0x00, 0x00, 0x01, 0x03, 0x03, 0x03, 0x03, 0x03, 0x00, 0x00, 0x00, 0x00,
  0x00, 0x00, 0x00, 0x00, 0x00, 0x00, 0x00, 0x00, 0x00, 0x00, 0x00, 0x00,
  0x00, 0x00, 0x00, 0x00, 0x00, 0x00, 0x00, 0x00, 0x00, 0x00, 0x00, 0x00,
  0x00, 0x00, 0x00, 0x00, 0x00, 0x00, 0x00, 0x00, 0x00, 0x00, 0x00, 0x00,
  0x00, 0x00, 0x00, 0x00, 0x00, 0x00, 0x00, 0x00, 0x00, 0x00, 0x00, 0x00,
  0x00, 0x00, 0x00, 0x00, 0x00, 0x00, 0x00, 0x00, 0x00, 0x00, 0x00, 0x00,
  0x00, 0x00, 0x00, 0x00, 0x00, 0x00, 0x00, 0x00, 0x00, 0x00, 0x00, 0x00,
  0x00, 0x00, 0x00, 0x00, 0x00, 0x00, 0x00, 0x00, 0x00, 0x00, 0x00, 0x00,
  0x00, 0x00, 0x00, 0x00, 0x00, 0x00, 0x00, 0x00, 0x00, 0x00, 0x00, 0x00,
  0x00, 0x00, 0x00, 0x00, 0x00, 0x00, 0x00, 0x00, 0x00, 0x00, 0x00, 0x00,
  0x00, 0x00, 0x00, 0x00, 0x00, 0x00, 0x00, 0x00, 0x00, 0x00, 0x00, 0x00,
  0x00, 0x00, 0x00, 0x00, 0x00, 0x00, 0x00, 0x00, 0x00, 0x00, 0x00, 0x00,
  0x00, 0x00, 0x00, 0x00, 0x00, 0x00, 0x00, 0x00, 0x00, 0x00, 0x00, 0x00,
  0x00, 0x00, 0x00, 0x00, 0x00, 0x00, 0x00, 0x01, 0x03, 0x03, 0x01, 0x00,
  0x00, 0x00, 0x00, 0x00, 0x00, 0x00, 0x00, 0x00, 0x00, 0x00, 0x00, 0x00,
  0x00, 0x00, 0x00, 0x00, 0x00, 0x00, 0x00, 0x00, 0x00, 0x00, 0x00, 0x00,
  0x00, 0x00, 0x00, 0x00, 0x00, 0x00, 0x00, 0x00, 0x00, 0x00, 0x00, 0x00,
  0x00, 0x00, 0x00, 0x00, 0x00, 0x00, 0x00, 0x00, 0x00, 0x00, 0x00, 0x00,
  0x00, 0x00, 0x00, 0x00, 0x00, 0x00, 0x00, 0x00, 0x00, 0x00, 0x00, 0x00,
  0x00, 0x00, 0x00, 0x00, 0x00, 0x00, 0x00, 0x00, 0x00, 0x00, 0x00, 0x00,
  0x00, 0x00, 0x00, 0x00, 0x00, 0x00, 0x00, 0x00, 0x00, 0x00, 0x00, 0x00,
  0x00, 0x00, 0x00, 0x00, 0x00, 0x00, 0x00, 0x00, 0x00, 0x00, 0x00, 0x00,
  0x00, 0x00, 0x00, 0x00, 0x00, 0x00, 0x00, 0x00, 0x00, 0x00, 0x00, 0x00,
  0x00, 0x00, 0x00, 0x00, 0x00, 0x00, 0x00, 0x00, 0x00, 0x00, 0x00, 0x00,
  0x00, 0x00, 0x00, 0x00, 0x00, 0x00, 0x00, 0x00, 0x00, 0x00, 0x00, 0x00,
  0x00, 0x00, 0x00, 0x00, 0x00, 0x00, 0x00, 0x00, 0x00, 0x00, 0x00, 0x00,
  0x00, 0x00, 0x00, 0x00, 0x00, 0x00, 0x00, 0x00, 0x00, 0x00, 0x00, 0x00,
  0x00, 0x00, 0x00, 0x00, 0x00, 0x00, 0x00, 0x00, 0x00, 0x00, 0x00, 0x00,
  0x00, 0x00, 0x00, 0x00, 0x00, 0x00, 0x00, 0x00, 0x00, 0x00, 0x00, 0x00,
  0x00, 0x00, 0x00, 0x00, 0x00, 0x00, 0x00, 0x00, 0x00, 0x00, 0x00, 0x00,
  0x00, 0x00, 0x00, 0x00, 0x00, 0x00, 0x00, 0x00, 0x00, 0x00, 0x00, 0x00,
  0x00, 0x00, 0x00, 0x00, 0x00, 0x00, 0x00, 0x00, 0x00, 0x00, 0x00, 0x00,
  0x00, 0x00, 0x00, 0x00, 0x00, 0x00, 0x00, 0x00, 0x00, 0x00, 0x00, 0x00,
  0x00, 0x00, 0x00, 0x00, 0x00, 0x00, 0x00, 0x00, 0x00, 0x00, 0x00, 0x00,
  0x00, 0x00, 0x00, 0x00, 0x00, 0x00, 0x00, 0x00, 0x00, 0x00, 0x00, 0x00,
  0x00, 0x00, 0x00, 0x00, 0x00, 0x00, 0x00, 0x00, 0x00, 0x00, 0x00, 0x00,
  0x00, 0x00, 0x00, 0x00, 0x00, 0x00, 0x00, 0x00, 0x00, 0x00, 0x00, 0x00,
  0x00, 0x00, 0x00, 0x00, 0x00, 0x00, 0x00, 0x00, 0x00, 0x00, 0x00, 0x00,
  0x00, 0x00, 0x00, 0x00, 0x00, 0x00, 0x00, 0x00, 0x00, 0x00, 0x00, 0x00,
  0x00, 0x00, 0x00, 0x00, 0x00, 0x00, 0x00, 0x00, 0x00, 0x00, 0x00, 0x00,
  0x00, 0x00, 0x00, 0x00, 0x00, 0x00, 0x00, 0x00, 0x00, 0x00, 0x00, 0x00,
  0x00, 0x00, 0x00, 0x00, 0x00, 0x00, 0x00, 0x00, 0x00, 0x00, 0x00, 0x00,
  0x00, 0x00, 0x00, 0x00, 0x00, 0x00, 0x00, 0x00, 0x00, 0x00, 0x00, 0x00,
  0x00, 0x00, 0x00, 0x00, 0x00, 0x00, 0x00, 0x00, 0x00, 0x00, 0x00, 0x00,
  0x00, 0x00, 0x00, 0x00, 0x00, 0x00, 0x00, 0x00, 0x00, 0x00, 0x00, 0x00,
  0x00, 0x00, 0x00, 0x00, 0x00, 0x00, 0x00, 0x00, 0x00, 0x00, 0x00, 0x00,
  0x00, 0x00, 0x00, 0x00, 0x00, 0x00, 0x00, 0x00, 0x00, 0x00, 0x00, 0x00,
  0x00, 0x00, 0x00, 0x00, 0x00, 0x00, 0x00, 0x00, 0x00, 0x00, 0x00, 0x00,
  0x00, 0x00, 0x00, 0x00, 0x00, 0x00, 0x00, 0x00, 0x00, 0x00, 0x00, 0x00,
  0x00, 0x00, 0x00, 0x00, 0x00, 0x00, 0x00, 0x00, 0x00, 0x00, 0x00, 0x00,
  0x00, 0x00, 0x00, 0x00, 0x00, 0x00, 0x00, 0x00, 0x00, 0x00, 0x00, 0x00,
  0x00, 0x00, 0x00, 0x00, 0x00, 0x00, 0x00, 0x00, 0x00, 0x00, 0x00, 0x00,
  0x00, 0x00, 0x00, 0x00, 0x00, 0x00, 0x00, 0x00, 0x00, 0x00, 0x00, 0x00,
  0x00, 0x00, 0x00, 0x00, 0x00, 0x00, 0x00, 0x00, 0x00, 0x00, 0x00, 0x00,
  0x00, 0x00, 0x00, 0x00, 0x00, 0x00, 0x00, 0x00, 0x00, 0x00, 0x00, 0x00,
  0x00, 0x00, 0x00, 0x00, 0x00, 0x00, 0x00, 0x00, 0x00, 0x00, 0x00, 0x00,
  0x00, 0x00, 0x00, 0x00, 0x00, 0x00, 0x00, 0x00, 0x00, 0x00, 0x00, 0x00,
  0x00, 0x00, 0x00, 0x00, 0x00, 0x00, 0x00, 0x00, 0x00, 0x00, 0x00, 0x00,
  0x00, 0x00, 0x00, 0x00, 0x00, 0x00, 0x00, 0x00, 0x00, 0x00, 0x00, 0x00,
  0x00, 0x00, 0x00, 0x00, 0x00, 0x00, 0x00, 0x00, 0x00, 0x00, 0x00, 0x00,
  0x00, 0x00, 0x00, 0x00, 0x00, 0x00, 0x00, 0x00, 0x00, 0x00, 0x00, 0x00,
  0x00, 0x00, 0x00, 0x00, 0x00, 0x00, 0x00, 0x00, 0x00, 0x00, 0x00, 0x00,
  0x00, 0x00, 0x00, 0x00, 0x00, 0x00, 0x00, 0x00, 0x00, 0x00, 0x00, 0x00,
  0x00, 0x00, 0x00, 0x00, 0x00, 0x00, 0x00, 0x00, 0x00, 0x00, 0x00, 0x00,
  0x00, 0x00, 0x00, 0x00, 0x00, 0x00, 0x00, 0x00, 0x00, 0x00, 0x00, 0x00,
  0x00, 0x00, 0x00, 0x00, 0x00, 0x00, 0x00, 0x00, 0x00, 0x00, 0x00, 0x00,
  0x00, 0x00, 0x00, 0x00, 0x00, 0x00, 0x00, 0x00, 0x00, 0x00, 0x00, 0x00,
  0x00, 0x00, 0x00, 0x00, 0x00, 0x00, 0x00, 0x00, 0x00, 0x00, 0x00, 0x00,
  0x00, 0x00, 0x00, 0x00, 0x00, 0x00, 0x00, 0x00, 0x00, 0x00, 0x00, 0x00,
  0x00, 0x00, 0x00, 0x00, 0x00, 0x00, 0x00, 0x00, 0x00, 0x00, 0x00, 0x00,
  0x00, 0x00, 0x00, 0x00, 0x00, 0x00, 0x00, 0x00, 0x00, 0x00, 0x00, 0x00,
  0x00, 0x00, 0x00, 0x00, 0x00, 0x00, 0x00, 0x00, 0x00, 0x00, 0x00, 0x00,
  0x00, 0x00, 0x00, 0x00, 0x00, 0x00, 0x00, 0x00, 0x00, 0x00, 0x00, 0x00,
  0x00, 0x00, 0x00, 0x00, 0x00, 0x00, 0x00, 0x00, 0x00, 0x00, 0x00, 0x00,
  0x00, 0x00, 0x00, 0x00, 0x00, 0x00, 0x00, 0x00, 0x00, 0x00, 0x00, 0x00,
  0x00, 0x00, 0x00, 0x00, 0x00, 0x00, 0x00, 0x00, 0x00, 0x00, 0x00, 0x00,
  0x00, 0x00, 0x00, 0x00, 0x00, 0x00, 0x00, 0x00, 0x00, 0x00, 0x00, 0x00,
  0x00, 0x00, 0x00, 0x00, 0x00, 0x00, 0x00, 0x00, 0x00, 0x00, 0x00, 0x00,
  0x00, 0x00, 0x00, 0x00, 0x00, 0x00, 0x00, 0x00, 0x00, 0x00, 0x00, 0x00,
  0x00, 0x00, 0x00, 0x00, 0x00, 0x00, 0x00, 0x00, 0x00, 0x00, 0x00, 0x00,
  0x00, 0x00, 0x00, 0x00, 0x00, 0x00, 0x00, 0x00, 0x00, 0x00, 0x00, 0x00,
  0x00, 0x00, 0x00, 0x00, 0x00, 0x00, 0x00, 0x00, 0x00, 0x00, 0x00, 0x00,
  0x00, 0x00, 0x00, 0x00, 0x00, 0x00, 0x00, 0x00, 0x00, 0x00, 0x00, 0x00,
  0x00, 0x00, 0x00, 0x00, 0x00, 0x00, 0x00, 0x00, 0x00, 0x00, 0x00, 0x00,
  0x00, 0x00, 0x00, 0x00, 0x00, 0x00, 0x00, 0x00, 0x00, 0x00, 0x00, 0x00,
  0x00, 0x00, 0x00, 0x00, 0x00, 0x00, 0x00, 0x00, 0x00, 0x00, 0x00, 0x00,
  0x00, 0x00, 0x00, 0x00, 0x00, 0x00, 0x00, 0x00, 0x00, 0x00, 0x00, 0x00,
  0x00, 0x00, 0x00, 0x00, 0x00, 0x00, 0x00, 0x00, 0x00, 0x00, 0x00, 0x00,
  0x00, 0x00, 0x00, 0x00, 0x00, 0x00, 0x00, 0x00, 0x00, 0x00, 0x00, 0x00,
  0x00, 0x00, 0x00, 0x00, 0x00, 0x00, 0x00, 0x00, 0x00, 0x00, 0x00, 0x00,
  0x00, 0x00, 0x00, 0x00, 0x00, 0x00, 0x00, 0x00, 0x00, 0x00, 0x00, 0x00,
  0x00, 0x00, 0x00, 0x00, 0x00, 0x00, 0x00, 0x00, 0x00, 0x00, 0x00, 0x00,
  0x00, 0x00, 0x00, 0x00, 0x00, 0x00, 0x00, 0x00, 0x00, 0x00, 0x00, 0x00,
  0x00, 0x00, 0x00, 0x00, 0x00, 0x00, 0x00, 0x00, 0x00, 0x00, 0x00, 0x00,
  0x00, 0x00, 0x00, 0x00, 0x00, 0x00, 0x00, 0x00, 0x00, 0x00, 0x00, 0x00,
  0x00, 0x00, 0x00, 0x00, 0x00, 0x00, 0x00, 0x00, 0x00, 0x00, 0x00, 0x00,
  0x00, 0x00, 0x00, 0x00, 0x00, 0x00, 0x00, 0x00, 0x00, 0x00, 0x00, 0x00,
  0x00, 0x00, 0x00, 0x00, 0x00, 0x00, 0x00, 0x00, 0x00, 0x00, 0x00, 0x00,
  0x00, 0x00, 0x00, 0x00, 0x00, 0x00, 0x00, 0x00, 0x00, 0x00, 0x00, 0x00,
  0x00, 0x00, 0x00, 0x00, 0x00, 0x00, 0x00, 0x00, 0x00, 0x00, 0x00, 0x00,
  0x00, 0x00, 0x00, 0x00, 0x00, 0x00, 0x00, 0x00, 0x00, 0x00, 0x00, 0x00,
  0x00, 0x00, 0x00, 0x00, 0x00, 0x00, 0x00, 0x00, 0x00, 0x00, 0x00, 0x00,
  0x00, 0x00, 0x00, 0x00, 0x00, 0x00, 0x00, 0x00, 0x00, 0x00, 0x00, 0x00,
  0x00, 0x00, 0x00, 0x00, 0x00, 0x00, 0x00, 0x00, 0x00, 0x00, 0x00, 0x00,
  0x00, 0x00, 0x00, 0x00, 0x00, 0x00, 0x00, 0x00, 0x00, 0x00, 0x00, 0x00,
  0x00, 0x00, 0x00, 0x00, 0x00, 0x00, 0x00, 0x00, 0x00, 0x00, 0x00, 0x00,
  0x00, 0x00, 0x00, 0x00, 0x00, 0x00, 0x00, 0x00, 0x00, 0x00, 0x00, 0x00,
  0x00, 0x00, 0x00, 0x00, 0x00, 0x00, 0x00, 0x00, 0x00, 0x00, 0x00, 0x00,
  0x00, 0x00, 0x00, 0x00, 0x00, 0x00, 0x00, 0x00, 0x00, 0x00, 0x00, 0x00,
  0x00, 0x00, 0x00, 0x00, 0x00, 0x00, 0x00, 0x00, 0x00, 0x00, 0x00, 0x00,
  0x00, 0x00, 0x00, 0x00, 0x00, 0x00, 0x00, 0x00, 0x00, 0x00, 0x00, 0x00,
  0x00, 0x00, 0x00, 0x00, 0x00, 0x00, 0x00, 0x00, 0x00, 0x00, 0x00, 0x00,
  0x00, 0x00, 0x00, 0x00, 0x00, 0x00, 0x00, 0x00, 0x00, 0x00, 0x00, 0x00,
  0x00, 0x00, 0x00, 0x00, 0x00, 0x00, 0x00, 0x00, 0x00, 0x00, 0x00, 0x00,
  0x00, 0x00, 0x00, 0x00, 0x00, 0x00, 0x00, 0x00, 0x00, 0x00, 0x00, 0x00,
  0x00, 0x00, 0x00, 0x00, 0x00, 0x00, 0x00, 0x00, 0x00, 0x00, 0x00, 0x00,
  0x00, 0x00, 0x00, 0x00, 0x00, 0x00, 0x00, 0x00, 0x00, 0x00, 0x00, 0x00,
  0x00, 0x00, 0x00, 0x00, 0x00, 0x00, 0x00, 0x00, 0x00, 0x00, 0x00, 0x00,
  0x00, 0x00, 0x00, 0x00, 0x00, 0x00, 0x00, 0x00, 0x00, 0x00, 0x00, 0x00,
  0x00, 0x00, 0x00, 0x00, 0x00, 0x00, 0x00, 0x00, 0x00, 0x00, 0x00, 0x00,
  0x00, 0x00, 0x00, 0x00, 0x00, 0x00, 0x00, 0x00, 0x00, 0x00, 0x00, 0x00,
  0x00, 0x00, 0x00, 0x00, 0x00, 0x00, 0x00, 0x00, 0x00, 0x00, 0x00, 0x00,
  0x00, 0x00, 0x00, 0x00, 0x00, 0x00, 0x00, 0x00, 0x00, 0x00, 0x00, 0x00,
  0x00, 0x00, 0x00, 0x00, 0x00, 0x00, 0x00, 0x00, 0x00, 0x00, 0x00, 0x00,
  0x00, 0x00, 0x00, 0x00, 0x00, 0x00, 0x00, 0x00, 0x00, 0x00, 0x00, 0x00,
  0x00, 0x00, 0x00, 0x00, 0x00, 0x00, 0x00, 0x00, 0x00, 0x00, 0x00, 0x00,
  0x00, 0x00, 0x00, 0x00, 0x00, 0x00, 0x00, 0x00, 0x00, 0x00, 0x00, 0x00,
  0x00, 0x00, 0x00, 0x00, 0x00, 0x00, 0x00, 0x00, 0x00, 0x00, 0x00, 0x00,
  0x00, 0x00, 0x00, 0x00, 0x00, 0x00, 0x00, 0x00, 0x00, 0x00, 0x00, 0x00,
  0x00, 0x00, 0x00, 0x00, 0x00, 0x00, 0x00, 0x00, 0x00, 0x00, 0x00, 0x00,
  0x00, 0x00, 0x00, 0x00, 0x00, 0x00, 0x00, 0x00, 0x00, 0x00, 0x00, 0x00,
  0x00, 0x00, 0x00, 0x00, 0x00, 0x00, 0x00, 0x00, 0x00, 0x00, 0x00, 0x00,
  0x00, 0x00, 0x00, 0x00, 0x00, 0x00, 0x00, 0x00, 0x00, 0x00, 0x00, 0x00,
  0x00, 0x00, 0x00, 0x00, 0x00, 0x00, 0x00, 0x00, 0x00, 0x00, 0x00, 0x00,
  0x00, 0x00, 0x00, 0x00, 0x00, 0x00, 0x00, 0x00, 0x00, 0x00, 0x00, 0x00,
  0x00, 0x00, 0x00, 0x00, 0x00, 0x00, 0x00, 0x00, 0x00, 0x00, 0x00, 0x00,
  0x00, 0x00, 0x00, 0x00, 0x00, 0x00, 0x00, 0x00, 0x00, 0x00, 0x00, 0x00,
  0x00, 0x00, 0x00, 0x00, 0x00, 0x00, 0x00, 0x00, 0x00, 0x00, 0x00, 0x00,
  0x00, 0x00, 0x00, 0x00, 0x00, 0x00, 0x00, 0x00, 0x00, 0x00, 0x00, 0x00,
  0x00, 0x00, 0x00, 0x00, 0x00, 0x00, 0x00, 0x00, 0x00, 0x00, 0x00, 0x00,
  0x00, 0x00, 0x00, 0x00, 0x00, 0x00, 0x00, 0x00, 0x00, 0x00, 0x00, 0x00,
  0x00, 0x00, 0x00, 0x00, 0x00, 0x00, 0x00, 0x00, 0x00, 0x00, 0x00, 0x00,
  0x00, 0x00, 0x00, 0x00, 0x00, 0x00, 0x00, 0x00, 0x00, 0x00, 0x00, 0x00,
  0x00, 0x00, 0x00, 0x00, 0x00, 0x00, 0x00, 0x00, 0x00, 0x00, 0x00, 0x00,
  0x00, 0x00, 0x00, 0x00, 0x00, 0x00, 0x00, 0x00, 0x00, 0x00, 0x00, 0x00,
  0x00, 0x00, 0x00, 0x00, 0x00, 0x00, 0x00, 0x00, 0x00, 0x00, 0x00, 0x00,
  0x00, 0x00, 0x00, 0x00, 0x00, 0x00, 0x00, 0x00, 0x00, 0x00, 0x00, 0x00,
  0x00, 0x00, 0x00, 0x00, 0x00, 0x00, 0x00, 0x00, 0x00, 0x00, 0x00, 0x00,
  0x00, 0x00, 0x00, 0x00, 0x00, 0x00, 0x00, 0x00, 0x00, 0x00, 0x00, 0x00,
  0x00, 0x00, 0x00, 0x00, 0x00, 0x00, 0x00, 0x00, 0x00, 0x00, 0x00, 0x00,
  0x00, 0x00, 0x00, 0x00, 0x00, 0x00, 0x00, 0x00, 0x00, 0x00, 0x00, 0x00,
  0x00, 0x00, 0x00, 0x00, 0x00, 0x00, 0x00, 0x00, 0x00, 0x00, 0x00, 0x00,
  0x00, 0x00, 0x00, 0x00, 0x00, 0x00, 0x00, 0x00, 0x00, 0x00, 0x00, 0x00,
  0x00, 0x00, 0x00, 0x00, 0x00, 0x00, 0x00, 0x00, 0x00, 0x00, 0x00, 0x00,
  0x00, 0x00, 0x00, 0x00, 0x00, 0x00, 0x00, 0x00, 0x00, 0x00, 0x00, 0x00,
  0x00, 0x00, 0x00, 0x00, 0x00, 0x00, 0x00, 0x00, 0x00, 0x00, 0x00, 0x00,
  0x00, 0x00, 0x00, 0x00, 0x00, 0x00, 0x00, 0x00, 0x00, 0x00, 0x00, 0x00,
  0x00, 0x00, 0x00, 0x00, 0x00, 0x00, 0x00, 0x00, 0x00, 0x00, 0x00, 0x00,
  0x00, 0x00, 0x00, 0x00, 0x00, 0x00, 0x00, 0x00, 0x00, 0x00, 0x00, 0x00,
  0x00, 0x00, 0x00, 0x00, 0x00, 0x00, 0x00, 0x00, 0x00, 0x00, 0x00, 0x00,
  0x00, 0x00, 0x00, 0x00, 0x00, 0x00, 0x00, 0x00, 0x00, 0x00, 0x00, 0x00
};
