static const unsigned char _tmp_aera_boot_word_raw[] = {
  0x00, 0x00, 0x00, 0x00, 0x00, 0x00, 0x00, 0x00, 0x00, 0x00, 0x00, 0x00,
  0x00, 0x00, 0x00, 0x00, 0x00, 0x00, 0x00, 0x00, 0x00, 0x00, 0x00, 0x00,
  0x00, 0x00, 0x00, 0x00, 0x00, 0x00, 0x00, 0x00, 0x00, 0x00, 0x00, 0x00,
  0x00, 0x00, 0x00, 0x00, 0x00, 0x00, 0x00, 0x00, 0x00, 0x00, 0x00, 0x00,
  0x00, 0x00, 0x00, 0x00, 0x00, 0x00, 0x00, 0x00, 0x00, 0x00, 0x00, 0x00,
  0x00, 0x00, 0x00, 0x00, 0x00, 0x00, 0x00, 0x00, 0x00, 0x00, 0x00, 0x00,
  0x00, 0x00, 0x00, 0x00, 0x00, 0x00, 0x00, 0x00, 0x01, 0x00, 0x00, 0x00,
  0x00, 0x00, 0x00, 0x00, 0x00, 0x00, 0x00, 0x00, 0x00, 0x00, 0x00, 0x00,
  0x00, 0x00, 0x01, 0x02, 0x01, 0x01, 0x01, 0x01, 0x02, 0x02, 0x01, 0x02,
  0x03, 0x02, 0x02, 0x03, 0x03, 0x04, 0x03, 0x02, 0x03, 0x02, 0x01, 0x01,
  0x01, 0x01, 0x01, 0x01, 0x01, 0x02, 0x03, 0x02, 0x01, 0x01, 0x01, 0x02,
  0x03, 0x02, 0x02, 0x02, 0x01, 0x01, 0x00, 0x00, 0x00, 0x00, 0x00, 0x00,
  0x00, 0x00, 0x00, 0x00, 0x00, 0x00, 0x00, 0x00, 0x00, 0x00, 0x00, 0x00,
  0x00, 0x00, 0x00, 0x00, 0x00, 0x00, 0x00, 0x00, 0x00, 0x00, 0x00, 0x00,
  0x00, 0x00, 0x00, 0x00, 0x00, 0x00, 0x00, 0x00, 0x00, 0x00, 0x00, 0x00,
  0x00, 0x00, 0x00, 0x00, 0x00, 0x00, 0x00, 0x00, 0x00, 0x00, 0x00, 0x00,
  0x00, 0x00, 0x00, 0x00, 0x00, 0x00, 0x00, 0x00, 0x00, 0x00, 0x00, 0x00,
  0x00, 0x00, 0x00, 0x00, 0x00, 0x00, 0x00, 0x00, 0x00, 0x00, 0x00, 0x00,
  0x00, 0x00, 0x00, 0x00, 0x00, 0x00, 0x00, 0x00, 0x00, 0x00, 0x00, 0x00,
  0x00, 0x00, 0x00, 0x00, 0x00, 0x00, 0x00, 0x00, 0x00, 0x00, 0x00, 0x00,
  0x00, 0x00, 0x00, 0x00, 0x00, 0x00, 0x00, 0x00, 0x00, 0x01, 0x01, 0x02,
  0x03, 0x03, 0x02, 0x02, 0x02, 0x01, 0x03, 0x02, 0x02, 0x03, 0x02, 0x01,
  0x01, 0x01, 0x01, 0x01, 0x01, 0x01, 0x02, 0x03, 0x02, 0x02, 0x01, 0x02,
  0x02, 0x03, 0x02, 0x01, 0x02, 0x03, 0x02, 0x02, 0x01, 0x01, 0x02, 0x03,
  0x02, 0x01, 0x02, 0x03, 0x02, 0x01, 0x02, 0x02, 0x02, 0x03, 0x02, 0x02,
  0x02, 0x01, 0x01, 0x01, 0x02, 0x03, 0x03, 0x02, 0x02, 0x03, 0x02, 0x02,
  0x01, 0x02, 0x02, 0x02, 0x01, 0x02, 0x02, 0x01, 0x01, 0x02, 0x03, 0x02,
  0x01, 0x02, 0x03, 0x02, 0x01, 0x02, 0x03, 0x02, 0x01, 0x02, 0x03, 0x03,
  0x02, 0x01, 0x01, 0x02, 0x02, 0x02, 0x01, 0x02, 0x02, 0x02, 0x03, 0x02,
  0x02, 0x03, 0x02, 0x01, 0x01, 0x01, 0x01, 0x02, 0x01, 0x02, 0x03, 0x02,
  0x03, 0x02, 0x02, 0x02, 0x01, 0x02, 0x02, 0x01, 0x02, 0x02, 0x03, 0x02,
  0x02, 0x03, 0x02, 0x01, 0x02, 0x03, 0x02, 0x03, 0x02, 0x01, 0x01, 0x01,
  0x01, 0x01, 0x02, 0x03, 0x03, 0x02, 0x01, 0x01, 0x01, 0x01, 0x01, 0x01,
  0x01, 0x01, 0x01, 0x02, 0x03, 0x02, 0x03, 0x02, 0x01, 0x01, 0x00, 0x01,
  0x00, 0x01, 0x01, 0x00, 0x00, 0x00, 0x00, 0x00, 0x00, 0x00, 0x00, 0x00,
  0x00, 0x00, 0x00, 0x00, 0x00, 0x00, 0x00, 0x00, 0x00, 0x00, 0x00, 0x00,
  0x00, 0x00, 0x00, 0x00, 0x00, 0x01, 0x02, 0x03, 0x02, 0x02, 0x03, 0x02,
  0x02, 0x03, 0x02, 0x02, 0x03, 0x02, 0x02, 0x02, 0x01, 0x02, 0x02, 0x01,
  0x02, 0x03, 0x03, 0x02, 0x01, 0x02, 0x03, 0x02, 0x01, 0x02, 0x03, 0x02,
  0x02, 0x03, 0x02, 0x02, 0x02, 0x01, 0x02, 0x03, 0x02, 0x02, 0x01, 0x02,
  0x02, 0x03, 0x02, 0x02, 0x02, 0x02, 0x03, 0x02, 0x02, 0x01, 0x02, 0x02,
  0x02, 0x02, 0x02, 0x02, 0x03, 0x02, 0x01, 0x02, 0x03, 0x02, 0x01, 0x02,
  0x02, 0x03, 0x01, 0x02, 0x03, 0x02, 0x01, 0x01, 0x01, 0x02, 0x03, 0x02,
  0x01, 0x03, 0x02, 0x01, 0x01, 0x02, 0x03, 0x02, 0x01, 0x01, 0x01, 0x01,
  0x01, 0x01, 0x01, 0x01, 0x01, 0x01, 0x02, 0x03, 0x02, 0x01, 0x01, 0x01,
  0x01, 0x01, 0x01, 0x01, 0x01, 0x01, 0x01, 0x01, 0x02, 0x02, 0x01, 0x02,
  0x03, 0x02, 0x03, 0x02, 0x01, 0x01, 0x01, 0x01, 0x02, 0x01, 0x01, 0x00,
  0x00, 0x00, 0x00, 0x00, 0x00, 0x00, 0x00, 0x00, 0x00, 0x00, 0x01, 0x00,
  0x01, 0x00, 0x00, 0x00, 0x00, 0x00, 0x01, 0x00, 0x00, 0x00, 0x00, 0x00,
  0x00, 0x00, 0x00, 0x00, 0x00, 0x00, 0x00, 0x00, 0x00, 0x00, 0x00, 0x00,
  0x00, 0x00, 0x00, 0x00, 0x00, 0x00, 0x00, 0x00, 0x00, 0x00, 0x00, 0x00,
  0x00, 0x00, 0x00, 0x00, 0x00, 0x00, 0x00, 0x00, 0x00, 0x00, 0x00, 0x00,
  0x00, 0x00, 0x00, 0x00, 0x00, 0x00, 0x00, 0x00, 0x00, 0x00, 0x00, 0x00,
  0x00, 0x00, 0x00, 0x00, 0x00, 0x00, 0x00, 0x00, 0x00, 0x00, 0x00, 0x00,
  0x00, 0x00, 0x00, 0x00, 0x00, 0x00, 0x00, 0x00, 0x00, 0x00, 0x00, 0x00,
  0x00, 0x00, 0x00, 0x00, 0x00, 0x00, 0x00, 0x00, 0x00, 0x00, 0x00, 0x00,
  0x00, 0x00, 0x00, 0x00, 0x00, 0x00, 0x00, 0x00, 0x00, 0x00, 0x00, 0x00,
  0x00, 0x00, 0x00, 0x00, 0x00, 0x00, 0x00, 0x00, 0x00, 0x00, 0x00, 0x00,
  0x00, 0x00, 0x00, 0x00, 0x00, 0x00, 0x00, 0x00, 0x00, 0x00, 0x00, 0x00,
  0x00, 0x01, 0x01, 0x01, 0x02, 0x03, 0x02, 0x03, 0x03, 0x02, 0x03, 0x02,
  0x01, 0x01, 0x01, 0x01, 0x02, 0x03, 0x02, 0x03, 0x04, 0x03, 0x02, 0x01,
  0x01, 0x01, 0x01, 0x01, 0x01, 0x01, 0x01, 0x01, 0x01, 0x01, 0x01, 0x01,
  0x02, 0x01, 0x02, 0x02, 0x01, 0x00, 0x00, 0x00, 0x01, 0x01, 0x00, 0x00,
  0x00, 0x00, 0x00, 0x00, 0x00, 0x00, 0x00, 0x00, 0x00, 0x00, 0x00, 0x00,
  0x00, 0x00, 0x00, 0x00, 0x00, 0x00, 0x00, 0x00, 0x00, 0x00, 0x00, 0x00,
  0x00, 0x00, 0x00, 0x00, 0x00, 0x00, 0x00, 0x00, 0x00, 0x00, 0x00, 0x00,
  0x01, 0x00, 0x00, 0x00, 0x00, 0x00, 0x00, 0x00, 0x00, 0x00, 0x00, 0x00,
  0x00, 0x00, 0x00, 0x00, 0x00, 0x00, 0x00, 0x00, 0x00, 0x00, 0x00, 0x00,
  0x00, 0x00, 0x00, 0x00, 0x00, 0x00, 0x00, 0x00, 0x00, 0x00, 0x00, 0x00,
  0x00, 0x00, 0x00, 0x00, 0x00, 0x00, 0x00, 0x00, 0x00, 0x00, 0x00, 0x00,
  0x00, 0x00, 0x00, 0x00, 0x00, 0x00, 0x00, 0x00, 0x00, 0x00, 0x00, 0x00,
  0x00, 0x00, 0x00, 0x00, 0x00, 0x00, 0x00, 0x00, 0x00, 0x00, 0x00, 0x00,
  0x00, 0x00, 0x00, 0x00, 0x00, 0x00, 0x00, 0x00, 0x00, 0x00, 0x00, 0x00,
  0x00, 0x00, 0x00, 0x00, 0x00, 0x00, 0x00, 0x00, 0x00, 0x00, 0x00, 0x00,
  0x00, 0x00, 0x00, 0x00, 0x00, 0x00, 0x00, 0x00, 0x00, 0x00, 0x00, 0x00,
  0x00, 0x00, 0x00, 0x00, 0x00, 0x00, 0x00, 0x00, 0x00, 0x00, 0x00, 0x00,
  0x00, 0x00, 0x00, 0x00, 0x00, 0x00, 0x00, 0x00, 0x00, 0x00, 0x00, 0x00,
  0x00, 0x00, 0x00, 0x00, 0x00, 0x00, 0x00, 0x00, 0x00, 0x00, 0x00, 0x00,
  0x00, 0x00, 0x00, 0x00, 0x00, 0x00, 0x00, 0x00, 0x01, 0x02, 0x02, 0x02,
  0x02, 0x03, 0x03, 0x04, 0x03, 0x03, 0x04, 0x04, 0x05, 0x05, 0x05, 0x06,
  0x05, 0x04, 0x04, 0x03, 0x03, 0x03, 0x03, 0x03, 0x02, 0x02, 0x02, 0x02,
  0x02, 0x02, 0x02, 0x03, 0x04, 0x03, 0x04, 0x05, 0x04, 0x03, 0x03, 0x03,
  0x00, 0x00, 0x00, 0x00, 0x00, 0x00, 0x00, 0x00, 0x00, 0x00, 0x00, 0x00,
  0x00, 0x00, 0x00, 0x00, 0x00, 0x00, 0x00, 0x00, 0x00, 0x00, 0x00, 0x00,
  0x00, 0x00, 0x00, 0x00, 0x00, 0x00, 0x00, 0x00, 0x00, 0x00, 0x00, 0x00,
  0x00, 0x00, 0x00, 0x00, 0x00, 0x00, 0x00, 0x00, 0x00, 0x00, 0x00, 0x00,
  0x00, 0x00, 0x00, 0x00, 0x00, 0x00, 0x00, 0x00, 0x00, 0x00, 0x00, 0x00,
  0x00, 0x00, 0x00, 0x00, 0x00, 0x00, 0x00, 0x00, 0x00, 0x00, 0x00, 0x00,
  0x00, 0x00, 0x00, 0x00, 0x00, 0x00, 0x00, 0x00, 0x00, 0x00, 0x00, 0x00,
  0x00, 0x00, 0x00, 0x00, 0x00, 0x00, 0x00, 0x00, 0x00, 0x00, 0x00, 0x00,
  0x00, 0x00, 0x00, 0x00, 0x00, 0x00, 0x00, 0x00, 0x00, 0x00, 0x00, 0x00,
  0x00, 0x00, 0x00, 0x01, 0x02, 0x03, 0x03, 0x04, 0x03, 0x03, 0x04, 0x03,
  0x03, 0x03, 0x04, 0x04, 0x03, 0x03, 0x03, 0x03, 0x03, 0x04, 0x03, 0x02,
  0x03, 0x04, 0x04, 0x04, 0x04, 0x04, 0x04, 0x04, 0x04, 0x04, 0x04, 0x04,
  0x04, 0x04, 0x04, 0x04, 0x04, 0x04, 0x04, 0x04, 0x04, 0x04, 0x04, 0x04,
  0x04, 0x04, 0x04, 0x04, 0x04, 0x04, 0x04, 0x04, 0x04, 0x04, 0x04, 0x04,
  0x04, 0x04, 0x04, 0x04, 0x04, 0x04, 0x04, 0x04, 0x04, 0x04, 0x04, 0x04,
  0x04, 0x04, 0x04, 0x04, 0x04, 0x04, 0x04, 0x04, 0x04, 0x04, 0x04, 0x04,
  0x04, 0x04, 0x04, 0x04, 0x04, 0x04, 0x04, 0x04, 0x04, 0x04, 0x04, 0x04,
  0x04, 0x04, 0x04, 0x04, 0x04, 0x04, 0x04, 0x04, 0x04, 0x04, 0x04, 0x04,
  0x04, 0x04, 0x04, 0x04, 0x04, 0x04, 0x04, 0x04, 0x04, 0x04, 0x04, 0x04,
  0x04, 0x04, 0x04, 0x04, 0x04, 0x04, 0x04, 0x04, 0x04, 0x04, 0x04, 0x04,
  0x04, 0x04, 0x04, 0x04, 0x03, 0x03, 0x03, 0x03, 0x04, 0x03, 0x03, 0x03,
  0x03, 0x03, 0x03, 0x03, 0x03, 0x03, 0x03, 0x03, 0x02, 0x03, 0x04, 0x04,
  0x04, 0x03, 0x03, 0x03, 0x03, 0x01, 0x01, 0x00, 0x01, 0x01, 0x00, 0x00,
  0x00, 0x00, 0x01, 0x00, 0x00, 0x00, 0x00, 0x00, 0x00, 0x00, 0x00, 0x00,
  0x00, 0x00, 0x00, 0x00, 0x00, 0x00, 0x00, 0x00, 0x00, 0x00, 0x01, 0x03,
  0x04, 0x04, 0x03, 0x03, 0x04, 0x04, 0x04, 0x04, 0x04, 0x04, 0x04, 0x04,
  0x04, 0x04, 0x04, 0x04, 0x04, 0x04, 0x04, 0x04, 0x04, 0x04, 0x04, 0x04,
  0x04, 0x04, 0x04, 0x04, 0x04, 0x04, 0x04, 0x04, 0x03, 0x04, 0x04, 0x04,
  0x04, 0x04, 0x04, 0x04, 0x04, 0x04, 0x04, 0x04, 0x04, 0x04, 0x04, 0x04,
  0x04, 0x04, 0x04, 0x04, 0x04, 0x04, 0x04, 0x04, 0x04, 0x04, 0x04, 0x04,
  0x04, 0x04, 0x04, 0x04, 0x03, 0x03, 0x04, 0x04, 0x04, 0x04, 0x04, 0x04,
  0x04, 0x04, 0x04, 0x04, 0x04, 0x04, 0x04, 0x04, 0x04, 0x04, 0x04, 0x04,
  0x04, 0x04, 0x04, 0x04, 0x04, 0x04, 0x04, 0x04, 0x04, 0x04, 0x04, 0x04,
  0x04, 0x04, 0x04, 0x03, 0x03, 0x03, 0x03, 0x03, 0x03, 0x03, 0x03, 0x03,
  0x04, 0x04, 0x04, 0x04, 0x03, 0x02, 0x03, 0x04, 0x04, 0x04, 0x03, 0x04,
  0x03, 0x02, 0x01, 0x00, 0x00, 0x00, 0x00, 0x01, 0x01, 0x01, 0x01, 0x01,
  0x01, 0x00, 0x00, 0x01, 0x01, 0x01, 0x02, 0x01, 0x00, 0x00, 0x01, 0x00,
  0x00, 0x00, 0x00, 0x00, 0x00, 0x00, 0x00, 0x00, 0x00, 0x00, 0x00, 0x00,
  0x00, 0x00, 0x00, 0x00, 0x00, 0x00, 0x00, 0x00, 0x00, 0x00, 0x00, 0x00,
  0x00, 0x00, 0x00, 0x00, 0x00, 0x00, 0x00, 0x00, 0x00, 0x00, 0x00, 0x00,
  0x00, 0x00, 0x00, 0x00, 0x00, 0x00, 0x00, 0x00, 0x00, 0x00, 0x00, 0x00,
  0x00, 0x00, 0x00, 0x00, 0x00, 0x00, 0x00, 0x00, 0x00, 0x00, 0x00, 0x00,
  0x00, 0x00, 0x00, 0x00, 0x00, 0x00, 0x00, 0x00, 0x00, 0x00, 0x00, 0x00,
  0x00, 0x00, 0x00, 0x00, 0x00, 0x00, 0x00, 0x00, 0x00, 0x00, 0x00, 0x00,
  0x00, 0x00, 0x00, 0x00, 0x00, 0x00, 0x00, 0x00, 0x00, 0x00, 0x00, 0x00,
  0x00, 0x00, 0x00, 0x00, 0x00, 0x00, 0x00, 0x00, 0x00, 0x00, 0x00, 0x00,
  0x00, 0x00, 0x00, 0x00, 0x00, 0x00, 0x00, 0x00, 0x00, 0x00, 0x00, 0x00,
  0x00, 0x00, 0x00, 0x00, 0x00, 0x00, 0x00, 0x00, 0x02, 0x03, 0x03, 0x04,
  0x03, 0x02, 0x02, 0x02, 0x02, 0x02, 0x03, 0x03, 0x04, 0x04, 0x03, 0x04,
  0x04, 0x05, 0x06, 0x05, 0x04, 0x04, 0x03, 0x03, 0x03, 0x02, 0x02, 0x02,
  0x02, 0x02, 0x02, 0x02, 0x02, 0x02, 0x02, 0x03, 0x04, 0x03, 0x03, 0x03,
  0x02, 0x01, 0x01, 0x01, 0x01, 0x01, 0x00, 0x00, 0x00, 0x00, 0x00, 0x00,
  0x00, 0x00, 0x00, 0x00, 0x00, 0x00, 0x00, 0x00, 0x00, 0x00, 0x00, 0x00,
  0x00, 0x00, 0x00, 0x00, 0x00, 0x00, 0x00, 0x00, 0x00, 0x00, 0x00, 0x00,
  0x00, 0x00, 0x00, 0x01, 0x00, 0x00, 0x00, 0x00, 0x00, 0x00, 0x00, 0x00,
  0x00, 0x00, 0x00, 0x00, 0x00, 0x00, 0x00, 0x00, 0x00, 0x00, 0x00, 0x00,
  0x01, 0x00, 0x00, 0x00, 0x00, 0x00, 0x00, 0x00, 0x00, 0x00, 0x00, 0x00,
  0x00, 0x00, 0x00, 0x00, 0x00, 0x00, 0x00, 0x00, 0x00, 0x00, 0x00, 0x00,
  0x00, 0x00, 0x00, 0x00, 0x00, 0x00, 0x00, 0x00, 0x00, 0x00, 0x00, 0x00,
  0x00, 0x00, 0x00, 0x00, 0x00, 0x00, 0x00, 0x00, 0x00, 0x00, 0x00, 0x00,
  0x00, 0x00, 0x00, 0x00, 0x00, 0x00, 0x00, 0x00, 0x00, 0x00, 0x00, 0x00,
  0x00, 0x00, 0x00, 0x00, 0x00, 0x00, 0x00, 0x00, 0x00, 0x00, 0x00, 0x00,
  0x00, 0x00, 0x00, 0x00, 0x00, 0x00, 0x00, 0x00, 0x00, 0x00, 0x00, 0x00,
  0x00, 0x00, 0x00, 0x00, 0x00, 0x00, 0x00, 0x00, 0x00, 0x00, 0x00, 0x00,
  0x00, 0x00, 0x00, 0x00, 0x00, 0x00, 0x00, 0x00, 0x00, 0x00, 0x00, 0x00,
  0x00, 0x01, 0x00, 0x00, 0x00, 0x00, 0x00, 0x00, 0x00, 0x00, 0x00, 0x00,
  0x00, 0x00, 0x00, 0x00, 0x00, 0x00, 0x00, 0x00, 0x00, 0x00, 0x00, 0x00,
  0x01, 0x03, 0x03, 0x03, 0x03, 0x03, 0x03, 0x03, 0x03, 0x04, 0x04, 0x05,
  0x06, 0x07, 0x07, 0x08, 0x08, 0x08, 0x07, 0x07, 0x07, 0x06, 0x06, 0x04,
  0x03, 0x03, 0x03, 0x03, 0x03, 0x03, 0x03, 0x03, 0x03, 0x03, 0x04, 0x05,
  0x05, 0x06, 0x06, 0x06, 0x05, 0x04, 0x01, 0x00, 0x00, 0x00, 0x00, 0x00,
  0x00, 0x00, 0x00, 0x00, 0x00, 0x00, 0x00, 0x00, 0x00, 0x00, 0x00, 0x00,
  0x00, 0x00, 0x00, 0x00, 0x00, 0x00, 0x00, 0x00, 0x00, 0x00, 0x00, 0x00,
  0x00, 0x00, 0x00, 0x00, 0x00, 0x00, 0x00, 0x00, 0x00, 0x00, 0x00, 0x00,
  0x00, 0x00, 0x00, 0x00, 0x00, 0x00, 0x00, 0x00, 0x00, 0x00, 0x00, 0x00,
  0x00, 0x00, 0x00, 0x00, 0x00, 0x00, 0x00, 0x00, 0x00, 0x00, 0x00, 0x00,
  0x00, 0x00, 0x00, 0x00, 0x00, 0x00, 0x00, 0x00, 0x00, 0x00, 0x00, 0x00,
  0x00, 0x00, 0x00, 0x00, 0x01, 0x00, 0x00, 0x00, 0x00, 0x00, 0x00, 0x00,
  0x00, 0x00, 0x00, 0x00, 0x00, 0x00, 0x00, 0x00, 0x00, 0x00, 0x00, 0x00,
  0x00, 0x00, 0x00, 0x00, 0x00, 0x00, 0x00, 0x00, 0x00, 0x01, 0x03, 0x03,
  0x03, 0x04, 0x03, 0x04, 0x05, 0x05, 0x06, 0x07, 0x07, 0x07, 0x07, 0x07,
  0x07, 0x06, 0x06, 0x05, 0x04, 0x03, 0x03, 0x04, 0x04, 0x04, 0x04, 0x03,
  0x03, 0x03, 0x03, 0x03, 0x03, 0x03, 0x03, 0x03, 0x03, 0x03, 0x03, 0x03,
  0x03, 0x03, 0x03, 0x03, 0x03, 0x03, 0x03, 0x03, 0x03, 0x03, 0x03, 0x03,
  0x03, 0x03, 0x03, 0x03, 0x03, 0x03, 0x03, 0x03, 0x03, 0x03, 0x03, 0x04,
  0x04, 0x03, 0x03, 0x03, 0x03, 0x03, 0x03, 0x03, 0x03, 0x03, 0x03, 0x03,
  0x03, 0x03, 0x03, 0x03, 0x03, 0x03, 0x03, 0x03, 0x03, 0x03, 0x03, 0x03,
  0x03, 0x03, 0x03, 0x03, 0x03, 0x03, 0x03, 0x03, 0x03, 0x03, 0x03, 0x03,
  0x03, 0x03, 0x03, 0x03, 0x03, 0x03, 0x03, 0x03, 0x03, 0x03, 0x03, 0x03,
  0x03, 0x03, 0x03, 0x03, 0x03, 0x03, 0x03, 0x03, 0x03, 0x03, 0x03, 0x03,
  0x03, 0x03, 0x03, 0x03, 0x03, 0x04, 0x04, 0x04, 0x04, 0x04, 0x04, 0x04,
  0x04, 0x05, 0x04, 0x03, 0x03, 0x03, 0x03, 0x03, 0x03, 0x03, 0x03, 0x03,
  0x03, 0x03, 0x03, 0x03, 0x03, 0x05, 0x05, 0x05, 0x06, 0x06, 0x04, 0x02,
  0x02, 0x01, 0x02, 0x01, 0x01, 0x01, 0x00, 0x01, 0x01, 0x00, 0x00, 0x00,
  0x00, 0x00, 0x00, 0x00, 0x00, 0x00, 0x00, 0x00, 0x00, 0x00, 0x00, 0x00,
  0x00, 0x00, 0x00, 0x00, 0x04, 0x05, 0x05, 0x04, 0x03, 0x04, 0x04, 0x03,
  0x03, 0x03, 0x03, 0x03, 0x03, 0x03, 0x03, 0x03, 0x04, 0x04, 0x04, 0x04,
  0x05, 0x05, 0x04, 0x04, 0x04, 0x04, 0x04, 0x03, 0x03, 0x03, 0x03, 0x04,
  0x03, 0x04, 0x05, 0x04, 0x04, 0x04, 0x04, 0x03, 0x03, 0x03, 0x03, 0x03,
  0x03, 0x03, 0x03, 0x03, 0x03, 0x03, 0x03, 0x03, 0x03, 0x03, 0x03, 0x03,
  0x03, 0x03, 0x03, 0x03, 0x03, 0x03, 0x03, 0x03, 0x03, 0x04, 0x04, 0x04,
  0x04, 0x04, 0x04, 0x03, 0x03, 0x03, 0x03, 0x03, 0x03, 0x03, 0x03, 0x03,
  0x03, 0x03, 0x03, 0x03, 0x03, 0x03, 0x03, 0x04, 0x04, 0x03, 0x03, 0x03,
  0x03, 0x03, 0x03, 0x03, 0x03, 0x03, 0x03, 0x04, 0x04, 0x05, 0x05, 0x06,
  0x06, 0x06, 0x06, 0x05, 0x05, 0x05, 0x03, 0x03, 0x03, 0x03, 0x03, 0x03,
  0x03, 0x03, 0x03, 0x04, 0x04, 0x04, 0x05, 0x05, 0x05, 0x04, 0x04, 0x04,
  0x06, 0x05, 0x04, 0x05, 0x05, 0x04, 0x03, 0x03, 0x02, 0x01, 0x01, 0x02,
  0x02, 0x01, 0x01, 0x01, 0x00, 0x00, 0x00, 0x00, 0x00, 0x00, 0x00, 0x00,
  0x00, 0x00, 0x00, 0x00, 0x00, 0x00, 0x00, 0x00, 0x00, 0x00, 0x00, 0x00,
  0x00, 0x00, 0x00, 0x00, 0x00, 0x00, 0x00, 0x00, 0x00, 0x00, 0x00, 0x00,
  0x00, 0x00, 0x00, 0x00, 0x00, 0x00, 0x00, 0x00, 0x00, 0x00, 0x00, 0x00,
  0x00, 0x00, 0x00, 0x00, 0x00, 0x00, 0x00, 0x00, 0x00, 0x00, 0x00, 0x00,
  0x00, 0x00, 0x00, 0x00, 0x00, 0x00, 0x00, 0x00, 0x00, 0x00, 0x00, 0x00,
  0x00, 0x00, 0x00, 0x00, 0x00, 0x00, 0x00, 0x00, 0x00, 0x00, 0x00, 0x00,
  0x00, 0x00, 0x00, 0x00, 0x00, 0x00, 0x00, 0x00, 0x00, 0x00, 0x00, 0x00,
  0x00, 0x00, 0x00, 0x00, 0x00, 0x00, 0x00, 0x00, 0x00, 0x00, 0x00, 0x00,
  0x00, 0x00, 0x00, 0x00, 0x00, 0x00, 0x00, 0x00, 0x00, 0x00, 0x00, 0x00,
  0x00, 0x00, 0x00, 0x00, 0x00, 0x00, 0x00, 0x00, 0x00, 0x00, 0x00, 0x00,
  0x00, 0x03, 0x04, 0x03, 0x03, 0x03, 0x03, 0x03, 0x03, 0x03, 0x03, 0x03,
  0x03, 0x03, 0x03, 0x04, 0x06, 0x06, 0x07, 0x07, 0x08, 0x08, 0x07, 0x07,
  0x07, 0x07, 0x06, 0x05, 0x04, 0x03, 0x03, 0x03, 0x03, 0x03, 0x03, 0x03,
  0x04, 0x04, 0x05, 0x06, 0x06, 0x06, 0x06, 0x03, 0x03, 0x03, 0x02, 0x01,
  0x00, 0x00, 0x00, 0x00, 0x00, 0x00, 0x00, 0x00, 0x00, 0x00, 0x00, 0x00,
  0x00, 0x00, 0x00, 0x00, 0x00, 0x00, 0x00, 0x00, 0x00, 0x00, 0x00, 0x00,
  0x00, 0x00, 0x00, 0x00, 0x00, 0x00, 0x00, 0x00, 0x00, 0x00, 0x00, 0x00,
  0x00, 0x00, 0x00, 0x00, 0x00, 0x00, 0x00, 0x00, 0x00, 0x00, 0x00, 0x00,
  0x00, 0x00, 0x00, 0x00, 0x00, 0x00, 0x01, 0x00, 0x00, 0x00, 0x00, 0x00,
  0x00, 0x00, 0x00, 0x00, 0x00, 0x00, 0x00, 0x00, 0x00, 0x00, 0x00, 0x00,
  0x00, 0x00, 0x00, 0x00, 0x00, 0x00, 0x00, 0x00, 0x00, 0x00, 0x00, 0x00,
  0x00, 0x00, 0x00, 0x00, 0x00, 0x00, 0x00, 0x00, 0x00, 0x00, 0x00, 0x00,
  0x00, 0x00, 0x00, 0x00, 0x00, 0x00, 0x00, 0x00, 0x00, 0x00, 0x00, 0x00,
  0x00, 0x00, 0x00, 0x00, 0x00, 0x00, 0x00, 0x00, 0x00, 0x00, 0x00, 0x00,
  0x00, 0x01, 0x00, 0x00, 0x00, 0x00, 0x00, 0x00, 0x00, 0x00, 0x00, 0x00,
  0x00, 0x00, 0x00, 0x00, 0x00, 0x00, 0x00, 0x00, 0x00, 0x00, 0x00, 0x00,
  0x00, 0x00, 0x00, 0x00, 0x00, 0x00, 0x00, 0x00, 0x00, 0x00, 0x00, 0x00,
  0x00, 0x00, 0x00, 0x00, 0x00, 0x00, 0x00, 0x01, 0x01, 0x00, 0x00, 0x00,
  0x00, 0x00, 0x00, 0x00, 0x00, 0x00, 0x00, 0x00, 0x00, 0x00, 0x00, 0x00,
  0x00, 0x00, 0x00, 0x00, 0x00, 0x01, 0x00, 0x00, 0x00, 0x00, 0x00, 0x00,
  0x00, 0x00, 0x00, 0x00, 0x00, 0x00, 0x00, 0x00, 0x00, 0x00, 0x00, 0x00,
  0x00, 0x00, 0x00, 0x00, 0x00, 0x00, 0x00, 0x00, 0x00, 0x00, 0x00, 0x00,
  0x00, 0x00, 0x00, 0x00, 0x00, 0x00, 0x00, 0x00, 0x00, 0x00, 0x00, 0x00,
  0x02, 0x01, 0x00, 0x00, 0x00, 0x00, 0x00, 0x00, 0x00, 0x00, 0x00, 0x00,
  0x00, 0x00, 0x00, 0x00, 0x00, 0x00, 0x00, 0x00, 0x00, 0x00, 0x00, 0x00,
  0x00, 0x00, 0x00, 0x00, 0x00, 0x01, 0x00, 0x00, 0x00, 0x00, 0x00, 0x00,
  0x00, 0x00, 0x00, 0x00, 0x00, 0x00, 0x00, 0x00, 0x00, 0x00, 0x00, 0x00,
  0x00, 0x00, 0x00, 0x00, 0x00, 0x00, 0x00, 0x00, 0x00, 0x00, 0x00, 0x00,
  0x00, 0x00, 0x00, 0x00, 0x00, 0x00, 0x00, 0x00, 0x00, 0x00, 0x00, 0x00,
  0x00, 0x00, 0x00, 0x00, 0x00, 0x00, 0x00, 0x00, 0x00, 0x01, 0x01, 0x00,
  0x00, 0x00, 0x00, 0x00, 0x00, 0x00, 0x00, 0x00, 0x00, 0x00, 0x00, 0x00,
  0x00, 0x00, 0x00, 0x00, 0x00, 0x00, 0x00, 0x00, 0x00, 0x00, 0x00, 0x00,
  0x00, 0x00, 0x00, 0x00, 0x00, 0x00, 0x00, 0x00, 0x00, 0x00, 0x00, 0x00,
  0x00, 0x00, 0x00, 0x00, 0x00, 0x00, 0x00, 0x00, 0x00, 0x00, 0x00, 0x00,
  0x00, 0x00, 0x00, 0x00, 0x00, 0x00, 0x00, 0x00, 0x00, 0x00, 0x00, 0x00,
  0x00, 0x00, 0x00, 0x00, 0x00, 0x00, 0x00, 0x00, 0x00, 0x00, 0x00, 0x00,
  0x00, 0x00, 0x00, 0x00, 0x00, 0x00, 0x00, 0x00, 0x00, 0x00, 0x00, 0x00,
  0x00, 0x00, 0x00, 0x00, 0x00, 0x00, 0x00, 0x00, 0x00, 0x00, 0x00, 0x00,
  0x00, 0x00, 0x00, 0x00, 0x00, 0x00, 0x00, 0x00, 0x00, 0x00, 0x00, 0x00,
  0x00, 0x00, 0x00, 0x00, 0x00, 0x00, 0x00, 0x00, 0x00, 0x00, 0x00, 0x00,
  0x00, 0x00, 0x00, 0x00, 0x00, 0x00, 0x00, 0x00, 0x00, 0x00, 0x00, 0x00,
  0x00, 0x00, 0x00, 0x00, 0x00, 0x00, 0x00, 0x00, 0x00, 0x00, 0x00, 0x00,
  0x00, 0x00, 0x00, 0x00, 0x00, 0x00, 0x00, 0x00, 0x00, 0x00, 0x00, 0x00,
  0x00, 0x00, 0x00, 0x00, 0x00, 0x00, 0x00, 0x00, 0x00, 0x00, 0x00, 0x00,
  0x00, 0x00, 0x00, 0x00, 0x00, 0x00, 0x00, 0x00, 0x00, 0x00, 0x00, 0x00,
  0x00, 0x00, 0x00, 0x00, 0x00, 0x05, 0x03, 0x02, 0x02, 0x02, 0x02, 0x01,
  0x01, 0x00, 0x01, 0x00, 0x00, 0x01, 0x00, 0x00, 0x00, 0x00, 0x00, 0x00,
  0x00, 0x00, 0x00, 0x00, 0x00, 0x00, 0x00, 0x00, 0x00, 0x00, 0x00, 0x00,
  0x00, 0x00, 0x00, 0x00, 0x00, 0x00, 0x00, 0x00, 0x00, 0x00, 0x00, 0x00,
  0x00, 0x00, 0x00, 0x00, 0x00, 0x00, 0x00, 0x00, 0x00, 0x00, 0x00, 0x00,
  0x00, 0x00, 0x00, 0x00, 0x00, 0x00, 0x00, 0x00, 0x00, 0x00, 0x00, 0x00,
  0x00, 0x00, 0x00, 0x00, 0x00, 0x00, 0x00, 0x00, 0x00, 0x00, 0x00, 0x00,
  0x00, 0x00, 0x00, 0x00, 0x00, 0x00, 0x00, 0x00, 0x00, 0x00, 0x00, 0x00,
  0x00, 0x00, 0x00, 0x00, 0x00, 0x00, 0x00, 0x00, 0x00, 0x00, 0x00, 0x00,
  0x00, 0x00, 0x00, 0x00, 0x00, 0x00, 0x00, 0x00, 0x00, 0x00, 0x00, 0x00,
  0x00, 0x00, 0x00, 0x00, 0x00, 0x00, 0x00, 0x00, 0x00, 0x00, 0x00, 0x00,
  0x00, 0x00, 0x00, 0x00, 0x00, 0x00, 0x00, 0x00, 0x00, 0x00, 0x00, 0x00,
  0x00, 0x00, 0x00, 0x00, 0x00, 0x00, 0x00, 0x00, 0x00, 0x00, 0x00, 0x00,
  0x00, 0x00, 0x00, 0x00, 0x00, 0x01, 0x03, 0x07, 0x0b, 0x0d, 0x0e, 0x0b,
  0x06, 0x03, 0x02, 0x01, 0x01, 0x02, 0x02, 0x03, 0x03, 0x02, 0x01, 0x00,
  0x00, 0x00, 0x00, 0x00, 0x00, 0x00, 0x00, 0x00, 0x00, 0x00, 0x00, 0x00,
  0x00, 0x00, 0x00, 0x00, 0x00, 0x00, 0x00, 0x00, 0x00, 0x00, 0x00, 0x00,
  0x00, 0x00, 0x00, 0x00, 0x00, 0x00, 0x00, 0x00, 0x00, 0x00, 0x00, 0x00,
  0x00, 0x00, 0x00, 0x00, 0x00, 0x00, 0x00, 0x00, 0x00, 0x00, 0x00, 0x00,
  0x00, 0x00, 0x00, 0x00, 0x00, 0x00, 0x00, 0x00, 0x00, 0x00, 0x00, 0x00,
  0x00, 0x00, 0x00, 0x00, 0x00, 0x00, 0x00, 0x00, 0x00, 0x00, 0x00, 0x00,
  0x00, 0x00, 0x00, 0x00, 0x00, 0x00, 0x00, 0x00, 0x00, 0x00, 0x00, 0x00,
  0x00, 0x00, 0x00, 0x00, 0x00, 0x00, 0x00, 0x00, 0x00, 0x00, 0x00, 0x00,
  0x00, 0x00, 0x00, 0x00, 0x00, 0x00, 0x00, 0x00, 0x00, 0x00, 0x00, 0x00,
  0x00, 0x00, 0x00, 0x00, 0x00, 0x00, 0x00, 0x00, 0x00, 0x00, 0x00, 0x00,
  0x00, 0x00, 0x00, 0x00, 0x00, 0x00, 0x02, 0x00, 0x00, 0x00, 0x00, 0x00,
  0x00, 0x00, 0x00, 0x00, 0x00, 0x00, 0x00, 0x00, 0x00, 0x00, 0x00, 0x00,
  0x00, 0x00, 0x00, 0x00, 0x00, 0x00, 0x00, 0x00, 0x00, 0x00, 0x00, 0x00,
  0x00, 0x00, 0x00, 0x00, 0x00, 0x00, 0x00, 0x00, 0x00, 0x00, 0x00, 0x00,
  0x00, 0x05, 0x05, 0x03, 0x02, 0x01, 0x00, 0x00, 0x00, 0x00, 0x00, 0x00,
  0x00, 0x00, 0x00, 0x00, 0x00, 0x00, 0x00, 0x00, 0x00, 0x01, 0x00, 0x00,
  0x00, 0x00, 0x00, 0x00, 0x00, 0x00, 0x00, 0x00, 0x00, 0x00, 0x00, 0x00,
  0x00, 0x00, 0x00, 0x00, 0x00, 0x00, 0x00, 0x00, 0x00, 0x00, 0x00, 0x00,
  0x00, 0x00, 0x00, 0x00, 0x00, 0x00, 0x00, 0x00, 0x00, 0x00, 0x00, 0x00,
  0x01, 0x00, 0x00, 0x00, 0x00, 0x00, 0x00, 0x00, 0x00, 0x00, 0x00, 0x00,
  0x00, 0x00, 0x00, 0x00, 0x00, 0x00, 0x00, 0x00, 0x00, 0x00, 0x00, 0x00,
  0x00, 0x00, 0x00, 0x00, 0x00, 0x00, 0x00, 0x00, 0x00, 0x00, 0x00, 0x00,
  0x00, 0x00, 0x00, 0x00, 0x00, 0x00, 0x00, 0x00, 0x00, 0x00, 0x00, 0x00,
  0x00, 0x00, 0x00, 0x00, 0x00, 0x00, 0x00, 0x00, 0x00, 0x00, 0x00, 0x00,
  0x00, 0x00, 0x00, 0x00, 0x00, 0x00, 0x00, 0x00, 0x00, 0x00, 0x00, 0x00,
  0x00, 0x00, 0x00, 0x00, 0x00, 0x00, 0x00, 0x00, 0x00, 0x00, 0x00, 0x00,
  0x00, 0x00, 0x00, 0x00, 0x00, 0x00, 0x00, 0x00, 0x00, 0x00, 0x00, 0x00,
  0x00, 0x00, 0x00, 0x00, 0x00, 0x00, 0x00, 0x00, 0x00, 0x00, 0x00, 0x00,
  0x00, 0x00, 0x00, 0x00, 0x00, 0x00, 0x00, 0x00, 0x00, 0x00, 0x00, 0x00,
  0x00, 0x00, 0x00, 0x00, 0x00, 0x00, 0x00, 0x00, 0x00, 0x00, 0x00, 0x01,
  0x0d, 0x3c, 0x4c, 0x48, 0x48, 0x4a, 0x4c, 0x4d, 0x4f, 0x51, 0x54, 0x56,
  0x58, 0x59, 0x59, 0x59, 0x58, 0x57, 0x55, 0x54, 0x53, 0x52, 0x4f, 0x4e,
  0x4d, 0x4b, 0x4a, 0x49, 0x49, 0x49, 0x4a, 0x4c, 0x4d, 0x50, 0x54, 0x56,
  0x57, 0x56, 0x54, 0x56, 0x56, 0x2c, 0x03, 0x00, 0x02, 0x01, 0x01, 0x00,
  0x00, 0x00, 0x00, 0x00, 0x00, 0x00, 0x00, 0x00, 0x00, 0x00, 0x00, 0x00,
  0x00, 0x00, 0x00, 0x00, 0x00, 0x00, 0x00, 0x00, 0x00, 0x00, 0x00, 0x00,
  0x00, 0x00, 0x00, 0x00, 0x00, 0x00, 0x00, 0x00, 0x00, 0x00, 0x00, 0x00,
  0x00, 0x00, 0x00, 0x00, 0x00, 0x00, 0x00, 0x00, 0x00, 0x00, 0x00, 0x00,
  0x00, 0x00, 0x00, 0x00, 0x00, 0x00, 0x00, 0x00, 0x00, 0x00, 0x00, 0x00,
  0x00, 0x00, 0x00, 0x00, 0x00, 0x00, 0x00, 0x00, 0x00, 0x00, 0x00, 0x00,
  0x00, 0x00, 0x00, 0x00, 0x00, 0x00, 0x00, 0x00, 0x00, 0x00, 0x00, 0x00,
  0x00, 0x00, 0x00, 0x00, 0x00, 0x00, 0x00, 0x00, 0x00, 0x00, 0x00, 0x00,
  0x00, 0x00, 0x00, 0x00, 0x00, 0x00, 0x00, 0x02, 0x00, 0x21, 0x4f, 0x58,
  0x51, 0x50, 0x4f, 0x4f, 0x50, 0x50, 0x4f, 0x50, 0x50, 0x50, 0x50, 0x50,
  0x4f, 0x4e, 0x4e, 0x4d, 0x4d, 0x4d, 0x4d, 0x4e, 0x4e, 0x50, 0x52, 0x53,
  0x55, 0x57, 0x59, 0x5a, 0x59, 0x59, 0x58, 0x58, 0x56, 0x56, 0x55, 0x54,
  0x53, 0x52, 0x53, 0x52, 0x52, 0x52, 0x52, 0x53, 0x52, 0x53, 0x53, 0x53,
  0x53, 0x54, 0x55, 0x54, 0x55, 0x56, 0x55, 0x54, 0x54, 0x54, 0x53, 0x52,
  0x52, 0x52, 0x52, 0x52, 0x53, 0x53, 0x52, 0x53, 0x53, 0x54, 0x55, 0x54,
  0x55, 0x55, 0x55, 0x55, 0x55, 0x54, 0x54, 0x54, 0x54, 0x54, 0x55, 0x54,
  0x55, 0x55, 0x55, 0x56, 0x56, 0x55, 0x55, 0x55, 0x55, 0x55, 0x55, 0x55,
  0x55, 0x54, 0x55, 0x55, 0x55, 0x55, 0x55, 0x55, 0x55, 0x56, 0x56, 0x57,
  0x56, 0x56, 0x56, 0x55, 0x54, 0x55, 0x55, 0x55, 0x55, 0x55, 0x55, 0x55,
  0x55, 0x55, 0x55, 0x56, 0x56, 0x56, 0x56, 0x55, 0x54, 0x53, 0x52, 0x52,
  0x51, 0x50, 0x50, 0x50, 0x50, 0x50, 0x50, 0x50, 0x4f, 0x4f, 0x4d, 0x4d,
  0x4e, 0x4e, 0x50, 0x51, 0x52, 0x51, 0x51, 0x51, 0x54, 0x52, 0x34, 0x01,
  0x05, 0x04, 0x03, 0x03, 0x02, 0x02, 0x01, 0x00, 0x01, 0x00, 0x00, 0x00,
  0x00, 0x00, 0x00, 0x00, 0x00, 0x00, 0x00, 0x00, 0x00, 0x00, 0x00, 0x00,
  0x02, 0x03, 0x00, 0x02, 0x3e, 0x50, 0x4e, 0x4f, 0x50, 0x50, 0x50, 0x51,
  0x52, 0x53, 0x54, 0x54, 0x55, 0x55, 0x56, 0x56, 0x57, 0x57, 0x57, 0x57,
  0x57, 0x57, 0x57, 0x56, 0x56, 0x56, 0x56, 0x54, 0x53, 0x53, 0x53, 0x52,
  0x51, 0x51, 0x51, 0x50, 0x51, 0x52, 0x52, 0x53, 0x53, 0x55, 0x55, 0x55,
  0x54, 0x55, 0x54, 0x53, 0x53, 0x53, 0x53, 0x52, 0x53, 0x53, 0x55, 0x55,
  0x56, 0x56, 0x56, 0x56, 0x55, 0x55, 0x54, 0x53, 0x53, 0x52, 0x52, 0x52,
  0x52, 0x52, 0x52, 0x53, 0x54, 0x54, 0x56, 0x57, 0x56, 0x56, 0x57, 0x56,
  0x57, 0x57, 0x57, 0x55, 0x55, 0x55, 0x55, 0x55, 0x56, 0x56, 0x57, 0x57,
  0x56, 0x57, 0x57, 0x57, 0x57, 0x57, 0x57, 0x56, 0x56, 0x55, 0x55, 0x55,
  0x54, 0x54, 0x54, 0x54, 0x54, 0x54, 0x54, 0x53, 0x52, 0x53, 0x52, 0x52,
  0x52, 0x52, 0x52, 0x52, 0x52, 0x4e, 0x45, 0x38, 0x2c, 0x1f, 0x14, 0x0a,
  0x00, 0x00, 0x00, 0x00, 0x02, 0x04, 0x05, 0x07, 0x07, 0x05, 0x03, 0x03,
  0x02, 0x03, 0x03, 0x03, 0x01, 0x00, 0x00, 0x00, 0x00, 0x00, 0x00, 0x00,
  0x00, 0x00, 0x00, 0x00, 0x00, 0x00, 0x00, 0x00, 0x00, 0x00, 0x00, 0x00,
  0x00, 0x00, 0x00, 0x00, 0x00, 0x00, 0x00, 0x00, 0x00, 0x00, 0x00, 0x00,
  0x00, 0x00, 0x00, 0x00, 0x00, 0x00, 0x00, 0x00, 0x00, 0x00, 0x00, 0x00,
  0x00, 0x00, 0x00, 0x00, 0x00, 0x00, 0x00, 0x00, 0x00, 0x00, 0x00, 0x00,
  0x00, 0x00, 0x00, 0x00, 0x00, 0x00, 0x00, 0x00, 0x00, 0x00, 0x00, 0x00,
  0x00, 0x00, 0x00, 0x00, 0x00, 0x00, 0x00, 0x00, 0x00, 0x00, 0x00, 0x00,
  0x00, 0x00, 0x00, 0x00, 0x00, 0x00, 0x00, 0x00, 0x00, 0x00, 0x00, 0x00,
  0x00, 0x00, 0x00, 0x00, 0x00, 0x00, 0x00, 0x00, 0x00, 0x00, 0x00, 0x00,
  0x00, 0x00, 0x00, 0x00, 0x00, 0x00, 0x00, 0x00, 0x00, 0x00, 0x00, 0x00,
  0x00, 0x00, 0x00, 0x00, 0x00, 0x00, 0x00, 0x00, 0x01, 0x02, 0x02, 0x02,
  0x02, 0x1a, 0x49, 0x54, 0x51, 0x50, 0x50, 0x4f, 0x4f, 0x4f, 0x4e, 0x4f,
  0x50, 0x51, 0x53, 0x55, 0x56, 0x57, 0x58, 0x58, 0x57, 0x56, 0x56, 0x55,
  0x54, 0x52, 0x50, 0x4d, 0x4b, 0x49, 0x47, 0x46, 0x45, 0x46, 0x46, 0x48,
  0x4a, 0x4d, 0x51, 0x52, 0x5a, 0x5a, 0x23, 0x00, 0x03, 0x04, 0x02, 0x01,
  0x00, 0x01, 0x00, 0x00, 0x00, 0x00, 0x00, 0x00, 0x00, 0x00, 0x00, 0x00,
  0x00, 0x00, 0x00, 0x00, 0x00, 0x00, 0x00, 0x00, 0x00, 0x00, 0x00, 0x00,
  0x00, 0x00, 0x00, 0x00, 0x00, 0x00, 0x00, 0x00, 0x00, 0x00, 0x00, 0x00,
  0x00, 0x00, 0x00, 0x00, 0x00, 0x00, 0x00, 0x00, 0x00, 0x00, 0x00, 0x00,
  0x00, 0x00, 0x00, 0x00, 0x00, 0x01, 0x00, 0x00, 0x00, 0x00, 0x00, 0x00,
  0x00, 0x00, 0x00, 0x00, 0x00, 0x00, 0x00, 0x00, 0x00, 0x00, 0x00, 0x00,
  0x00, 0x00, 0x00, 0x00, 0x00, 0x00, 0x00, 0x00, 0x00, 0x00, 0x00, 0x00,
  0x00, 0x00, 0x00, 0x00, 0x00, 0x00, 0x00, 0x00, 0x00, 0x00, 0x00, 0x00,
  0x00, 0x00, 0x00, 0x00, 0x00, 0x00, 0x00, 0x00, 0x00, 0x00, 0x00, 0x00,
  0x00, 0x00, 0x00, 0x00, 0x00, 0x00, 0x00, 0x00, 0x00, 0x00, 0x00, 0x00,
  0x00, 0x00, 0x00, 0x00, 0x00, 0x00, 0x00, 0x00, 0x00, 0x00, 0x00, 0x00,
  0x00, 0x00, 0x00, 0x00, 0x00, 0x00, 0x00, 0x00, 0x00, 0x00, 0x00, 0x00,
  0x00, 0x00, 0x00, 0x00, 0x00, 0x00, 0x00, 0x00, 0x00, 0x00, 0x00, 0x00,
  0x00, 0x00, 0x00, 0x00, 0x00, 0x00, 0x00, 0x00, 0x00, 0x00, 0x00, 0x00,
  0x00, 0x00, 0x00, 0x00, 0x00, 0x00, 0x00, 0x00, 0x00, 0x00, 0x00, 0x00,
  0x00, 0x00, 0x00, 0x01, 0x01, 0x01, 0x51, 0xcb, 0xdd, 0xda, 0xdb, 0xdc,
  0xdd, 0xde, 0xde, 0xdf, 0xe0, 0xe1, 0xe1, 0xe1, 0xe1, 0xe1, 0xe1, 0xe0,
  0xe0, 0xdf, 0xdf, 0xde, 0xdd, 0xdd, 0xdd, 0xdc, 0xdc, 0xdb, 0xdb, 0xdc,
  0xdc, 0xdd, 0xde, 0xdf, 0xe0, 0xe1, 0xe1, 0xe1, 0xe0, 0xe2, 0xe1, 0xa4,
  0x13, 0x00, 0x05, 0x02, 0x03, 0x02, 0x00, 0x00, 0x00, 0x00, 0x00, 0x00,
  0x00, 0x00, 0x00, 0x00, 0x00, 0x00, 0x00, 0x00, 0x00, 0x00, 0x00, 0x00,
  0x00, 0x00, 0x00, 0x00, 0x00, 0x00, 0x00, 0x00, 0x00, 0x00, 0x00, 0x00,
  0x00, 0x00, 0x00, 0x00, 0x00, 0x00, 0x00, 0x00, 0x00, 0x00, 0x00, 0x00,
  0x00, 0x00, 0x00, 0x00, 0x00, 0x00, 0x00, 0x00, 0x00, 0x00, 0x00, 0x00,
  0x00, 0x00, 0x00, 0x00, 0x00, 0x00, 0x00, 0x00, 0x00, 0x00, 0x00, 0x00,
  0x00, 0x00, 0x00, 0x00, 0x00, 0x00, 0x00, 0x00, 0x00, 0x00, 0x00, 0x00,
  0x00, 0x00, 0x00, 0x00, 0x00, 0x00, 0x00, 0x00, 0x00, 0x00, 0x00, 0x00,
  0x00, 0x00, 0x00, 0x00, 0x00, 0x00, 0x00, 0x00, 0x00, 0x00, 0x00, 0x00,
  0x00, 0x06, 0x00, 0x69, 0xd6, 0xe2, 0xde, 0xdf, 0xdf, 0xdf, 0xdf, 0xdf,
  0xde, 0xde, 0xde, 0xde, 0xde, 0xde, 0xde, 0xdd, 0xdd, 0xdd, 0xdd, 0xdd,
  0xdd, 0xdd, 0xde, 0xde, 0xdf, 0xe0, 0xe0, 0xe1, 0xe2, 0xe2, 0xe2, 0xe2,
  0xe2, 0xe2, 0xe1, 0xe1, 0xe0, 0xe0, 0xdf, 0xdf, 0xdf, 0xdf, 0xdf, 0xdf,
  0xdf, 0xdf, 0xdf, 0xdf, 0xe0, 0xe0, 0xe0, 0xe0, 0xe0, 0xe0, 0xe1, 0xe1,
  0xe0, 0xe0, 0xe0, 0xe0, 0xe0, 0xe0, 0xdf, 0xdf, 0xdf, 0xdf, 0xdf, 0xdf,
  0xdf, 0xe0, 0xe0, 0xe0, 0xe0, 0xe0, 0xe0, 0xe1, 0xe0, 0xe0, 0xe0, 0xe0,
  0xe0, 0xe0, 0xe0, 0xe0, 0xe0, 0xe0, 0xe0, 0xe1, 0xe1, 0xe1, 0xe1, 0xe1,
  0xe1, 0xe1, 0xe1, 0xe1, 0xe1, 0xe1, 0xe0, 0xe0, 0xe0, 0xe1, 0xe1, 0xe1,
  0xe1, 0xe1, 0xe1, 0xe1, 0xe1, 0xe1, 0xe1, 0xe1, 0xe1, 0xe1, 0xe0, 0xe0,
  0xe0, 0xe0, 0xe0, 0xe1, 0xe1, 0xe1, 0xe1, 0xe1, 0xe1, 0xe1, 0xe1, 0xe1,
  0xe1, 0xe0, 0xe0, 0xdf, 0xdf, 0xdf, 0xdf, 0xdf, 0xdf, 0xdf, 0xdf, 0xdf,
  0xdf, 0xdf, 0xde, 0xde, 0xdd, 0xdd, 0xde, 0xde, 0xdf, 0xdf, 0xdf, 0xdf,
  0xdf, 0xdb, 0xdf, 0xd6, 0x5d, 0x00, 0x08, 0x05, 0x04, 0x03, 0x02, 0x02,
  0x01, 0x00, 0x01, 0x00, 0x00, 0x00, 0x00, 0x00, 0x00, 0x00, 0x00, 0x00,
  0x00, 0x00, 0x00, 0x00, 0x00, 0x02, 0x05, 0x06, 0x00, 0x0b, 0xbb, 0xdf,
  0xde, 0xde, 0xdf, 0xdf, 0xde, 0xdf, 0xdf, 0xdf, 0xe0, 0xe0, 0xe0, 0xe1,
  0xe1, 0xe0, 0xe1, 0xe1, 0xe1, 0xe1, 0xe1, 0xe1, 0xe1, 0xe1, 0xe1, 0xe1,
  0xe1, 0xe0, 0xe0, 0xe0, 0xe0, 0xe0, 0xdf, 0xdf, 0xdf, 0xdf, 0xdf, 0xdf,
  0xe0, 0xe0, 0xe0, 0xe0, 0xe0, 0xe0, 0xe0, 0xe0, 0xe0, 0xe0, 0xe0, 0xe0,
  0xe0, 0xdf, 0xdf, 0xe0, 0xe0, 0xe0, 0xe1, 0xe1, 0xe1, 0xe1, 0xe0, 0xe0,
  0xe0, 0xe0, 0xe0, 0xdf, 0xdf, 0xdf, 0xdf, 0xdf, 0xdf, 0xe0, 0xe0, 0xe0,
  0xe1, 0xe1, 0xe1, 0xe1, 0xe1, 0xe1, 0xe1, 0xe2, 0xe2, 0xe1, 0xe1, 0xe1,
  0xe1, 0xe1, 0xe1, 0xe1, 0xe1, 0xe1, 0xe1, 0xe1, 0xe2, 0xe1, 0xe1, 0xe1,
  0xe1, 0xe1, 0xe0, 0xe0, 0xe0, 0xe0, 0xe0, 0xdf, 0xe0, 0xe0, 0xe0, 0xe0,
  0xe0, 0xdf, 0xdf, 0xdf, 0xdf, 0xdf, 0xdf, 0xdf, 0xdf, 0xdf, 0xde, 0xdd,
  0xd8, 0xcf, 0xc1, 0xad, 0x96, 0x7f, 0x66, 0x4b, 0x35, 0x21, 0x11, 0x04,
  0x00, 0x00, 0x00, 0x02, 0x06, 0x09, 0x09, 0x07, 0x04, 0x03, 0x02, 0x01,
  0x00, 0x00, 0x00, 0x00, 0x00, 0x00, 0x00, 0x00, 0x00, 0x00, 0x00, 0x00,
  0x00, 0x00, 0x00, 0x00, 0x00, 0x00, 0x00, 0x00, 0x00, 0x00, 0x00, 0x00,
  0x00, 0x00, 0x00, 0x00, 0x00, 0x00, 0x00, 0x00, 0x00, 0x00, 0x00, 0x00,
  0x00, 0x00, 0x00, 0x00, 0x00, 0x00, 0x00, 0x00, 0x00, 0x00, 0x00, 0x00,
  0x00, 0x00, 0x00, 0x00, 0x00, 0x00, 0x00, 0x00, 0x00, 0x00, 0x00, 0x00,
  0x00, 0x00, 0x00, 0x00, 0x00, 0x00, 0x00, 0x00, 0x00, 0x00, 0x00, 0x00,
  0x00, 0x00, 0x00, 0x00, 0x00, 0x00, 0x00, 0x00, 0x00, 0x00, 0x00, 0x00,
  0x00, 0x00, 0x00, 0x00, 0x00, 0x00, 0x00, 0x00, 0x00, 0x00, 0x00, 0x00,
  0x00, 0x00, 0x00, 0x00, 0x00, 0x00, 0x00, 0x00, 0x00, 0x00, 0x00, 0x00,
  0x00, 0x00, 0x00, 0x00, 0x00, 0x00, 0x00, 0x00, 0x00, 0x00, 0x00, 0x00,
  0x00, 0x01, 0x03, 0x04, 0x06, 0x01, 0x07, 0x83, 0xd9, 0xe1, 0xdf, 0xdf,
  0xdf, 0xdf, 0xdf, 0xdf, 0xde, 0xde, 0xdf, 0xdf, 0xe0, 0xe0, 0xe0, 0xe1,
  0xe1, 0xe1, 0xe0, 0xe0, 0xe0, 0xe0, 0xdf, 0xdf, 0xdd, 0xdc, 0xdc, 0xdb,
  0xda, 0xd9, 0xd9, 0xd9, 0xda, 0xda, 0xdc, 0xdd, 0xdf, 0xdf, 0xe3, 0xe3,
  0x97, 0x17, 0x00, 0x05, 0x03, 0x01, 0x01, 0x00, 0x00, 0x00, 0x00, 0x00,
  0x00, 0x00, 0x00, 0x00, 0x00, 0x00, 0x00, 0x00, 0x00, 0x00, 0x00, 0x00,
  0x00, 0x00, 0x00, 0x00, 0x00, 0x00, 0x00, 0x00, 0x00, 0x00, 0x00, 0x00,
  0x00, 0x00, 0x00, 0x00, 0x00, 0x00, 0x00, 0x00, 0x00, 0x00, 0x00, 0x00,
  0x00, 0x00, 0x00, 0x00, 0x00, 0x00, 0x00, 0x00, 0x00, 0x00, 0x01, 0x00,
  0x00, 0x00, 0x00, 0x00, 0x00, 0x00, 0x00, 0x00, 0x00, 0x00, 0x00, 0x00,
  0x00, 0x00, 0x00, 0x00, 0x00, 0x00, 0x00, 0x00, 0x00, 0x00, 0x00, 0x00,
  0x00, 0x00, 0x00, 0x00, 0x00, 0x00, 0x00, 0x00, 0x00, 0x00, 0x00, 0x00,
  0x00, 0x00, 0x00, 0x00, 0x00, 0x00, 0x00, 0x00, 0x00, 0x00, 0x00, 0x00,
  0x00, 0x00, 0x00, 0x00, 0x00, 0x00, 0x00, 0x00, 0x00, 0x00, 0x00, 0x00,
  0x00, 0x00, 0x00, 0x00, 0x00, 0x00, 0x00, 0x00, 0x00, 0x00, 0x00, 0x00,
  0x00, 0x00, 0x00, 0x00, 0x00, 0x00, 0x00, 0x00, 0x00, 0x00, 0x00, 0x00,
  0x00, 0x00, 0x00, 0x00, 0x00, 0x00, 0x00, 0x00, 0x00, 0x00, 0x00, 0x00,
  0x00, 0x00, 0x00, 0x00, 0x00, 0x00, 0x00, 0x00, 0x00, 0x00, 0x00, 0x00,
  0x00, 0x00, 0x00, 0x00, 0x00, 0x00, 0x00, 0x00, 0x00, 0x00, 0x00, 0x00,
  0x00, 0x00, 0x00, 0x00, 0x00, 0x00, 0x02, 0x01, 0x01, 0x00, 0x00, 0x22,
  0xb3, 0xff, 0xff, 0xff, 0xff, 0xff, 0xff, 0xff, 0xff, 0xff, 0xff, 0xff,
  0xff, 0xff, 0xff, 0xff, 0xff, 0xff, 0xff, 0xff, 0xff, 0xff, 0xff, 0xff,
  0xff, 0xff, 0xff, 0xff, 0xff, 0xff, 0xff, 0xff, 0xff, 0xff, 0xff, 0xff,
  0xff, 0xff, 0xff, 0xff, 0xff, 0xef, 0x5f, 0x04, 0x03, 0x05, 0x03, 0x03,
  0x00, 0x00, 0x00, 0x00, 0x00, 0x00, 0x00, 0x00, 0x00, 0x00, 0x00, 0x00,
  0x00, 0x00, 0x00, 0x00, 0x00, 0x00, 0x00, 0x00, 0x00, 0x00, 0x00, 0x00,
  0x00, 0x00, 0x00, 0x00, 0x00, 0x00, 0x00, 0x00, 0x00, 0x00, 0x00, 0x00,
  0x00, 0x00, 0x00, 0x00, 0x00, 0x00, 0x00, 0x00, 0x00, 0x00, 0x00, 0x00,
  0x00, 0x00, 0x00, 0x00, 0x00, 0x00, 0x00, 0x00, 0x00, 0x00, 0x00, 0x00,
  0x00, 0x00, 0x00, 0x00, 0x00, 0x00, 0x00, 0x00, 0x00, 0x00, 0x00, 0x00,
  0x00, 0x00, 0x00, 0x00, 0x00, 0x00, 0x00, 0x00, 0x00, 0x00, 0x00, 0x00,
  0x00, 0x00, 0x00, 0x00, 0x00, 0x00, 0x00, 0x00, 0x00, 0x00, 0x00, 0x00,
  0x00, 0x00, 0x00, 0x00, 0x00, 0x00, 0x00, 0x07, 0x00, 0x7b, 0xf7, 0xff,
  0xff, 0xff, 0xff, 0xff, 0xff, 0xff, 0xff, 0xff, 0xff, 0xff, 0xff, 0xff,
  0xff, 0xff, 0xff, 0xff, 0xff, 0xff, 0xff, 0xff, 0xff, 0xff, 0xff, 0xff,
  0xff, 0xff, 0xff, 0xff, 0xff, 0xff, 0xff, 0xff, 0xff, 0xff, 0xff, 0xff,
  0xff, 0xff, 0xff, 0xff, 0xff, 0xff, 0xff, 0xff, 0xff, 0xff, 0xff, 0xff,
  0xff, 0xff, 0xff, 0xff, 0xff, 0xff, 0xff, 0xff, 0xff, 0xff, 0xff, 0xff,
  0xff, 0xff, 0xff, 0xff, 0xff, 0xff, 0xff, 0xff, 0xff, 0xff, 0xff, 0xff,
  0xff, 0xff, 0xff, 0xff, 0xff, 0xff, 0xff, 0xff, 0xff, 0xff, 0xff, 0xff,
  0xff, 0xff, 0xff, 0xff, 0xff, 0xff, 0xff, 0xff, 0xff, 0xff, 0xff, 0xff,
  0xff, 0xff, 0xff, 0xff, 0xff, 0xff, 0xff, 0xff, 0xff, 0xff, 0xff, 0xff,
  0xff, 0xff, 0xff, 0xff, 0xff, 0xff, 0xff, 0xff, 0xff, 0xff, 0xff, 0xff,
  0xff, 0xff, 0xff, 0xff, 0xff, 0xff, 0xff, 0xff, 0xff, 0xff, 0xff, 0xff,
  0xff, 0xff, 0xff, 0xff, 0xff, 0xff, 0xff, 0xff, 0xff, 0xff, 0xff, 0xff,
  0xff, 0xff, 0xff, 0xff, 0xff, 0xff, 0xff, 0xff, 0xff, 0xba, 0x22, 0x05,
  0x06, 0x04, 0x04, 0x03, 0x02, 0x02, 0x01, 0x00, 0x00, 0x00, 0x00, 0x00,
  0x00, 0x00, 0x00, 0x00, 0x00, 0x00, 0x00, 0x00, 0x00, 0x00, 0x00, 0x03,
  0x06, 0x08, 0x00, 0x0d, 0xd8, 0xff, 0xff, 0xff, 0xff, 0xff, 0xff, 0xff,
  0xff, 0xff, 0xff, 0xff, 0xff, 0xff, 0xff, 0xff, 0xff, 0xff, 0xff, 0xff,
  0xff, 0xff, 0xff, 0xff, 0xff, 0xff, 0xff, 0xff, 0xff, 0xff, 0xff, 0xff,
  0xff, 0xff, 0xff, 0xff, 0xff, 0xff, 0xff, 0xff, 0xff, 0xff, 0xff, 0xff,
  0xff, 0xff, 0xff, 0xff, 0xff, 0xff, 0xff, 0xff, 0xff, 0xff, 0xff, 0xff,
  0xff, 0xff, 0xff, 0xff, 0xff, 0xff, 0xff, 0xff, 0xff, 0xff, 0xff, 0xff,
  0xff, 0xff, 0xff, 0xff, 0xff, 0xff, 0xff, 0xff, 0xff, 0xff, 0xff, 0xff,
  0xff, 0xff, 0xff, 0xff, 0xff, 0xff, 0xff, 0xff, 0xff, 0xff, 0xff, 0xff,
  0xff, 0xff, 0xff, 0xff, 0xff, 0xff, 0xff, 0xff, 0xff, 0xff, 0xff, 0xff,
  0xff, 0xff, 0xff, 0xff, 0xff, 0xff, 0xff, 0xff, 0xff, 0xff, 0xff, 0xff,
  0xff, 0xff, 0xff, 0xff, 0xff, 0xff, 0xff, 0xff, 0xff, 0xff, 0xfb, 0xf1,
  0xe6, 0xda, 0xcc, 0xb5, 0x94, 0x6e, 0x45, 0x26, 0x11, 0x04, 0x00, 0x00,
  0x02, 0x08, 0x0b, 0x07, 0x02, 0x01, 0x01, 0x01, 0x00, 0x00, 0x00, 0x00,
  0x00, 0x00, 0x00, 0x00, 0x00, 0x00, 0x00, 0x00, 0x00, 0x00, 0x00, 0x00,
  0x00, 0x00, 0x00, 0x00, 0x00, 0x00, 0x00, 0x00, 0x00, 0x00, 0x00, 0x00,
  0x00, 0x00, 0x00, 0x00, 0x00, 0x00, 0x00, 0x00, 0x00, 0x00, 0x00, 0x00,
  0x00, 0x00, 0x00, 0x00, 0x00, 0x00, 0x00, 0x00, 0x00, 0x00, 0x00, 0x00,
  0x00, 0x00, 0x00, 0x00, 0x00, 0x00, 0x00, 0x00, 0x00, 0x00, 0x00, 0x00,
  0x00, 0x00, 0x00, 0x00, 0x00, 0x00, 0x00, 0x00, 0x00, 0x00, 0x00, 0x00,
  0x00, 0x00, 0x00, 0x00, 0x00, 0x00, 0x00, 0x00, 0x00, 0x00, 0x00, 0x00,
  0x00, 0x00, 0x00, 0x00, 0x00, 0x00, 0x00, 0x00, 0x00, 0x00, 0x00, 0x00,
  0x00, 0x00, 0x00, 0x00, 0x00, 0x00, 0x00, 0x00, 0x00, 0x00, 0x00, 0x00,
  0x00, 0x00, 0x00, 0x00, 0x00, 0x00, 0x00, 0x02, 0x03, 0x07, 0x06, 0x01,
  0x45, 0xe0, 0xff, 0xff, 0xff, 0xff, 0xff, 0xff, 0xff, 0xff, 0xff, 0xff,
  0xff, 0xff, 0xff, 0xff, 0xff, 0xff, 0xff, 0xff, 0xff, 0xff, 0xff, 0xff,
  0xff, 0xff, 0xff, 0xff, 0xff, 0xff, 0xff, 0xff, 0xff, 0xff, 0xff, 0xff,
  0xff, 0xff, 0xff, 0xff, 0xff, 0xff, 0xf3, 0x5e, 0x02, 0x02, 0x05, 0x02,
  0x02, 0x00, 0x00, 0x00, 0x00, 0x00, 0x00, 0x00, 0x00, 0x00, 0x00, 0x00,
  0x00, 0x00, 0x00, 0x00, 0x00, 0x00, 0x00, 0x00, 0x00, 0x00, 0x00, 0x00,
  0x00, 0x00, 0x00, 0x00, 0x00, 0x00, 0x00, 0x00, 0x00, 0x00, 0x00, 0x00,
  0x00, 0x00, 0x00, 0x00, 0x00, 0x00, 0x00, 0x00, 0x00, 0x00, 0x00, 0x00,
  0x00, 0x00, 0x00, 0x00, 0x00, 0x00, 0x00, 0x00, 0x00, 0x00, 0x00, 0x00,
  0x00, 0x00, 0x00, 0x00, 0x00, 0x00, 0x00, 0x00, 0x00, 0x00, 0x00, 0x00,
  0x00, 0x00, 0x00, 0x00, 0x00, 0x00, 0x00, 0x00, 0x00, 0x00, 0x00, 0x00,
  0x00, 0x00, 0x00, 0x00, 0x00, 0x00, 0x00, 0x00, 0x00, 0x00, 0x00, 0x00,
  0x00, 0x00, 0x00, 0x00, 0x00, 0x00, 0x00, 0x00, 0x00, 0x00, 0x00, 0x00,
  0x00, 0x00, 0x00, 0x00, 0x00, 0x00, 0x00, 0x00, 0x00, 0x00, 0x00, 0x00,
  0x00, 0x00, 0x00, 0x00, 0x00, 0x00, 0x00, 0x00, 0x00, 0x00, 0x00, 0x00,
  0x00, 0x00, 0x00, 0x00, 0x00, 0x00, 0x00, 0x00, 0x00, 0x00, 0x00, 0x00,
  0x00, 0x00, 0x00, 0x00, 0x00, 0x00, 0x00, 0x00, 0x00, 0x00, 0x00, 0x00,
  0x00, 0x00, 0x00, 0x00, 0x00, 0x00, 0x00, 0x00, 0x00, 0x00, 0x00, 0x00,
  0x00, 0x00, 0x00, 0x00, 0x00, 0x00, 0x00, 0x00, 0x00, 0x00, 0x00, 0x01,
  0x03, 0x05, 0x06, 0x00, 0x06, 0x77, 0xf2, 0xf6, 0xed, 0xee, 0xf0, 0xf0,
  0xf0, 0xf1, 0xf2, 0xf2, 0xf3, 0xf4, 0xf5, 0xf6, 0xf6, 0xf6, 0xf6, 0xf6,
  0xf6, 0xf6, 0xf6, 0xf6, 0xf5, 0xf3, 0xf3, 0xf2, 0xf0, 0xf0, 0xf0, 0xef,
  0xef, 0xf0, 0xf0, 0xf1, 0xf3, 0xf3, 0xf4, 0xf5, 0xf3, 0xef, 0xef, 0xfb,
  0xc4, 0x23, 0x00, 0x07, 0x04, 0x03, 0x01, 0x01, 0x01, 0x01, 0x00, 0x00,
  0x00, 0x00, 0x00, 0x00, 0x00, 0x00, 0x00, 0x00, 0x00, 0x00, 0x00, 0x00,
  0x00, 0x00, 0x00, 0x00, 0x00, 0x00, 0x00, 0x00, 0x00, 0x00, 0x00, 0x00,
  0x00, 0x00, 0x00, 0x00, 0x00, 0x00, 0x00, 0x00, 0x00, 0x00, 0x00, 0x00,
  0x00, 0x00, 0x00, 0x00, 0x00, 0x00, 0x00, 0x00, 0x00, 0x00, 0x00, 0x00,
  0x00, 0x00, 0x00, 0x00, 0x00, 0x00, 0x00, 0x00, 0x00, 0x00, 0x00, 0x00,
  0x00, 0x00, 0x00, 0x00, 0x00, 0x00, 0x00, 0x00, 0x00, 0x00, 0x00, 0x00,
  0x00, 0x00, 0x00, 0x00, 0x00, 0x00, 0x00, 0x00, 0x00, 0x00, 0x00, 0x00,
  0x00, 0x00, 0x00, 0x00, 0x00, 0x00, 0x00, 0x00, 0x01, 0x01, 0x01, 0x01,
  0x02, 0x08, 0x00, 0x71, 0xea, 0xf9, 0xec, 0xee, 0xf0, 0xf3, 0xf4, 0xf4,
  0xf5, 0xf5, 0xf5, 0xf6, 0xf6, 0xf6, 0xf6, 0xf6, 0xf6, 0xf5, 0xf4, 0xf4,
  0xf4, 0xf4, 0xf4, 0xf5, 0xf4, 0xf4, 0xf5, 0xf5, 0xf5, 0xf4, 0xf5, 0xf5,
  0xf4, 0xf4, 0xf4, 0xf4, 0xf4, 0xf4, 0xf4, 0xf4, 0xf4, 0xf4, 0xf4, 0xf4,
  0xf4, 0xf4, 0xf4, 0xf5, 0xf5, 0xf4, 0xf4, 0xf4, 0xf4, 0xf4, 0xf4, 0xf4,
  0xf4, 0xf4, 0xf4, 0xf4, 0xf4, 0xf4, 0xf4, 0xf4, 0xf4, 0xf4, 0xf4, 0xf4,
  0xf4, 0xf4, 0xf4, 0xf4, 0xf4, 0xf4, 0xf4, 0xf4, 0xf5, 0xf5, 0xf4, 0xf4,
  0xf4, 0xf4, 0xf5, 0xf5, 0xf4, 0xf4, 0xf4, 0xf4, 0xf4, 0xf4, 0xf4, 0xf4,
  0xf4, 0xf4, 0xf4, 0xf4, 0xf4, 0xf4, 0xf4, 0xf4, 0xf4, 0xf4, 0xf4, 0xf4,
  0xf4, 0xf4, 0xf4, 0xf4, 0xf4, 0xf4, 0xf4, 0xf4, 0xf4, 0xf4, 0xf4, 0xf4,
  0xf4, 0xf4, 0xf4, 0xf4, 0xf4, 0xf4, 0xf4, 0xf4, 0xf4, 0xf4, 0xf4, 0xf4,
  0xf4, 0xf4, 0xf4, 0xf4, 0xf4, 0xf4, 0xf4, 0xf4, 0xf4, 0xf4, 0xf4, 0xf4,
  0xf4, 0xf4, 0xf4, 0xf4, 0xf3, 0xf2, 0xf2, 0xf2, 0xf2, 0xf1, 0xf0, 0xef,
  0xef, 0xfe, 0xd4, 0x3d, 0x00, 0x08, 0x03, 0x03, 0x03, 0x02, 0x02, 0x02,
  0x01, 0x01, 0x00, 0x00, 0x00, 0x00, 0x00, 0x00, 0x00, 0x00, 0x00, 0x00,
  0x00, 0x00, 0x00, 0x00, 0x00, 0x02, 0x07, 0x0a, 0x00, 0x0b, 0xc1, 0xf4,
  0xf1, 0xf2, 0xf4, 0xf5, 0xf5, 0xf5, 0xf5, 0xf5, 0xf5, 0xf4, 0xf4, 0xf4,
  0xf4, 0xf5, 0xf5, 0xf5, 0xf4, 0xf4, 0xf4, 0xf4, 0xf4, 0xf4, 0xf4, 0xf4,
  0xf4, 0xf4, 0xf4, 0xf4, 0xf4, 0xf4, 0xf4, 0xf4, 0xf4, 0xf4, 0xf4, 0xf4,
  0xf4, 0xf4, 0xf4, 0xf4, 0xf4, 0xf4, 0xf4, 0xf4, 0xf4, 0xf5, 0xf5, 0xf4,
  0xf4, 0xf4, 0xf4, 0xf4, 0xf4, 0xf4, 0xf4, 0xf4, 0xf4, 0xf4, 0xf4, 0xf4,
  0xf4, 0xf4, 0xf4, 0xf4, 0xf5, 0xf5, 0xf5, 0xf5, 0xf4, 0xf4, 0xf4, 0xf4,
  0xf4, 0xf4, 0xf4, 0xf4, 0xf4, 0xf4, 0xf4, 0xf4, 0xf4, 0xf4, 0xf4, 0xf4,
  0xf4, 0xf4, 0xf4, 0xf4, 0xf4, 0xf4, 0xf4, 0xf4, 0xf4, 0xf4, 0xf4, 0xf4,
  0xf4, 0xf5, 0xf5, 0xf5, 0xf5, 0xf5, 0xf5, 0xf5, 0xf5, 0xf5, 0xf5, 0xf5,
  0xf4, 0xf4, 0xf4, 0xf4, 0xf4, 0xf4, 0xf4, 0xf4, 0xf4, 0xf4, 0xf4, 0xf4,
  0xf6, 0xf5, 0xf6, 0xf6, 0xf9, 0xfc, 0xfe, 0xff, 0xff, 0xff, 0xfb, 0xea,
  0xd3, 0xb9, 0x93, 0x68, 0x3e, 0x1e, 0x09, 0x00, 0x00, 0x05, 0x07, 0x06,
  0x03, 0x02, 0x02, 0x00, 0x00, 0x00, 0x00, 0x00, 0x00, 0x00, 0x00, 0x00,
  0x00, 0x00, 0x00, 0x00, 0x00, 0x00, 0x00, 0x00, 0x00, 0x00, 0x00, 0x00,
  0x00, 0x00, 0x00, 0x00, 0x00, 0x00, 0x00, 0x00, 0x00, 0x00, 0x00, 0x00,
  0x00, 0x00, 0x00, 0x00, 0x00, 0x00, 0x00, 0x00, 0x00, 0x00, 0x00, 0x00,
  0x00, 0x00, 0x00, 0x00, 0x00, 0x00, 0x00, 0x00, 0x00, 0x00, 0x00, 0x00,
  0x00, 0x00, 0x00, 0x00, 0x00, 0x00, 0x00, 0x00, 0x00, 0x00, 0x00, 0x00,
  0x00, 0x00, 0x00, 0x00, 0x00, 0x00, 0x00, 0x00, 0x00, 0x00, 0x00, 0x00,
  0x00, 0x00, 0x00, 0x00, 0x00, 0x00, 0x00, 0x00, 0x00, 0x00, 0x00, 0x00,
  0x00, 0x00, 0x00, 0x00, 0x00, 0x00, 0x00, 0x00, 0x00, 0x00, 0x00, 0x00,
  0x00, 0x00, 0x00, 0x00, 0x00, 0x00, 0x00, 0x00, 0x00, 0x00, 0x00, 0x00,
  0x00, 0x01, 0x03, 0x07, 0x01, 0x12, 0xa9, 0xfc, 0xf3, 0xed, 0xf0, 0xf2,
  0xf1, 0xf0, 0xf0, 0xef, 0xef, 0xef, 0xf0, 0xf1, 0xf2, 0xf4, 0xf5, 0xf6,
  0xf6, 0xf6, 0xf6, 0xf6, 0xf6, 0xf6, 0xf6, 0xf6, 0xf6, 0xf5, 0xf4, 0xf3,
  0xf4, 0xf3, 0xf2, 0xf2, 0xf2, 0xf1, 0xf2, 0xf4, 0xf3, 0xf4, 0xf4, 0xf4,
  0xff, 0xb7, 0x23, 0x00, 0x06, 0x06, 0x03, 0x02, 0x00, 0x00, 0x00, 0x00,
  0x00, 0x00, 0x00, 0x00, 0x00, 0x00, 0x00, 0x00, 0x00, 0x00, 0x00, 0x00,
  0x00, 0x00, 0x00, 0x00, 0x00, 0x00, 0x00, 0x00, 0x00, 0x00, 0x00, 0x00,
  0x00, 0x00, 0x00, 0x00, 0x00, 0x00, 0x00, 0x00, 0x00, 0x00, 0x00, 0x00,
  0x00, 0x00, 0x00, 0x00, 0x00, 0x00, 0x00, 0x00, 0x00, 0x00, 0x00, 0x00,
  0x00, 0x00, 0x00, 0x00, 0x00, 0x00, 0x00, 0x00, 0x00, 0x00, 0x00, 0x00,
  0x00, 0x00, 0x00, 0x00, 0x00, 0x00, 0x00, 0x00, 0x00, 0x00, 0x00, 0x00,
  0x00, 0x00, 0x00, 0x00, 0x00, 0x00, 0x00, 0x00, 0x00, 0x00, 0x00, 0x00,
  0x00, 0x00, 0x00, 0x00, 0x00, 0x00, 0x00, 0x00, 0x00, 0x00, 0x00, 0x00,
  0x00, 0x00, 0x00, 0x00, 0x00, 0x00, 0x00, 0x00, 0x00, 0x00, 0x00, 0x01,
  0x00, 0x00, 0x00, 0x00, 0x00, 0x00, 0x00, 0x00, 0x00, 0x00, 0x00, 0x00,
  0x00, 0x00, 0x00, 0x00, 0x00, 0x00, 0x00, 0x00, 0x00, 0x00, 0x00, 0x00,
  0x00, 0x00, 0x00, 0x00, 0x00, 0x00, 0x00, 0x00, 0x00, 0x00, 0x00, 0x00,
  0x00, 0x00, 0x00, 0x00, 0x00, 0x00, 0x00, 0x00, 0x00, 0x00, 0x00, 0x00,
  0x00, 0x00, 0x00, 0x00, 0x00, 0x00, 0x00, 0x00, 0x00, 0x00, 0x00, 0x00,
  0x00, 0x00, 0x00, 0x00, 0x01, 0x02, 0x04, 0x09, 0x06, 0x00, 0x3b, 0xd1,
  0xfe, 0xf5, 0xf6, 0xf8, 0xf7, 0xf8, 0xf8, 0xf8, 0xf9, 0xf9, 0xfa, 0xfa,
  0xfa, 0xfb, 0xfb, 0xfb, 0xfb, 0xfb, 0xfb, 0xfb, 0xfb, 0xfb, 0xfa, 0xf9,
  0xf8, 0xf8, 0xf7, 0xf7, 0xf7, 0xf7, 0xf7, 0xf7, 0xf8, 0xf8, 0xf9, 0xf9,
  0xf9, 0xfb, 0xfa, 0xf5, 0xf0, 0xf8, 0xf6, 0x7c, 0x08, 0x02, 0x0a, 0x02,
  0x03, 0x02, 0x01, 0x02, 0x01, 0x00, 0x00, 0x00, 0x00, 0x00, 0x00, 0x00,
  0x00, 0x00, 0x00, 0x00, 0x00, 0x00, 0x00, 0x00, 0x00, 0x00, 0x00, 0x00,
  0x00, 0x00, 0x00, 0x00, 0x00, 0x00, 0x00, 0x00, 0x00, 0x00, 0x00, 0x00,
  0x00, 0x00, 0x00, 0x00, 0x00, 0x00, 0x00, 0x00, 0x00, 0x00, 0x00, 0x00,
  0x00, 0x01, 0x00, 0x00, 0x00, 0x00, 0x00, 0x00, 0x00, 0x00, 0x00, 0x00,
  0x00, 0x00, 0x00, 0x00, 0x00, 0x00, 0x00, 0x00, 0x00, 0x00, 0x00, 0x00,
  0x00, 0x00, 0x00, 0x00, 0x00, 0x00, 0x00, 0x00, 0x00, 0x00, 0x00, 0x00,
  0x00, 0x00, 0x00, 0x00, 0x00, 0x00, 0x00, 0x00, 0x00, 0x00, 0x00, 0x00,
  0x00, 0x00, 0x01, 0x00, 0x02, 0x02, 0x03, 0x09, 0x00, 0x79, 0xf4, 0xff,
  0xf2, 0xf3, 0xf6, 0xf9, 0xfb, 0xfa, 0xfa, 0xfa, 0xfa, 0xfa, 0xfa, 0xfb,
  0xfb, 0xfa, 0xfa, 0xfa, 0xf9, 0xfa, 0xfa, 0xfa, 0xfa, 0xfa, 0xfa, 0xfa,
  0xfa, 0xfa, 0xfa, 0xfa, 0xfa, 0xfa, 0xfa, 0xfa, 0xfa, 0xfa, 0xfa, 0xfa,
  0xfa, 0xfa, 0xfa, 0xfa, 0xfa, 0xfa, 0xfa, 0xfa, 0xfa, 0xfa, 0xfa, 0xfa,
  0xfa, 0xfa, 0xfa, 0xfa, 0xfa, 0xfa, 0xfa, 0xfa, 0xfa, 0xfa, 0xfa, 0xfa,
  0xfa, 0xfa, 0xfa, 0xfa, 0xfa, 0xfa, 0xfa, 0xfa, 0xfa, 0xfa, 0xfa, 0xfa,
  0xfa, 0xfa, 0xfa, 0xfa, 0xfa, 0xfa, 0xfa, 0xfa, 0xfa, 0xfa, 0xfa, 0xfa,
  0xfa, 0xfa, 0xfa, 0xfa, 0xfa, 0xfa, 0xfa, 0xfa, 0xfa, 0xfa, 0xfa, 0xfa,
  0xfa, 0xfa, 0xfa, 0xfa, 0xfa, 0xfa, 0xfa, 0xfa, 0xfa, 0xfa, 0xfa, 0xfa,
  0xfa, 0xfa, 0xfa, 0xfa, 0xfa, 0xfa, 0xfa, 0xfa, 0xfa, 0xfa, 0xfa, 0xfa,
  0xfa, 0xfa, 0xfa, 0xfa, 0xfa, 0xfa, 0xfa, 0xfa, 0xfa, 0xfa, 0xfa, 0xfa,
  0xfa, 0xfa, 0xfa, 0xfa, 0xfa, 0xfa, 0xfa, 0xfa, 0xfa, 0xfb, 0xfb, 0xfa,
  0xfa, 0xfa, 0xf9, 0xf7, 0xf4, 0xf0, 0xf7, 0xf8, 0x8b, 0x03, 0x06, 0x03,
  0x02, 0x02, 0x02, 0x02, 0x01, 0x01, 0x01, 0x00, 0x00, 0x00, 0x00, 0x00,
  0x00, 0x00, 0x00, 0x00, 0x00, 0x00, 0x00, 0x00, 0x00, 0x00, 0x00, 0x03,
  0x07, 0x09, 0x00, 0x0b, 0xc7, 0xfa, 0xf5, 0xf7, 0xf9, 0xfa, 0xfa, 0xfa,
  0xfa, 0xfa, 0xfa, 0xfa, 0xfa, 0xfa, 0xfa, 0xfa, 0xfa, 0xfa, 0xfa, 0xfa,
  0xfa, 0xfa, 0xfa, 0xfa, 0xfa, 0xfa, 0xfa, 0xfa, 0xfa, 0xfa, 0xfa, 0xfa,
  0xfa, 0xfa, 0xfa, 0xfa, 0xfa, 0xfa, 0xfa, 0xfa, 0xfa, 0xfa, 0xfa, 0xfa,
  0xfa, 0xfa, 0xfa, 0xfa, 0xfa, 0xfa, 0xfa, 0xfa, 0xfa, 0xfa, 0xfa, 0xfa,
  0xfa, 0xfa, 0xfa, 0xfa, 0xfa, 0xfa, 0xfb, 0xfb, 0xfa, 0xfa, 0xfa, 0xfa,
  0xfa, 0xfa, 0xfa, 0xfa, 0xfa, 0xfa, 0xfa, 0xfa, 0xfa, 0xfa, 0xfa, 0xfa,
  0xfa, 0xfa, 0xfa, 0xfa, 0xfa, 0xfa, 0xfa, 0xfa, 0xfa, 0xfb, 0xfb, 0xfa,
  0xfa, 0xfa, 0xfa, 0xfa, 0xfa, 0xfa, 0xfa, 0xfa, 0xfa, 0xfa, 0xfa, 0xfa,
  0xfa, 0xfa, 0xfa, 0xfa, 0xfa, 0xfa, 0xfa, 0xfa, 0xfa, 0xfa, 0xfa, 0xfa,
  0xfa, 0xfa, 0xfb, 0xfa, 0xf9, 0xf9, 0xf9, 0xf8, 0xf7, 0xf4, 0xf2, 0xf0,
  0xee, 0xec, 0xec, 0xf0, 0xf6, 0xfd, 0xff, 0xff, 0xff, 0xe7, 0xcc, 0xab,
  0x77, 0x3e, 0x12, 0x00, 0x00, 0x05, 0x08, 0x07, 0x03, 0x01, 0x00, 0x00,
  0x00, 0x00, 0x00, 0x00, 0x00, 0x00, 0x00, 0x00, 0x00, 0x00, 0x00, 0x00,
  0x00, 0x00, 0x00, 0x00, 0x00, 0x00, 0x00, 0x00, 0x00, 0x00, 0x00, 0x00,
  0x00, 0x00, 0x00, 0x00, 0x00, 0x00, 0x00, 0x00, 0x00, 0x00, 0x00, 0x00,
  0x00, 0x00, 0x00, 0x00, 0x00, 0x00, 0x00, 0x00, 0x00, 0x00, 0x00, 0x00,
  0x00, 0x00, 0x00, 0x00, 0x00, 0x00, 0x00, 0x00, 0x00, 0x00, 0x00, 0x00,
  0x00, 0x00, 0x00, 0x00, 0x00, 0x00, 0x01, 0x00, 0x00, 0x00, 0x00, 0x00,
  0x00, 0x00, 0x00, 0x00, 0x00, 0x00, 0x00, 0x00, 0x00, 0x00, 0x00, 0x00,
  0x00, 0x00, 0x00, 0x00, 0x00, 0x00, 0x00, 0x00, 0x00, 0x00, 0x00, 0x00,
  0x00, 0x00, 0x00, 0x00, 0x00, 0x00, 0x00, 0x00, 0x00, 0x00, 0x00, 0x00,
  0x00, 0x00, 0x00, 0x00, 0x01, 0x01, 0x02, 0x02, 0x06, 0x03, 0x01, 0x58,
  0xea, 0xfd, 0xf2, 0xf2, 0xf8, 0xfa, 0xfa, 0xf8, 0xf7, 0xf6, 0xf7, 0xf6,
  0xf6, 0xf7, 0xf8, 0xfa, 0xfa, 0xfb, 0xfb, 0xfb, 0xfb, 0xfb, 0xfb, 0xfb,
  0xfb, 0xfb, 0xfa, 0xfa, 0xf9, 0xfa, 0xfa, 0xfa, 0xf9, 0xf9, 0xf9, 0xf9,
  0xfa, 0xfa, 0xf9, 0xf9, 0xfa, 0xf9, 0xfa, 0xf3, 0x6e, 0x05, 0x03, 0x0a,
  0x05, 0x02, 0x00, 0x00, 0x00, 0x00, 0x00, 0x00, 0x00, 0x00, 0x00, 0x00,
  0x00, 0x00, 0x00, 0x00, 0x00, 0x00, 0x00, 0x00, 0x00, 0x00, 0x00, 0x00,
  0x00, 0x00, 0x00, 0x00, 0x00, 0x00, 0x00, 0x00, 0x00, 0x00, 0x00, 0x00,
  0x00, 0x00, 0x00, 0x00, 0x00, 0x00, 0x00, 0x00, 0x00, 0x00, 0x00, 0x00,
  0x00, 0x00, 0x00, 0x00, 0x00, 0x00, 0x00, 0x00, 0x00, 0x00, 0x00, 0x00,
  0x00, 0x00, 0x00, 0x00, 0x00, 0x00, 0x00, 0x00, 0x00, 0x01, 0x00, 0x00,
  0x00, 0x00, 0x00, 0x00, 0x00, 0x00, 0x00, 0x00, 0x00, 0x00, 0x00, 0x00,
  0x00, 0x00, 0x00, 0x00, 0x00, 0x00, 0x00, 0x00, 0x00, 0x00, 0x00, 0x00,
  0x00, 0x00, 0x00, 0x00, 0x00, 0x00, 0x00, 0x00, 0x00, 0x00, 0x00, 0x00,
  0x00, 0x00, 0x00, 0x00, 0x00, 0x00, 0x01, 0x00, 0x00, 0x00, 0x00, 0x00,
  0x00, 0x00, 0x00, 0x00, 0x00, 0x00, 0x00, 0x00, 0x00, 0x00, 0x00, 0x00,
  0x00, 0x00, 0x00, 0x00, 0x00, 0x00, 0x00, 0x00, 0x00, 0x00, 0x00, 0x00,
  0x00, 0x00, 0x00, 0x00, 0x00, 0x00, 0x00, 0x00, 0x00, 0x00, 0x00, 0x00,
  0x00, 0x00, 0x00, 0x00, 0x00, 0x00, 0x00, 0x00, 0x00, 0x00, 0x00, 0x00,
  0x00, 0x00, 0x00, 0x00, 0x00, 0x00, 0x00, 0x00, 0x00, 0x01, 0x01, 0x02,
  0x06, 0x09, 0x00, 0x15, 0x9a, 0xfc, 0xf7, 0xf6, 0xf8, 0xf8, 0xf8, 0xf8,
  0xf8, 0xf9, 0xf9, 0xfb, 0xfb, 0xfb, 0xfb, 0xfa, 0xfa, 0xfa, 0xfa, 0xfa,
  0xfa, 0xfa, 0xfa, 0xfb, 0xfa, 0xf9, 0xf8, 0xf9, 0xf8, 0xf8, 0xf8, 0xf8,
  0xf8, 0xf8, 0xf8, 0xf9, 0xf9, 0xf9, 0xfa, 0xfb, 0xfa, 0xf7, 0xf3, 0xf4,
  0xfc, 0xe1, 0x3e, 0x00, 0x09, 0x05, 0x04, 0x04, 0x03, 0x02, 0x01, 0x00,
  0x00, 0x00, 0x00, 0x00, 0x00, 0x00, 0x00, 0x00, 0x00, 0x00, 0x00, 0x00,
  0x00, 0x00, 0x00, 0x00, 0x00, 0x00, 0x00, 0x00, 0x00, 0x00, 0x00, 0x00,
  0x00, 0x00, 0x00, 0x00, 0x00, 0x00, 0x00, 0x00, 0x00, 0x00, 0x00, 0x00,
  0x00, 0x00, 0x00, 0x00, 0x00, 0x00, 0x01, 0x00, 0x00, 0x00, 0x00, 0x00,
  0x00, 0x00, 0x00, 0x00, 0x00, 0x00, 0x00, 0x00, 0x00, 0x00, 0x00, 0x01,
  0x00, 0x00, 0x00, 0x00, 0x00, 0x00, 0x00, 0x00, 0x00, 0x00, 0x00, 0x00,
  0x00, 0x00, 0x00, 0x00, 0x00, 0x00, 0x00, 0x00, 0x00, 0x00, 0x00, 0x00,
  0x00, 0x00, 0x00, 0x00, 0x01, 0x00, 0x00, 0x00, 0x01, 0x01, 0x02, 0x03,
  0x03, 0x09, 0x00, 0x7a, 0xf4, 0xfe, 0xf3, 0xf4, 0xf7, 0xf9, 0xfa, 0xfb,
  0xfa, 0xfa, 0xfa, 0xf9, 0xf9, 0xfa, 0xfb, 0xfb, 0xfb, 0xfb, 0xfb, 0xfb,
  0xfb, 0xfb, 0xfa, 0xfb, 0xfb, 0xfb, 0xfa, 0xfb, 0xfb, 0xfa, 0xfa, 0xfb,
  0xfb, 0xfb, 0xfb, 0xfb, 0xfb, 0xfb, 0xfb, 0xfb, 0xfb, 0xfb, 0xfb, 0xfb,
  0xfb, 0xfb, 0xfb, 0xfb, 0xfb, 0xfb, 0xfb, 0xfb, 0xfb, 0xfa, 0xfa, 0xfa,
  0xfa, 0xfb, 0xfb, 0xfb, 0xfb, 0xfb, 0xfb, 0xfb, 0xfb, 0xfb, 0xfb, 0xfb,
  0xfb, 0xfb, 0xfb, 0xfb, 0xfb, 0xfb, 0xfa, 0xfa, 0xfb, 0xfb, 0xfb, 0xfb,
  0xfa, 0xfa, 0xfa, 0xfa, 0xfa, 0xfa, 0xfa, 0xfa, 0xfb, 0xfb, 0xfb, 0xfa,
  0xfa, 0xfa, 0xfb, 0xfa, 0xfb, 0xfb, 0xfa, 0xfa, 0xfb, 0xfb, 0xfb, 0xfb,
  0xfb, 0xfb, 0xfb, 0xfb, 0xfb, 0xfb, 0xfb, 0xfb, 0xfb, 0xfb, 0xfb, 0xfb,
  0xfb, 0xfb, 0xfa, 0xfa, 0xfa, 0xfb, 0xfb, 0xfb, 0xfa, 0xfa, 0xfa, 0xfb,
  0xfb, 0xfb, 0xfb, 0xfb, 0xfb, 0xfa, 0xfa, 0xfa, 0xfb, 0xfa, 0xfa, 0xfa,
  0xfb, 0xfb, 0xfa, 0xfb, 0xfc, 0xfb, 0xfb, 0xfa, 0xf9, 0xf7, 0xf3, 0xf0,
  0xff, 0xc7, 0x33, 0x01, 0x08, 0x02, 0x01, 0x00, 0x01, 0x01, 0x01, 0x00,
  0x01, 0x00, 0x00, 0x00, 0x00, 0x00, 0x00, 0x00, 0x00, 0x00, 0x00, 0x00,
  0x00, 0x00, 0x00, 0x00, 0x00, 0x03, 0x07, 0x09, 0x00, 0x0d, 0xc8, 0xfa,
  0xf7, 0xf7, 0xf9, 0xfa, 0xfb, 0xfb, 0xfa, 0xfb, 0xfa, 0xfa, 0xfb, 0xfb,
  0xfb, 0xfb, 0xfb, 0xfb, 0xfb, 0xfb, 0xfb, 0xfb, 0xfb, 0xfb, 0xfb, 0xfb,
  0xfa, 0xfa, 0xfa, 0xfa, 0xfb, 0xfb, 0xfb, 0xfb, 0xfb, 0xfb, 0xfb, 0xfb,
  0xfb, 0xfb, 0xfa, 0xfa, 0xfa, 0xfa, 0xfb, 0xfb, 0xfb, 0xfb, 0xfb, 0xfb,
  0xfb, 0xfb, 0xfb, 0xfb, 0xfb, 0xfb, 0xfb, 0xfb, 0xfb, 0xfb, 0xfb, 0xfa,
  0xfb, 0xfb, 0xfa, 0xfb, 0xfb, 0xfb, 0xfb, 0xfb, 0xfa, 0xfa, 0xfa, 0xfb,
  0xfb, 0xfb, 0xfb, 0xfb, 0xfb, 0xfa, 0xfb, 0xfb, 0xfa, 0xfb, 0xfb, 0xfb,
  0xfb, 0xfb, 0xfa, 0xfb, 0xfb, 0xfb, 0xfb, 0xfb, 0xfb, 0xfa, 0xfb, 0xfb,
  0xfb, 0xfb, 0xfb, 0xfb, 0xfb, 0xfb, 0xfb, 0xfb, 0xfb, 0xfb, 0xfb, 0xfb,
  0xfb, 0xfb, 0xfb, 0xfb, 0xfb, 0xfb, 0xfb, 0xfb, 0xfa, 0xfb, 0xfb, 0xfb,
  0xfa, 0xfa, 0xfa, 0xfa, 0xfa, 0xf8, 0xf7, 0xf6, 0xf5, 0xf4, 0xf1, 0xf0,
  0xf0, 0xf3, 0xf9, 0xfe, 0xff, 0xff, 0xf3, 0xca, 0x90, 0x47, 0x13, 0x00,
  0x00, 0x06, 0x06, 0x04, 0x01, 0x00, 0x00, 0x00, 0x00, 0x00, 0x00, 0x01,
  0x00, 0x00, 0x00, 0x00, 0x00, 0x00, 0x00, 0x00, 0x00, 0x00, 0x00, 0x00,
  0x00, 0x00, 0x00, 0x00, 0x00, 0x00, 0x00, 0x00, 0x00, 0x00, 0x00, 0x00,
  0x00, 0x00, 0x00, 0x00, 0x00, 0x00, 0x00, 0x00, 0x00, 0x00, 0x00, 0x00,
  0x00, 0x00, 0x00, 0x00, 0x00, 0x00, 0x00, 0x00, 0x00, 0x00, 0x00, 0x00,
  0x00, 0x00, 0x00, 0x00, 0x00, 0x00, 0x00, 0x00, 0x00, 0x00, 0x00, 0x01,
  0x00, 0x00, 0x00, 0x00, 0x00, 0x00, 0x00, 0x00, 0x00, 0x00, 0x00, 0x00,
  0x00, 0x00, 0x00, 0x00, 0x00, 0x00, 0x00, 0x00, 0x00, 0x00, 0x00, 0x00,
  0x00, 0x00, 0x00, 0x00, 0x00, 0x00, 0x00, 0x00, 0x00, 0x00, 0x00, 0x00,
  0x00, 0x00, 0x00, 0x00, 0x00, 0x00, 0x00, 0x01, 0x01, 0x01, 0x01, 0x03,
  0x03, 0x04, 0x07, 0x00, 0x1f, 0xbb, 0xfc, 0xfa, 0xf4, 0xf5, 0xf8, 0xfa,
  0xfa, 0xf8, 0xf7, 0xf7, 0xf7, 0xf7, 0xf7, 0xf8, 0xf9, 0xfb, 0xfb, 0xfa,
  0xfa, 0xfa, 0xfa, 0xfa, 0xfa, 0xfa, 0xfa, 0xfa, 0xfb, 0xfb, 0xfb, 0xfb,
  0xfa, 0xfb, 0xfa, 0xfa, 0xf9, 0xfa, 0xfb, 0xfa, 0xfa, 0xfa, 0xfb, 0xf9,
  0xf8, 0xfe, 0xc3, 0x31, 0x00, 0x06, 0x06, 0x01, 0x00, 0x00, 0x00, 0x00,
  0x00, 0x00, 0x00, 0x00, 0x00, 0x00, 0x00, 0x00, 0x00, 0x01, 0x00, 0x00,
  0x00, 0x00, 0x00, 0x00, 0x00, 0x00, 0x00, 0x00, 0x00, 0x00, 0x00, 0x00,
  0x00, 0x00, 0x00, 0x00, 0x00, 0x00, 0x00, 0x00, 0x00, 0x00, 0x00, 0x00,
  0x00, 0x00, 0x00, 0x00, 0x00, 0x00, 0x00, 0x00, 0x00, 0x00, 0x00, 0x00,
  0x00, 0x00, 0x00, 0x00, 0x00, 0x00, 0x00, 0x00, 0x00, 0x00, 0x00, 0x00,
  0x00, 0x00, 0x00, 0x00, 0x00, 0x00, 0x00, 0x00, 0x00, 0x00, 0x00, 0x00,
  0x00, 0x00, 0x00, 0x00, 0x00, 0x00, 0x00, 0x00, 0x00, 0x00, 0x00, 0x00,
  0x00, 0x00, 0x00, 0x00, 0x00, 0x00, 0x00, 0x00, 0x00, 0x00, 0x00, 0x00,
  0x00, 0x00, 0x00, 0x00, 0x00, 0x00, 0x00, 0x00, 0x00, 0x00, 0x00, 0x00,
  0x00, 0x00, 0x00, 0x00, 0x00, 0x00, 0x00, 0x00, 0x00, 0x00, 0x00, 0x00,
  0x00, 0x00, 0x00, 0x00, 0x00, 0x00, 0x00, 0x00, 0x00, 0x00, 0x00, 0x00,
  0x00, 0x00, 0x00, 0x00, 0x00, 0x00, 0x00, 0x00, 0x00, 0x00, 0x00, 0x00,
  0x00, 0x00, 0x00, 0x00, 0x00, 0x00, 0x00, 0x00, 0x00, 0x00, 0x00, 0x00,
  0x00, 0x00, 0x00, 0x00, 0x00, 0x00, 0x00, 0x00, 0x00, 0x00, 0x00, 0x00,
  0x00, 0x01, 0x01, 0x01, 0x02, 0x02, 0x07, 0x03, 0x01, 0x56, 0xe5, 0xfd,
  0xf4, 0xf7, 0xf9, 0xf9, 0xf9, 0xf9, 0xf9, 0xfa, 0xfa, 0xfa, 0xfa, 0xfa,
  0xfa, 0xfb, 0xfb, 0xfb, 0xfb, 0xfb, 0xfb, 0xfb, 0xfa, 0xfb, 0xfa, 0xf9,
  0xf9, 0xf8, 0xf8, 0xf8, 0xf8, 0xf7, 0xf7, 0xf8, 0xf9, 0xf8, 0xf8, 0xf9,
  0xfa, 0xfb, 0xfa, 0xf9, 0xf9, 0xf9, 0xfb, 0xff, 0x9d, 0x15, 0x00, 0x0c,
  0x04, 0x04, 0x03, 0x02, 0x01, 0x01, 0x01, 0x00, 0x00, 0x00, 0x00, 0x00,
  0x00, 0x00, 0x00, 0x00, 0x00, 0x00, 0x00, 0x00, 0x00, 0x00, 0x00, 0x00,
  0x00, 0x00, 0x00, 0x00, 0x00, 0x00, 0x00, 0x00, 0x00, 0x00, 0x00, 0x00,
  0x00, 0x00, 0x00, 0x00, 0x00, 0x00, 0x00, 0x00, 0x00, 0x00, 0x00, 0x00,
  0x00, 0x00, 0x00, 0x00, 0x00, 0x00, 0x00, 0x00, 0x00, 0x00, 0x00, 0x00,
  0x00, 0x00, 0x00, 0x00, 0x00, 0x00, 0x01, 0x00, 0x00, 0x00, 0x00, 0x00,
  0x00, 0x00, 0x00, 0x00, 0x00, 0x00, 0x00, 0x00, 0x00, 0x00, 0x00, 0x00,
  0x00, 0x00, 0x00, 0x00, 0x00, 0x00, 0x00, 0x00, 0x00, 0x00, 0x00, 0x00,
  0x01, 0x00, 0x01, 0x02, 0x03, 0x03, 0x03, 0x0a, 0x00, 0x7a, 0xf4, 0xff,
  0xf5, 0xf7, 0xf9, 0xfa, 0xf9, 0xfa, 0xf9, 0xf9, 0xf9, 0xfa, 0xfa, 0xfa,
  0xfb, 0xfa, 0xfa, 0xfa, 0xfa, 0xfa, 0xfa, 0xfa, 0xfb, 0xfb, 0xfb, 0xfb,
  0xfb, 0xfb, 0xfb, 0xfb, 0xfb, 0xfb, 0xfa, 0xfa, 0xfa, 0xfa, 0xfa, 0xfa,
  0xfa, 0xfa, 0xfa, 0xfa, 0xfa, 0xfa, 0xfa, 0xfa, 0xfa, 0xfa, 0xfa, 0xfa,
  0xfa, 0xfa, 0xfa, 0xfb, 0xfb, 0xfb, 0xfb, 0xfb, 0xfa, 0xfa, 0xfa, 0xfa,
  0xfa, 0xfa, 0xfa, 0xfa, 0xfa, 0xfa, 0xfa, 0xfa, 0xfa, 0xfa, 0xfa, 0xfa,
  0xfb, 0xfb, 0xfb, 0xfa, 0xfa, 0xfa, 0xfb, 0xfb, 0xfb, 0xfb, 0xfb, 0xfb,
  0xfb, 0xfb, 0xfa, 0xfa, 0xfa, 0xfb, 0xfb, 0xfb, 0xfb, 0xfb, 0xfb, 0xfb,
  0xfb, 0xfb, 0xfb, 0xfa, 0xfa, 0xfa, 0xfa, 0xfa, 0xfa, 0xfa, 0xfa, 0xfa,
  0xfa, 0xfa, 0xfa, 0xfa, 0xfa, 0xfa, 0xfa, 0xfa, 0xfb, 0xfb, 0xfb, 0xfa,
  0xfa, 0xfb, 0xfb, 0xfb, 0xfb, 0xfb, 0xfa, 0xfa, 0xfa, 0xfa, 0xfa, 0xfb,
  0xfb, 0xfb, 0xfb, 0xfb, 0xfb, 0xfa, 0xfb, 0xfb, 0xfa, 0xfb, 0xfb, 0xfa,
  0xfa, 0xfa, 0xf9, 0xf8, 0xf4, 0xf8, 0xf2, 0x74, 0x00, 0x06, 0x04, 0x04,
  0x01, 0x00, 0x00, 0x00, 0x01, 0x01, 0x01, 0x00, 0x00, 0x00, 0x00, 0x00,
  0x00, 0x00, 0x00, 0x00, 0x00, 0x00, 0x00, 0x00, 0x00, 0x00, 0x00, 0x03,
  0x07, 0x09, 0x00, 0x0e, 0xc9, 0xfc, 0xf8, 0xf8, 0xfb, 0xfb, 0xfb, 0xfb,
  0xfb, 0xfb, 0xfb, 0xfb, 0xfa, 0xfa, 0xfa, 0xfa, 0xfa, 0xfa, 0xfa, 0xfb,
  0xfa, 0xfa, 0xfa, 0xfa, 0xfa, 0xfa, 0xfb, 0xfb, 0xfb, 0xfb, 0xfa, 0xfa,
  0xfa, 0xfa, 0xfa, 0xfa, 0xfa, 0xfa, 0xfa, 0xfa, 0xfb, 0xfb, 0xfb, 0xfb,
  0xfa, 0xfa, 0xfa, 0xfa, 0xfa, 0xfa, 0xfa, 0xfa, 0xfa, 0xfa, 0xfa, 0xfa,
  0xfa, 0xfa, 0xfa, 0xfa, 0xfa, 0xfa, 0xfb, 0xfb, 0xfa, 0xfa, 0xfa, 0xfa,
  0xfa, 0xfb, 0xfb, 0xfb, 0xfb, 0xfb, 0xfa, 0xfa, 0xfa, 0xfa, 0xfa, 0xfb,
  0xfb, 0xfc, 0xfb, 0xfa, 0xfa, 0xfa, 0xfa, 0xfb, 0xfb, 0xfb, 0xfc, 0xfc,
  0xfc, 0xfc, 0xfc, 0xfb, 0xfa, 0xfa, 0xfa, 0xfa, 0xfa, 0xfa, 0xfa, 0xfa,
  0xfa, 0xfa, 0xfa, 0xfa, 0xfa, 0xfa, 0xfa, 0xfa, 0xfa, 0xfa, 0xfa, 0xfa,
  0xfa, 0xfb, 0xfb, 0xfb, 0xfc, 0xfd, 0xfc, 0xfb, 0xfb, 0xfa, 0xf9, 0xf8,
  0xf7, 0xf6, 0xf6, 0xf7, 0xf7, 0xf9, 0xfa, 0xf9, 0xf6, 0xf4, 0xf0, 0xf1,
  0xf9, 0xff, 0xff, 0xd5, 0x92, 0x48, 0x0e, 0x00, 0x00, 0x04, 0x06, 0x03,
  0x02, 0x02, 0x01, 0x01, 0x00, 0x00, 0x00, 0x00, 0x00, 0x00, 0x00, 0x00,
  0x00, 0x00, 0x00, 0x00, 0x00, 0x00, 0x00, 0x00, 0x00, 0x00, 0x00, 0x00,
  0x00, 0x00, 0x00, 0x00, 0x00, 0x00, 0x00, 0x00, 0x00, 0x00, 0x00, 0x00,
  0x00, 0x00, 0x00, 0x00, 0x00, 0x00, 0x00, 0x00, 0x00, 0x00, 0x00, 0x00,
  0x00, 0x00, 0x00, 0x00, 0x00, 0x00, 0x00, 0x00, 0x00, 0x00, 0x00, 0x00,
  0x00, 0x00, 0x00, 0x00, 0x01, 0x00, 0x00, 0x00, 0x00, 0x00, 0x00, 0x00,
  0x00, 0x00, 0x00, 0x00, 0x00, 0x00, 0x00, 0x00, 0x00, 0x00, 0x00, 0x00,
  0x00, 0x00, 0x00, 0x00, 0x00, 0x00, 0x00, 0x00, 0x00, 0x00, 0x00, 0x00,
  0x00, 0x00, 0x00, 0x00, 0x00, 0x00, 0x00, 0x00, 0x00, 0x00, 0x00, 0x00,
  0x01, 0x00, 0x01, 0x03, 0x03, 0x04, 0x04, 0x0a, 0x02, 0x04, 0x6f, 0xf4,
  0xfd, 0xfa, 0xfa, 0xfa, 0xfa, 0xfa, 0xfa, 0xf8, 0xf8, 0xf8, 0xf8, 0xf8,
  0xf8, 0xf9, 0xfa, 0xfa, 0xfa, 0xfb, 0xfa, 0xfa, 0xfa, 0xfa, 0xfa, 0xfa,
  0xfb, 0xfb, 0xfa, 0xfa, 0xfa, 0xfb, 0xfb, 0xfb, 0xfb, 0xfa, 0xf9, 0xfa,
  0xfb, 0xfb, 0xfc, 0xfc, 0xfb, 0xf9, 0xf4, 0xf4, 0xf7, 0x80, 0x0b, 0x00,
  0x05, 0x01, 0x00, 0x00, 0x01, 0x00, 0x00, 0x00, 0x00, 0x00, 0x00, 0x00,
  0x00, 0x00, 0x00, 0x01, 0x00, 0x00, 0x00, 0x00, 0x00, 0x00, 0x00, 0x00,
  0x00, 0x00, 0x00, 0x00, 0x00, 0x00, 0x00, 0x00, 0x00, 0x00, 0x00, 0x00,
  0x00, 0x00, 0x00, 0x00, 0x00, 0x00, 0x00, 0x00, 0x00, 0x00, 0x00, 0x00,
  0x00, 0x00, 0x00, 0x00, 0x00, 0x00, 0x00, 0x00, 0x00, 0x00, 0x00, 0x00,
  0x00, 0x00, 0x00, 0x00, 0x00, 0x00, 0x00, 0x00, 0x00, 0x00, 0x00, 0x00,
  0x00, 0x00, 0x00, 0x00, 0x00, 0x00, 0x00, 0x00, 0x00, 0x00, 0x00, 0x00,
  0x00, 0x00, 0x00, 0x00, 0x00, 0x00, 0x00, 0x00, 0x00, 0x00, 0x00, 0x00,
  0x00, 0x00, 0x00, 0x00, 0x00, 0x00, 0x00, 0x00, 0x00, 0x00, 0x00, 0x00,
  0x00, 0x00, 0x00, 0x00, 0x00, 0x00, 0x00, 0x00, 0x00, 0x00, 0x00, 0x00,
  0x00, 0x00, 0x00, 0x00, 0x00, 0x00, 0x00, 0x00, 0x00, 0x00, 0x00, 0x00,
  0x00, 0x00, 0x00, 0x00, 0x00, 0x00, 0x00, 0x00, 0x00, 0x00, 0x00, 0x00,
  0x00, 0x00, 0x00, 0x00, 0x00, 0x00, 0x00, 0x00, 0x00, 0x00, 0x00, 0x00,
  0x00, 0x00, 0x00, 0x00, 0x00, 0x00, 0x00, 0x00, 0x00, 0x00, 0x00, 0x00,
  0x00, 0x00, 0x00, 0x00, 0x00, 0x00, 0x00, 0x00, 0x01, 0x02, 0x03, 0x04,
  0x05, 0x00, 0x1f, 0xa9, 0xff, 0xf9, 0xf7, 0xf7, 0xf9, 0xfb, 0xfa, 0xfa,
  0xfa, 0xfa, 0xfb, 0xfb, 0xfb, 0xfb, 0xfb, 0xfc, 0xfd, 0xfd, 0xfd, 0xfc,
  0xfc, 0xfb, 0xfb, 0xfb, 0xfb, 0xfa, 0xf9, 0xf9, 0xf9, 0xf9, 0xf9, 0xf8,
  0xf8, 0xf8, 0xf9, 0xf9, 0xf9, 0xf9, 0xfa, 0xfa, 0xfb, 0xfc, 0xfb, 0xfd,
  0xfc, 0xfd, 0xed, 0x57, 0x02, 0x09, 0x08, 0x04, 0x03, 0x02, 0x02, 0x02,
  0x01, 0x00, 0x00, 0x00, 0x00, 0x00, 0x00, 0x00, 0x00, 0x00, 0x00, 0x00,
  0x00, 0x00, 0x00, 0x00, 0x00, 0x00, 0x00, 0x00, 0x00, 0x00, 0x00, 0x00,
  0x00, 0x00, 0x00, 0x00, 0x00, 0x00, 0x00, 0x00, 0x00, 0x00, 0x00, 0x00,
  0x00, 0x00, 0x00, 0x00, 0x00, 0x00, 0x00, 0x00, 0x00, 0x00, 0x00, 0x00,
  0x00, 0x00, 0x00, 0x00, 0x00, 0x00, 0x00, 0x00, 0x00, 0x00, 0x00, 0x00,
  0x00, 0x00, 0x00, 0x00, 0x00, 0x00, 0x00, 0x00, 0x00, 0x00, 0x00, 0x00,
  0x00, 0x00, 0x00, 0x00, 0x00, 0x00, 0x00, 0x00, 0x00, 0x00, 0x00, 0x00,
  0x00, 0x00, 0x00, 0x00, 0x00, 0x00, 0x01, 0x00, 0x01, 0x02, 0x02, 0x02,
  0x03, 0x09, 0x00, 0x7b, 0xf4, 0xff, 0xf6, 0xf8, 0xf9, 0xfa, 0xfa, 0xfa,
  0xfa, 0xfa, 0xfa, 0xfa, 0xfb, 0xfb, 0xfa, 0xfb, 0xfa, 0xfb, 0xfb, 0xfb,
  0xfa, 0xfb, 0xfc, 0xfc, 0xfc, 0xfc, 0xfc, 0xfc, 0xfc, 0xfc, 0xfc, 0xfb,
  0xfb, 0xfb, 0xfb, 0xfb, 0xfb, 0xfb, 0xfb, 0xfb, 0xfb, 0xfb, 0xfb, 0xfb,
  0xfb, 0xfb, 0xfb, 0xfb, 0xfb, 0xfb, 0xfb, 0xfb, 0xfb, 0xfb, 0xfc, 0xfc,
  0xfc, 0xfb, 0xfb, 0xfb, 0xfb, 0xfb, 0xfb, 0xfb, 0xfb, 0xfb, 0xfb, 0xfb,
  0xfb, 0xfb, 0xfb, 0xfb, 0xfb, 0xfb, 0xfc, 0xfc, 0xfc, 0xfb, 0xfb, 0xfa,
  0xfb, 0xfc, 0xfc, 0xfc, 0xfc, 0xfc, 0xfc, 0xfb, 0xfb, 0xfa, 0xfb, 0xfc,
  0xfc, 0xfc, 0xfb, 0xfd, 0xfc, 0xfc, 0xfc, 0xfc, 0xfb, 0xfb, 0xfb, 0xfb,
  0xfb, 0xfb, 0xfb, 0xfb, 0xfb, 0xfb, 0xfb, 0xfb, 0xfb, 0xfb, 0xfb, 0xfb,
  0xfb, 0xfb, 0xfc, 0xfc, 0xfc, 0xfb, 0xfa, 0xfb, 0xfc, 0xfc, 0xfc, 0xfb,
  0xfb, 0xfb, 0xfb, 0xfb, 0xfb, 0xfc, 0xfc, 0xfc, 0xfc, 0xfc, 0xfc, 0xfc,
  0xfc, 0xfc, 0xfc, 0xfc, 0xfc, 0xfb, 0xfb, 0xfa, 0xfa, 0xf7, 0xf6, 0xff,
  0xaf, 0x25, 0x02, 0x06, 0x04, 0x03, 0x00, 0x00, 0x00, 0x00, 0x00, 0x00,
  0x00, 0x00, 0x00, 0x00, 0x00, 0x00, 0x00, 0x00, 0x00, 0x00, 0x00, 0x00,
  0x00, 0x00, 0x00, 0x00, 0x00, 0x02, 0x06, 0x09, 0x00, 0x0f, 0xcc, 0xfc,
  0xf9, 0xfa, 0xfc, 0xfc, 0xfb, 0xfb, 0xfc, 0xfc, 0xfc, 0xfb, 0xfa, 0xfa,
  0xfa, 0xf9, 0xfa, 0xfa, 0xfa, 0xfb, 0xfb, 0xfb, 0xfb, 0xfb, 0xfa, 0xfb,
  0xfc, 0xfc, 0xfc, 0xfc, 0xfb, 0xfb, 0xfb, 0xfb, 0xfb, 0xfb, 0xfb, 0xfb,
  0xfb, 0xfb, 0xfc, 0xfc, 0xfc, 0xfc, 0xfb, 0xfb, 0xfb, 0xfb, 0xfb, 0xfb,
  0xfb, 0xfb, 0xfb, 0xfb, 0xfb, 0xfb, 0xfb, 0xfb, 0xfb, 0xfb, 0xfb, 0xfb,
  0xfc, 0xfc, 0xfb, 0xfb, 0xfb, 0xfa, 0xfb, 0xfc, 0xfc, 0xfc, 0xfc, 0xfb,
  0xfa, 0xfb, 0xfb, 0xfb, 0xfb, 0xfc, 0xfc, 0xfb, 0xfc, 0xfb, 0xfb, 0xfb,
  0xfb, 0xfb, 0xfc, 0xfc, 0xfc, 0xfb, 0xfb, 0xfb, 0xfc, 0xfc, 0xfb, 0xfb,
  0xfb, 0xfb, 0xfb, 0xfb, 0xfa, 0xfb, 0xfb, 0xfb, 0xfb, 0xfa, 0xfb, 0xfa,
  0xfa, 0xfa, 0xfa, 0xfa, 0xfb, 0xfb, 0xfa, 0xfb, 0xfc, 0xfc, 0xfd, 0xfc,
  0xfc, 0xfc, 0xfd, 0xfc, 0xfb, 0xf9, 0xf8, 0xf7, 0xf7, 0xf6, 0xf7, 0xf8,
  0xf9, 0xfa, 0xfb, 0xfa, 0xf8, 0xf3, 0xf1, 0xf3, 0xf8, 0xff, 0xff, 0xda,
  0x88, 0x3b, 0x07, 0x00, 0x05, 0x05, 0x03, 0x01, 0x02, 0x01, 0x00, 0x00,
  0x00, 0x00, 0x00, 0x00, 0x00, 0x00, 0x00, 0x00, 0x00, 0x00, 0x00, 0x00,
  0x00, 0x00, 0x00, 0x00, 0x00, 0x00, 0x00, 0x00, 0x00, 0x00, 0x00, 0x00,
  0x00, 0x00, 0x00, 0x00, 0x00, 0x00, 0x00, 0x00, 0x00, 0x00, 0x00, 0x00,
  0x00, 0x00, 0x00, 0x00, 0x00, 0x00, 0x00, 0x00, 0x00, 0x00, 0x00, 0x00,
  0x00, 0x00, 0x00, 0x00, 0x00, 0x00, 0x00, 0x00, 0x00, 0x00, 0x00, 0x00,
  0x00, 0x00, 0x00, 0x00, 0x00, 0x00, 0x00, 0x00, 0x00, 0x00, 0x00, 0x00,
  0x00, 0x00, 0x00, 0x00, 0x00, 0x00, 0x00, 0x00, 0x00, 0x00, 0x00, 0x00,
  0x00, 0x00, 0x00, 0x00, 0x00, 0x00, 0x00, 0x00, 0x00, 0x00, 0x00, 0x00,
  0x00, 0x00, 0x00, 0x00, 0x00, 0x01, 0x00, 0x01, 0x01, 0x02, 0x04, 0x05,
  0x08, 0x0b, 0x00, 0x36, 0xcf, 0xfe, 0xfb, 0xfc, 0xfd, 0xfd, 0xfc, 0xfb,
  0xfa, 0xf9, 0xf9, 0xf9, 0xf9, 0xf9, 0xf9, 0xf9, 0xf9, 0xf9, 0xfa, 0xfb,
  0xfb, 0xfb, 0xfb, 0xfb, 0xfb, 0xfb, 0xfb, 0xfb, 0xfa, 0xfb, 0xfb, 0xfc,
  0xfc, 0xfc, 0xfc, 0xfc, 0xfb, 0xfb, 0xfc, 0xfc, 0xfd, 0xfe, 0xfb, 0xf8,
  0xf7, 0xf2, 0xfd, 0xcd, 0x3a, 0x00, 0x03, 0x03, 0x01, 0x02, 0x00, 0x00,
  0x00, 0x00, 0x00, 0x00, 0x00, 0x00, 0x00, 0x00, 0x00, 0x01, 0x00, 0x00,
  0x00, 0x00, 0x00, 0x00, 0x00, 0x00, 0x00, 0x00, 0x00, 0x00, 0x00, 0x00,
  0x00, 0x00, 0x00, 0x00, 0x00, 0x00, 0x00, 0x00, 0x00, 0x00, 0x00, 0x00,
  0x00, 0x00, 0x00, 0x00, 0x00, 0x00, 0x00, 0x00, 0x00, 0x00, 0x00, 0x00,
  0x00, 0x00, 0x00, 0x00, 0x00, 0x00, 0x00, 0x00, 0x00, 0x00, 0x00, 0x00,
  0x00, 0x00, 0x00, 0x00, 0x00, 0x00, 0x00, 0x00, 0x00, 0x00, 0x00, 0x00,
  0x00, 0x00, 0x00, 0x00, 0x00, 0x01, 0x00, 0x00, 0x00, 0x00, 0x00, 0x00,
  0x00, 0x00, 0x00, 0x00, 0x00, 0x00, 0x00, 0x00, 0x00, 0x00, 0x00, 0x00,
  0x00, 0x00, 0x00, 0x00, 0x00, 0x00, 0x00, 0x00, 0x00, 0x00, 0x00, 0x00,
  0x00, 0x00, 0x00, 0x00, 0x00, 0x00, 0x00, 0x00, 0x00, 0x00, 0x00, 0x00,
  0x00, 0x00, 0x00, 0x00, 0x00, 0x00, 0x00, 0x00, 0x00, 0x00, 0x00, 0x00,
  0x00, 0x00, 0x00, 0x00, 0x00, 0x00, 0x00, 0x00, 0x00, 0x00, 0x00, 0x00,
  0x00, 0x00, 0x00, 0x00, 0x00, 0x00, 0x00, 0x00, 0x00, 0x00, 0x00, 0x00,
  0x00, 0x00, 0x00, 0x00, 0x00, 0x00, 0x00, 0x00, 0x00, 0x00, 0x00, 0x00,
  0x00, 0x00, 0x01, 0x03, 0x04, 0x09, 0x02, 0x05, 0x67, 0xeb, 0xf9, 0xf6,
  0xfa, 0xfa, 0xfa, 0xfb, 0xfb, 0xfb, 0xfb, 0xfa, 0xfb, 0xfc, 0xfc, 0xfc,
  0xfc, 0xfb, 0xfc, 0xfc, 0xfc, 0xfc, 0xfb, 0xfc, 0xfc, 0xfb, 0xfa, 0xfa,
  0xf9, 0xfa, 0xfa, 0xfa, 0xf8, 0xf9, 0xf9, 0xf8, 0xf9, 0xfa, 0xfa, 0xfa,
  0xfa, 0xfb, 0xfc, 0xfe, 0xfd, 0xfd, 0xfa, 0xf8, 0xfe, 0xb4, 0x27, 0x00,
  0x0c, 0x02, 0x02, 0x01, 0x01, 0x01, 0x01, 0x00, 0x00, 0x00, 0x00, 0x00,
  0x00, 0x00, 0x00, 0x00, 0x00, 0x00, 0x00, 0x00, 0x00, 0x00, 0x00, 0x00,
  0x00, 0x00, 0x00, 0x00, 0x00, 0x00, 0x00, 0x00, 0x00, 0x00, 0x00, 0x00,
  0x00, 0x00, 0x00, 0x00, 0x00, 0x00, 0x00, 0x00, 0x00, 0x00, 0x00, 0x00,
  0x00, 0x00, 0x00, 0x00, 0x00, 0x00, 0x00, 0x00, 0x00, 0x00, 0x00, 0x00,
  0x00, 0x00, 0x00, 0x00, 0x00, 0x00, 0x00, 0x00, 0x00, 0x00, 0x00, 0x00,
  0x00, 0x00, 0x00, 0x00, 0x00, 0x00, 0x00, 0x00, 0x00, 0x00, 0x00, 0x00,
  0x00, 0x00, 0x00, 0x00, 0x00, 0x00, 0x00, 0x00, 0x00, 0x00, 0x00, 0x00,
  0x00, 0x00, 0x01, 0x02, 0x01, 0x01, 0x03, 0x08, 0x00, 0x7c, 0xf5, 0xff,
  0xf7, 0xf7, 0xf9, 0xfb, 0xfb, 0xfb, 0xfa, 0xfb, 0xfb, 0xfa, 0xfa, 0xfb,
  0xfb, 0xfb, 0xfa, 0xfb, 0xfc, 0xfb, 0xfb, 0xfc, 0xfb, 0xfb, 0xfc, 0xfc,
  0xfb, 0xfc, 0xfd, 0xfc, 0xfb, 0xfc, 0xfc, 0xfc, 0xfc, 0xfb, 0xfb, 0xfb,
  0xfc, 0xfc, 0xfc, 0xfc, 0xfc, 0xfc, 0xfc, 0xfc, 0xfc, 0xfc, 0xfc, 0xfc,
  0xfc, 0xfc, 0xfb, 0xfb, 0xfc, 0xfc, 0xfb, 0xfc, 0xfc, 0xfc, 0xfc, 0xfc,
  0xfc, 0xfc, 0xfc, 0xfc, 0xfc, 0xfc, 0xfc, 0xfc, 0xfc, 0xfc, 0xfb, 0xfb,
  0xfc, 0xfc, 0xfc, 0xfc, 0xfb, 0xfa, 0xfb, 0xfc, 0xfb, 0xfc, 0xfd, 0xfc,
  0xfb, 0xfc, 0xfb, 0xfa, 0xfb, 0xfb, 0xfb, 0xfc, 0xfd, 0xfc, 0xfc, 0xfd,
  0xfc, 0xfb, 0xfc, 0xfc, 0xfc, 0xfc, 0xfc, 0xfc, 0xfb, 0xfb, 0xfb, 0xfb,
  0xfc, 0xfb, 0xfb, 0xfc, 0xfc, 0xfc, 0xfc, 0xfc, 0xfc, 0xfc, 0xfb, 0xfc,
  0xfc, 0xfc, 0xfb, 0xfc, 0xfc, 0xfb, 0xfb, 0xfb, 0xfb, 0xfc, 0xfc, 0xfb,
  0xfb, 0xfc, 0xfd, 0xfc, 0xfc, 0xfd, 0xfd, 0xfd, 0xfc, 0xfd, 0xfd, 0xfc,
  0xfc, 0xfa, 0xf7, 0xf5, 0xfd, 0xe7, 0x59, 0x00, 0x08, 0x03, 0x03, 0x02,
  0x00, 0x00, 0x00, 0x00, 0x00, 0x00, 0x00, 0x00, 0x00, 0x00, 0x01, 0x01,
  0x01, 0x01, 0x01, 0x00, 0x00, 0x00, 0x00, 0x00, 0x00, 0x00, 0x00, 0x02,
  0x06, 0x0a, 0x00, 0x0f, 0xcd, 0xfc, 0xf9, 0xf9, 0xfb, 0xfc, 0xfb, 0xfa,
  0xfb, 0xfc, 0xfb, 0xfb, 0xfa, 0xfb, 0xfb, 0xfb, 0xfb, 0xfb, 0xfb, 0xfa,
  0xfb, 0xfc, 0xfc, 0xfb, 0xfa, 0xfb, 0xfc, 0xfc, 0xfc, 0xfb, 0xfc, 0xfc,
  0xfc, 0xfb, 0xfb, 0xfc, 0xfc, 0xfc, 0xfc, 0xfc, 0xfc, 0xfd, 0xfc, 0xfb,
  0xfc, 0xfc, 0xfc, 0xfc, 0xfc, 0xfc, 0xfc, 0xfc, 0xfb, 0xfc, 0xfc, 0xfc,
  0xfc, 0xfb, 0xfb, 0xfc, 0xfc, 0xfc, 0xfb, 0xfb, 0xfb, 0xfc, 0xfb, 0xfb,
  0xfc, 0xfc, 0xfb, 0xfb, 0xfc, 0xfb, 0xfb, 0xfc, 0xfc, 0xfc, 0xfc, 0xfb,
  0xfb, 0xfc, 0xfb, 0xfc, 0xfc, 0xfc, 0xfc, 0xfb, 0xfc, 0xfd, 0xfc, 0xfb,
  0xfc, 0xfc, 0xfc, 0xfb, 0xfc, 0xfc, 0xfc, 0xfc, 0xfc, 0xfb, 0xfa, 0xfb,
  0xfc, 0xfc, 0xfb, 0xfa, 0xfb, 0xfb, 0xfb, 0xfb, 0xfb, 0xfb, 0xfb, 0xfa,
  0xfb, 0xfc, 0xfc, 0xfd, 0xfc, 0xfd, 0xfc, 0xfd, 0xfc, 0xfc, 0xfb, 0xfa,
  0xf9, 0xf8, 0xf8, 0xf8, 0xf8, 0xf8, 0xf9, 0xf9, 0xf9, 0xfa, 0xf9, 0xf8,
  0xf9, 0xfb, 0xfc, 0xf6, 0xf6, 0xfe, 0xfe, 0xcf, 0x77, 0x23, 0x01, 0x00,
  0x03, 0x02, 0x02, 0x03, 0x02, 0x01, 0x00, 0x00, 0x00, 0x00, 0x00, 0x00,
  0x00, 0x00, 0x00, 0x00, 0x00, 0x00, 0x00, 0x00, 0x00, 0x00, 0x00, 0x00,
  0x00, 0x00, 0x00, 0x00, 0x00, 0x00, 0x00, 0x00, 0x00, 0x00, 0x00, 0x00,
  0x00, 0x00, 0x00, 0x00, 0x00, 0x00, 0x00, 0x00, 0x00, 0x00, 0x00, 0x00,
  0x00, 0x00, 0x00, 0x00, 0x00, 0x00, 0x00, 0x00, 0x00, 0x00, 0x00, 0x00,
  0x00, 0x00, 0x00, 0x00, 0x00, 0x00, 0x00, 0x00, 0x00, 0x00, 0x00, 0x00,
  0x00, 0x00, 0x00, 0x00, 0x00, 0x00, 0x00, 0x00, 0x00, 0x00, 0x00, 0x00,
  0x00, 0x00, 0x00, 0x00, 0x00, 0x00, 0x00, 0x00, 0x00, 0x00, 0x00, 0x00,
  0x00, 0x00, 0x00, 0x00, 0x00, 0x00, 0x00, 0x00, 0x00, 0x00, 0x00, 0x00,
  0x01, 0x01, 0x02, 0x02, 0x03, 0x04, 0x0d, 0x00, 0x12, 0x90, 0xfd, 0xfa,
  0xf8, 0xfb, 0xfd, 0xfe, 0xfd, 0xfb, 0xfa, 0xfa, 0xf9, 0xfa, 0xfa, 0xfa,
  0xfa, 0xfa, 0xf9, 0xfa, 0xfa, 0xfa, 0xfb, 0xfc, 0xfc, 0xfc, 0xfc, 0xfc,
  0xfc, 0xfb, 0xfb, 0xfc, 0xfc, 0xfb, 0xfb, 0xfc, 0xfc, 0xfb, 0xfc, 0xfb,
  0xfc, 0xfc, 0xfd, 0xfd, 0xfc, 0xf9, 0xf8, 0xf5, 0xf5, 0xfc, 0x8e, 0x12,
  0x00, 0x06, 0x04, 0x03, 0x00, 0x00, 0x00, 0x00, 0x00, 0x00, 0x00, 0x00,
  0x00, 0x00, 0x00, 0x00, 0x00, 0x00, 0x00, 0x00, 0x00, 0x00, 0x00, 0x00,
  0x00, 0x00, 0x00, 0x00, 0x00, 0x00, 0x00, 0x00, 0x00, 0x00, 0x00, 0x00,
  0x00, 0x00, 0x00, 0x00, 0x00, 0x00, 0x00, 0x00, 0x00, 0x00, 0x00, 0x00,
  0x00, 0x00, 0x00, 0x00, 0x00, 0x00, 0x00, 0x00, 0x00, 0x00, 0x00, 0x00,
  0x00, 0x00, 0x00, 0x00, 0x00, 0x00, 0x00, 0x00, 0x00, 0x00, 0x00, 0x00,
  0x00, 0x00, 0x00, 0x00, 0x00, 0x00, 0x00, 0x00, 0x00, 0x00, 0x00, 0x00,
  0x00, 0x00, 0x00, 0x00, 0x00, 0x00, 0x00, 0x00, 0x00, 0x00, 0x00, 0x00,
  0x00, 0x00, 0x00, 0x00, 0x00, 0x00, 0x00, 0x00, 0x00, 0x00, 0x00, 0x00,
  0x00, 0x00, 0x00, 0x00, 0x00, 0x00, 0x00, 0x00, 0x00, 0x00, 0x00, 0x00,
  0x00, 0x00, 0x00, 0x00, 0x00, 0x00, 0x00, 0x00, 0x00, 0x00, 0x00, 0x00,
  0x00, 0x00, 0x00, 0x00, 0x00, 0x00, 0x00, 0x00, 0x00, 0x00, 0x00, 0x00,
  0x00, 0x00, 0x00, 0x00, 0x00, 0x00, 0x00, 0x00, 0x00, 0x00, 0x00, 0x00,
  0x00, 0x00, 0x00, 0x00, 0x00, 0x00, 0x00, 0x00, 0x00, 0x00, 0x00, 0x00,
  0x00, 0x00, 0x00, 0x00, 0x00, 0x00, 0x01, 0x00, 0x01, 0x02, 0x08, 0x0a,
  0x00, 0x2b, 0xb7, 0xfe, 0xf4, 0xf8, 0xfc, 0xfd, 0xfc, 0xfb, 0xfc, 0xfc,
  0xfc, 0xfc, 0xfc, 0xfb, 0xfb, 0xfb, 0xfb, 0xfb, 0xfc, 0xfb, 0xfb, 0xfc,
  0xfc, 0xfb, 0xfa, 0xfa, 0xfb, 0xfa, 0xf9, 0xfa, 0xf9, 0xfa, 0xf9, 0xf9,
  0xfa, 0xf9, 0xfa, 0xfb, 0xfa, 0xfb, 0xfc, 0xfc, 0xfd, 0xfe, 0xfe, 0xfc,
  0xf8, 0xf4, 0xfb, 0xf7, 0x6f, 0x00, 0x06, 0x05, 0x01, 0x01, 0x00, 0x00,
  0x00, 0x01, 0x00, 0x00, 0x00, 0x00, 0x00, 0x00, 0x00, 0x00, 0x00, 0x00,
  0x00, 0x00, 0x00, 0x00, 0x00, 0x00, 0x00, 0x00, 0x00, 0x00, 0x00, 0x00,
  0x00, 0x00, 0x00, 0x00, 0x00, 0x00, 0x00, 0x00, 0x00, 0x00, 0x00, 0x00,
  0x00, 0x00, 0x00, 0x00, 0x00, 0x00, 0x00, 0x00, 0x00, 0x00, 0x00, 0x00,
  0x00, 0x00, 0x00, 0x00, 0x00, 0x00, 0x00, 0x00, 0x00, 0x00, 0x00, 0x00,
  0x00, 0x00, 0x00, 0x00, 0x00, 0x00, 0x00, 0x00, 0x00, 0x00, 0x00, 0x00,
  0x00, 0x00, 0x00, 0x00, 0x00, 0x00, 0x00, 0x00, 0x00, 0x00, 0x00, 0x00,
  0x00, 0x00, 0x00, 0x00, 0x00, 0x00, 0x00, 0x00, 0x01, 0x01, 0x01, 0x00,
  0x02, 0x08, 0x00, 0x7d, 0xf5, 0xff, 0xf6, 0xf8, 0xfa, 0xfb, 0xfb, 0xfa,
  0xfa, 0xfa, 0xfb, 0xfb, 0xfb, 0xfa, 0xfa, 0xfa, 0xfb, 0xfa, 0xfb, 0xfb,
  0xfb, 0xfc, 0xfb, 0xfc, 0xfb, 0xfb, 0xfc, 0xfb, 0xfc, 0xfd, 0xfc, 0xfb,
  0xfc, 0xfc, 0xfb, 0xfa, 0xfa, 0xfa, 0xfb, 0xfb, 0xfc, 0xfb, 0xfb, 0xfc,
  0xfb, 0xfb, 0xfb, 0xfb, 0xfb, 0xfb, 0xfb, 0xfc, 0xfb, 0xfb, 0xfc, 0xfb,
  0xfb, 0xfb, 0xfb, 0xfb, 0xfb, 0xfb, 0xfb, 0xfb, 0xfb, 0xfc, 0xfc, 0xfb,
  0xfb, 0xfb, 0xfc, 0xfb, 0xfa, 0xfb, 0xfc, 0xfb, 0xfb, 0xfb, 0xfb, 0xfa,
  0xfb, 0xfc, 0xfb, 0xfb, 0xfb, 0xfb, 0xfc, 0xfb, 0xfa, 0xfa, 0xfb, 0xfb,
  0xfb, 0xfc, 0xfd, 0xfc, 0xfc, 0xfd, 0xfc, 0xfb, 0xfc, 0xfb, 0xfb, 0xfb,
  0xfb, 0xfc, 0xfb, 0xfa, 0xfa, 0xfb, 0xfa, 0xfb, 0xfc, 0xfb, 0xfb, 0xfb,
  0xfb, 0xfb, 0xfb, 0xfb, 0xfb, 0xfb, 0xfb, 0xfb, 0xfc, 0xfb, 0xfc, 0xfb,
  0xfa, 0xfa, 0xfb, 0xfc, 0xfc, 0xfc, 0xfc, 0xfb, 0xfc, 0xfd, 0xfc, 0xfc,
  0xfd, 0xfc, 0xfb, 0xfc, 0xfd, 0xfe, 0xfc, 0xf8, 0xf4, 0xf4, 0xfe, 0x8f,
  0x11, 0x00, 0x08, 0x02, 0x00, 0x00, 0x00, 0x00, 0x00, 0x00, 0x00, 0x00,
  0x00, 0x00, 0x00, 0x00, 0x01, 0x00, 0x00, 0x01, 0x00, 0x00, 0x00, 0x00,
  0x00, 0x01, 0x00, 0x00, 0x01, 0x04, 0x07, 0x09, 0x00, 0x0f, 0xcd, 0xfd,
  0xf9, 0xf9, 0xfa, 0xfb, 0xfa, 0xf9, 0xfa, 0xfb, 0xfa, 0xfb, 0xfa, 0xf9,
  0xfa, 0xfb, 0xfa, 0xfb, 0xfa, 0xfb, 0xfc, 0xfb, 0xfc, 0xfb, 0xfa, 0xfb,
  0xfc, 0xfb, 0xfb, 0xfb, 0xfb, 0xfb, 0xfc, 0xfb, 0xfb, 0xfc, 0xfb, 0xfc,
  0xfc, 0xfb, 0xfc, 0xfd, 0xfc, 0xfb, 0xfb, 0xfb, 0xfb, 0xfb, 0xfb, 0xfb,
  0xfc, 0xfb, 0xfb, 0xfc, 0xfb, 0xfb, 0xfc, 0xfb, 0xfb, 0xfc, 0xfb, 0xfc,
  0xfc, 0xfc, 0xfc, 0xfb, 0xfc, 0xfc, 0xfb, 0xfb, 0xfc, 0xfb, 0xfb, 0xfc,
  0xfc, 0xfc, 0xfc, 0xfc, 0xfc, 0xfc, 0xfc, 0xfc, 0xfc, 0xfb, 0xfc, 0xfc,
  0xfc, 0xfb, 0xfc, 0xfd, 0xfc, 0xfb, 0xfc, 0xfb, 0xfb, 0xfc, 0xfb, 0xfb,
  0xfb, 0xfb, 0xfc, 0xfb, 0xfa, 0xfb, 0xfb, 0xfa, 0xfb, 0xfb, 0xfb, 0xfa,
  0xfa, 0xfa, 0xfa, 0xfa, 0xfb, 0xfa, 0xfb, 0xfc, 0xfb, 0xfc, 0xfd, 0xfc,
  0xfd, 0xfc, 0xfc, 0xfc, 0xfb, 0xfa, 0xf9, 0xf8, 0xf9, 0xf8, 0xf9, 0xfa,
  0xf9, 0xfa, 0xfb, 0xfc, 0xfc, 0xfd, 0xfd, 0xfd, 0xfd, 0xfb, 0xf6, 0xf2,
  0xf6, 0xff, 0xfb, 0xaf, 0x4c, 0x05, 0x00, 0x03, 0x04, 0x04, 0x04, 0x02,
  0x00, 0x00, 0x00, 0x00, 0x00, 0x00, 0x00, 0x00, 0x00, 0x00, 0x00, 0x00,
  0x00, 0x00, 0x00, 0x00, 0x00, 0x00, 0x00, 0x00, 0x00, 0x00, 0x00, 0x00,
  0x00, 0x00, 0x00, 0x00, 0x00, 0x00, 0x00, 0x00, 0x00, 0x00, 0x00, 0x00,
  0x00, 0x00, 0x00, 0x00, 0x00, 0x00, 0x00, 0x00, 0x00, 0x00, 0x00, 0x00,
  0x00, 0x00, 0x00, 0x00, 0x00, 0x00, 0x00, 0x00, 0x00, 0x00, 0x00, 0x00,
  0x00, 0x00, 0x00, 0x00, 0x00, 0x00, 0x00, 0x00, 0x00, 0x00, 0x00, 0x00,
  0x00, 0x00, 0x00, 0x00, 0x00, 0x00, 0x00, 0x00, 0x00, 0x00, 0x00, 0x00,
  0x00, 0x00, 0x00, 0x00, 0x00, 0x00, 0x00, 0x00, 0x00, 0x00, 0x00, 0x00,
  0x00, 0x00, 0x00, 0x00, 0x00, 0x01, 0x02, 0x02, 0x02, 0x03, 0x03, 0x06,
  0x08, 0x00, 0x4e, 0xe3, 0xfe, 0xf8, 0xf7, 0xfa, 0xfd, 0xff, 0xfe, 0xfc,
  0xfb, 0xfb, 0xfa, 0xf9, 0xfa, 0xf9, 0xfa, 0xfa, 0xfa, 0xf9, 0xfa, 0xfa,
  0xfb, 0xfc, 0xfb, 0xfb, 0xfb, 0xfc, 0xfb, 0xfb, 0xfc, 0xfb, 0xfb, 0xfb,
  0xfc, 0xfc, 0xfb, 0xfc, 0xfc, 0xfc, 0xfb, 0xfb, 0xfb, 0xfc, 0xfc, 0xfa,
  0xfa, 0xf9, 0xf3, 0xfe, 0xd9, 0x4c, 0x00, 0x06, 0x0b, 0x04, 0x01, 0x00,
  0x00, 0x00, 0x00, 0x00, 0x00, 0x00, 0x00, 0x00, 0x00, 0x00, 0x00, 0x00,
  0x00, 0x00, 0x00, 0x00, 0x00, 0x00, 0x00, 0x00, 0x00, 0x00, 0x00, 0x00,
  0x00, 0x00, 0x00, 0x00, 0x00, 0x00, 0x00, 0x00, 0x00, 0x00, 0x00, 0x00,
  0x00, 0x00, 0x00, 0x00, 0x00, 0x00, 0x00, 0x00, 0x00, 0x00, 0x00, 0x00,
  0x00, 0x00, 0x00, 0x00, 0x00, 0x00, 0x00, 0x00, 0x00, 0x00, 0x00, 0x00,
  0x00, 0x00, 0x00, 0x00, 0x00, 0x00, 0x00, 0x00, 0x00, 0x00, 0x00, 0x00,
  0x00, 0x00, 0x00, 0x00, 0x00, 0x00, 0x00, 0x00, 0x00, 0x00, 0x00, 0x00,
  0x00, 0x00, 0x00, 0x00, 0x00, 0x00, 0x00, 0x00, 0x00, 0x00, 0x00, 0x00,
  0x00, 0x00, 0x00, 0x00, 0x00, 0x00, 0x00, 0x00, 0x00, 0x00, 0x00, 0x00,
  0x00, 0x00, 0x00, 0x00, 0x00, 0x00, 0x00, 0x00, 0x00, 0x00, 0x00, 0x00,
  0x00, 0x00, 0x00, 0x00, 0x00, 0x00, 0x00, 0x00, 0x00, 0x00, 0x00, 0x00,
  0x00, 0x00, 0x00, 0x00, 0x00, 0x00, 0x00, 0x00, 0x00, 0x00, 0x00, 0x00,
  0x00, 0x00, 0x00, 0x00, 0x00, 0x00, 0x00, 0x00, 0x00, 0x00, 0x00, 0x00,
  0x00, 0x01, 0x00, 0x00, 0x00, 0x00, 0x00, 0x00, 0x00, 0x00, 0x00, 0x00,
  0x00, 0x00, 0x01, 0x03, 0x0a, 0x00, 0x0e, 0x7d, 0xf1, 0xf7, 0xf2, 0xf8,
  0xfd, 0xfe, 0xfd, 0xfc, 0xfc, 0xfb, 0xfc, 0xfc, 0xfb, 0xfc, 0xfc, 0xfc,
  0xfb, 0xfb, 0xfc, 0xfb, 0xfb, 0xfb, 0xfb, 0xfa, 0xf9, 0xfa, 0xf9, 0xfa,
  0xfa, 0xf9, 0xfa, 0xfa, 0xfa, 0xf9, 0xfa, 0xfb, 0xfa, 0xfb, 0xfb, 0xfb,
  0xfc, 0xfc, 0xfd, 0xfe, 0xfe, 0xfc, 0xf8, 0xf5, 0xf7, 0xff, 0xcb, 0x3c,
  0x00, 0x09, 0x02, 0x02, 0x01, 0x00, 0x00, 0x00, 0x00, 0x00, 0x00, 0x00,
  0x00, 0x00, 0x00, 0x00, 0x00, 0x00, 0x00, 0x00, 0x00, 0x00, 0x00, 0x00,
  0x00, 0x00, 0x00, 0x00, 0x01, 0x00, 0x00, 0x00, 0x00, 0x00, 0x00, 0x00,
  0x00, 0x00, 0x00, 0x00, 0x00, 0x00, 0x00, 0x00, 0x00, 0x00, 0x00, 0x00,
  0x00, 0x00, 0x00, 0x00, 0x00, 0x00, 0x00, 0x00, 0x00, 0x00, 0x00, 0x00,
  0x00, 0x00, 0x01, 0x01, 0x00, 0x00, 0x00, 0x00, 0x00, 0x00, 0x00, 0x00,
  0x00, 0x00, 0x00, 0x00, 0x00, 0x00, 0x00, 0x00, 0x00, 0x00, 0x00, 0x00,
  0x00, 0x00, 0x00, 0x00, 0x00, 0x00, 0x00, 0x00, 0x00, 0x00, 0x00, 0x00,
  0x00, 0x00, 0x00, 0x01, 0x00, 0x01, 0x01, 0x07, 0x00, 0x7c, 0xf5, 0xff,
  0xf5, 0xf8, 0xfa, 0xfb, 0xfa, 0xfb, 0xfa, 0xfa, 0xfb, 0xfb, 0xfb, 0xfa,
  0xf9, 0xf9, 0xfa, 0xfa, 0xfb, 0xfb, 0xfb, 0xfc, 0xfb, 0xfc, 0xfc, 0xfc,
  0xfc, 0xfb, 0xfc, 0xfc, 0xfc, 0xfb, 0xfc, 0xfb, 0xfa, 0xfb, 0xfa, 0xfa,
  0xfb, 0xfb, 0xfb, 0xfa, 0xfb, 0xfc, 0xfb, 0xfc, 0xfb, 0xfb, 0xfc, 0xfc,
  0xfc, 0xfb, 0xfa, 0xfa, 0xfb, 0xfb, 0xfb, 0xfb, 0xfb, 0xfb, 0xfa, 0xfb,
  0xfc, 0xfb, 0xfc, 0xfc, 0xfc, 0xfc, 0xfb, 0xfb, 0xfb, 0xfc, 0xfb, 0xfa,
  0xfb, 0xfb, 0xfb, 0xfb, 0xfb, 0xfb, 0xfb, 0xfb, 0xfa, 0xfb, 0xfc, 0xfb,
  0xfb, 0xfc, 0xfb, 0xfa, 0xfb, 0xfb, 0xfc, 0xfc, 0xfc, 0xfb, 0xfc, 0xfc,
  0xfc, 0xfb, 0xfc, 0xfc, 0xfc, 0xfb, 0xfb, 0xfb, 0xfc, 0xfb, 0xfb, 0xfc,
  0xfb, 0xfb, 0xfc, 0xfb, 0xfb, 0xfc, 0xfb, 0xfa, 0xfb, 0xfa, 0xfb, 0xfc,
  0xfb, 0xfb, 0xfc, 0xfb, 0xfb, 0xfb, 0xfa, 0xfb, 0xfc, 0xfb, 0xfb, 0xfc,
  0xfc, 0xfb, 0xfc, 0xfd, 0xfc, 0xfd, 0xfc, 0xfb, 0xfb, 0xfc, 0xfd, 0xfd,
  0xfc, 0xf8, 0xf3, 0xfe, 0xcc, 0x35, 0x00, 0x0c, 0x05, 0x03, 0x00, 0x00,
  0x00, 0x00, 0x00, 0x00, 0x00, 0x00, 0x00, 0x00, 0x00, 0x00, 0x00, 0x00,
  0x01, 0x00, 0x00, 0x00, 0x00, 0x00, 0x00, 0x01, 0x01, 0x00, 0x01, 0x03,
  0x07, 0x09, 0x00, 0x10, 0xcd, 0xfd, 0xf9, 0xf8, 0xf9, 0xfa, 0xfa, 0xfa,
  0xf9, 0xfa, 0xfb, 0xfb, 0xfa, 0xf9, 0xf9, 0xfa, 0xfb, 0xfa, 0xfb, 0xfc,
  0xfb, 0xfa, 0xfb, 0xfa, 0xfb, 0xfc, 0xfb, 0xfa, 0xfa, 0xfb, 0xfc, 0xfb,
  0xfc, 0xfb, 0xfc, 0xfb, 0xfc, 0xfd, 0xfc, 0xfb, 0xfc, 0xfd, 0xfc, 0xfb,
  0xfc, 0xfb, 0xfb, 0xfb, 0xfc, 0xfb, 0xfa, 0xfb, 0xfc, 0xfb, 0xfc, 0xfc,
  0xfc, 0xfb, 0xfb, 0xfc, 0xfc, 0xfc, 0xfc, 0xfc, 0xfc, 0xfb, 0xfc, 0xfb,
  0xfb, 0xfa, 0xfb, 0xfb, 0xfa, 0xfb, 0xfb, 0xfc, 0xfd, 0xfd, 0xfc, 0xfb,
  0xfc, 0xfc, 0xfc, 0xfb, 0xfc, 0xfd, 0xfc, 0xfc, 0xfd, 0xfc, 0xfb, 0xfb,
  0xfa, 0xfb, 0xfb, 0xfc, 0xfc, 0xfc, 0xfb, 0xfc, 0xfb, 0xfa, 0xfa, 0xfb,
  0xfb, 0xfa, 0xfb, 0xfb, 0xfa, 0xfa, 0xfa, 0xfa, 0xfa, 0xf9, 0xfa, 0xfa,
  0xfb, 0xfc, 0xfb, 0xfc, 0xfb, 0xfc, 0xfd, 0xfc, 0xfd, 0xfc, 0xfc, 0xfb,
  0xfa, 0xfa, 0xf9, 0xf9, 0xfa, 0xf9, 0xfa, 0xfb, 0xfc, 0xfc, 0xfd, 0xfe,
  0xfe, 0xfe, 0xfc, 0xfa, 0xf7, 0xf6, 0xf7, 0xf8, 0xfd, 0xfe, 0xe1, 0x76,
  0x1b, 0x00, 0x05, 0x07, 0x05, 0x04, 0x01, 0x00, 0x00, 0x00, 0x00, 0x00,
  0x00, 0x00, 0x00, 0x00, 0x00, 0x00, 0x00, 0x00, 0x00, 0x00, 0x00, 0x00,
  0x00, 0x00, 0x00, 0x00, 0x00, 0x00, 0x00, 0x00, 0x00, 0x00, 0x00, 0x00,
  0x00, 0x00, 0x00, 0x00, 0x00, 0x00, 0x00, 0x00, 0x00, 0x00, 0x00, 0x00,
  0x00, 0x00, 0x00, 0x00, 0x00, 0x00, 0x00, 0x00, 0x00, 0x00, 0x00, 0x00,
  0x01, 0x00, 0x00, 0x00, 0x00, 0x00, 0x00, 0x00, 0x00, 0x00, 0x00, 0x00,
  0x00, 0x00, 0x00, 0x00, 0x00, 0x00, 0x00, 0x00, 0x00, 0x00, 0x01, 0x00,
  0x00, 0x00, 0x00, 0x00, 0x00, 0x00, 0x00, 0x00, 0x00, 0x00, 0x00, 0x00,
  0x00, 0x00, 0x00, 0x00, 0x00, 0x00, 0x00, 0x00, 0x00, 0x00, 0x00, 0x01,
  0x01, 0x03, 0x02, 0x03, 0x03, 0x0c, 0x00, 0x22, 0xab, 0xfe, 0xf9, 0xf8,
  0xf9, 0xfa, 0xfd, 0xff, 0xfe, 0xfd, 0xfc, 0xfb, 0xfa, 0xfb, 0xfa, 0xfa,
  0xfb, 0xfa, 0xfa, 0xfa, 0xfa, 0xfb, 0xfb, 0xfb, 0xfb, 0xfa, 0xfb, 0xfb,
  0xfa, 0xfa, 0xfb, 0xfc, 0xfc, 0xfc, 0xfc, 0xfb, 0xfb, 0xfc, 0xfc, 0xfc,
  0xfb, 0xfb, 0xfc, 0xfc, 0xfb, 0xfa, 0xfb, 0xfa, 0xf8, 0xf4, 0xfe, 0xa9,
  0x22, 0x00, 0x0c, 0x05, 0x01, 0x00, 0x00, 0x00, 0x00, 0x00, 0x00, 0x00,
  0x00, 0x00, 0x00, 0x00, 0x00, 0x00, 0x00, 0x00, 0x00, 0x00, 0x00, 0x00,
  0x00, 0x00, 0x00, 0x00, 0x00, 0x00, 0x00, 0x00, 0x00, 0x00, 0x00, 0x00,
  0x00, 0x00, 0x00, 0x00, 0x00, 0x00, 0x00, 0x00, 0x00, 0x00, 0x00, 0x00,
  0x00, 0x00, 0x00, 0x00, 0x00, 0x00, 0x00, 0x00, 0x00, 0x00, 0x00, 0x00,
  0x00, 0x00, 0x00, 0x00, 0x00, 0x00, 0x00, 0x00, 0x00, 0x00, 0x00, 0x00,
  0x00, 0x00, 0x00, 0x00, 0x00, 0x00, 0x00, 0x00, 0x00, 0x00, 0x00, 0x00,
  0x00, 0x00, 0x00, 0x00, 0x00, 0x00, 0x00, 0x00, 0x00, 0x00, 0x00, 0x00,
  0x00, 0x00, 0x00, 0x00, 0x00, 0x00, 0x00, 0x00, 0x00, 0x00, 0x00, 0x00,
  0x00, 0x00, 0x00, 0x00, 0x00, 0x00, 0x00, 0x00, 0x00, 0x00, 0x00, 0x00,
  0x00, 0x00, 0x00, 0x00, 0x00, 0x00, 0x00, 0x00, 0x00, 0x00, 0x00, 0x00,
  0x00, 0x00, 0x00, 0x00, 0x00, 0x00, 0x00, 0x00, 0x00, 0x00, 0x00, 0x00,
  0x00, 0x00, 0x00, 0x00, 0x00, 0x00, 0x00, 0x00, 0x00, 0x00, 0x00, 0x00,
  0x00, 0x00, 0x00, 0x00, 0x00, 0x00, 0x00, 0x01, 0x00, 0x00, 0x00, 0x00,
  0x00, 0x00, 0x00, 0x00, 0x00, 0x00, 0x00, 0x01, 0x02, 0x05, 0x06, 0x00,
  0x41, 0xce, 0xff, 0xf4, 0xf7, 0xfa, 0xfd, 0xff, 0xfd, 0xfc, 0xfc, 0xfb,
  0xfc, 0xfd, 0xfd, 0xfc, 0xfb, 0xfc, 0xfc, 0xfc, 0xfb, 0xfa, 0xfb, 0xfa,
  0xfb, 0xfa, 0xf9, 0xfa, 0xf9, 0xfa, 0xfb, 0xfa, 0xfa, 0xfa, 0xf9, 0xfa,
  0xfb, 0xfa, 0xfb, 0xfc, 0xfb, 0xfb, 0xfc, 0xfd, 0xfd, 0xfe, 0xff, 0xfc,
  0xfa, 0xf9, 0xf7, 0xfb, 0xfd, 0x8c, 0x0a, 0x03, 0x0a, 0x04, 0x03, 0x00,
  0x00, 0x00, 0x01, 0x00, 0x00, 0x00, 0x00, 0x00, 0x00, 0x00, 0x00, 0x00,
  0x00, 0x00, 0x00, 0x00, 0x00, 0x00, 0x00, 0x00, 0x00, 0x00, 0x00, 0x00,
  0x00, 0x00, 0x00, 0x00, 0x00, 0x00, 0x00, 0x00, 0x00, 0x00, 0x00, 0x00,
  0x00, 0x00, 0x00, 0x00, 0x00, 0x00, 0x00, 0x00, 0x00, 0x00, 0x00, 0x00,
  0x00, 0x00, 0x00, 0x00, 0x00, 0x00, 0x00, 0x00, 0x00, 0x00, 0x00, 0x00,
  0x00, 0x00, 0x00, 0x00, 0x00, 0x00, 0x00, 0x00, 0x00, 0x00, 0x00, 0x00,
  0x00, 0x00, 0x00, 0x00, 0x00, 0x00, 0x00, 0x00, 0x00, 0x00, 0x00, 0x00,
  0x00, 0x00, 0x00, 0x00, 0x00, 0x00, 0x00, 0x00, 0x00, 0x00, 0x00, 0x00,
  0x00, 0x07, 0x00, 0x7c, 0xf5, 0xff, 0xf5, 0xf8, 0xfa, 0xfb, 0xfa, 0xfb,
  0xfb, 0xfb, 0xfb, 0xfa, 0xfb, 0xfa, 0xf9, 0xf9, 0xfa, 0xfb, 0xfa, 0xfb,
  0xfb, 0xfc, 0xfb, 0xfc, 0xfb, 0xfb, 0xfc, 0xfc, 0xfb, 0xfb, 0xfb, 0xfc,
  0xfc, 0xfb, 0xfa, 0xfa, 0xfb, 0xfc, 0xfb, 0xfa, 0xfb, 0xfb, 0xfb, 0xfc,
  0xfc, 0xfb, 0xfc, 0xfc, 0xfb, 0xfb, 0xfb, 0xfa, 0xfb, 0xfc, 0xfb, 0xfa,
  0xfa, 0xfa, 0xfa, 0xfa, 0xfa, 0xfb, 0xfc, 0xfb, 0xfc, 0xfb, 0xfa, 0xfb,
  0xfc, 0xfd, 0xfc, 0xfb, 0xfc, 0xfb, 0xfb, 0xfb, 0xfb, 0xfb, 0xfb, 0xfa,
  0xfb, 0xfb, 0xfa, 0xfb, 0xfc, 0xfb, 0xfb, 0xfc, 0xfb, 0xfa, 0xfb, 0xfc,
  0xfc, 0xfb, 0xfb, 0xfb, 0xfb, 0xfb, 0xfb, 0xfb, 0xfb, 0xfb, 0xfb, 0xfc,
  0xfc, 0xfb, 0xfc, 0xfb, 0xfc, 0xfb, 0xfc, 0xfc, 0xfb, 0xfc, 0xfc, 0xfc,
  0xfb, 0xfa, 0xfa, 0xfa, 0xfb, 0xfb, 0xfc, 0xfc, 0xfb, 0xfb, 0xfb, 0xfb,
  0xfb, 0xfb, 0xfc, 0xfb, 0xfb, 0xfc, 0xfc, 0xfb, 0xfc, 0xfd, 0xfd, 0xfc,
  0xfb, 0xfb, 0xfb, 0xfc, 0xfc, 0xfb, 0xfa, 0xf8, 0xf9, 0xfa, 0x6a, 0x01,
  0x03, 0x06, 0x03, 0x02, 0x00, 0x00, 0x00, 0x00, 0x00, 0x00, 0x00, 0x00,
  0x00, 0x00, 0x00, 0x00, 0x01, 0x00, 0x01, 0x00, 0x00, 0x00, 0x00, 0x01,
  0x01, 0x01, 0x01, 0x01, 0x02, 0x04, 0x07, 0x09, 0x00, 0x10, 0xcd, 0xfd,
  0xf9, 0xf8, 0xf8, 0xf8, 0xf9, 0xf9, 0xfa, 0xf9, 0xfa, 0xfb, 0xfa, 0xf9,
  0xfa, 0xfb, 0xfa, 0xfa, 0xfb, 0xfb, 0xfa, 0xfb, 0xfa, 0xfb, 0xfc, 0xfc,
  0xfb, 0xfb, 0xfb, 0xfb, 0xfc, 0xfc, 0xfb, 0xfc, 0xfb, 0xfc, 0xfd, 0xfd,
  0xfc, 0xfb, 0xfc, 0xfc, 0xfc, 0xfb, 0xfc, 0xfc, 0xfc, 0xfb, 0xfb, 0xfb,
  0xfb, 0xfb, 0xfc, 0xfb, 0xfb, 0xfc, 0xfc, 0xfc, 0xfb, 0xfc, 0xfb, 0xfb,
  0xfb, 0xfa, 0xfb, 0xfc, 0xfb, 0xfb, 0xfa, 0xfb, 0xfc, 0xfc, 0xfb, 0xfb,
  0xfc, 0xfc, 0xfd, 0xfd, 0xfc, 0xfb, 0xfc, 0xfc, 0xfc, 0xfb, 0xfc, 0xfb,
  0xfc, 0xfc, 0xfb, 0xfc, 0xfc, 0xfb, 0xfa, 0xfa, 0xfb, 0xfc, 0xfb, 0xfb,
  0xfb, 0xfc, 0xfb, 0xfa, 0xfa, 0xfb, 0xfb, 0xfa, 0xfb, 0xfa, 0xf9, 0xf9,
  0xf9, 0xf9, 0xfa, 0xf9, 0xfa, 0xfa, 0xfb, 0xfc, 0xfb, 0xfc, 0xfb, 0xfb,
  0xfc, 0xfd, 0xfd, 0xfc, 0xfc, 0xfb, 0xfa, 0xfb, 0xfa, 0xf9, 0xf9, 0xfa,
  0xfa, 0xfb, 0xfc, 0xfd, 0xfd, 0xfe, 0xff, 0xfe, 0xfd, 0xfc, 0xfa, 0xfa,
  0xfc, 0xfc, 0xf9, 0xf6, 0xff, 0xf8, 0xa6, 0x36, 0x00, 0x02, 0x08, 0x05,
  0x04, 0x02, 0x00, 0x00, 0x00, 0x00, 0x00, 0x00, 0x00, 0x00, 0x00, 0x00,
  0x00, 0x00, 0x00, 0x00, 0x00, 0x00, 0x00, 0x00, 0x00, 0x00, 0x00, 0x00,
  0x00, 0x00, 0x00, 0x00, 0x00, 0x00, 0x00, 0x00, 0x00, 0x00, 0x00, 0x00,
  0x00, 0x00, 0x00, 0x00, 0x00, 0x00, 0x00, 0x00, 0x00, 0x00, 0x00, 0x00,
  0x00, 0x00, 0x00, 0x00, 0x00, 0x01, 0x00, 0x00, 0x00, 0x00, 0x00, 0x00,
  0x00, 0x00, 0x00, 0x00, 0x00, 0x00, 0x00, 0x00, 0x00, 0x00, 0x00, 0x00,
  0x00, 0x00, 0x01, 0x01, 0x00, 0x00, 0x00, 0x00, 0x00, 0x00, 0x00, 0x00,
  0x00, 0x00, 0x00, 0x00, 0x00, 0x00, 0x00, 0x00, 0x00, 0x00, 0x00, 0x00,
  0x00, 0x00, 0x00, 0x00, 0x00, 0x00, 0x00, 0x01, 0x02, 0x04, 0x09, 0x06,
  0x04, 0x6c, 0xf0, 0xfe, 0xf7, 0xfb, 0xfb, 0xfc, 0xfd, 0xfe, 0xfd, 0xfd,
  0xfc, 0xfb, 0xfb, 0xfc, 0xfb, 0xfa, 0xfb, 0xfb, 0xfa, 0xfa, 0xfa, 0xfb,
  0xfa, 0xfa, 0xfa, 0xfa, 0xfa, 0xfb, 0xfb, 0xfa, 0xfb, 0xfc, 0xfc, 0xfc,
  0xfc, 0xfc, 0xfb, 0xfc, 0xfc, 0xfb, 0xfb, 0xfa, 0xfb, 0xfb, 0xfc, 0xfb,
  0xfa, 0xfa, 0xf9, 0xf2, 0xfd, 0xee, 0x6f, 0x07, 0x01, 0x05, 0x01, 0x00,
  0x00, 0x00, 0x00, 0x00, 0x00, 0x00, 0x00, 0x00, 0x00, 0x00, 0x00, 0x00,
  0x00, 0x00, 0x00, 0x00, 0x00, 0x00, 0x00, 0x00, 0x00, 0x00, 0x00, 0x00,
  0x00, 0x00, 0x00, 0x00, 0x00, 0x00, 0x00, 0x00, 0x00, 0x00, 0x00, 0x00,
  0x00, 0x00, 0x00, 0x00, 0x00, 0x00, 0x00, 0x00, 0x00, 0x00, 0x00, 0x00,
  0x00, 0x00, 0x00, 0x00, 0x00, 0x00, 0x00, 0x00, 0x00, 0x00, 0x00, 0x00,
  0x00, 0x00, 0x00, 0x00, 0x00, 0x00, 0x00, 0x00, 0x00, 0x00, 0x00, 0x00,
  0x00, 0x00, 0x00, 0x00, 0x00, 0x00, 0x00, 0x00, 0x00, 0x00, 0x00, 0x00,
  0x00, 0x00, 0x00, 0x00, 0x00, 0x00, 0x00, 0x00, 0x00, 0x00, 0x00, 0x00,
  0x00, 0x00, 0x00, 0x00, 0x00, 0x00, 0x00, 0x00, 0x00, 0x00, 0x00, 0x00,
  0x00, 0x00, 0x00, 0x00, 0x00, 0x00, 0x00, 0x00, 0x00, 0x00, 0x00, 0x00,
  0x00, 0x00, 0x00, 0x00, 0x00, 0x00, 0x00, 0x00, 0x00, 0x00, 0x00, 0x00,
  0x00, 0x00, 0x00, 0x00, 0x00, 0x00, 0x00, 0x00, 0x00, 0x00, 0x00, 0x00,
  0x00, 0x00, 0x00, 0x00, 0x00, 0x00, 0x00, 0x00, 0x00, 0x00, 0x00, 0x00,
  0x00, 0x01, 0x01, 0x00, 0x00, 0x00, 0x00, 0x00, 0x00, 0x00, 0x00, 0x00,
  0x00, 0x02, 0x03, 0x07, 0x01, 0x15, 0x91, 0xfc, 0xf9, 0xf8, 0xfa, 0xfb,
  0xfd, 0xff, 0xfe, 0xfc, 0xfb, 0xfc, 0xfc, 0xfc, 0xfc, 0xfc, 0xfc, 0xfb,
  0xfb, 0xfb, 0xfb, 0xfa, 0xfa, 0xfb, 0xfa, 0xf9, 0xfa, 0xfa, 0xf9, 0xfa,
  0xfa, 0xfa, 0xf9, 0xf9, 0xfa, 0xfb, 0xfa, 0xfa, 0xfa, 0xfb, 0xfc, 0xfc,
  0xfc, 0xfc, 0xfd, 0xfd, 0xfe, 0xfc, 0xfc, 0xfd, 0xfa, 0xf8, 0xff, 0xde,
  0x51, 0x00, 0x10, 0x08, 0x04, 0x00, 0x00, 0x00, 0x00, 0x00, 0x00, 0x00,
  0x00, 0x00, 0x00, 0x00, 0x00, 0x00, 0x00, 0x00, 0x00, 0x00, 0x00, 0x00,
  0x00, 0x00, 0x00, 0x00, 0x00, 0x00, 0x00, 0x00, 0x00, 0x00, 0x00, 0x00,
  0x00, 0x00, 0x00, 0x00, 0x00, 0x00, 0x00, 0x00, 0x00, 0x00, 0x00, 0x00,
  0x00, 0x00, 0x00, 0x00, 0x00, 0x00, 0x00, 0x00, 0x00, 0x00, 0x00, 0x00,
  0x00, 0x01, 0x00, 0x00, 0x00, 0x00, 0x00, 0x00, 0x00, 0x00, 0x00, 0x00,
  0x00, 0x00, 0x00, 0x00, 0x00, 0x00, 0x00, 0x00, 0x00, 0x00, 0x00, 0x00,
  0x00, 0x00, 0x00, 0x00, 0x00, 0x00, 0x00, 0x00, 0x00, 0x00, 0x00, 0x00,
  0x00, 0x00, 0x00, 0x00, 0x00, 0x00, 0x00, 0x07, 0x00, 0x7b, 0xf4, 0xff,
  0xf5, 0xf8, 0xfa, 0xfb, 0xfb, 0xfa, 0xfa, 0xfb, 0xfa, 0xfa, 0xfb, 0xfa,
  0xf9, 0xf9, 0xf9, 0xfa, 0xfb, 0xfa, 0xfb, 0xfc, 0xfb, 0xfb, 0xfc, 0xfc,
  0xfb, 0xfb, 0xfc, 0xfb, 0xfc, 0xfb, 0xfa, 0xfb, 0xfb, 0xfb, 0xfc, 0xfb,
  0xfb, 0xfb, 0xfb, 0xfa, 0xfb, 0xfa, 0xfb, 0xfc, 0xfc, 0xfc, 0xfc, 0xfb,
  0xfa, 0xfa, 0xfb, 0xfb, 0xfa, 0xfa, 0xfb, 0xfb, 0xfb, 0xfb, 0xfa, 0xfb,
  0xfc, 0xfc, 0xfc, 0xfb, 0xfa, 0xfb, 0xfc, 0xfc, 0xfd, 0xfc, 0xfb, 0xfc,
  0xfb, 0xfb, 0xfc, 0xfc, 0xfa, 0xfa, 0xfa, 0xfa, 0xfa, 0xfb, 0xfc, 0xfb,
  0xfc, 0xfb, 0xfa, 0xfa, 0xfa, 0xfb, 0xfb, 0xfc, 0xfb, 0xfc, 0xfb, 0xfc,
  0xfc, 0xfc, 0xfc, 0xfc, 0xfb, 0xfc, 0xfd, 0xfc, 0xfc, 0xfb, 0xfc, 0xfb,
  0xfc, 0xfc, 0xfb, 0xfc, 0xfb, 0xfa, 0xfb, 0xfb, 0xfb, 0xfa, 0xfb, 0xfb,
  0xfc, 0xfd, 0xfc, 0xfb, 0xfc, 0xfb, 0xfc, 0xfc, 0xfb, 0xfc, 0xfc, 0xfb,
  0xfc, 0xfb, 0xfc, 0xfd, 0xfc, 0xfb, 0xfc, 0xfc, 0xfc, 0xfc, 0xfb, 0xf9,
  0xf7, 0xfa, 0xff, 0xaf, 0x20, 0x00, 0x05, 0x01, 0x03, 0x01, 0x00, 0x00,
  0x00, 0x00, 0x00, 0x00, 0x00, 0x00, 0x00, 0x00, 0x00, 0x00, 0x01, 0x00,
  0x00, 0x01, 0x00, 0x00, 0x00, 0x00, 0x00, 0x00, 0x00, 0x01, 0x02, 0x04,
  0x07, 0x09, 0x00, 0x10, 0xcd, 0xfd, 0xf9, 0xf7, 0xf7, 0xf8, 0xf8, 0xf9,
  0xfa, 0xfa, 0xfb, 0xfa, 0xfa, 0xfa, 0xfb, 0xfa, 0xfb, 0xfa, 0xfb, 0xfb,
  0xfa, 0xfa, 0xfa, 0xfb, 0xfc, 0xfb, 0xfb, 0xfb, 0xfb, 0xfc, 0xfc, 0xfb,
  0xfc, 0xfb, 0xfc, 0xfd, 0xfd, 0xfd, 0xfc, 0xfb, 0xfc, 0xfb, 0xfb, 0xfc,
  0xfb, 0xfa, 0xfb, 0xfc, 0xfc, 0xfc, 0xfc, 0xfc, 0xfb, 0xfc, 0xfc, 0xfb,
  0xfb, 0xfb, 0xfb, 0xfc, 0xfb, 0xfa, 0xfb, 0xfb, 0xfc, 0xfd, 0xfb, 0xfb,
  0xfb, 0xfc, 0xfc, 0xfc, 0xfb, 0xfb, 0xfb, 0xfc, 0xfd, 0xfd, 0xfc, 0xfb,
  0xfb, 0xfb, 0xfc, 0xfc, 0xfb, 0xfb, 0xfc, 0xfc, 0xfb, 0xfb, 0xfc, 0xfb,
  0xfa, 0xfa, 0xfb, 0xfc, 0xfc, 0xfc, 0xfc, 0xfc, 0xfb, 0xfa, 0xfa, 0xfb,
  0xfb, 0xfa, 0xfb, 0xfb, 0xfa, 0xf9, 0xf9, 0xfa, 0xf9, 0xf9, 0xfa, 0xfa,
  0xfb, 0xfc, 0xfb, 0xfb, 0xfb, 0xfb, 0xfb, 0xfc, 0xfc, 0xfb, 0xfc, 0xfb,
  0xfa, 0xfb, 0xfb, 0xfa, 0xfa, 0xfa, 0xfb, 0xfb, 0xfb, 0xfc, 0xfd, 0xfd,
  0xfe, 0xfe, 0xfe, 0xfe, 0xfe, 0xfe, 0xfd, 0xfc, 0xfa, 0xf5, 0xf2, 0xfb,
  0xfb, 0xcd, 0x54, 0x02, 0x02, 0x09, 0x07, 0x02, 0x00, 0x00, 0x00, 0x00,
  0x00, 0x00, 0x00, 0x00, 0x00, 0x00, 0x00, 0x00, 0x00, 0x00, 0x00, 0x00,
  0x00, 0x00, 0x00, 0x00, 0x00, 0x00, 0x00, 0x00, 0x00, 0x00, 0x00, 0x00,
  0x00, 0x00, 0x00, 0x00, 0x00, 0x00, 0x00, 0x00, 0x00, 0x00, 0x00, 0x00,
  0x00, 0x00, 0x00, 0x00, 0x00, 0x00, 0x00, 0x00, 0x00, 0x00, 0x01, 0x00,
  0x00, 0x00, 0x00, 0x00, 0x00, 0x00, 0x00, 0x00, 0x00, 0x00, 0x00, 0x00,
  0x00, 0x00, 0x00, 0x00, 0x00, 0x00, 0x00, 0x00, 0x01, 0x00, 0x00, 0x00,
  0x00, 0x00, 0x00, 0x00, 0x00, 0x00, 0x00, 0x00, 0x00, 0x00, 0x00, 0x00,
  0x00, 0x00, 0x00, 0x00, 0x00, 0x00, 0x00, 0x00, 0x00, 0x00, 0x00, 0x00,
  0x00, 0x00, 0x01, 0x04, 0x0f, 0x00, 0x3a, 0xc8, 0xff, 0xf6, 0xf6, 0xfc,
  0xfe, 0xfd, 0xfe, 0xfd, 0xfc, 0xfd, 0xfc, 0xfb, 0xfc, 0xfc, 0xfb, 0xfb,
  0xfb, 0xfa, 0xfa, 0xf9, 0xfa, 0xfb, 0xfb, 0xfa, 0xfb, 0xfb, 0xfa, 0xfb,
  0xfb, 0xfa, 0xfb, 0xfc, 0xfc, 0xfd, 0xfd, 0xfb, 0xfc, 0xfd, 0xfc, 0xfc,
  0xfb, 0xfa, 0xfb, 0xfb, 0xfc, 0xfc, 0xfb, 0xfa, 0xf9, 0xf8, 0xf2, 0xff,
  0xc4, 0x36, 0x00, 0x06, 0x03, 0x03, 0x01, 0x00, 0x00, 0x00, 0x00, 0x00,
  0x00, 0x00, 0x00, 0x00, 0x00, 0x00, 0x00, 0x00, 0x00, 0x00, 0x00, 0x00,
  0x00, 0x00, 0x00, 0x00, 0x00, 0x00, 0x00, 0x00, 0x00, 0x00, 0x00, 0x00,
  0x00, 0x00, 0x00, 0x00, 0x00, 0x00, 0x00, 0x00, 0x00, 0x00, 0x00, 0x00,
  0x00, 0x00, 0x00, 0x00, 0x00, 0x00, 0x00, 0x00, 0x00, 0x00, 0x00, 0x00,
  0x00, 0x00, 0x00, 0x00, 0x00, 0x00, 0x00, 0x00, 0x00, 0x00, 0x00, 0x00,
  0x00, 0x00, 0x00, 0x00, 0x00, 0x00, 0x00, 0x00, 0x00, 0x00, 0x00, 0x00,
  0x00, 0x00, 0x00, 0x00, 0x00, 0x00, 0x00, 0x00, 0x00, 0x00, 0x00, 0x00,
  0x00, 0x00, 0x00, 0x00, 0x00, 0x00, 0x00, 0x00, 0x00, 0x00, 0x00, 0x00,
  0x00, 0x00, 0x00, 0x00, 0x00, 0x00, 0x00, 0x00, 0x00, 0x00, 0x00, 0x00,
  0x00, 0x00, 0x00, 0x00, 0x00, 0x00, 0x00, 0x00, 0x00, 0x00, 0x00, 0x00,
  0x00, 0x00, 0x00, 0x00, 0x00, 0x00, 0x00, 0x00, 0x00, 0x00, 0x00, 0x00,
  0x00, 0x00, 0x00, 0x00, 0x00, 0x00, 0x00, 0x00, 0x00, 0x00, 0x00, 0x00,
  0x00, 0x00, 0x00, 0x00, 0x00, 0x00, 0x00, 0x00, 0x00, 0x00, 0x00, 0x00,
  0x00, 0x00, 0x00, 0x00, 0x00, 0x00, 0x00, 0x02, 0x07, 0x05, 0x00, 0x4b,
  0xd9, 0xff, 0xf6, 0xfc, 0xfc, 0xfc, 0xfd, 0xfe, 0xfe, 0xfd, 0xfc, 0xfc,
  0xfc, 0xfc, 0xfb, 0xfb, 0xfc, 0xfb, 0xfb, 0xfc, 0xfb, 0xfa, 0xfb, 0xfa,
  0xf9, 0xf9, 0xfa, 0xfa, 0xfa, 0xf9, 0xfa, 0xfa, 0xfa, 0xfa, 0xfb, 0xfa,
  0xfb, 0xfb, 0xfb, 0xfb, 0xfb, 0xfc, 0xfc, 0xfb, 0xfc, 0xfd, 0xfd, 0xfd,
  0xfd, 0xfd, 0xfb, 0xf6, 0xf9, 0xfe, 0xa4, 0x1a, 0x05, 0x09, 0x03, 0x00,
  0x00, 0x00, 0x00, 0x00, 0x00, 0x00, 0x00, 0x00, 0x00, 0x00, 0x00, 0x00,
  0x00, 0x00, 0x00, 0x00, 0x00, 0x00, 0x00, 0x00, 0x00, 0x00, 0x00, 0x00,
  0x00, 0x00, 0x00, 0x00, 0x00, 0x00, 0x00, 0x00, 0x00, 0x00, 0x00, 0x00,
  0x00, 0x00, 0x00, 0x00, 0x00, 0x00, 0x00, 0x00, 0x00, 0x00, 0x00, 0x00,
  0x00, 0x00, 0x00, 0x00, 0x00, 0x00, 0x00, 0x00, 0x00, 0x00, 0x00, 0x00,
  0x00, 0x00, 0x00, 0x00, 0x00, 0x00, 0x00, 0x00, 0x00, 0x00, 0x00, 0x00,
  0x00, 0x00, 0x00, 0x00, 0x00, 0x00, 0x00, 0x00, 0x00, 0x00, 0x00, 0x00,
  0x00, 0x00, 0x00, 0x00, 0x00, 0x00, 0x00, 0x00, 0x00, 0x00, 0x00, 0x00,
  0x00, 0x07, 0x00, 0x7b, 0xf5, 0xff, 0xf6, 0xf8, 0xfa, 0xfb, 0xfc, 0xfb,
  0xfb, 0xfa, 0xfb, 0xfb, 0xfa, 0xfa, 0xfa, 0xfa, 0xfa, 0xfa, 0xfa, 0xfb,
  0xfb, 0xfc, 0xfc, 0xfb, 0xfc, 0xfb, 0xfc, 0xfc, 0xfb, 0xfc, 0xfc, 0xfb,
  0xfb, 0xfb, 0xfc, 0xfb, 0xfb, 0xfa, 0xfb, 0xfc, 0xfb, 0xfb, 0xfb, 0xfb,
  0xfb, 0xfc, 0xfb, 0xfb, 0xfb, 0xfb, 0xfb, 0xfa, 0xfa, 0xfa, 0xfb, 0xfb,
  0xfa, 0xfa, 0xfa, 0xfb, 0xfb, 0xfb, 0xfb, 0xfb, 0xfb, 0xfa, 0xfb, 0xfb,
  0xfc, 0xfc, 0xfc, 0xfc, 0xfb, 0xfc, 0xfc, 0xfc, 0xfb, 0xfb, 0xfb, 0xfb,
  0xfb, 0xfb, 0xfb, 0xfb, 0xfc, 0xfb, 0xfc, 0xfc, 0xfb, 0xfb, 0xfb, 0xfb,
  0xfc, 0xfc, 0xfc, 0xfc, 0xfc, 0xfb, 0xfb, 0xfb, 0xfb, 0xfb, 0xfc, 0xfb,
  0xfc, 0xfc, 0xfc, 0xfc, 0xfc, 0xfb, 0xfc, 0xfc, 0xfb, 0xfc, 0xfb, 0xfb,
  0xfb, 0xfb, 0xfb, 0xfa, 0xfb, 0xfc, 0xfc, 0xfc, 0xfc, 0xfb, 0xfc, 0xfc,
  0xfb, 0xfc, 0xfc, 0xfb, 0xfc, 0xfc, 0xfb, 0xfc, 0xfd, 0xfc, 0xfb, 0xfc,
  0xfb, 0xfb, 0xfb, 0xfb, 0xf9, 0xf8, 0xf8, 0xfb, 0xe7, 0x46, 0x01, 0x05,
  0x02, 0x00, 0x01, 0x00, 0x00, 0x00, 0x00, 0x00, 0x00, 0x00, 0x00, 0x00,
  0x00, 0x00, 0x00, 0x00, 0x00, 0x00, 0x00, 0x01, 0x01, 0x00, 0x00, 0x00,
  0x00, 0x00, 0x01, 0x01, 0x02, 0x05, 0x08, 0x09, 0x00, 0x10, 0xcd, 0xfd,
  0xf9, 0xf7, 0xf8, 0xf8, 0xf8, 0xf9, 0xfa, 0xfa, 0xfa, 0xfa, 0xfa, 0xfb,
  0xfa, 0xfb, 0xfc, 0xfb, 0xfb, 0xfb, 0xfb, 0xfb, 0xfb, 0xfb, 0xfc, 0xfb,
  0xfc, 0xfc, 0xfc, 0xfb, 0xfb, 0xfc, 0xfc, 0xfb, 0xfc, 0xfc, 0xfc, 0xfd,
  0xfc, 0xfb, 0xfb, 0xfb, 0xfb, 0xfc, 0xfb, 0xfa, 0xfb, 0xfb, 0xfa, 0xfb,
  0xfc, 0xfb, 0xfc, 0xfb, 0xfb, 0xfc, 0xfc, 0xfb, 0xfb, 0xfc, 0xfb, 0xfa,
  0xfb, 0xfc, 0xfc, 0xfc, 0xfb, 0xfc, 0xfc, 0xfb, 0xfb, 0xfb, 0xfc, 0xfc,
  0xfc, 0xfc, 0xfc, 0xfc, 0xfc, 0xfc, 0xfc, 0xfc, 0xfc, 0xfc, 0xfc, 0xfc,
  0xfb, 0xfb, 0xfc, 0xfc, 0xfb, 0xfc, 0xfb, 0xfb, 0xfb, 0xfb, 0xfb, 0xfb,
  0xfb, 0xfb, 0xfb, 0xfb, 0xfb, 0xfb, 0xfb, 0xfb, 0xfa, 0xfb, 0xfb, 0xfa,
  0xfa, 0xf9, 0xfa, 0xfa, 0xfa, 0xfa, 0xfb, 0xfc, 0xfb, 0xfc, 0xfc, 0xfc,
  0xfc, 0xfc, 0xfb, 0xfb, 0xfc, 0xfb, 0xfa, 0xfa, 0xfb, 0xfa, 0xfa, 0xfb,
  0xfb, 0xfc, 0xfb, 0xfb, 0xfc, 0xfd, 0xfe, 0xfe, 0xfe, 0xfe, 0xff, 0xfe,
  0xfd, 0xfc, 0xfa, 0xf7, 0xf3, 0xf1, 0xf7, 0xff, 0xe3, 0x72, 0x0e, 0x00,
  0x09, 0x06, 0x01, 0x02, 0x00, 0x00, 0x00, 0x00, 0x00, 0x00, 0x00, 0x00,
  0x00, 0x00, 0x00, 0x00, 0x00, 0x00, 0x00, 0x00, 0x00, 0x00, 0x00, 0x00,
  0x00, 0x00, 0x00, 0x00, 0x00, 0x00, 0x00, 0x00, 0x00, 0x00, 0x00, 0x00,
  0x00, 0x00, 0x00, 0x00, 0x00, 0x00, 0x00, 0x00, 0x00, 0x00, 0x00, 0x00,
  0x00, 0x00, 0x00, 0x00, 0x00, 0x00, 0x00, 0x00, 0x00, 0x00, 0x00, 0x00,
  0x00, 0x00, 0x00, 0x00, 0x00, 0x00, 0x00, 0x00, 0x00, 0x00, 0x00, 0x00,
  0x00, 0x00, 0x00, 0x00, 0x00, 0x00, 0x00, 0x00, 0x00, 0x00, 0x00, 0x00,
  0x00, 0x00, 0x00, 0x00, 0x00, 0x00, 0x00, 0x00, 0x00, 0x00, 0x00, 0x00,
  0x00, 0x00, 0x00, 0x00, 0x00, 0x00, 0x00, 0x01, 0x02, 0x07, 0x04, 0x11,
  0x8f, 0xfb, 0xfa, 0xf4, 0xf9, 0xfc, 0xfe, 0xfe, 0xfd, 0xfd, 0xfc, 0xfc,
  0xfc, 0xfb, 0xfb, 0xfb, 0xfb, 0xfc, 0xfc, 0xfb, 0xfa, 0xfa, 0xfa, 0xfa,
  0xfa, 0xfb, 0xfa, 0xfa, 0xfb, 0xfb, 0xfb, 0xfb, 0xfb, 0xfb, 0xfb, 0xfc,
  0xfc, 0xfc, 0xfd, 0xfd, 0xfc, 0xfc, 0xfb, 0xfa, 0xfb, 0xfc, 0xfb, 0xfb,
  0xfb, 0xfa, 0xfa, 0xfb, 0xf3, 0xf8, 0xf7, 0x8b, 0x12, 0x02, 0x07, 0x04,
  0x02, 0x00, 0x00, 0x00, 0x00, 0x00, 0x00, 0x01, 0x00, 0x00, 0x00, 0x00,
  0x00, 0x00, 0x00, 0x00, 0x00, 0x00, 0x00, 0x00, 0x00, 0x00, 0x00, 0x00,
  0x00, 0x00, 0x00, 0x00, 0x00, 0x00, 0x00, 0x00, 0x00, 0x00, 0x00, 0x00,
  0x00, 0x00, 0x00, 0x00, 0x00, 0x00, 0x00, 0x00, 0x00, 0x00, 0x00, 0x00,
  0x00, 0x00, 0x00, 0x00, 0x00, 0x00, 0x00, 0x00, 0x00, 0x00, 0x00, 0x00,
  0x00, 0x00, 0x00, 0x00, 0x00, 0x00, 0x00, 0x00, 0x00, 0x00, 0x00, 0x00,
  0x00, 0x00, 0x00, 0x00, 0x00, 0x00, 0x00, 0x00, 0x00, 0x00, 0x00, 0x00,
  0x00, 0x00, 0x00, 0x00, 0x00, 0x00, 0x00, 0x00, 0x00, 0x00, 0x00, 0x00,
  0x00, 0x00, 0x00, 0x00, 0x00, 0x00, 0x00, 0x00, 0x00, 0x00, 0x00, 0x00,
  0x00, 0x00, 0x00, 0x00, 0x00, 0x00, 0x00, 0x00, 0x00, 0x00, 0x00, 0x00,
  0x00, 0x00, 0x01, 0x00, 0x00, 0x00, 0x00, 0x00, 0x00, 0x00, 0x00, 0x00,
  0x00, 0x00, 0x00, 0x00, 0x00, 0x00, 0x01, 0x00, 0x00, 0x00, 0x00, 0x00,
  0x00, 0x00, 0x00, 0x00, 0x00, 0x00, 0x00, 0x00, 0x00, 0x00, 0x00, 0x00,
  0x00, 0x00, 0x00, 0x00, 0x00, 0x00, 0x00, 0x00, 0x00, 0x00, 0x00, 0x00,
  0x01, 0x04, 0x0b, 0x01, 0x1b, 0xa1, 0xfc, 0xf5, 0xf5, 0xfc, 0xfd, 0xfd,
  0xfe, 0xfe, 0xfe, 0xfd, 0xfd, 0xfc, 0xfd, 0xfc, 0xfb, 0xfc, 0xfb, 0xfc,
  0xfc, 0xfc, 0xfa, 0xfa, 0xfb, 0xfa, 0xf9, 0xf9, 0xf9, 0xf9, 0xfa, 0xf9,
  0xfa, 0xfb, 0xfb, 0xfb, 0xfb, 0xfb, 0xfb, 0xfb, 0xfc, 0xfc, 0xfc, 0xfb,
  0xfb, 0xfb, 0xfb, 0xfc, 0xfc, 0xfc, 0xfc, 0xfb, 0xfb, 0xf8, 0xf5, 0xff,
  0xea, 0x66, 0x00, 0x09, 0x01, 0x01, 0x01, 0x00, 0x01, 0x00, 0x00, 0x00,
  0x00, 0x00, 0x00, 0x00, 0x00, 0x00, 0x00, 0x00, 0x00, 0x00, 0x00, 0x00,
  0x00, 0x00, 0x00, 0x00, 0x00, 0x00, 0x00, 0x00, 0x00, 0x00, 0x00, 0x00,
  0x00, 0x00, 0x00, 0x00, 0x00, 0x00, 0x00, 0x00, 0x00, 0x00, 0x00, 0x00,
  0x00, 0x00, 0x00, 0x00, 0x00, 0x00, 0x00, 0x00, 0x00, 0x00, 0x00, 0x00,
  0x00, 0x00, 0x00, 0x00, 0x00, 0x00, 0x00, 0x00, 0x00, 0x00, 0x00, 0x00,
  0x00, 0x00, 0x00, 0x00, 0x00, 0x00, 0x00, 0x00, 0x00, 0x00, 0x00, 0x00,
  0x00, 0x00, 0x00, 0x00, 0x00, 0x00, 0x00, 0x00, 0x00, 0x00, 0x00, 0x00,
  0x00, 0x00, 0x00, 0x00, 0x01, 0x00, 0x01, 0x07, 0x00, 0x7c, 0xf5, 0xff,
  0xf6, 0xf8, 0xfb, 0xfc, 0xfb, 0xfc, 0xfb, 0xfb, 0xfb, 0xfb, 0xfa, 0xfb,
  0xfb, 0xfb, 0xfb, 0xfa, 0xfa, 0xfa, 0xfa, 0xfb, 0xfb, 0xfb, 0xfb, 0xfb,
  0xfc, 0xfc, 0xfb, 0xfc, 0xfb, 0xfc, 0xfc, 0xfc, 0xfb, 0xfa, 0xfa, 0xfb,
  0xfc, 0xfc, 0xfc, 0xfc, 0xfc, 0xfc, 0xfc, 0xfb, 0xfc, 0xfc, 0xfc, 0xfb,
  0xfb, 0xfb, 0xfb, 0xfb, 0xfc, 0xfb, 0xfb, 0xfb, 0xfb, 0xfa, 0xfa, 0xfa,
  0xfa, 0xfa, 0xfa, 0xfa, 0xfb, 0xfb, 0xfc, 0xfc, 0xfb, 0xfc, 0xfb, 0xfc,
  0xfd, 0xfd, 0xfb, 0xfb, 0xfc, 0xfc, 0xfc, 0xfc, 0xfb, 0xfb, 0xfc, 0xfc,
  0xfb, 0xfb, 0xfc, 0xfc, 0xfc, 0xfb, 0xfb, 0xfb, 0xfb, 0xfb, 0xfb, 0xfb,
  0xfb, 0xfa, 0xfa, 0xfb, 0xfc, 0xfc, 0xfb, 0xfb, 0xfd, 0xfc, 0xfc, 0xfc,
  0xfc, 0xfc, 0xfc, 0xfb, 0xfc, 0xfc, 0xfb, 0xfa, 0xfb, 0xfa, 0xfb, 0xfc,
  0xfb, 0xfb, 0xfc, 0xfc, 0xfb, 0xfb, 0xfc, 0xfc, 0xfd, 0xfb, 0xfb, 0xfc,
  0xfb, 0xfc, 0xfd, 0xfc, 0xfc, 0xfc, 0xfb, 0xfa, 0xfb, 0xfa, 0xf9, 0xf9,
  0xfa, 0xfd, 0x8d, 0x0b, 0x00, 0x0a, 0x03, 0x01, 0x00, 0x00, 0x00, 0x00,
  0x00, 0x00, 0x00, 0x00, 0x00, 0x00, 0x00, 0x00, 0x00, 0x00, 0x00, 0x00,
  0x00, 0x00, 0x01, 0x01, 0x01, 0x00, 0x00, 0x00, 0x01, 0x01, 0x02, 0x05,
  0x08, 0x09, 0x00, 0x0f, 0xcc, 0xfd, 0xf9, 0xf7, 0xf8, 0xf7, 0xf8, 0xf9,
  0xfa, 0xf9, 0xf9, 0xf9, 0xfa, 0xfb, 0xfb, 0xfb, 0xfc, 0xfb, 0xfb, 0xfc,
  0xfc, 0xfb, 0xfb, 0xfb, 0xfc, 0xfb, 0xfc, 0xfc, 0xfd, 0xfc, 0xfb, 0xfb,
  0xfc, 0xfc, 0xfb, 0xfb, 0xfc, 0xfd, 0xfd, 0xfc, 0xfc, 0xfc, 0xfc, 0xfc,
  0xfb, 0xfa, 0xfb, 0xfb, 0xfb, 0xfb, 0xfc, 0xfc, 0xfc, 0xfc, 0xfa, 0xfb,
  0xfb, 0xfc, 0xfc, 0xfb, 0xfb, 0xfa, 0xfb, 0xfc, 0xfc, 0xfc, 0xfc, 0xfb,
  0xfb, 0xfc, 0xfc, 0xfb, 0xfc, 0xfb, 0xfb, 0xfb, 0xfb, 0xfb, 0xfc, 0xfd,
  0xfd, 0xfd, 0xfb, 0xfb, 0xfb, 0xfb, 0xfc, 0xfb, 0xfc, 0xfc, 0xfb, 0xfb,
  0xfb, 0xfb, 0xfc, 0xfb, 0xfb, 0xfb, 0xfb, 0xfc, 0xfc, 0xfc, 0xfc, 0xfc,
  0xfc, 0xfb, 0xfa, 0xfa, 0xfb, 0xfb, 0xf9, 0xf9, 0xfa, 0xfb, 0xfa, 0xfa,
  0xfb, 0xfc, 0xfb, 0xfc, 0xfd, 0xfd, 0xfd, 0xfd, 0xfc, 0xfb, 0xfc, 0xfb,
  0xfa, 0xfb, 0xfb, 0xfb, 0xfb, 0xfa, 0xfb, 0xfc, 0xfb, 0xfc, 0xfc, 0xfe,
  0xfe, 0xfe, 0xfe, 0xff, 0xfe, 0xfd, 0xfc, 0xfc, 0xfa, 0xf9, 0xf7, 0xf5,
  0xf2, 0xf3, 0xff, 0xed, 0x89, 0x13, 0x00, 0x09, 0x05, 0x04, 0x01, 0x00,
  0x00, 0x00, 0x00, 0x00, 0x00, 0x00, 0x00, 0x00, 0x00, 0x00, 0x00, 0x00,
  0x00, 0x00, 0x00, 0x00, 0x00, 0x00, 0x00, 0x00, 0x00, 0x00, 0x00, 0x00,
  0x00, 0x00, 0x00, 0x00, 0x00, 0x00, 0x00, 0x00, 0x00, 0x00, 0x00, 0x00,
  0x00, 0x00, 0x00, 0x00, 0x00, 0x00, 0x00, 0x00, 0x01, 0x00, 0x00, 0x00,
  0x00, 0x00, 0x00, 0x00, 0x00, 0x00, 0x00, 0x00, 0x00, 0x00, 0x00, 0x00,
  0x00, 0x00, 0x00, 0x00, 0x00, 0x00, 0x00, 0x00, 0x00, 0x00, 0x00, 0x00,
  0x00, 0x00, 0x00, 0x00, 0x00, 0x00, 0x00, 0x00, 0x00, 0x00, 0x00, 0x00,
  0x00, 0x00, 0x00, 0x00, 0x00, 0x00, 0x00, 0x00, 0x00, 0x00, 0x00, 0x00,
  0x01, 0x03, 0x03, 0x09, 0x00, 0x4e, 0xdc, 0xff, 0xf7, 0xf7, 0xfb, 0xfc,
  0xfc, 0xfc, 0xfc, 0xfc, 0xfc, 0xfc, 0xfb, 0xfc, 0xfc, 0xfc, 0xfc, 0xfb,
  0xfc, 0xfc, 0xfb, 0xfa, 0xfa, 0xfb, 0xfb, 0xfb, 0xfa, 0xf9, 0xfa, 0xfb,
  0xfa, 0xfb, 0xfc, 0xfb, 0xfc, 0xfb, 0xfb, 0xfc, 0xfc, 0xfd, 0xfc, 0xfc,
  0xfb, 0xfa, 0xfb, 0xfc, 0xfc, 0xfb, 0xfa, 0xfb, 0xfb, 0xfa, 0xf8, 0xef,
  0xff, 0xd8, 0x4b, 0x00, 0x08, 0x08, 0x03, 0x00, 0x00, 0x00, 0x00, 0x00,
  0x01, 0x00, 0x00, 0x00, 0x00, 0x00, 0x00, 0x00, 0x00, 0x00, 0x00, 0x00,
  0x00, 0x00, 0x00, 0x00, 0x00, 0x00, 0x00, 0x00, 0x00, 0x00, 0x00, 0x00,
  0x00, 0x00, 0x00, 0x00, 0x00, 0x00, 0x00, 0x00, 0x00, 0x00, 0x00, 0x00,
  0x00, 0x00, 0x00, 0x00, 0x00, 0x00, 0x00, 0x00, 0x00, 0x00, 0x00, 0x00,
  0x00, 0x00, 0x00, 0x00, 0x00, 0x00, 0x00, 0x00, 0x00, 0x00, 0x00, 0x00,
  0x00, 0x00, 0x00, 0x00, 0x00, 0x00, 0x00, 0x00, 0x00, 0x00, 0x00, 0x00,
  0x00, 0x00, 0x00, 0x00, 0x00, 0x00, 0x00, 0x00, 0x00, 0x00, 0x00, 0x00,
  0x00, 0x00, 0x00, 0x00, 0x00, 0x00, 0x00, 0x00, 0x00, 0x00, 0x00, 0x00,
  0x00, 0x00, 0x00, 0x00, 0x00, 0x00, 0x00, 0x00, 0x00, 0x00, 0x00, 0x00,
  0x00, 0x00, 0x00, 0x00, 0x00, 0x00, 0x00, 0x00, 0x00, 0x00, 0x00, 0x00,
  0x00, 0x00, 0x00, 0x00, 0x00, 0x00, 0x00, 0x00, 0x00, 0x00, 0x00, 0x00,
  0x00, 0x00, 0x00, 0x00, 0x00, 0x00, 0x00, 0x00, 0x00, 0x00, 0x00, 0x00,
  0x00, 0x00, 0x00, 0x00, 0x00, 0x00, 0x00, 0x00, 0x00, 0x00, 0x00, 0x00,
  0x00, 0x00, 0x00, 0x00, 0x00, 0x00, 0x01, 0x06, 0x05, 0x04, 0x63, 0xe7,
  0xfd, 0xed, 0xf7, 0xfb, 0xfe, 0xfe, 0xfd, 0xfd, 0xfd, 0xfd, 0xfc, 0xfd,
  0xfc, 0xfc, 0xfb, 0xfb, 0xfc, 0xfb, 0xfb, 0xfb, 0xfb, 0xfb, 0xfb, 0xfa,
  0xf9, 0xfa, 0xfa, 0xfa, 0xf9, 0xf9, 0xfa, 0xfb, 0xfa, 0xfa, 0xfa, 0xfa,
  0xfb, 0xfb, 0xfc, 0xfb, 0xfc, 0xfc, 0xfc, 0xfc, 0xfc, 0xfb, 0xfb, 0xfb,
  0xfb, 0xfb, 0xfa, 0xf9, 0xf6, 0xfa, 0xff, 0xb6, 0x25, 0x04, 0x04, 0x01,
  0x03, 0x01, 0x00, 0x00, 0x00, 0x00, 0x00, 0x00, 0x00, 0x00, 0x00, 0x00,
  0x00, 0x00, 0x00, 0x00, 0x00, 0x00, 0x00, 0x00, 0x00, 0x00, 0x01, 0x00,
  0x00, 0x00, 0x00, 0x00, 0x00, 0x00, 0x00, 0x00, 0x00, 0x00, 0x00, 0x00,
  0x00, 0x00, 0x00, 0x00, 0x00, 0x00, 0x00, 0x00, 0x00, 0x00, 0x00, 0x00,
  0x00, 0x00, 0x00, 0x00, 0x00, 0x00, 0x00, 0x00, 0x00, 0x00, 0x00, 0x00,
  0x00, 0x00, 0x00, 0x00, 0x00, 0x00, 0x00, 0x00, 0x00, 0x00, 0x00, 0x00,
  0x00, 0x00, 0x00, 0x00, 0x00, 0x00, 0x00, 0x00, 0x00, 0x00, 0x00, 0x00,
  0x00, 0x00, 0x00, 0x00, 0x00, 0x00, 0x00, 0x00, 0x00, 0x00, 0x01, 0x01,
  0x01, 0x08, 0x00, 0x7d, 0xf5, 0xff, 0xf6, 0xf8, 0xfa, 0xfb, 0xfc, 0xfb,
  0xfa, 0xfa, 0xfa, 0xfa, 0xfb, 0xfb, 0xfa, 0xfb, 0xfb, 0xfa, 0xfb, 0xfb,
  0xfb, 0xfb, 0xfb, 0xfc, 0xfc, 0xfc, 0xfb, 0xfc, 0xfc, 0xfb, 0xfc, 0xfb,
  0xfb, 0xfb, 0xfb, 0xfb, 0xfb, 0xfb, 0xfb, 0xfb, 0xfc, 0xfb, 0xfb, 0xfb,
  0xfc, 0xfc, 0xfc, 0xfc, 0xfc, 0xfb, 0xfa, 0xfa, 0xfa, 0xfb, 0xfc, 0xfb,
  0xfb, 0xfb, 0xfb, 0xfb, 0xfb, 0xfb, 0xfb, 0xfb, 0xfb, 0xfa, 0xfb, 0xfc,
  0xfc, 0xfc, 0xfb, 0xfb, 0xfb, 0xfc, 0xfc, 0xfc, 0xfc, 0xfc, 0xfb, 0xfb,
  0xfb, 0xfb, 0xfc, 0xfb, 0xfb, 0xfb, 0xfb, 0xfa, 0xfb, 0xfc, 0xfb, 0xfc,
  0xfc, 0xfc, 0xfc, 0xfc, 0xfc, 0xfc, 0xfb, 0xfa, 0xfa, 0xfb, 0xfb, 0xfb,
  0xfc, 0xfb, 0xfc, 0xfb, 0xfc, 0xfb, 0xfb, 0xfb, 0xfb, 0xfc, 0xfb, 0xfc,
  0xfb, 0xfb, 0xfa, 0xfa, 0xfb, 0xfc, 0xfb, 0xfc, 0xfb, 0xfb, 0xfb, 0xfb,
  0xfc, 0xfc, 0xfc, 0xfc, 0xfc, 0xfb, 0xfb, 0xfc, 0xfc, 0xfd, 0xfc, 0xfb,
  0xfb, 0xfa, 0xfa, 0xf9, 0xf9, 0xfa, 0xfe, 0xdd, 0x2f, 0x00, 0x08, 0x08,
  0x04, 0x01, 0x00, 0x00, 0x00, 0x00, 0x00, 0x00, 0x00, 0x00, 0x00, 0x00,
  0x00, 0x00, 0x00, 0x00, 0x00, 0x00, 0x01, 0x01, 0x00, 0x00, 0x00, 0x00,
  0x00, 0x00, 0x00, 0x01, 0x01, 0x04, 0x07, 0x09, 0x00, 0x0f, 0xcc, 0xfd,
  0xf9, 0xf7, 0xf8, 0xf7, 0xf8, 0xf9, 0xfa, 0xfa, 0xfa, 0xfa, 0xfa, 0xfb,
  0xfa, 0xfb, 0xfb, 0xfa, 0xfb, 0xfc, 0xfc, 0xfc, 0xfc, 0xfc, 0xfb, 0xfc,
  0xfb, 0xfb, 0xfc, 0xfd, 0xfc, 0xfc, 0xfb, 0xfc, 0xfc, 0xfb, 0xfc, 0xfc,
  0xfc, 0xfc, 0xfc, 0xfc, 0xfc, 0xfc, 0xfb, 0xfa, 0xfb, 0xfb, 0xfb, 0xfb,
  0xfb, 0xfb, 0xfb, 0xfb, 0xfb, 0xfb, 0xfb, 0xfb, 0xfc, 0xfb, 0xfa, 0xfa,
  0xfb, 0xfb, 0xfb, 0xfb, 0xfb, 0xfb, 0xfb, 0xfb, 0xfb, 0xfc, 0xfb, 0xfc,
  0xfc, 0xfc, 0xfc, 0xfb, 0xfc, 0xfc, 0xfc, 0xfc, 0xfc, 0xfc, 0xfc, 0xfc,
  0xfb, 0xfb, 0xfb, 0xfc, 0xfc, 0xfb, 0xfa, 0xfb, 0xfc, 0xfb, 0xfb, 0xfb,
  0xfb, 0xfb, 0xfb, 0xfb, 0xfb, 0xfb, 0xfb, 0xfb, 0xfb, 0xfb, 0xfa, 0xfb,
  0xfa, 0xfa, 0xfa, 0xfb, 0xfb, 0xfa, 0xfb, 0xfc, 0xfb, 0xfc, 0xfd, 0xfc,
  0xfd, 0xfc, 0xfc, 0xfb, 0xfc, 0xfb, 0xfb, 0xfa, 0xfa, 0xfa, 0xfb, 0xfb,
  0xfb, 0xfc, 0xfb, 0xfb, 0xfc, 0xfd, 0xfd, 0xfd, 0xfe, 0xfe, 0xfe, 0xfd,
  0xfc, 0xfb, 0xfa, 0xfa, 0xf8, 0xf7, 0xf6, 0xf3, 0xf2, 0xff, 0xf4, 0x8a,
  0x12, 0x00, 0x0b, 0x05, 0x03, 0x00, 0x00, 0x00, 0x00, 0x00, 0x00, 0x00,
  0x00, 0x00, 0x00, 0x00, 0x00, 0x00, 0x00, 0x00, 0x00, 0x00, 0x00, 0x00,
  0x00, 0x00, 0x00, 0x00, 0x00, 0x00, 0x00, 0x00, 0x00, 0x00, 0x00, 0x00,
  0x00, 0x00, 0x00, 0x00, 0x00, 0x00, 0x00, 0x00, 0x00, 0x00, 0x00, 0x00,
  0x00, 0x01, 0x00, 0x00, 0x00, 0x00, 0x00, 0x00, 0x00, 0x00, 0x00, 0x00,
  0x00, 0x00, 0x00, 0x00, 0x00, 0x00, 0x00, 0x00, 0x00, 0x00, 0x00, 0x00,
  0x00, 0x00, 0x00, 0x00, 0x00, 0x00, 0x00, 0x00, 0x00, 0x00, 0x00, 0x00,
  0x00, 0x00, 0x00, 0x00, 0x00, 0x00, 0x00, 0x00, 0x00, 0x00, 0x00, 0x00,
  0x00, 0x00, 0x00, 0x00, 0x00, 0x00, 0x02, 0x04, 0x07, 0x05, 0x12, 0x99,
  0xfd, 0xfa, 0xf7, 0xfb, 0xfb, 0xfb, 0xfb, 0xfb, 0xfb, 0xfb, 0xfc, 0xfb,
  0xfb, 0xfb, 0xfb, 0xfb, 0xfb, 0xfc, 0xfb, 0xfb, 0xfc, 0xfb, 0xfa, 0xfc,
  0xfb, 0xfa, 0xfa, 0xfa, 0xf9, 0xfa, 0xfa, 0xfb, 0xfc, 0xfc, 0xfb, 0xfb,
  0xfc, 0xfb, 0xfc, 0xfc, 0xfc, 0xfb, 0xfb, 0xfa, 0xfb, 0xfc, 0xfc, 0xfb,
  0xfb, 0xfa, 0xfa, 0xfa, 0xf8, 0xf0, 0xf5, 0xfc, 0xa3, 0x1c, 0x02, 0x0b,
  0x03, 0x00, 0x00, 0x00, 0x00, 0x00, 0x01, 0x00, 0x00, 0x00, 0x00, 0x00,
  0x00, 0x00, 0x00, 0x00, 0x00, 0x00, 0x00, 0x00, 0x00, 0x00, 0x00, 0x00,
  0x00, 0x00, 0x00, 0x00, 0x00, 0x00, 0x00, 0x00, 0x00, 0x00, 0x00, 0x00,
  0x00, 0x00, 0x00, 0x00, 0x00, 0x00, 0x00, 0x00, 0x00, 0x00, 0x00, 0x00,
  0x00, 0x00, 0x00, 0x00, 0x00, 0x00, 0x00, 0x00, 0x00, 0x00, 0x00, 0x00,
  0x00, 0x00, 0x00, 0x00, 0x00, 0x00, 0x00, 0x00, 0x00, 0x00, 0x00, 0x00,
  0x00, 0x00, 0x00, 0x00, 0x00, 0x00, 0x00, 0x00, 0x00, 0x00, 0x00, 0x00,
  0x00, 0x00, 0x00, 0x00, 0x00, 0x00, 0x00, 0x00, 0x00, 0x00, 0x00, 0x00,
  0x00, 0x00, 0x00, 0x00, 0x00, 0x00, 0x00, 0x00, 0x00, 0x00, 0x00, 0x00,
  0x00, 0x00, 0x00, 0x00, 0x00, 0x00, 0x00, 0x00, 0x00, 0x00, 0x00, 0x00,
  0x00, 0x00, 0x00, 0x00, 0x00, 0x00, 0x00, 0x00, 0x00, 0x00, 0x00, 0x00,
  0x00, 0x00, 0x00, 0x00, 0x00, 0x00, 0x00, 0x00, 0x00, 0x00, 0x00, 0x00,
  0x00, 0x00, 0x00, 0x00, 0x00, 0x00, 0x00, 0x00, 0x00, 0x00, 0x00, 0x00,
  0x00, 0x00, 0x00, 0x00, 0x00, 0x00, 0x00, 0x00, 0x00, 0x00, 0x01, 0x02,
  0x03, 0x08, 0x00, 0x2a, 0xb7, 0xff, 0xf2, 0xf3, 0xf9, 0xfb, 0xfd, 0xfe,
  0xfd, 0xfc, 0xfc, 0xfd, 0xfd, 0xfc, 0xfc, 0xfb, 0xfc, 0xfc, 0xfb, 0xfc,
  0xfc, 0xfc, 0xfc, 0xfb, 0xfb, 0xfa, 0xf9, 0xfa, 0xfb, 0xfa, 0xf9, 0xf9,
  0xfa, 0xfb, 0xfa, 0xfa, 0xfb, 0xfb, 0xfc, 0xfc, 0xfc, 0xfc, 0xfb, 0xfc,
  0xfc, 0xfc, 0xfc, 0xfc, 0xfc, 0xfa, 0xfb, 0xfb, 0xfa, 0xf9, 0xf8, 0xf5,
  0xfc, 0xef, 0x79, 0x00, 0x08, 0x05, 0x04, 0x02, 0x00, 0x00, 0x00, 0x00,
  0x00, 0x00, 0x00, 0x00, 0x00, 0x00, 0x00, 0x00, 0x00, 0x00, 0x00, 0x00,
  0x00, 0x00, 0x00, 0x00, 0x00, 0x00, 0x00, 0x00, 0x00, 0x00, 0x00, 0x00,
  0x00, 0x00, 0x00, 0x00, 0x00, 0x00, 0x00, 0x00, 0x00, 0x00, 0x00, 0x00,
  0x00, 0x00, 0x00, 0x00, 0x00, 0x00, 0x00, 0x00, 0x00, 0x00, 0x00, 0x00,
  0x00, 0x00, 0x00, 0x00, 0x00, 0x00, 0x00, 0x00, 0x00, 0x00, 0x00, 0x00,
  0x00, 0x00, 0x00, 0x00, 0x00, 0x00, 0x00, 0x00, 0x00, 0x00, 0x00, 0x00,
  0x00, 0x00, 0x00, 0x00, 0x00, 0x00, 0x00, 0x00, 0x00, 0x00, 0x00, 0x00,
  0x00, 0x00, 0x00, 0x00, 0x01, 0x00, 0x02, 0x07, 0x00, 0x7e, 0xf6, 0xff,
  0xf7, 0xf8, 0xfa, 0xfb, 0xfd, 0xfb, 0xfb, 0xfb, 0xfb, 0xfa, 0xfb, 0xfb,
  0xfb, 0xfa, 0xfa, 0xfb, 0xfb, 0xfc, 0xfc, 0xfc, 0xfc, 0xfb, 0xfc, 0xfb,
  0xfc, 0xfd, 0xfd, 0xfc, 0xfc, 0xfb, 0xfa, 0xfb, 0xfc, 0xfb, 0xfb, 0xfb,
  0xfb, 0xfc, 0xfc, 0xfc, 0xfc, 0xfb, 0xfc, 0xfd, 0xfc, 0xfb, 0xfb, 0xfb,
  0xfb, 0xfb, 0xfb, 0xfb, 0xfb, 0xfb, 0xfa, 0xfa, 0xfb, 0xfc, 0xfc, 0xfc,
  0xfc, 0xfb, 0xfb, 0xfb, 0xfb, 0xfc, 0xfb, 0xfc, 0xfb, 0xfa, 0xfb, 0xfc,
  0xfb, 0xfb, 0xfb, 0xfb, 0xfc, 0xfc, 0xfb, 0xfc, 0xfb, 0xfb, 0xfa, 0xfa,
  0xfa, 0xfb, 0xfb, 0xfc, 0xfc, 0xfd, 0xfd, 0xfd, 0xfd, 0xfd, 0xfc, 0xfb,
  0xfb, 0xfb, 0xfb, 0xfa, 0xfa, 0xfa, 0xfb, 0xfc, 0xfb, 0xfb, 0xfc, 0xfb,
  0xfb, 0xfb, 0xfb, 0xfc, 0xfc, 0xfb, 0xfc, 0xfc, 0xfb, 0xfb, 0xfb, 0xfc,
  0xfb, 0xfc, 0xfb, 0xfa, 0xfa, 0xfb, 0xfc, 0xfc, 0xfb, 0xfc, 0xfc, 0xfc,
  0xfb, 0xfb, 0xfb, 0xfc, 0xfc, 0xfc, 0xfb, 0xfa, 0xf9, 0xf7, 0xf8, 0xfc,
  0xfb, 0x7f, 0x06, 0x00, 0x06, 0x05, 0x04, 0x01, 0x00, 0x00, 0x00, 0x00,
  0x00, 0x00, 0x00, 0x00, 0x00, 0x00, 0x00, 0x00, 0x00, 0x00, 0x00, 0x00,
  0x00, 0x00, 0x00, 0x00, 0x00, 0x00, 0x00, 0x00, 0x00, 0x00, 0x01, 0x03,
  0x07, 0x09, 0x00, 0x0f, 0xcc, 0xfc, 0xf9, 0xf8, 0xf8, 0xf8, 0xf8, 0xf9,
  0xf9, 0xfa, 0xfb, 0xfa, 0xfb, 0xfb, 0xfb, 0xfc, 0xfb, 0xfa, 0xfb, 0xfb,
  0xfc, 0xfd, 0xfd, 0xfc, 0xfb, 0xfc, 0xfc, 0xfc, 0xfb, 0xfc, 0xfd, 0xfc,
  0xfb, 0xfc, 0xfc, 0xfc, 0xfb, 0xfb, 0xfb, 0xfb, 0xfb, 0xfb, 0xfb, 0xfc,
  0xfb, 0xfa, 0xfa, 0xfa, 0xfa, 0xfa, 0xfa, 0xfa, 0xfa, 0xfa, 0xfb, 0xfc,
  0xfc, 0xfb, 0xfc, 0xfb, 0xfa, 0xfb, 0xfa, 0xfa, 0xfa, 0xfa, 0xfb, 0xfc,
  0xfc, 0xfb, 0xfb, 0xfc, 0xfb, 0xfc, 0xfc, 0xfc, 0xfc, 0xfc, 0xfc, 0xfb,
  0xfb, 0xfb, 0xfc, 0xfc, 0xfc, 0xfb, 0xfa, 0xfa, 0xfb, 0xfc, 0xfb, 0xfb,
  0xfa, 0xfb, 0xfc, 0xfc, 0xfa, 0xfa, 0xfa, 0xfa, 0xfa, 0xfa, 0xfa, 0xfa,
  0xfa, 0xfb, 0xfb, 0xfb, 0xfb, 0xfa, 0xfb, 0xfb, 0xfa, 0xfb, 0xfb, 0xfa,
  0xfb, 0xfc, 0xfb, 0xfc, 0xfd, 0xfc, 0xfd, 0xfd, 0xfc, 0xfb, 0xfc, 0xfb,
  0xfb, 0xfa, 0xfa, 0xfb, 0xfb, 0xfb, 0xfb, 0xfc, 0xfb, 0xfb, 0xfc, 0xfc,
  0xfd, 0xfe, 0xfd, 0xfe, 0xfd, 0xfd, 0xfc, 0xfb, 0xfa, 0xf9, 0xf8, 0xf8,
  0xf8, 0xf8, 0xf7, 0xf1, 0xfd, 0xf2, 0x7f, 0x0c, 0x03, 0x08, 0x02, 0x02,
  0x01, 0x00, 0x00, 0x00, 0x00, 0x00, 0x00, 0x00, 0x00, 0x00, 0x00, 0x00,
  0x00, 0x00, 0x00, 0x00, 0x00, 0x00, 0x00, 0x00, 0x00, 0x00, 0x00, 0x00,
  0x00, 0x00, 0x00, 0x00, 0x00, 0x00, 0x00, 0x00, 0x00, 0x00, 0x00, 0x00,
  0x00, 0x00, 0x00, 0x00, 0x00, 0x00, 0x00, 0x00, 0x00, 0x00, 0x00, 0x00,
  0x00, 0x00, 0x00, 0x00, 0x00, 0x00, 0x00, 0x00, 0x00, 0x00, 0x00, 0x00,
  0x00, 0x00, 0x00, 0x00, 0x00, 0x00, 0x00, 0x00, 0x00, 0x00, 0x00, 0x00,
  0x00, 0x00, 0x00, 0x00, 0x00, 0x00, 0x00, 0x00, 0x00, 0x00, 0x00, 0x00,
  0x00, 0x00, 0x00, 0x00, 0x00, 0x00, 0x00, 0x00, 0x00, 0x00, 0x00, 0x00,
  0x02, 0x05, 0x0b, 0x00, 0x53, 0xdd, 0xfe, 0xf5, 0xf8, 0xfb, 0xfc, 0xfb,
  0xfc, 0xfc, 0xfa, 0xfb, 0xfb, 0xfa, 0xfb, 0xfb, 0xfb, 0xfb, 0xfb, 0xfc,
  0xfc, 0xfc, 0xfb, 0xfc, 0xfa, 0xfb, 0xfb, 0xfa, 0xfa, 0xfa, 0xf9, 0xfa,
  0xfb, 0xfb, 0xfc, 0xfb, 0xfa, 0xfb, 0xfc, 0xfb, 0xfc, 0xfd, 0xfc, 0xfb,
  0xfb, 0xfa, 0xfb, 0xfc, 0xfb, 0xfb, 0xfb, 0xfa, 0xfb, 0xfa, 0xf8, 0xf6,
  0xee, 0xfe, 0xe7, 0x64, 0x00, 0x06, 0x05, 0x01, 0x01, 0x01, 0x01, 0x00,
  0x01, 0x00, 0x00, 0x00, 0x00, 0x00, 0x00, 0x00, 0x01, 0x01, 0x00, 0x00,
  0x00, 0x00, 0x00, 0x00, 0x00, 0x00, 0x00, 0x00, 0x00, 0x00, 0x00, 0x00,
  0x00, 0x00, 0x00, 0x00, 0x00, 0x00, 0x00, 0x00, 0x00, 0x00, 0x00, 0x00,
  0x00, 0x00, 0x00, 0x00, 0x00, 0x00, 0x00, 0x00, 0x00, 0x00, 0x00, 0x00,
  0x00, 0x00, 0x00, 0x00, 0x00, 0x00, 0x00, 0x00, 0x00, 0x00, 0x00, 0x00,
  0x00, 0x00, 0x00, 0x00, 0x00, 0x00, 0x00, 0x00, 0x00, 0x00, 0x00, 0x00,
  0x00, 0x00, 0x00, 0x00, 0x00, 0x00, 0x00, 0x00, 0x00, 0x00, 0x00, 0x00,
  0x00, 0x00, 0x00, 0x00, 0x00, 0x00, 0x00, 0x00, 0x00, 0x00, 0x00, 0x00,
  0x00, 0x00, 0x00, 0x00, 0x00, 0x00, 0x00, 0x00, 0x00, 0x00, 0x00, 0x00,
  0x00, 0x00, 0x00, 0x00, 0x00, 0x00, 0x00, 0x00, 0x00, 0x00, 0x00, 0x00,
  0x00, 0x00, 0x00, 0x00, 0x00, 0x00, 0x00, 0x00, 0x00, 0x00, 0x00, 0x00,
  0x00, 0x00, 0x00, 0x00, 0x00, 0x00, 0x00, 0x00, 0x00, 0x00, 0x00, 0x00,
  0x00, 0x00, 0x00, 0x00, 0x00, 0x00, 0x00, 0x00, 0x00, 0x00, 0x00, 0x00,
  0x00, 0x00, 0x00, 0x00, 0x03, 0x05, 0x07, 0x04, 0x09, 0x7a, 0xf1, 0xfa,
  0xf1, 0xfa, 0xfa, 0xfb, 0xfc, 0xfd, 0xfd, 0xfd, 0xfd, 0xfc, 0xfc, 0xfc,
  0xfb, 0xfb, 0xfc, 0xfc, 0xfb, 0xfb, 0xfb, 0xfb, 0xfc, 0xfb, 0xfb, 0xfa,
  0xf9, 0xfa, 0xfa, 0xf9, 0xf9, 0xf9, 0xfa, 0xfb, 0xfa, 0xfa, 0xfc, 0xfc,
  0xfb, 0xfb, 0xfb, 0xfb, 0xfc, 0xfb, 0xfc, 0xfc, 0xfb, 0xfc, 0xfc, 0xfa,
  0xfa, 0xfa, 0xfb, 0xfa, 0xf9, 0xf5, 0xf6, 0xff, 0xc3, 0x2a, 0x01, 0x0d,
  0x04, 0x01, 0x00, 0x00, 0x00, 0x00, 0x00, 0x00, 0x00, 0x00, 0x00, 0x00,
  0x00, 0x00, 0x00, 0x00, 0x00, 0x00, 0x00, 0x00, 0x00, 0x00, 0x00, 0x00,
  0x00, 0x00, 0x00, 0x00, 0x00, 0x00, 0x00, 0x00, 0x00, 0x00, 0x00, 0x00,
  0x00, 0x00, 0x00, 0x00, 0x00, 0x00, 0x00, 0x00, 0x00, 0x00, 0x00, 0x00,
  0x00, 0x00, 0x00, 0x00, 0x00, 0x00, 0x00, 0x00, 0x00, 0x00, 0x00, 0x00,
  0x00, 0x00, 0x00, 0x00, 0x00, 0x00, 0x00, 0x00, 0x00, 0x00, 0x00, 0x00,
  0x00, 0x00, 0x00, 0x00, 0x00, 0x00, 0x00, 0x00, 0x00, 0x00, 0x00, 0x00,
  0x00, 0x00, 0x00, 0x00, 0x00, 0x00, 0x00, 0x00, 0x00, 0x00, 0x01, 0x01,
  0x02, 0x08, 0x00, 0x7f, 0xf6, 0xff, 0xf7, 0xf8, 0xfa, 0xfc, 0xfd, 0xfc,
  0xfc, 0xfc, 0xfa, 0xfa, 0xfa, 0xfb, 0xfb, 0xfa, 0xfb, 0xfb, 0xfc, 0xfb,
  0xfb, 0xfb, 0xfc, 0xfc, 0xfb, 0xfb, 0xfc, 0xfc, 0xfc, 0xfc, 0xfc, 0xfb,
  0xfb, 0xfc, 0xfb, 0xfc, 0xfc, 0xfc, 0xfc, 0xfb, 0xfb, 0xfb, 0xfb, 0xfb,
  0xfc, 0xfd, 0xfc, 0xfc, 0xfc, 0xfc, 0xfc, 0xfc, 0xfc, 0xfb, 0xfa, 0xfa,
  0xfb, 0xfa, 0xfb, 0xfc, 0xfb, 0xfb, 0xfb, 0xfa, 0xfa, 0xfb, 0xfb, 0xfb,
  0xfb, 0xfc, 0xfb, 0xfa, 0xfb, 0xfc, 0xfc, 0xfc, 0xfb, 0xfa, 0xfb, 0xfb,
  0xfc, 0xfb, 0xfa, 0xfa, 0xfa, 0xfa, 0xfa, 0xfb, 0xfc, 0xfb, 0xfc, 0xfd,
  0xfd, 0xfc, 0xfc, 0xfc, 0xfc, 0xfb, 0xfb, 0xfc, 0xfb, 0xfa, 0xfa, 0xfa,
  0xfa, 0xfb, 0xfc, 0xfc, 0xfb, 0xfc, 0xfc, 0xfb, 0xfb, 0xfb, 0xfb, 0xfc,
  0xfb, 0xfb, 0xfc, 0xfa, 0xfb, 0xfc, 0xfb, 0xfc, 0xfb, 0xfb, 0xfa, 0xfb,
  0xfb, 0xfb, 0xfc, 0xfb, 0xfb, 0xfd, 0xfc, 0xfc, 0xfb, 0xfb, 0xfb, 0xfc,
  0xfb, 0xfa, 0xf8, 0xf6, 0xf8, 0xfd, 0xd4, 0x23, 0x00, 0x01, 0x00, 0x02,
  0x02, 0x00, 0x00, 0x00, 0x00, 0x00, 0x00, 0x00, 0x00, 0x00, 0x00, 0x00,
  0x00, 0x00, 0x00, 0x00, 0x00, 0x00, 0x00, 0x00, 0x00, 0x00, 0x00, 0x00,
  0x00, 0x00, 0x00, 0x00, 0x01, 0x04, 0x07, 0x09, 0x00, 0x0e, 0xcc, 0xfc,
  0xf9, 0xf8, 0xf8, 0xf8, 0xf9, 0xf9, 0xfa, 0xfa, 0xfb, 0xfb, 0xfa, 0xfa,
  0xfa, 0xfb, 0xfb, 0xfa, 0xfb, 0xfb, 0xfc, 0xfc, 0xfc, 0xfd, 0xfc, 0xfb,
  0xfc, 0xfc, 0xfc, 0xfb, 0xfc, 0xfc, 0xfc, 0xfb, 0xfb, 0xfb, 0xfb, 0xfc,
  0xfc, 0xfc, 0xfb, 0xfc, 0xfc, 0xfc, 0xfb, 0xfa, 0xfb, 0xfb, 0xfa, 0xfb,
  0xfb, 0xfb, 0xfa, 0xfa, 0xfa, 0xfb, 0xfc, 0xfb, 0xfc, 0xfb, 0xfb, 0xfa,
  0xfa, 0xfa, 0xfa, 0xfb, 0xfc, 0xfb, 0xfb, 0xfc, 0xfc, 0xfb, 0xfc, 0xfb,
  0xfb, 0xfb, 0xfc, 0xfd, 0xfc, 0xfb, 0xfc, 0xfc, 0xfb, 0xfb, 0xfc, 0xfb,
  0xfb, 0xfb, 0xfc, 0xfc, 0xfb, 0xfb, 0xfa, 0xfb, 0xfc, 0xfb, 0xfb, 0xfb,
  0xfb, 0xfb, 0xfb, 0xfb, 0xfb, 0xfa, 0xfa, 0xfa, 0xfa, 0xfa, 0xfc, 0xfb,
  0xfa, 0xfa, 0xfa, 0xfa, 0xfa, 0xfa, 0xfb, 0xfc, 0xfb, 0xfc, 0xfd, 0xfc,
  0xfd, 0xfd, 0xfc, 0xfb, 0xfc, 0xfb, 0xfb, 0xfa, 0xfa, 0xfb, 0xfb, 0xfb,
  0xfb, 0xfc, 0xfb, 0xfb, 0xfc, 0xfc, 0xfd, 0xfe, 0xfe, 0xfd, 0xfd, 0xfc,
  0xfc, 0xfb, 0xfa, 0xf9, 0xf9, 0xf8, 0xf9, 0xf8, 0xf8, 0xf6, 0xf0, 0xff,
  0xeb, 0x69, 0x02, 0x05, 0x04, 0x04, 0x03, 0x01, 0x00, 0x00, 0x00, 0x00,
  0x00, 0x00, 0x00, 0x00, 0x00, 0x00, 0x00, 0x00, 0x00, 0x00, 0x00, 0x00,
  0x00, 0x00, 0x00, 0x00, 0x00, 0x00, 0x00, 0x00, 0x00, 0x00, 0x00, 0x00,
  0x00, 0x00, 0x00, 0x00, 0x00, 0x00, 0x00, 0x00, 0x00, 0x00, 0x00, 0x00,
  0x00, 0x00, 0x00, 0x00, 0x00, 0x00, 0x00, 0x00, 0x00, 0x00, 0x00, 0x00,
  0x00, 0x00, 0x00, 0x00, 0x00, 0x00, 0x00, 0x00, 0x00, 0x00, 0x00, 0x00,
  0x00, 0x00, 0x00, 0x00, 0x00, 0x00, 0x00, 0x00, 0x00, 0x00, 0x00, 0x00,
  0x00, 0x00, 0x00, 0x00, 0x00, 0x00, 0x00, 0x00, 0x00, 0x00, 0x00, 0x00,
  0x00, 0x00, 0x00, 0x00, 0x00, 0x00, 0x02, 0x09, 0x05, 0x16, 0xa6, 0xfe,
  0xf8, 0xf3, 0xf9, 0xfb, 0xfc, 0xfb, 0xfc, 0xfc, 0xfb, 0xfa, 0xfa, 0xfb,
  0xfa, 0xfb, 0xfb, 0xfc, 0xfc, 0xfb, 0xfc, 0xfc, 0xfb, 0xfb, 0xfb, 0xfc,
  0xfb, 0xfb, 0xfa, 0xf9, 0xf9, 0xfa, 0xfb, 0xfb, 0xfb, 0xfa, 0xfa, 0xfb,
  0xfc, 0xfc, 0xfd, 0xfc, 0xfb, 0xfc, 0xfb, 0xfa, 0xfb, 0xfc, 0xfc, 0xfb,
  0xfa, 0xfa, 0xfa, 0xfa, 0xf9, 0xf9, 0xf3, 0xf6, 0xff, 0xb6, 0x26, 0x00,
  0x08, 0x04, 0x04, 0x03, 0x02, 0x01, 0x00, 0x00, 0x00, 0x00, 0x00, 0x00,
  0x00, 0x00, 0x01, 0x01, 0x00, 0x00, 0x00, 0x00, 0x00, 0x00, 0x00, 0x00,
  0x00, 0x00, 0x00, 0x00, 0x00, 0x00, 0x00, 0x00, 0x00, 0x00, 0x00, 0x00,
  0x00, 0x00, 0x00, 0x00, 0x00, 0x00, 0x00, 0x00, 0x00, 0x00, 0x00, 0x00,
  0x00, 0x00, 0x00, 0x00, 0x00, 0x00, 0x00, 0x00, 0x00, 0x00, 0x00, 0x00,
  0x00, 0x00, 0x00, 0x00, 0x00, 0x00, 0x00, 0x00, 0x00, 0x00, 0x00, 0x00,
  0x00, 0x00, 0x00, 0x00, 0x00, 0x00, 0x00, 0x00, 0x00, 0x00, 0x00, 0x00,
  0x00, 0x00, 0x00, 0x00, 0x00, 0x00, 0x00, 0x00, 0x00, 0x00, 0x00, 0x00,
  0x00, 0x00, 0x00, 0x00, 0x00, 0x00, 0x00, 0x00, 0x00, 0x00, 0x00, 0x00,
  0x00, 0x00, 0x00, 0x00, 0x00, 0x00, 0x00, 0x00, 0x00, 0x00, 0x00, 0x00,
  0x00, 0x00, 0x00, 0x00, 0x00, 0x00, 0x00, 0x00, 0x00, 0x00, 0x00, 0x00,
  0x00, 0x00, 0x00, 0x00, 0x00, 0x00, 0x00, 0x00, 0x00, 0x00, 0x00, 0x00,
  0x00, 0x00, 0x00, 0x00, 0x00, 0x00, 0x00, 0x00, 0x00, 0x00, 0x00, 0x00,
  0x00, 0x00, 0x00, 0x00, 0x00, 0x00, 0x00, 0x00, 0x00, 0x01, 0x03, 0x06,
  0x07, 0x00, 0x43, 0xcf, 0xff, 0xf2, 0xf7, 0xfa, 0xfb, 0xfb, 0xfc, 0xfd,
  0xfc, 0xfc, 0xfc, 0xfc, 0xfb, 0xfc, 0xfc, 0xfc, 0xfb, 0xfb, 0xfc, 0xfb,
  0xfa, 0xfa, 0xfb, 0xfa, 0xfa, 0xfa, 0xfa, 0xf9, 0xf9, 0xfa, 0xfa, 0xfa,
  0xfa, 0xfb, 0xfb, 0xfa, 0xfb, 0xfb, 0xfc, 0xfc, 0xfc, 0xfc, 0xfb, 0xfc,
  0xfc, 0xfc, 0xfb, 0xfc, 0xfc, 0xfb, 0xfb, 0xfb, 0xfb, 0xfb, 0xfa, 0xf7,
  0xf3, 0xfb, 0xf2, 0x8e, 0x02, 0x0c, 0x07, 0x02, 0x00, 0x00, 0x00, 0x00,
  0x00, 0x00, 0x00, 0x00, 0x00, 0x00, 0x00, 0x00, 0x00, 0x00, 0x00, 0x00,
  0x00, 0x00, 0x00, 0x00, 0x00, 0x00, 0x00, 0x00, 0x00, 0x00, 0x00, 0x00,
  0x00, 0x00, 0x00, 0x00, 0x00, 0x00, 0x00, 0x00, 0x00, 0x00, 0x00, 0x00,
  0x00, 0x00, 0x00, 0x00, 0x00, 0x00, 0x00, 0x00, 0x00, 0x00, 0x00, 0x00,
  0x00, 0x00, 0x00, 0x00, 0x00, 0x00, 0x00, 0x00, 0x00, 0x00, 0x00, 0x00,
  0x00, 0x00, 0x00, 0x00, 0x00, 0x00, 0x00, 0x00, 0x00, 0x00, 0x00, 0x01,
  0x00, 0x00, 0x00, 0x00, 0x00, 0x00, 0x00, 0x00, 0x00, 0x00, 0x00, 0x00,
  0x00, 0x00, 0x00, 0x00, 0x01, 0x01, 0x01, 0x08, 0x00, 0x80, 0xf6, 0xff,
  0xf7, 0xf8, 0xfa, 0xfc, 0xfd, 0xfc, 0xfb, 0xfb, 0xfb, 0xfb, 0xfb, 0xfb,
  0xfa, 0xfa, 0xfb, 0xfc, 0xfc, 0xfc, 0xfc, 0xfc, 0xfd, 0xfd, 0xfc, 0xfc,
  0xfc, 0xfb, 0xfc, 0xfc, 0xfc, 0xfb, 0xfb, 0xfc, 0xfc, 0xfc, 0xfc, 0xfb,
  0xfc, 0xfb, 0xfa, 0xfa, 0xfb, 0xfc, 0xfc, 0xfc, 0xfc, 0xfb, 0xfb, 0xfb,
  0xfb, 0xfb, 0xfb, 0xfb, 0xfb, 0xfb, 0xfa, 0xfa, 0xfb, 0xfc, 0xfc, 0xfc,
  0xfc, 0xfb, 0xfb, 0xfc, 0xfc, 0xfc, 0xfb, 0xfb, 0xfb, 0xfa, 0xfb, 0xfb,
  0xfb, 0xfb, 0xfc, 0xfb, 0xfb, 0xfb, 0xfc, 0xfb, 0xfb, 0xfb, 0xfb, 0xfb,
  0xfb, 0xfa, 0xfb, 0xfc, 0xfc, 0xfc, 0xfc, 0xfb, 0xfb, 0xfb, 0xfc, 0xfc,
  0xfc, 0xfb, 0xfb, 0xfb, 0xfb, 0xfb, 0xfb, 0xfb, 0xfb, 0xfc, 0xfc, 0xfb,
  0xfc, 0xfb, 0xfa, 0xfb, 0xfb, 0xfc, 0xfb, 0xfc, 0xfb, 0xfb, 0xfb, 0xfc,
  0xfb, 0xfb, 0xfb, 0xfb, 0xfa, 0xfa, 0xfa, 0xfa, 0xfb, 0xfc, 0xfc, 0xfc,
  0xfc, 0xfc, 0xfc, 0xfc, 0xfc, 0xfc, 0xfc, 0xfa, 0xf8, 0xf7, 0xfb, 0xf5,
  0x71, 0x03, 0x01, 0x02, 0x00, 0x00, 0x00, 0x00, 0x00, 0x00, 0x00, 0x00,
  0x00, 0x00, 0x00, 0x00, 0x00, 0x00, 0x00, 0x00, 0x00, 0x00, 0x00, 0x00,
  0x00, 0x00, 0x00, 0x00, 0x00, 0x00, 0x00, 0x00, 0x00, 0x00, 0x00, 0x03,
  0x07, 0x09, 0x00, 0x0e, 0xcc, 0xfc, 0xf9, 0xf8, 0xf9, 0xf9, 0xfa, 0xfa,
  0xfa, 0xfb, 0xfb, 0xfc, 0xfb, 0xfb, 0xfb, 0xfb, 0xfb, 0xfb, 0xfb, 0xfb,
  0xfc, 0xfc, 0xfc, 0xfc, 0xfc, 0xfc, 0xfb, 0xfb, 0xfb, 0xfc, 0xfb, 0xfc,
  0xfc, 0xfc, 0xfc, 0xfc, 0xfc, 0xfb, 0xfb, 0xfb, 0xfa, 0xfb, 0xfb, 0xfc,
  0xfb, 0xfa, 0xfb, 0xfb, 0xfa, 0xfb, 0xfc, 0xfb, 0xfa, 0xfb, 0xfb, 0xfb,
  0xfc, 0xfc, 0xfb, 0xfc, 0xfb, 0xfb, 0xfb, 0xfb, 0xfb, 0xfb, 0xfc, 0xfc,
  0xfc, 0xfc, 0xfc, 0xfb, 0xfc, 0xfc, 0xfc, 0xfc, 0xfc, 0xfd, 0xfc, 0xfb,
  0xfc, 0xfc, 0xfc, 0xfb, 0xfb, 0xfb, 0xfc, 0xfc, 0xfb, 0xfb, 0xfc, 0xfb,
  0xfa, 0xfb, 0xfb, 0xfa, 0xfb, 0xfb, 0xfa, 0xfb, 0xfc, 0xfc, 0xfb, 0xfb,
  0xfb, 0xfb, 0xfb, 0xfb, 0xfc, 0xfc, 0xfb, 0xfb, 0xfb, 0xfb, 0xfb, 0xfb,
  0xfb, 0xfc, 0xfc, 0xfc, 0xfd, 0xfc, 0xfd, 0xfd, 0xfc, 0xfb, 0xfc, 0xfb,
  0xfb, 0xfa, 0xfa, 0xfa, 0xfb, 0xfb, 0xfb, 0xfc, 0xfb, 0xfb, 0xfc, 0xfc,
  0xfd, 0xfd, 0xfd, 0xfd, 0xfc, 0xfc, 0xfb, 0xfa, 0xf9, 0xfa, 0xfa, 0xf9,
  0xf9, 0xf9, 0xf7, 0xf6, 0xf5, 0xf3, 0xff, 0xdc, 0x4d, 0x00, 0x06, 0x04,
  0x03, 0x01, 0x00, 0x00, 0x00, 0x00, 0x00, 0x00, 0x00, 0x00, 0x00, 0x00,
  0x00, 0x00, 0x00, 0x00, 0x00, 0x00, 0x00, 0x00, 0x00, 0x00, 0x00, 0x00,
  0x00, 0x00, 0x00, 0x00, 0x00, 0x00, 0x00, 0x00, 0x00, 0x00, 0x00, 0x00,
  0x00, 0x00, 0x00, 0x00, 0x00, 0x00, 0x00, 0x00, 0x00, 0x00, 0x00, 0x00,
  0x00, 0x00, 0x00, 0x00, 0x00, 0x00, 0x00, 0x00, 0x00, 0x00, 0x00, 0x00,
  0x00, 0x00, 0x00, 0x00, 0x00, 0x00, 0x00, 0x00, 0x00, 0x00, 0x00, 0x00,
  0x00, 0x00, 0x00, 0x00, 0x00, 0x00, 0x00, 0x00, 0x00, 0x00, 0x00, 0x00,
  0x00, 0x00, 0x00, 0x00, 0x00, 0x00, 0x00, 0x00, 0x00, 0x00, 0x00, 0x01,
  0x04, 0x0a, 0x00, 0x67, 0xe7, 0xfd, 0xf4, 0xf5, 0xf9, 0xfb, 0xfb, 0xfb,
  0xfb, 0xfb, 0xfb, 0xfb, 0xfa, 0xfa, 0xfa, 0xfb, 0xfc, 0xfb, 0xfb, 0xfb,
  0xfb, 0xfb, 0xfb, 0xfb, 0xfb, 0xfc, 0xfb, 0xfa, 0xfa, 0xfa, 0xfa, 0xfa,
  0xfb, 0xfb, 0xfb, 0xfb, 0xfb, 0xfb, 0xfb, 0xfc, 0xfc, 0xfc, 0xfc, 0xfc,
  0xfb, 0xfb, 0xfb, 0xfb, 0xfb, 0xfb, 0xfb, 0xfb, 0xf9, 0xf9, 0xfa, 0xf9,
  0xf8, 0xf1, 0xfb, 0xf0, 0x77, 0x05, 0x05, 0x07, 0x05, 0x04, 0x03, 0x02,
  0x00, 0x00, 0x00, 0x00, 0x00, 0x00, 0x00, 0x00, 0x00, 0x00, 0x00, 0x00,
  0x00, 0x00, 0x00, 0x00, 0x00, 0x00, 0x00, 0x00, 0x00, 0x00, 0x00, 0x00,
  0x00, 0x00, 0x00, 0x00, 0x00, 0x00, 0x00, 0x01, 0x01, 0x00, 0x00, 0x00,
  0x00, 0x00, 0x00, 0x00, 0x00, 0x00, 0x00, 0x00, 0x00, 0x00, 0x00, 0x00,
  0x00, 0x00, 0x00, 0x00, 0x00, 0x00, 0x00, 0x00, 0x00, 0x00, 0x00, 0x00,
  0x00, 0x00, 0x00, 0x00, 0x00, 0x00, 0x00, 0x00, 0x00, 0x00, 0x00, 0x00,
  0x00, 0x00, 0x00, 0x00, 0x00, 0x00, 0x00, 0x00, 0x00, 0x00, 0x00, 0x00,
  0x00, 0x00, 0x00, 0x00, 0x00, 0x00, 0x00, 0x00, 0x00, 0x00, 0x00, 0x00,
  0x00, 0x00, 0x00, 0x00, 0x00, 0x00, 0x00, 0x00, 0x00, 0x00, 0x00, 0x00,
  0x00, 0x00, 0x00, 0x00, 0x00, 0x00, 0x00, 0x00, 0x00, 0x00, 0x00, 0x00,
  0x00, 0x00, 0x00, 0x00, 0x00, 0x00, 0x00, 0x00, 0x00, 0x00, 0x00, 0x00,
  0x00, 0x00, 0x00, 0x00, 0x00, 0x00, 0x00, 0x00, 0x00, 0x00, 0x00, 0x00,
  0x00, 0x00, 0x00, 0x00, 0x00, 0x00, 0x00, 0x00, 0x00, 0x00, 0x00, 0x00,
  0x00, 0x00, 0x00, 0x00, 0x02, 0x07, 0x00, 0x17, 0xa1, 0xfb, 0xf8, 0xf2,
  0xf9, 0xf9, 0xfb, 0xfb, 0xfb, 0xfc, 0xfc, 0xfd, 0xfc, 0xfb, 0xfb, 0xfb,
  0xfb, 0xfc, 0xfc, 0xfc, 0xfc, 0xfb, 0xfb, 0xfb, 0xfa, 0xfb, 0xfb, 0xfb,
  0xfb, 0xfa, 0xfa, 0xfb, 0xfb, 0xfb, 0xfb, 0xfa, 0xfa, 0xfa, 0xfb, 0xfc,
  0xfc, 0xfd, 0xfd, 0xfc, 0xfb, 0xfc, 0xfc, 0xfc, 0xfc, 0xfc, 0xfc, 0xfc,
  0xfc, 0xfc, 0xfc, 0xfc, 0xfc, 0xfa, 0xf7, 0xf9, 0xff, 0xd8, 0x42, 0x00,
  0x08, 0x03, 0x02, 0x01, 0x00, 0x00, 0x00, 0x00, 0x00, 0x00, 0x00, 0x00,
  0x00, 0x00, 0x00, 0x00, 0x00, 0x00, 0x00, 0x00, 0x00, 0x00, 0x00, 0x00,
  0x00, 0x00, 0x00, 0x00, 0x00, 0x00, 0x00, 0x00, 0x00, 0x00, 0x00, 0x00,
  0x00, 0x00, 0x00, 0x00, 0x00, 0x00, 0x00, 0x00, 0x00, 0x00, 0x00, 0x00,
  0x00, 0x00, 0x00, 0x00, 0x00, 0x00, 0x00, 0x00, 0x00, 0x00, 0x00, 0x00,
  0x00, 0x00, 0x00, 0x00, 0x00, 0x00, 0x00, 0x00, 0x01, 0x00, 0x00, 0x00,
  0x00, 0x00, 0x00, 0x00, 0x00, 0x00, 0x00, 0x00, 0x00, 0x00, 0x00, 0x00,
  0x00, 0x00, 0x00, 0x00, 0x00, 0x00, 0x00, 0x00, 0x00, 0x00, 0x01, 0x01,
  0x01, 0x08, 0x00, 0x81, 0xf6, 0xff, 0xf7, 0xf8, 0xfa, 0xfb, 0xfc, 0xfb,
  0xfc, 0xfc, 0xfc, 0xfc, 0xfc, 0xfb, 0xfa, 0xfa, 0xfb, 0xfc, 0xfc, 0xfd,
  0xfd, 0xfd, 0xfd, 0xfd, 0xfc, 0xfc, 0xfc, 0xfb, 0xfc, 0xfc, 0xfb, 0xfc,
  0xfc, 0xfc, 0xfd, 0xfb, 0xfb, 0xfc, 0xfb, 0xfb, 0xfa, 0xfb, 0xfb, 0xfb,
  0xfb, 0xfb, 0xfb, 0xfa, 0xfa, 0xfa, 0xfa, 0xfa, 0xfa, 0xfb, 0xfc, 0xfb,
  0xfa, 0xfa, 0xfb, 0xfc, 0xfc, 0xfc, 0xfc, 0xfc, 0xfc, 0xfc, 0xfd, 0xfc,
  0xfc, 0xfb, 0xfa, 0xfb, 0xfa, 0xfa, 0xfa, 0xfa, 0xfc, 0xfc, 0xfc, 0xfc,
  0xfb, 0xfc, 0xfc, 0xfc, 0xfb, 0xfc, 0xfb, 0xfb, 0xfa, 0xfb, 0xfb, 0xfb,
  0xfb, 0xfc, 0xfc, 0xfb, 0xfc, 0xfd, 0xfc, 0xfb, 0xfb, 0xfc, 0xfc, 0xfc,
  0xfc, 0xfc, 0xfa, 0xfb, 0xfc, 0xfb, 0xfc, 0xfb, 0xfb, 0xfc, 0xfc, 0xfb,
  0xfc, 0xfc, 0xfc, 0xfc, 0xfc, 0xfb, 0xfc, 0xfc, 0xfb, 0xfa, 0xfb, 0xfb,
  0xfb, 0xfa, 0xfb, 0xfb, 0xfc, 0xfb, 0xfb, 0xfc, 0xfc, 0xfd, 0xfd, 0xfd,
  0xfd, 0xfb, 0xf9, 0xfa, 0xfd, 0xc3, 0x16, 0x02, 0x04, 0x03, 0x01, 0x00,
  0x00, 0x01, 0x00, 0x00, 0x00, 0x00, 0x00, 0x00, 0x00, 0x00, 0x00, 0x00,
  0x00, 0x00, 0x00, 0x00, 0x00, 0x00, 0x00, 0x00, 0x00, 0x00, 0x00, 0x00,
  0x00, 0x00, 0x00, 0x00, 0x00, 0x03, 0x07, 0x09, 0x00, 0x0d, 0xcb, 0xfc,
  0xf9, 0xf8, 0xfa, 0xfa, 0xfa, 0xfb, 0xfa, 0xfb, 0xfc, 0xfc, 0xfc, 0xfb,
  0xfb, 0xfc, 0xfc, 0xfc, 0xfc, 0xfc, 0xfb, 0xfc, 0xfc, 0xfb, 0xfc, 0xfc,
  0xfb, 0xfb, 0xfa, 0xfb, 0xfc, 0xfc, 0xfd, 0xfd, 0xfd, 0xfd, 0xfc, 0xfb,
  0xfb, 0xfa, 0xfb, 0xfa, 0xfa, 0xfb, 0xfb, 0xfa, 0xfa, 0xfa, 0xfb, 0xfb,
  0xfc, 0xfb, 0xfb, 0xfc, 0xfc, 0xfc, 0xfb, 0xfc, 0xfc, 0xfb, 0xfc, 0xfc,
  0xfc, 0xfc, 0xfc, 0xfc, 0xfb, 0xfc, 0xfd, 0xfd, 0xfc, 0xfb, 0xfc, 0xfc,
  0xfb, 0xfc, 0xfd, 0xfd, 0xfc, 0xfb, 0xfc, 0xfc, 0xfc, 0xfb, 0xfa, 0xfa,
  0xfb, 0xfb, 0xfb, 0xfc, 0xfc, 0xfb, 0xfa, 0xfa, 0xfa, 0xfa, 0xfa, 0xfa,
  0xfb, 0xfb, 0xfc, 0xfb, 0xfb, 0xfc, 0xfc, 0xfc, 0xfc, 0xfc, 0xfb, 0xfb,
  0xfc, 0xfb, 0xfb, 0xfb, 0xfb, 0xfc, 0xfb, 0xfb, 0xfc, 0xfd, 0xfc, 0xfc,
  0xfd, 0xfc, 0xfc, 0xfb, 0xfc, 0xfb, 0xfa, 0xfb, 0xfa, 0xfa, 0xfa, 0xfa,
  0xfb, 0xfc, 0xfb, 0xfb, 0xfc, 0xfd, 0xfc, 0xfc, 0xfc, 0xfd, 0xfd, 0xfc,
  0xfb, 0xfa, 0xf9, 0xf9, 0xf9, 0xfa, 0xf9, 0xf9, 0xf8, 0xf7, 0xf7, 0xf3,
  0xf5, 0xff, 0xc6, 0x2f, 0x00, 0x07, 0x02, 0x01, 0x01, 0x00, 0x00, 0x00,
  0x00, 0x00, 0x00, 0x00, 0x00, 0x00, 0x00, 0x00, 0x00, 0x00, 0x00, 0x00,
  0x00, 0x00, 0x00, 0x00, 0x00, 0x00, 0x00, 0x00, 0x00, 0x00, 0x00, 0x00,
  0x00, 0x01, 0x00, 0x00, 0x00, 0x00, 0x00, 0x00, 0x00, 0x00, 0x00, 0x00,
  0x00, 0x00, 0x00, 0x00, 0x00, 0x00, 0x00, 0x00, 0x00, 0x00, 0x00, 0x00,
  0x00, 0x00, 0x00, 0x00, 0x00, 0x00, 0x00, 0x00, 0x00, 0x00, 0x00, 0x00,
  0x00, 0x00, 0x00, 0x00, 0x00, 0x00, 0x00, 0x00, 0x00, 0x00, 0x00, 0x00,
  0x00, 0x00, 0x00, 0x00, 0x00, 0x00, 0x00, 0x00, 0x00, 0x00, 0x00, 0x00,
  0x00, 0x00, 0x00, 0x00, 0x03, 0x03, 0x07, 0x02, 0x20, 0xb8, 0xff, 0xfb,
  0xf7, 0xfa, 0xfb, 0xfc, 0xfc, 0xfb, 0xfa, 0xfa, 0xfa, 0xfb, 0xfa, 0xfa,
  0xfa, 0xfb, 0xfc, 0xfb, 0xfc, 0xfc, 0xfc, 0xfc, 0xfc, 0xfc, 0xfa, 0xfb,
  0xfb, 0xfa, 0xfa, 0xfb, 0xfa, 0xfa, 0xfb, 0xfb, 0xfc, 0xfc, 0xfc, 0xfc,
  0xfc, 0xfb, 0xfb, 0xfc, 0xfd, 0xfc, 0xfb, 0xfc, 0xfb, 0xfa, 0xfa, 0xfc,
  0xfc, 0xfb, 0xfa, 0xf9, 0xfa, 0xf9, 0xf9, 0xf3, 0xf2, 0xff, 0xca, 0x37,
  0x00, 0x09, 0x04, 0x03, 0x03, 0x02, 0x02, 0x01, 0x01, 0x00, 0x00, 0x00,
  0x00, 0x00, 0x00, 0x00, 0x00, 0x00, 0x00, 0x00, 0x00, 0x00, 0x00, 0x00,
  0x00, 0x00, 0x00, 0x00, 0x00, 0x00, 0x00, 0x00, 0x00, 0x00, 0x00, 0x00,
  0x00, 0x00, 0x01, 0x00, 0x00, 0x00, 0x00, 0x00, 0x00, 0x00, 0x00, 0x00,
  0x00, 0x00, 0x00, 0x00, 0x00, 0x00, 0x00, 0x00, 0x00, 0x00, 0x00, 0x00,
  0x00, 0x00, 0x00, 0x00, 0x00, 0x00, 0x00, 0x00, 0x00, 0x00, 0x01, 0x00,
  0x00, 0x00, 0x00, 0x00, 0x00, 0x00, 0x00, 0x00, 0x00, 0x00, 0x00, 0x00,
  0x00, 0x00, 0x00, 0x00, 0x00, 0x00, 0x00, 0x00, 0x00, 0x00, 0x00, 0x00,
  0x00, 0x00, 0x00, 0x00, 0x00, 0x00, 0x00, 0x00, 0x00, 0x00, 0x00, 0x00,
  0x00, 0x00, 0x00, 0x00, 0x00, 0x00, 0x00, 0x00, 0x00, 0x00, 0x00, 0x00,
  0x00, 0x00, 0x00, 0x00, 0x00, 0x00, 0x00, 0x00, 0x00, 0x00, 0x00, 0x00,
  0x00, 0x00, 0x00, 0x00, 0x00, 0x00, 0x00, 0x00, 0x00, 0x00, 0x00, 0x00,
  0x00, 0x00, 0x00, 0x00, 0x00, 0x00, 0x00, 0x00, 0x00, 0x00, 0x00, 0x00,
  0x00, 0x00, 0x00, 0x00, 0x00, 0x00, 0x00, 0x01, 0x01, 0x01, 0x02, 0x04,
  0x03, 0x6d, 0xeb, 0xfc, 0xf1, 0xf7, 0xf8, 0xf9, 0xfb, 0xfa, 0xfa, 0xfb,
  0xfb, 0xfc, 0xfc, 0xfc, 0xfc, 0xfc, 0xfc, 0xfb, 0xfc, 0xfb, 0xfb, 0xfb,
  0xfb, 0xfb, 0xfb, 0xfb, 0xfb, 0xfa, 0xfa, 0xfa, 0xfa, 0xfa, 0xfb, 0xfb,
  0xfb, 0xfb, 0xfb, 0xfb, 0xfb, 0xfc, 0xfb, 0xfc, 0xfd, 0xfc, 0xfb, 0xfc,
  0xfc, 0xfc, 0xfb, 0xfb, 0xfb, 0xfb, 0xfb, 0xfb, 0xfc, 0xfd, 0xfc, 0xfb,
  0xfa, 0xfa, 0xfd, 0xfc, 0xae, 0x08, 0x03, 0x05, 0x04, 0x02, 0x00, 0x00,
  0x00, 0x00, 0x00, 0x00, 0x00, 0x00, 0x00, 0x00, 0x00, 0x00, 0x00, 0x00,
  0x00, 0x00, 0x00, 0x00, 0x00, 0x00, 0x00, 0x00, 0x00, 0x00, 0x00, 0x00,
  0x00, 0x00, 0x00, 0x00, 0x00, 0x00, 0x00, 0x00, 0x00, 0x00, 0x00, 0x00,
  0x00, 0x00, 0x00, 0x00, 0x00, 0x00, 0x00, 0x00, 0x00, 0x00, 0x00, 0x00,
  0x01, 0x00, 0x00, 0x00, 0x00, 0x00, 0x00, 0x00, 0x00, 0x00, 0x00, 0x00,
  0x00, 0x00, 0x00, 0x00, 0x00, 0x00, 0x00, 0x00, 0x00, 0x00, 0x00, 0x00,
  0x00, 0x00, 0x00, 0x00, 0x00, 0x00, 0x00, 0x00, 0x00, 0x00, 0x00, 0x00,
  0x00, 0x00, 0x00, 0x00, 0x01, 0x01, 0x01, 0x08, 0x00, 0x81, 0xf6, 0xff,
  0xf7, 0xf8, 0xfa, 0xfc, 0xfc, 0xfb, 0xfc, 0xfb, 0xfc, 0xfb, 0xfc, 0xfb,
  0xfb, 0xfb, 0xfb, 0xfc, 0xfc, 0xfd, 0xfc, 0xfc, 0xfc, 0xfc, 0xfb, 0xfb,
  0xfc, 0xfb, 0xfc, 0xfc, 0xfb, 0xfc, 0xfb, 0xfc, 0xfc, 0xfb, 0xfc, 0xfb,
  0xfa, 0xfa, 0xfb, 0xfc, 0xfb, 0xfa, 0xfa, 0xfa, 0xfa, 0xfa, 0xfa, 0xfa,
  0xfb, 0xfb, 0xfa, 0xfb, 0xfc, 0xfb, 0xfa, 0xfa, 0xfb, 0xfc, 0xfb, 0xfb,
  0xfb, 0xfb, 0xfc, 0xfc, 0xfd, 0xfc, 0xfc, 0xfb, 0xfa, 0xfb, 0xfb, 0xfb,
  0xfb, 0xfb, 0xfc, 0xfb, 0xfb, 0xfb, 0xfc, 0xfc, 0xfb, 0xfc, 0xfc, 0xfc,
  0xfc, 0xfc, 0xfb, 0xfa, 0xfc, 0xfc, 0xfc, 0xfc, 0xfb, 0xfc, 0xfb, 0xfb,
  0xfb, 0xfc, 0xfc, 0xfc, 0xfb, 0xfc, 0xfb, 0xfb, 0xfb, 0xfa, 0xfb, 0xfc,
  0xfb, 0xfb, 0xfc, 0xfb, 0xfb, 0xfc, 0xfc, 0xfb, 0xfc, 0xfc, 0xfb, 0xfc,
  0xfb, 0xfb, 0xfb, 0xfa, 0xfb, 0xfb, 0xfb, 0xfa, 0xfa, 0xfa, 0xfb, 0xfc,
  0xfb, 0xfc, 0xfd, 0xfd, 0xfe, 0xfe, 0xfd, 0xfb, 0xfa, 0xff, 0xee, 0x5d,
  0x01, 0x02, 0x07, 0x04, 0x01, 0x00, 0x00, 0x00, 0x01, 0x00, 0x00, 0x00,
  0x00, 0x00, 0x00, 0x00, 0x00, 0x00, 0x00, 0x00, 0x00, 0x00, 0x00, 0x00,
  0x00, 0x00, 0x00, 0x00, 0x00, 0x00, 0x00, 0x00, 0x00, 0x00, 0x00, 0x03,
  0x07, 0x09, 0x00, 0x0d, 0xcb, 0xfc, 0xf9, 0xf9, 0xfa, 0xfb, 0xfb, 0xfb,
  0xfb, 0xfb, 0xfb, 0xfb, 0xfb, 0xfa, 0xfa, 0xfb, 0xfb, 0xfb, 0xfb, 0xfb,
  0xfc, 0xfb, 0xfb, 0xfc, 0xfb, 0xfb, 0xfc, 0xfb, 0xfb, 0xfb, 0xfb, 0xfc,
  0xfc, 0xfc, 0xfc, 0xfc, 0xfc, 0xfb, 0xfb, 0xfa, 0xfa, 0xfb, 0xfb, 0xfb,
  0xfa, 0xfb, 0xfb, 0xfb, 0xfb, 0xfc, 0xfb, 0xfa, 0xfb, 0xfc, 0xfb, 0xfc,
  0xfc, 0xfc, 0xfc, 0xfb, 0xfc, 0xfc, 0xfc, 0xfc, 0xfc, 0xfc, 0xfc, 0xfc,
  0xfc, 0xfc, 0xfc, 0xfb, 0xfc, 0xfc, 0xfb, 0xfc, 0xfc, 0xfc, 0xfc, 0xfb,
  0xfc, 0xfb, 0xfc, 0xfc, 0xfb, 0xfa, 0xfa, 0xfa, 0xfb, 0xfb, 0xfb, 0xfb,
  0xfa, 0xfb, 0xfb, 0xfb, 0xfb, 0xfb, 0xfc, 0xfc, 0xfb, 0xfc, 0xfc, 0xfc,
  0xfc, 0xfc, 0xfc, 0xfc, 0xfc, 0xfc, 0xfb, 0xfb, 0xfa, 0xfa, 0xfb, 0xfc,
  0xfc, 0xfc, 0xfc, 0xfc, 0xfd, 0xfd, 0xfd, 0xfd, 0xfc, 0xfb, 0xfc, 0xfb,
  0xfb, 0xfb, 0xfb, 0xfb, 0xfb, 0xfb, 0xfb, 0xfc, 0xfb, 0xfb, 0xfc, 0xfd,
  0xfd, 0xfd, 0xfc, 0xfc, 0xfc, 0xfc, 0xfb, 0xfa, 0xfa, 0xfa, 0xfa, 0xf9,
  0xfa, 0xf9, 0xf9, 0xf8, 0xf7, 0xf5, 0xf1, 0xf8, 0xfd, 0xac, 0x12, 0x00,
  0x05, 0x01, 0x01, 0x01, 0x00, 0x00, 0x00, 0x00, 0x00, 0x00, 0x00, 0x00,
  0x00, 0x00, 0x00, 0x00, 0x00, 0x00, 0x00, 0x00, 0x00, 0x00, 0x00, 0x00,
  0x00, 0x00, 0x00, 0x00, 0x00, 0x00, 0x00, 0x00, 0x00, 0x00, 0x00, 0x00,
  0x00, 0x00, 0x00, 0x00, 0x00, 0x00, 0x00, 0x00, 0x00, 0x00, 0x00, 0x00,
  0x00, 0x00, 0x00, 0x00, 0x00, 0x00, 0x00, 0x00, 0x00, 0x00, 0x00, 0x00,
  0x00, 0x00, 0x00, 0x00, 0x00, 0x00, 0x00, 0x00, 0x00, 0x00, 0x00, 0x00,
  0x00, 0x00, 0x00, 0x00, 0x00, 0x00, 0x00, 0x00, 0x00, 0x00, 0x00, 0x00,
  0x00, 0x00, 0x00, 0x00, 0x00, 0x00, 0x00, 0x00, 0x00, 0x01, 0x05, 0x06,
  0x07, 0x00, 0x7d, 0xec, 0xfd, 0xfb, 0xfb, 0xfc, 0xfd, 0xfd, 0xfc, 0xfb,
  0xfb, 0xfb, 0xfb, 0xfa, 0xfb, 0xfb, 0xfa, 0xfb, 0xfb, 0xfb, 0xfc, 0xfd,
  0xfc, 0xfb, 0xfc, 0xfc, 0xfb, 0xfa, 0xfa, 0xfb, 0xfb, 0xfb, 0xfa, 0xfa,
  0xfb, 0xfb, 0xfb, 0xfb, 0xfb, 0xfb, 0xfc, 0xfb, 0xfb, 0xfc, 0xfd, 0xfc,
  0xfc, 0xfc, 0xfb, 0xfb, 0xfb, 0xfc, 0xfb, 0xfa, 0xf9, 0xf9, 0xf9, 0xfa,
  0xf9, 0xf6, 0xf0, 0xfb, 0xf8, 0x8f, 0x0b, 0x04, 0x07, 0x04, 0x04, 0x03,
  0x02, 0x01, 0x01, 0x00, 0x00, 0x00, 0x00, 0x00, 0x00, 0x00, 0x00, 0x00,
  0x00, 0x00, 0x00, 0x00, 0x00, 0x00, 0x00, 0x00, 0x00, 0x00, 0x00, 0x00,
  0x00, 0x00, 0x00, 0x00, 0x00, 0x00, 0x00, 0x00, 0x00, 0x00, 0x00, 0x00,
  0x00, 0x00, 0x00, 0x00, 0x00, 0x00, 0x00, 0x00, 0x00, 0x00, 0x00, 0x00,
  0x00, 0x00, 0x00, 0x00, 0x00, 0x00, 0x00, 0x00, 0x00, 0x00, 0x00, 0x00,
  0x00, 0x00, 0x00, 0x00, 0x00, 0x00, 0x00, 0x00, 0x00, 0x00, 0x00, 0x00,
  0x00, 0x00, 0x00, 0x00, 0x00, 0x00, 0x00, 0x00, 0x00, 0x00, 0x00, 0x00,
  0x00, 0x00, 0x00, 0x00, 0x00, 0x00, 0x00, 0x00, 0x00, 0x00, 0x00, 0x00,
  0x00, 0x00, 0x00, 0x00, 0x00, 0x00, 0x00, 0x00, 0x00, 0x00, 0x00, 0x00,
  0x00, 0x00, 0x00, 0x00, 0x00, 0x00, 0x00, 0x00, 0x00, 0x00, 0x00, 0x00,
  0x00, 0x00, 0x00, 0x00, 0x00, 0x00, 0x00, 0x01, 0x00, 0x00, 0x00, 0x00,
  0x00, 0x00, 0x00, 0x00, 0x00, 0x00, 0x00, 0x00, 0x00, 0x00, 0x00, 0x00,
  0x00, 0x00, 0x00, 0x00, 0x00, 0x00, 0x00, 0x00, 0x00, 0x00, 0x00, 0x00,
  0x00, 0x02, 0x03, 0x04, 0x06, 0x00, 0x33, 0xc4, 0xff, 0xf5, 0xf5, 0xf8,
  0xf8, 0xfa, 0xfb, 0xfa, 0xfb, 0xfc, 0xfc, 0xfb, 0xfc, 0xfd, 0xfd, 0xfd,
  0xfc, 0xfb, 0xfc, 0xfb, 0xfa, 0xfa, 0xfb, 0xfa, 0xfb, 0xfa, 0xfb, 0xfb,
  0xfb, 0xfa, 0xfa, 0xfb, 0xfb, 0xfc, 0xfc, 0xfc, 0xfc, 0xfc, 0xfb, 0xfc,
  0xfc, 0xfd, 0xfd, 0xfc, 0xfb, 0xfc, 0xfb, 0xfc, 0xfc, 0xfc, 0xfc, 0xfc,
  0xfc, 0xfb, 0xfc, 0xfd, 0xfd, 0xfd, 0xfd, 0xfb, 0xfa, 0xfd, 0xe7, 0x5b,
  0x00, 0x06, 0x05, 0x02, 0x00, 0x00, 0x00, 0x00, 0x00, 0x00, 0x00, 0x00,
  0x00, 0x00, 0x00, 0x00, 0x00, 0x00, 0x00, 0x00, 0x00, 0x00, 0x00, 0x00,
  0x00, 0x00, 0x00, 0x00, 0x00, 0x00, 0x00, 0x00, 0x00, 0x00, 0x00, 0x00,
  0x00, 0x00, 0x00, 0x00, 0x00, 0x00, 0x00, 0x00, 0x00, 0x00, 0x01, 0x00,
  0x00, 0x00, 0x00, 0x00, 0x00, 0x00, 0x00, 0x00, 0x00, 0x00, 0x00, 0x00,
  0x00, 0x00, 0x00, 0x00, 0x00, 0x00, 0x00, 0x00, 0x00, 0x00, 0x00, 0x00,
  0x00, 0x00, 0x00, 0x00, 0x00, 0x00, 0x00, 0x00, 0x00, 0x00, 0x00, 0x00,
  0x00, 0x00, 0x00, 0x00, 0x00, 0x00, 0x00, 0x00, 0x00, 0x00, 0x01, 0x01,
  0x01, 0x08, 0x00, 0x81, 0xf6, 0xff, 0xf7, 0xf8, 0xfa, 0xfc, 0xfc, 0xfb,
  0xfc, 0xfb, 0xfd, 0xfc, 0xfb, 0xfc, 0xfc, 0xfc, 0xfc, 0xfb, 0xfc, 0xfd,
  0xfc, 0xfb, 0xfb, 0xfc, 0xfc, 0xfc, 0xfb, 0xfc, 0xfc, 0xfc, 0xfb, 0xfc,
  0xfc, 0xfc, 0xfb, 0xfc, 0xfb, 0xfa, 0xfb, 0xfa, 0xfb, 0xfc, 0xfb, 0xfa,
  0xfb, 0xfa, 0xf9, 0xf9, 0xf9, 0xfa, 0xfa, 0xfa, 0xfa, 0xfb, 0xfb, 0xfb,
  0xfb, 0xfa, 0xfb, 0xfc, 0xfb, 0xfc, 0xfc, 0xfc, 0xfd, 0xfd, 0xfd, 0xfc,
  0xfb, 0xfb, 0xfa, 0xfb, 0xfc, 0xfc, 0xfc, 0xfc, 0xfb, 0xfc, 0xfc, 0xfc,
  0xfd, 0xfc, 0xfb, 0xfc, 0xfd, 0xfc, 0xfb, 0xfb, 0xfb, 0xfb, 0xfc, 0xfb,
  0xfb, 0xfb, 0xfc, 0xfb, 0xfc, 0xfc, 0xfb, 0xfc, 0xfd, 0xfc, 0xfc, 0xfd,
  0xfb, 0xfb, 0xfb, 0xfb, 0xfb, 0xfc, 0xfb, 0xfb, 0xfc, 0xfc, 0xfc, 0xfb,
  0xfc, 0xfb, 0xfb, 0xfc, 0xfc, 0xfc, 0xfb, 0xfa, 0xfb, 0xfa, 0xfb, 0xfa,
  0xfb, 0xfa, 0xf9, 0xfa, 0xfa, 0xfb, 0xfb, 0xfc, 0xfd, 0xff, 0xfd, 0xfb,
  0xfa, 0xf9, 0xfd, 0xfd, 0xb1, 0x09, 0x03, 0x04, 0x04, 0x03, 0x00, 0x00,
  0x00, 0x00, 0x00, 0x01, 0x00, 0x00, 0x00, 0x00, 0x00, 0x00, 0x00, 0x00,
  0x00, 0x00, 0x00, 0x00, 0x00, 0x00, 0x00, 0x00, 0x00, 0x00, 0x00, 0x00,
  0x00, 0x00, 0x00, 0x00, 0x00, 0x03, 0x07, 0x09, 0x00, 0x0d, 0xcb, 0xfc,
  0xf9, 0xf9, 0xfa, 0xfb, 0xfc, 0xfc, 0xfc, 0xfb, 0xfa, 0xfa, 0xfa, 0xfb,
  0xfb, 0xfa, 0xfb, 0xfc, 0xfc, 0xfc, 0xfc, 0xfb, 0xfb, 0xfc, 0xfb, 0xfc,
  0xfc, 0xfc, 0xfc, 0xfc, 0xfc, 0xfb, 0xfb, 0xfb, 0xfb, 0xfb, 0xfb, 0xfc,
  0xfb, 0xfa, 0xfb, 0xfc, 0xfc, 0xfc, 0xfb, 0xfb, 0xfc, 0xfc, 0xfb, 0xfa,
  0xfb, 0xfa, 0xfb, 0xfc, 0xfc, 0xfc, 0xfc, 0xfb, 0xfc, 0xfb, 0xfc, 0xfd,
  0xfd, 0xfd, 0xfd, 0xfd, 0xfd, 0xfd, 0xfb, 0xfb, 0xfb, 0xfc, 0xfb, 0xfc,
  0xfc, 0xfb, 0xfb, 0xfb, 0xfb, 0xfc, 0xfb, 0xfb, 0xfb, 0xfc, 0xfb, 0xfa,
  0xfb, 0xfb, 0xfa, 0xfa, 0xfa, 0xfa, 0xfb, 0xfc, 0xfc, 0xfc, 0xfc, 0xfc,
  0xfb, 0xfb, 0xfb, 0xfc, 0xfd, 0xfc, 0xfd, 0xfd, 0xfd, 0xfd, 0xfd, 0xfb,
  0xfb, 0xfc, 0xfb, 0xfb, 0xfb, 0xfc, 0xfd, 0xfc, 0xfb, 0xfc, 0xfc, 0xfc,
  0xfc, 0xfc, 0xfc, 0xfb, 0xfc, 0xfc, 0xfc, 0xfb, 0xfb, 0xfc, 0xfc, 0xfc,
  0xfc, 0xfc, 0xfb, 0xfb, 0xfc, 0xfd, 0xfc, 0xfd, 0xfc, 0xfb, 0xfc, 0xfc,
  0xfb, 0xfa, 0xfb, 0xfb, 0xfb, 0xfa, 0xf9, 0xfa, 0xf9, 0xf9, 0xf8, 0xf7,
  0xf5, 0xf4, 0xfc, 0xef, 0x80, 0x03, 0x05, 0x05, 0x03, 0x02, 0x01, 0x00,
  0x00, 0x00, 0x00, 0x00, 0x00, 0x00, 0x00, 0x00, 0x00, 0x00, 0x00, 0x00,
  0x00, 0x00, 0x00, 0x00, 0x00, 0x00, 0x00, 0x00, 0x00, 0x00, 0x00, 0x00,
  0x00, 0x00, 0x00, 0x00, 0x00, 0x00, 0x00, 0x00, 0x00, 0x00, 0x00, 0x00,
  0x00, 0x00, 0x00, 0x00, 0x00, 0x00, 0x00, 0x00, 0x00, 0x00, 0x00, 0x00,
  0x00, 0x00, 0x00, 0x00, 0x00, 0x00, 0x00, 0x00, 0x00, 0x00, 0x00, 0x00,
  0x00, 0x00, 0x00, 0x00, 0x00, 0x00, 0x00, 0x00, 0x00, 0x00, 0x00, 0x00,
  0x00, 0x00, 0x00, 0x00, 0x00, 0x00, 0x00, 0x00, 0x00, 0x00, 0x00, 0x00,
  0x00, 0x00, 0x00, 0x02, 0x04, 0x08, 0x00, 0x2f, 0xcb, 0xff, 0xfb, 0xfa,
  0xfd, 0xfc, 0xfd, 0xfd, 0xfc, 0xfb, 0xfa, 0xfb, 0xfa, 0xfb, 0xfa, 0xfa,
  0xfb, 0xfa, 0xfb, 0xfc, 0xfc, 0xfc, 0xfb, 0xfc, 0xfc, 0xfb, 0xfb, 0xfb,
  0xfa, 0xfb, 0xfc, 0xfb, 0xfa, 0xfb, 0xfb, 0xfa, 0xfb, 0xfc, 0xfb, 0xfc,
  0xfc, 0xfa, 0xfb, 0xfb, 0xfc, 0xfd, 0xfc, 0xfb, 0xfc, 0xfc, 0xfc, 0xfc,
  0xfc, 0xfa, 0xfa, 0xfa, 0xfa, 0xfa, 0xf9, 0xf8, 0xf6, 0xf6, 0xfe, 0xda,
  0x4f, 0x00, 0x09, 0x06, 0x05, 0x03, 0x02, 0x01, 0x00, 0x00, 0x00, 0x00,
  0x00, 0x00, 0x00, 0x00, 0x00, 0x00, 0x00, 0x00, 0x00, 0x00, 0x00, 0x00,
  0x00, 0x00, 0x00, 0x00, 0x00, 0x00, 0x00, 0x00, 0x00, 0x00, 0x00, 0x00,
  0x00, 0x00, 0x00, 0x00, 0x00, 0x00, 0x00, 0x00, 0x00, 0x00, 0x00, 0x00,
  0x00, 0x00, 0x00, 0x00, 0x00, 0x00, 0x00, 0x00, 0x00, 0x00, 0x00, 0x00,
  0x00, 0x00, 0x00, 0x00, 0x00, 0x00, 0x00, 0x00, 0x00, 0x00, 0x00, 0x00,
  0x00, 0x00, 0x00, 0x00, 0x00, 0x00, 0x00, 0x00, 0x00, 0x00, 0x00, 0x00,
  0x00, 0x00, 0x00, 0x00, 0x00, 0x00, 0x00, 0x00, 0x00, 0x00, 0x00, 0x00,
  0x00, 0x00, 0x00, 0x00, 0x00, 0x00, 0x00, 0x00, 0x00, 0x00, 0x00, 0x00,
  0x00, 0x00, 0x00, 0x00, 0x00, 0x00, 0x00, 0x00, 0x00, 0x00, 0x00, 0x00,
  0x00, 0x00, 0x00, 0x00, 0x00, 0x00, 0x00, 0x00, 0x00, 0x00, 0x00, 0x00,
  0x00, 0x00, 0x00, 0x00, 0x00, 0x00, 0x00, 0x00, 0x00, 0x00, 0x00, 0x00,
  0x00, 0x00, 0x00, 0x00, 0x00, 0x00, 0x00, 0x00, 0x00, 0x00, 0x00, 0x00,
  0x00, 0x00, 0x00, 0x00, 0x00, 0x00, 0x00, 0x02, 0x05, 0x09, 0x03, 0x08,
  0x88, 0xf5, 0xfc, 0xf2, 0xf8, 0xf9, 0xf9, 0xfa, 0xfb, 0xfa, 0xfb, 0xfc,
  0xfc, 0xfc, 0xfc, 0xfd, 0xfc, 0xfd, 0xfc, 0xfb, 0xfc, 0xfb, 0xfa, 0xfb,
  0xfa, 0xfa, 0xfa, 0xfb, 0xfa, 0xfa, 0xfb, 0xfa, 0xfa, 0xfb, 0xfa, 0xfb,
  0xfc, 0xfc, 0xfb, 0xfb, 0xfc, 0xfc, 0xfd, 0xfc, 0xfd, 0xfc, 0xfb, 0xfc,
  0xfc, 0xfb, 0xfb, 0xfb, 0xfb, 0xfb, 0xfb, 0xfb, 0xfc, 0xfd, 0xfe, 0xfe,
  0xfe, 0xfb, 0xf7, 0xf9, 0xfe, 0xc5, 0x19, 0x02, 0x05, 0x02, 0x01, 0x00,
  0x00, 0x00, 0x00, 0x00, 0x00, 0x00, 0x00, 0x00, 0x00, 0x00, 0x00, 0x00,
  0x00, 0x00, 0x00, 0x00, 0x00, 0x00, 0x00, 0x00, 0x00, 0x00, 0x00, 0x00,
  0x00, 0x00, 0x00, 0x00, 0x00, 0x00, 0x00, 0x00, 0x00, 0x00, 0x00, 0x00,
  0x00, 0x00, 0x00, 0x00, 0x01, 0x00, 0x00, 0x00, 0x00, 0x00, 0x00, 0x00,
  0x00, 0x00, 0x00, 0x00, 0x00, 0x00, 0x00, 0x00, 0x00, 0x00, 0x00, 0x00,
  0x00, 0x00, 0x01, 0x00, 0x00, 0x00, 0x00, 0x00, 0x00, 0x00, 0x00, 0x00,
  0x00, 0x00, 0x00, 0x00, 0x00, 0x00, 0x00, 0x00, 0x00, 0x00, 0x00, 0x00,
  0x00, 0x00, 0x00, 0x00, 0x01, 0x01, 0x02, 0x08, 0x00, 0x80, 0xf7, 0xff,
  0xf7, 0xf8, 0xfa, 0xfb, 0xfd, 0xfb, 0xfb, 0xfb, 0xfc, 0xfc, 0xfb, 0xfc,
  0xfb, 0xfb, 0xfc, 0xfb, 0xfc, 0xfc, 0xfc, 0xfd, 0xfc, 0xfc, 0xfd, 0xfc,
  0xfb, 0xfc, 0xfd, 0xfc, 0xfb, 0xfc, 0xfb, 0xfb, 0xfc, 0xfc, 0xfc, 0xfb,
  0xfa, 0xfa, 0xfb, 0xfa, 0xfa, 0xfb, 0xfb, 0xfb, 0xfa, 0xf9, 0xfa, 0xfb,
  0xfb, 0xfb, 0xfb, 0xfb, 0xfa, 0xfb, 0xfb, 0xfa, 0xfb, 0xfc, 0xfb, 0xfc,
  0xfd, 0xfd, 0xfc, 0xfc, 0xfd, 0xfc, 0xfb, 0xfa, 0xfb, 0xfc, 0xfb, 0xfc,
  0xfc, 0xfb, 0xfc, 0xfc, 0xfb, 0xfc, 0xfd, 0xfc, 0xfb, 0xfb, 0xfc, 0xfc,
  0xfb, 0xfa, 0xfb, 0xfc, 0xfb, 0xfc, 0xfc, 0xfc, 0xfb, 0xfc, 0xfc, 0xfb,
  0xfc, 0xfd, 0xfc, 0xfc, 0xfd, 0xfc, 0xfb, 0xfc, 0xfb, 0xfb, 0xfc, 0xfb,
  0xfc, 0xfc, 0xfb, 0xfb, 0xfb, 0xfc, 0xfb, 0xfc, 0xfc, 0xfb, 0xfd, 0xfc,
  0xfb, 0xfc, 0xfb, 0xfa, 0xfa, 0xfa, 0xfb, 0xfa, 0xf9, 0xf9, 0xfa, 0xfa,
  0xfb, 0xfc, 0xfd, 0xff, 0xfd, 0xf9, 0xf5, 0xf7, 0xff, 0xdd, 0x45, 0x01,
  0x03, 0x02, 0x01, 0x01, 0x00, 0x00, 0x00, 0x00, 0x00, 0x00, 0x00, 0x00,
  0x00, 0x00, 0x00, 0x00, 0x00, 0x00, 0x00, 0x00, 0x00, 0x00, 0x00, 0x00,
  0x00, 0x00, 0x00, 0x00, 0x00, 0x00, 0x00, 0x00, 0x00, 0x00, 0x00, 0x03,
  0x07, 0x09, 0x00, 0x0d, 0xca, 0xfc, 0xfa, 0xfa, 0xfb, 0xfb, 0xfc, 0xfc,
  0xfb, 0xfa, 0xfb, 0xfa, 0xfa, 0xfb, 0xfb, 0xfb, 0xfb, 0xfb, 0xfc, 0xfc,
  0xfb, 0xfc, 0xfc, 0xfc, 0xfb, 0xfb, 0xfb, 0xfb, 0xfb, 0xfc, 0xfc, 0xfc,
  0xfb, 0xfb, 0xfc, 0xfc, 0xfb, 0xfc, 0xfb, 0xfb, 0xfc, 0xfb, 0xfb, 0xfc,
  0xfb, 0xfb, 0xfc, 0xfb, 0xfa, 0xfb, 0xfb, 0xfa, 0xfb, 0xfc, 0xfb, 0xfc,
  0xfb, 0xfc, 0xfc, 0xfb, 0xfc, 0xfd, 0xfc, 0xfc, 0xfd, 0xfd, 0xfd, 0xfc,
  0xfc, 0xfc, 0xfc, 0xfc, 0xfc, 0xfb, 0xfb, 0xfc, 0xfc, 0xfc, 0xfc, 0xfc,
  0xfc, 0xfc, 0xfc, 0xfc, 0xfb, 0xfb, 0xfb, 0xfa, 0xfb, 0xfb, 0xfa, 0xfb,
  0xfc, 0xfb, 0xfb, 0xfb, 0xfb, 0xfc, 0xfa, 0xfb, 0xfc, 0xfb, 0xfb, 0xfc,
  0xfd, 0xfc, 0xfc, 0xfd, 0xfc, 0xfb, 0xfb, 0xfb, 0xfc, 0xfc, 0xfb, 0xfc,
  0xfc, 0xfb, 0xfc, 0xfc, 0xfb, 0xfb, 0xfb, 0xfb, 0xfc, 0xfb, 0xfb, 0xfb,
  0xfc, 0xfb, 0xfb, 0xfc, 0xfb, 0xfc, 0xfc, 0xfb, 0xfb, 0xfb, 0xfc, 0xfd,
  0xfc, 0xfd, 0xfc, 0xfc, 0xfd, 0xfc, 0xfb, 0xfa, 0xfa, 0xfa, 0xfa, 0xfb,
  0xfa, 0xf9, 0xfa, 0xf9, 0xfa, 0xf9, 0xf9, 0xf6, 0xf5, 0xfe, 0xe2, 0x4f,
  0x00, 0x08, 0x06, 0x03, 0x01, 0x00, 0x00, 0x00, 0x00, 0x00, 0x00, 0x00,
  0x00, 0x00, 0x00, 0x00, 0x00, 0x00, 0x00, 0x00, 0x00, 0x00, 0x00, 0x00,
  0x00, 0x00, 0x00, 0x00, 0x00, 0x00, 0x00, 0x00, 0x00, 0x00, 0x00, 0x00,
  0x00, 0x00, 0x00, 0x00, 0x00, 0x00, 0x00, 0x00, 0x00, 0x00, 0x00, 0x00,
  0x00, 0x00, 0x00, 0x00, 0x00, 0x00, 0x00, 0x00, 0x00, 0x00, 0x00, 0x00,
  0x00, 0x00, 0x00, 0x00, 0x00, 0x00, 0x00, 0x00, 0x00, 0x00, 0x00, 0x00,
  0x00, 0x00, 0x00, 0x00, 0x00, 0x00, 0x00, 0x00, 0x00, 0x00, 0x00, 0x00,
  0x00, 0x00, 0x00, 0x00, 0x00, 0x00, 0x00, 0x00, 0x00, 0x01, 0x04, 0x04,
  0x03, 0x98, 0xf5, 0xfd, 0xf5, 0xf9, 0xfd, 0xfe, 0xfd, 0xfc, 0xfb, 0xfb,
  0xfa, 0xfb, 0xfb, 0xfb, 0xf9, 0xfa, 0xfa, 0xfb, 0xfc, 0xfb, 0xfb, 0xfb,
  0xfc, 0xfb, 0xfb, 0xfb, 0xfa, 0xfb, 0xfa, 0xfb, 0xfc, 0xfb, 0xfa, 0xfb,
  0xfb, 0xfa, 0xfb, 0xfc, 0xfb, 0xfb, 0xfb, 0xfb, 0xfb, 0xfb, 0xfb, 0xfb,
  0xfb, 0xfc, 0xfc, 0xfb, 0xfb, 0xfc, 0xfb, 0xfb, 0xfb, 0xfb, 0xfb, 0xfb,
  0xfb, 0xfb, 0xfc, 0xfa, 0xfe, 0xfb, 0xa6, 0x15, 0x01, 0x09, 0x07, 0x03,
  0x01, 0x00, 0x00, 0x00, 0x00, 0x00, 0x00, 0x00, 0x00, 0x00, 0x00, 0x00,
  0x00, 0x00, 0x00, 0x00, 0x00, 0x00, 0x00, 0x00, 0x00, 0x00, 0x00, 0x00,
  0x00, 0x00, 0x00, 0x00, 0x00, 0x00, 0x00, 0x00, 0x00, 0x00, 0x00, 0x00,
  0x00, 0x00, 0x00, 0x00, 0x00, 0x00, 0x00, 0x00, 0x00, 0x00, 0x00, 0x00,
  0x00, 0x00, 0x00, 0x00, 0x00, 0x00, 0x00, 0x00, 0x00, 0x00, 0x00, 0x00,
  0x00, 0x00, 0x00, 0x00, 0x00, 0x00, 0x00, 0x00, 0x00, 0x00, 0x00, 0x00,
  0x00, 0x00, 0x00, 0x00, 0x00, 0x00, 0x00, 0x00, 0x00, 0x00, 0x00, 0x00,
  0x00, 0x00, 0x00, 0x00, 0x00, 0x00, 0x00, 0x00, 0x00, 0x00, 0x00, 0x00,
  0x00, 0x00, 0x00, 0x00, 0x00, 0x00, 0x00, 0x00, 0x00, 0x00, 0x00, 0x00,
  0x00, 0x00, 0x00, 0x00, 0x00, 0x00, 0x00, 0x00, 0x00, 0x00, 0x00, 0x00,
  0x00, 0x00, 0x00, 0x00, 0x00, 0x00, 0x00, 0x00, 0x00, 0x00, 0x00, 0x00,
  0x00, 0x00, 0x00, 0x00, 0x00, 0x00, 0x00, 0x00, 0x00, 0x00, 0x00, 0x01,
  0x00, 0x00, 0x00, 0x00, 0x00, 0x00, 0x00, 0x00, 0x00, 0x00, 0x00, 0x00,
  0x00, 0x03, 0x06, 0x09, 0x00, 0x4b, 0xd6, 0xfe, 0xf5, 0xf6, 0xfa, 0xf9,
  0xfa, 0xfb, 0xfa, 0xfa, 0xfb, 0xfc, 0xfb, 0xfc, 0xfd, 0xfc, 0xfc, 0xfd,
  0xfc, 0xfb, 0xfc, 0xfb, 0xfa, 0xfa, 0xf9, 0xf9, 0xfa, 0xfb, 0xfa, 0xf9,
  0xfa, 0xfa, 0xfa, 0xf9, 0xfa, 0xfb, 0xfc, 0xfc, 0xfb, 0xfb, 0xfc, 0xfd,
  0xfc, 0xfc, 0xfd, 0xfc, 0xfb, 0xfc, 0xfc, 0xfb, 0xfa, 0xfa, 0xfa, 0xfa,
  0xfa, 0xfb, 0xfb, 0xfc, 0xfd, 0xfe, 0xfe, 0xfb, 0xf6, 0xf4, 0xfe, 0xf3,
  0x79, 0x04, 0x01, 0x05, 0x02, 0x01, 0x01, 0x00, 0x00, 0x00, 0x00, 0x00,
  0x00, 0x00, 0x00, 0x00, 0x00, 0x00, 0x00, 0x00, 0x00, 0x00, 0x00, 0x00,
  0x00, 0x00, 0x00, 0x00, 0x00, 0x00, 0x00, 0x00, 0x00, 0x00, 0x00, 0x00,
  0x00, 0x00, 0x00, 0x00, 0x00, 0x00, 0x00, 0x00, 0x00, 0x00, 0x01, 0x00,
  0x00, 0x00, 0x00, 0x00, 0x00, 0x00, 0x00, 0x00, 0x00, 0x00, 0x00, 0x00,
  0x00, 0x00, 0x00, 0x00, 0x00, 0x00, 0x00, 0x00, 0x00, 0x00, 0x00, 0x00,
  0x00, 0x00, 0x00, 0x00, 0x00, 0x00, 0x00, 0x00, 0x00, 0x00, 0x00, 0x01,
  0x00, 0x00, 0x00, 0x00, 0x00, 0x00, 0x00, 0x00, 0x00, 0x00, 0x01, 0x01,
  0x01, 0x07, 0x00, 0x7f, 0xf6, 0xff, 0xf7, 0xf8, 0xfa, 0xfc, 0xfd, 0xfc,
  0xfb, 0xfc, 0xfc, 0xfc, 0xfb, 0xfc, 0xfc, 0xfc, 0xfc, 0xfc, 0xfc, 0xfb,
  0xfc, 0xfc, 0xfb, 0xfb, 0xfc, 0xfd, 0xfc, 0xfb, 0xfc, 0xfc, 0xfb, 0xfb,
  0xfa, 0xfb, 0xfc, 0xfb, 0xfb, 0xfb, 0xfb, 0xfa, 0xfb, 0xfb, 0xfa, 0xfb,
  0xfb, 0xfa, 0xfb, 0xfb, 0xfa, 0xfb, 0xfc, 0xfc, 0xfc, 0xfc, 0xfc, 0xfc,
  0xfb, 0xfb, 0xfc, 0xfb, 0xfb, 0xfc, 0xfd, 0xfc, 0xfd, 0xfc, 0xfd, 0xfc,
  0xfb, 0xfc, 0xfc, 0xfb, 0xfc, 0xfd, 0xfc, 0xfb, 0xfc, 0xfc, 0xfc, 0xfb,
  0xfb, 0xfb, 0xfc, 0xfc, 0xfb, 0xfb, 0xfc, 0xfb, 0xfb, 0xfc, 0xfc, 0xfd,
  0xfd, 0xfc, 0xfb, 0xfc, 0xfc, 0xfb, 0xfc, 0xfc, 0xfb, 0xfb, 0xfc, 0xfc,
  0xfb, 0xfb, 0xfc, 0xfb, 0xfc, 0xfb, 0xfc, 0xfb, 0xfa, 0xfa, 0xfb, 0xfc,
  0xfb, 0xfc, 0xfc, 0xfd, 0xfc, 0xfd, 0xfc, 0xfb, 0xfc, 0xfb, 0xfa, 0xfb,
  0xfb, 0xfa, 0xf9, 0xfa, 0xf9, 0xfa, 0xfc, 0xfd, 0xfe, 0xfe, 0xfd, 0xf8,
  0xf4, 0xfe, 0xf6, 0x8e, 0x00, 0x08, 0x04, 0x02, 0x00, 0x00, 0x00, 0x00,
  0x00, 0x00, 0x00, 0x00, 0x00, 0x00, 0x00, 0x00, 0x00, 0x00, 0x00, 0x00,
  0x00, 0x00, 0x00, 0x00, 0x00, 0x00, 0x00, 0x00, 0x00, 0x00, 0x00, 0x00,
  0x00, 0x00, 0x00, 0x00, 0x00, 0x03, 0x07, 0x09, 0x00, 0x0e, 0xca, 0xfc,
  0xfa, 0xfa, 0xfb, 0xfc, 0xfc, 0xfb, 0xfa, 0xfb, 0xfb, 0xfb, 0xfb, 0xfa,
  0xfa, 0xfb, 0xfc, 0xfb, 0xfc, 0xfc, 0xfb, 0xfb, 0xfc, 0xfc, 0xfb, 0xfb,
  0xfa, 0xfb, 0xfb, 0xfc, 0xfb, 0xfc, 0xfb, 0xfb, 0xfc, 0xfb, 0xfb, 0xfc,
  0xfb, 0xfb, 0xfc, 0xfc, 0xfb, 0xfc, 0xfb, 0xfb, 0xfc, 0xfb, 0xfa, 0xfb,
  0xfb, 0xfa, 0xfb, 0xfb, 0xfb, 0xfb, 0xfb, 0xfc, 0xfc, 0xfb, 0xfc, 0xfd,
  0xfc, 0xfc, 0xfd, 0xfd, 0xfc, 0xfc, 0xfd, 0xfd, 0xfd, 0xfc, 0xfc, 0xfb,
  0xfb, 0xfc, 0xfb, 0xfb, 0xfb, 0xfb, 0xfb, 0xfb, 0xfb, 0xfb, 0xfb, 0xfc,
  0xfb, 0xfa, 0xfb, 0xfb, 0xfa, 0xfb, 0xfc, 0xfb, 0xfc, 0xfc, 0xfb, 0xfc,
  0xfb, 0xfb, 0xfc, 0xfc, 0xfb, 0xfc, 0xfc, 0xfb, 0xfc, 0xfd, 0xfc, 0xfb,
  0xfc, 0xfc, 0xfb, 0xfc, 0xfc, 0xfc, 0xfc, 0xfc, 0xfb, 0xfb, 0xfc, 0xfc,
  0xfb, 0xfb, 0xfb, 0xfc, 0xfc, 0xfc, 0xfb, 0xfc, 0xfc, 0xfb, 0xfc, 0xfd,
  0xfc, 0xfb, 0xfc, 0xfc, 0xfc, 0xfd, 0xfc, 0xfd, 0xfc, 0xfc, 0xfd, 0xfc,
  0xfb, 0xfb, 0xfa, 0xfb, 0xfb, 0xfa, 0xfb, 0xfa, 0xf9, 0xf9, 0xfa, 0xfb,
  0xfa, 0xf9, 0xf5, 0xf7, 0xfe, 0xc4, 0x1f, 0x02, 0x07, 0x05, 0x01, 0x00,
  0x00, 0x00, 0x00, 0x00, 0x00, 0x00, 0x00, 0x00, 0x00, 0x00, 0x00, 0x00,
  0x00, 0x00, 0x00, 0x00, 0x00, 0x00, 0x00, 0x00, 0x00, 0x00, 0x00, 0x00,
  0x00, 0x00, 0x00, 0x00, 0x00, 0x00, 0x00, 0x00, 0x00, 0x00, 0x00, 0x00,
  0x00, 0x00, 0x00, 0x00, 0x00, 0x00, 0x00, 0x00, 0x00, 0x00, 0x00, 0x00,
  0x00, 0x00, 0x00, 0x00, 0x00, 0x00, 0x00, 0x00, 0x00, 0x00, 0x00, 0x00,
  0x00, 0x00, 0x00, 0x00, 0x00, 0x00, 0x00, 0x00, 0x00, 0x00, 0x00, 0x00,
  0x00, 0x00, 0x00, 0x00, 0x00, 0x00, 0x00, 0x00, 0x00, 0x00, 0x00, 0x00,
  0x00, 0x00, 0x01, 0x01, 0x03, 0x00, 0x48, 0xe0, 0xfe, 0xf6, 0xf4, 0xfa,
  0xfe, 0xfe, 0xfd, 0xfc, 0xfb, 0xfb, 0xfa, 0xfb, 0xfb, 0xfa, 0xf9, 0xfa,
  0xfa, 0xfb, 0xfc, 0xfb, 0xfb, 0xfc, 0xfb, 0xfb, 0xfc, 0xfc, 0xfb, 0xfb,
  0xfa, 0xfb, 0xfb, 0xfa, 0xfb, 0xfb, 0xfa, 0xfb, 0xfc, 0xfc, 0xfb, 0xfb,
  0xfa, 0xfb, 0xfb, 0xfa, 0xfb, 0xfc, 0xfb, 0xfc, 0xfc, 0xfb, 0xfc, 0xfb,
  0xfb, 0xfb, 0xfb, 0xfb, 0xfa, 0xfb, 0xfc, 0xfc, 0xfd, 0xfd, 0xfa, 0xfe,
  0xe9, 0x65, 0x01, 0x07, 0x08, 0x04, 0x01, 0x00, 0x00, 0x00, 0x00, 0x00,
  0x00, 0x00, 0x00, 0x00, 0x00, 0x00, 0x00, 0x00, 0x00, 0x00, 0x00, 0x00,
  0x00, 0x00, 0x00, 0x00, 0x00, 0x00, 0x00, 0x00, 0x00, 0x00, 0x00, 0x00,
  0x00, 0x00, 0x00, 0x00, 0x00, 0x00, 0x00, 0x00, 0x00, 0x00, 0x00, 0x00,
  0x00, 0x00, 0x00, 0x00, 0x00, 0x00, 0x00, 0x00, 0x00, 0x00, 0x00, 0x00,
  0x00, 0x00, 0x00, 0x00, 0x00, 0x00, 0x00, 0x00, 0x00, 0x00, 0x00, 0x00,
  0x00, 0x00, 0x00, 0x00, 0x00, 0x00, 0x00, 0x00, 0x00, 0x00, 0x00, 0x00,
  0x00, 0x00, 0x00, 0x00, 0x00, 0x00, 0x00, 0x00, 0x00, 0x00, 0x00, 0x00,
  0x00, 0x00, 0x00, 0x00, 0x00, 0x00, 0x00, 0x00, 0x00, 0x00, 0x00, 0x00,
  0x00, 0x00, 0x00, 0x00, 0x00, 0x00, 0x00, 0x00, 0x00, 0x00, 0x00, 0x00,
  0x00, 0x00, 0x00, 0x00, 0x00, 0x00, 0x00, 0x00, 0x00, 0x00, 0x00, 0x00,
  0x00, 0x00, 0x00, 0x00, 0x00, 0x00, 0x00, 0x00, 0x00, 0x00, 0x00, 0x00,
  0x00, 0x00, 0x00, 0x00, 0x00, 0x00, 0x00, 0x00, 0x00, 0x00, 0x00, 0x00,
  0x00, 0x00, 0x00, 0x00, 0x00, 0x01, 0x02, 0x03, 0x05, 0x01, 0x13, 0x9d,
  0xfa, 0xfa, 0xf4, 0xf9, 0xfa, 0xfb, 0xfa, 0xfb, 0xfa, 0xfb, 0xfc, 0xfc,
  0xfb, 0xfc, 0xfd, 0xfc, 0xfc, 0xfd, 0xfc, 0xfb, 0xfc, 0xfb, 0xfa, 0xfb,
  0xfa, 0xfa, 0xfb, 0xfb, 0xfa, 0xfa, 0xfa, 0xfa, 0xfa, 0xfa, 0xfa, 0xfb,
  0xfc, 0xfc, 0xfb, 0xfb, 0xfc, 0xfd, 0xfc, 0xfd, 0xfc, 0xfb, 0xfc, 0xfc,
  0xfb, 0xfb, 0xfa, 0xfb, 0xfa, 0xfb, 0xfa, 0xfb, 0xfb, 0xfc, 0xfc, 0xfd,
  0xfe, 0xfc, 0xf9, 0xf7, 0xfb, 0xff, 0xd6, 0x2c, 0x00, 0x05, 0x04, 0x03,
  0x02, 0x01, 0x00, 0x00, 0x00, 0x00, 0x00, 0x00, 0x00, 0x00, 0x00, 0x00,
  0x00, 0x00, 0x00, 0x00, 0x00, 0x00, 0x00, 0x00, 0x00, 0x00, 0x00, 0x00,
  0x00, 0x00, 0x00, 0x00, 0x00, 0x00, 0x00, 0x00, 0x00, 0x00, 0x00, 0x00,
  0x00, 0x00, 0x00, 0x01, 0x00, 0x00, 0x00, 0x00, 0x00, 0x00, 0x00, 0x00,
  0x00, 0x00, 0x00, 0x00, 0x00, 0x00, 0x00, 0x00, 0x00, 0x00, 0x00, 0x00,
  0x00, 0x00, 0x00, 0x00, 0x00, 0x00, 0x00, 0x00, 0x00, 0x00, 0x00, 0x00,
  0x00, 0x00, 0x00, 0x00, 0x00, 0x00, 0x00, 0x00, 0x00, 0x00, 0x00, 0x00,
  0x00, 0x00, 0x00, 0x00, 0x01, 0x01, 0x01, 0x07, 0x00, 0x7f, 0xf6, 0xff,
  0xf7, 0xf8, 0xfa, 0xfc, 0xfd, 0xfc, 0xfc, 0xfc, 0xfd, 0xfc, 0xfb, 0xfc,
  0xfc, 0xfb, 0xfc, 0xfb, 0xfc, 0xfc, 0xfb, 0xfc, 0xfc, 0xfb, 0xfc, 0xfc,
  0xfc, 0xfb, 0xfc, 0xfc, 0xfc, 0xfb, 0xfa, 0xfb, 0xfb, 0xfb, 0xfb, 0xfb,
  0xfc, 0xfb, 0xfb, 0xfb, 0xfb, 0xfb, 0xfc, 0xfb, 0xfa, 0xfb, 0xfa, 0xfb,
  0xfc, 0xfc, 0xfb, 0xfb, 0xfc, 0xfc, 0xfb, 0xfb, 0xfc, 0xfc, 0xfb, 0xfc,
  0xfd, 0xfc, 0xfc, 0xfd, 0xfd, 0xfc, 0xfb, 0xfc, 0xfb, 0xfc, 0xfd, 0xfc,
  0xfb, 0xfc, 0xfc, 0xfc, 0xfc, 0xfb, 0xfb, 0xfb, 0xfc, 0xfc, 0xfb, 0xfb,
  0xfc, 0xfc, 0xfb, 0xfb, 0xfc, 0xfd, 0xfd, 0xfc, 0xfb, 0xfc, 0xfc, 0xfb,
  0xfc, 0xfc, 0xfb, 0xfb, 0xfb, 0xfc, 0xfc, 0xfc, 0xfc, 0xfb, 0xfc, 0xfc,
  0xfc, 0xfb, 0xfb, 0xfc, 0xfb, 0xfc, 0xfc, 0xfb, 0xfb, 0xfb, 0xfc, 0xfc,
  0xfc, 0xfc, 0xfc, 0xfc, 0xfb, 0xfc, 0xfb, 0xfa, 0xf9, 0xfa, 0xf9, 0xfa,
  0xfb, 0xfc, 0xfd, 0xfd, 0xfc, 0xf9, 0xfa, 0xfe, 0xc7, 0x27, 0x02, 0x06,
  0x04, 0x02, 0x00, 0x00, 0x00, 0x00, 0x00, 0x00, 0x00, 0x00, 0x00, 0x00,
  0x00, 0x00, 0x00, 0x00, 0x00, 0x00, 0x00, 0x00, 0x00, 0x00, 0x00, 0x00,
  0x00, 0x00, 0x00, 0x00, 0x00, 0x00, 0x00, 0x00, 0x00, 0x00, 0x00, 0x03,
  0x07, 0x09, 0x00, 0x0e, 0xca, 0xfc, 0xfa, 0xfa, 0xfb, 0xfc, 0xfc, 0xfb,
  0xfb, 0xfb, 0xfb, 0xfc, 0xfb, 0xfa, 0xfa, 0xfb, 0xfc, 0xfb, 0xfc, 0xfc,
  0xfb, 0xfb, 0xfc, 0xfc, 0xfc, 0xfb, 0xfa, 0xfb, 0xfb, 0xfb, 0xfa, 0xfb,
  0xfb, 0xfa, 0xfb, 0xfc, 0xfb, 0xfc, 0xfc, 0xfb, 0xfc, 0xfd, 0xfc, 0xfb,
  0xfb, 0xfc, 0xfb, 0xfa, 0xfb, 0xfb, 0xfa, 0xfb, 0xfc, 0xfb, 0xfb, 0xfc,
  0xfb, 0xfc, 0xfc, 0xfb, 0xfc, 0xfd, 0xfc, 0xfd, 0xfc, 0xfb, 0xfc, 0xfc,
  0xfd, 0xfd, 0xfd, 0xfc, 0xfc, 0xfb, 0xfa, 0xfb, 0xfa, 0xfb, 0xfb, 0xfb,
  0xfb, 0xfb, 0xfb, 0xfa, 0xfb, 0xfc, 0xfb, 0xfa, 0xfa, 0xfb, 0xfc, 0xfb,
  0xfc, 0xfc, 0xfc, 0xfc, 0xfc, 0xfc, 0xfb, 0xfc, 0xfc, 0xfb, 0xfc, 0xfd,
  0xfc, 0xfc, 0xfd, 0xfc, 0xfb, 0xfc, 0xfd, 0xfc, 0xfb, 0xfc, 0xfb, 0xfc,
  0xfc, 0xfb, 0xfb, 0xfb, 0xfc, 0xfb, 0xfc, 0xfb, 0xfa, 0xfc, 0xfd, 0xfc,
  0xfb, 0xfc, 0xfb, 0xfc, 0xfd, 0xfc, 0xfc, 0xfc, 0xfc, 0xfc, 0xfc, 0xfb,
  0xfc, 0xfc, 0xfc, 0xfc, 0xfc, 0xfb, 0xfc, 0xfb, 0xfa, 0xfb, 0xfb, 0xfb,
  0xfb, 0xfa, 0xfa, 0xfb, 0xfa, 0xfb, 0xfb, 0xfa, 0xf7, 0xf7, 0xff, 0xf5,
  0x8c, 0x05, 0x01, 0x06, 0x03, 0x02, 0x00, 0x00, 0x00, 0x00, 0x00, 0x00,
  0x00, 0x00, 0x00, 0x00, 0x00, 0x00, 0x00, 0x00, 0x00, 0x00, 0x00, 0x00,
  0x00, 0x00, 0x00, 0x00, 0x00, 0x00, 0x00, 0x00, 0x00, 0x00, 0x00, 0x00,
  0x00, 0x00, 0x00, 0x00, 0x00, 0x00, 0x00, 0x00, 0x00, 0x00, 0x00, 0x00,
  0x00, 0x00, 0x00, 0x00, 0x00, 0x00, 0x00, 0x00, 0x00, 0x00, 0x00, 0x00,
  0x00, 0x00, 0x00, 0x00, 0x00, 0x00, 0x00, 0x00, 0x00, 0x00, 0x00, 0x00,
  0x00, 0x00, 0x00, 0x00, 0x00, 0x00, 0x00, 0x00, 0x00, 0x00, 0x00, 0x00,
  0x00, 0x00, 0x00, 0x00, 0x00, 0x00, 0x00, 0x02, 0x04, 0x05, 0x00, 0x0b,
  0xad, 0xfd, 0xff, 0xf8, 0xf8, 0xfb, 0xfe, 0xfe, 0xfd, 0xfb, 0xfb, 0xfa,
  0xfb, 0xfb, 0xfa, 0xf9, 0xfa, 0xfb, 0xfa, 0xfb, 0xfc, 0xfb, 0xfb, 0xfc,
  0xfb, 0xfb, 0xfc, 0xfc, 0xfb, 0xfc, 0xfb, 0xfa, 0xfb, 0xfa, 0xfb, 0xfb,
  0xfb, 0xfa, 0xfb, 0xfc, 0xfb, 0xfb, 0xfb, 0xfb, 0xfb, 0xfb, 0xfc, 0xfb,
  0xfc, 0xfd, 0xfd, 0xfc, 0xfb, 0xfc, 0xfb, 0xfb, 0xfc, 0xfc, 0xfc, 0xfb,
  0xfc, 0xfd, 0xfe, 0xfd, 0xf8, 0xfa, 0xfe, 0xbb, 0x25, 0x00, 0x05, 0x03,
  0x00, 0x00, 0x00, 0x00, 0x01, 0x01, 0x00, 0x00, 0x00, 0x00, 0x00, 0x00,
  0x00, 0x00, 0x00, 0x00, 0x00, 0x00, 0x00, 0x00, 0x00, 0x00, 0x00, 0x00,
  0x00, 0x00, 0x00, 0x00, 0x00, 0x00, 0x00, 0x00, 0x00, 0x00, 0x00, 0x00,
  0x00, 0x00, 0x00, 0x00, 0x00, 0x00, 0x00, 0x00, 0x00, 0x00, 0x00, 0x00,
  0x00, 0x00, 0x00, 0x00, 0x00, 0x00, 0x00, 0x00, 0x00, 0x00, 0x00, 0x00,
  0x00, 0x00, 0x00, 0x00, 0x00, 0x00, 0x00, 0x00, 0x00, 0x00, 0x00, 0x00,
  0x00, 0x00, 0x00, 0x00, 0x00, 0x00, 0x00, 0x00, 0x00, 0x00, 0x00, 0x00,
  0x00, 0x00, 0x00, 0x00, 0x00, 0x00, 0x00, 0x00, 0x00, 0x00, 0x00, 0x00,
  0x00, 0x00, 0x00, 0x00, 0x00, 0x00, 0x00, 0x00, 0x00, 0x00, 0x00, 0x00,
  0x00, 0x00, 0x00, 0x00, 0x00, 0x00, 0x00, 0x00, 0x00, 0x00, 0x00, 0x00,
  0x00, 0x00, 0x00, 0x00, 0x00, 0x00, 0x00, 0x00, 0x00, 0x00, 0x00, 0x00,
  0x00, 0x00, 0x00, 0x00, 0x00, 0x00, 0x00, 0x00, 0x00, 0x00, 0x00, 0x00,
  0x00, 0x00, 0x00, 0x00, 0x00, 0x00, 0x00, 0x00, 0x00, 0x00, 0x00, 0x02,
  0x03, 0x04, 0x02, 0x00, 0x5a, 0xe3, 0xff, 0xf8, 0xf7, 0xf9, 0xfa, 0xfb,
  0xfa, 0xfb, 0xfa, 0xfb, 0xfc, 0xfb, 0xfb, 0xfc, 0xfd, 0xfd, 0xfc, 0xfd,
  0xfc, 0xfb, 0xfb, 0xfa, 0xfa, 0xfa, 0xfa, 0xfa, 0xfa, 0xfa, 0xfa, 0xfa,
  0xfa, 0xfa, 0xfa, 0xfa, 0xfa, 0xfb, 0xfc, 0xfc, 0xfb, 0xfb, 0xfc, 0xfd,
  0xfd, 0xfd, 0xfc, 0xfb, 0xfc, 0xfc, 0xfc, 0xfb, 0xfa, 0xfb, 0xfb, 0xfb,
  0xfa, 0xfb, 0xfc, 0xfc, 0xfb, 0xfc, 0xfd, 0xfd, 0xfb, 0xfb, 0xfc, 0xff,
  0xf8, 0x92, 0x0b, 0x01, 0x09, 0x04, 0x04, 0x01, 0x00, 0x00, 0x00, 0x00,
  0x00, 0x00, 0x00, 0x00, 0x00, 0x00, 0x00, 0x00, 0x00, 0x00, 0x00, 0x00,
  0x00, 0x00, 0x00, 0x00, 0x00, 0x00, 0x00, 0x00, 0x00, 0x00, 0x00, 0x00,
  0x00, 0x00, 0x00, 0x00, 0x00, 0x00, 0x00, 0x00, 0x00, 0x00, 0x00, 0x00,
  0x00, 0x00, 0x00, 0x00, 0x00, 0x00, 0x00, 0x00, 0x00, 0x00, 0x00, 0x00,
  0x00, 0x00, 0x00, 0x00, 0x00, 0x00, 0x00, 0x00, 0x00, 0x00, 0x00, 0x00,
  0x00, 0x00, 0x00, 0x00, 0x00, 0x00, 0x00, 0x00, 0x00, 0x00, 0x00, 0x00,
  0x00, 0x00, 0x00, 0x00, 0x00, 0x00, 0x00, 0x00, 0x00, 0x01, 0x00, 0x01,
  0x01, 0x07, 0x00, 0x7f, 0xf6, 0xff, 0xf6, 0xf8, 0xfa, 0xfc, 0xfd, 0xfd,
  0xfd, 0xfd, 0xfd, 0xfc, 0xfd, 0xfc, 0xfb, 0xfc, 0xfc, 0xfb, 0xfc, 0xfd,
  0xfc, 0xfb, 0xfc, 0xfc, 0xfb, 0xfb, 0xfb, 0xfb, 0xfc, 0xfb, 0xfb, 0xfb,
  0xfa, 0xfb, 0xfa, 0xfa, 0xfa, 0xfb, 0xfc, 0xfb, 0xfc, 0xfc, 0xfc, 0xfd,
  0xfc, 0xfb, 0xfb, 0xfa, 0xfa, 0xfa, 0xfb, 0xfb, 0xfc, 0xfc, 0xfb, 0xfb,
  0xfc, 0xfc, 0xfb, 0xfb, 0xfb, 0xfc, 0xfd, 0xfd, 0xfd, 0xfc, 0xfb, 0xfb,
  0xfb, 0xfb, 0xfb, 0xfb, 0xfc, 0xfc, 0xfb, 0xfc, 0xfb, 0xfb, 0xfc, 0xfc,
  0xfc, 0xfc, 0xfb, 0xfb, 0xfc, 0xfb, 0xfc, 0xfc, 0xfb, 0xfb, 0xfb, 0xfc,
  0xfd, 0xfc, 0xfb, 0xfb, 0xfb, 0xfc, 0xfb, 0xfb, 0xfc, 0xfc, 0xfc, 0xfb,
  0xfb, 0xfb, 0xfb, 0xfb, 0xfc, 0xfc, 0xfc, 0xfb, 0xfb, 0xfc, 0xfb, 0xfb,
  0xfc, 0xfb, 0xfa, 0xfa, 0xfb, 0xfc, 0xfb, 0xfb, 0xfb, 0xfb, 0xfb, 0xfc,
  0xfb, 0xfa, 0xf9, 0xfa, 0xf9, 0xfa, 0xfb, 0xfc, 0xfb, 0xfb, 0xfa, 0xfa,
  0xfd, 0xee, 0x73, 0x00, 0x0b, 0x04, 0x04, 0x02, 0x01, 0x00, 0x00, 0x00,
  0x00, 0x00, 0x00, 0x00, 0x00, 0x00, 0x00, 0x00, 0x00, 0x00, 0x00, 0x00,
  0x00, 0x00, 0x00, 0x00, 0x00, 0x00, 0x00, 0x00, 0x00, 0x00, 0x00, 0x00,
  0x00, 0x00, 0x00, 0x00, 0x00, 0x02, 0x06, 0x09, 0x00, 0x0e, 0xca, 0xfc,
  0xfa, 0xfa, 0xfc, 0xfd, 0xfc, 0xfb, 0xfc, 0xfc, 0xfb, 0xfc, 0xfb, 0xfa,
  0xfa, 0xfb, 0xfc, 0xfc, 0xfb, 0xfb, 0xfc, 0xfc, 0xfb, 0xfb, 0xfc, 0xfb,
  0xfa, 0xfb, 0xfb, 0xfb, 0xfa, 0xfa, 0xfb, 0xfa, 0xfb, 0xfc, 0xfc, 0xfb,
  0xfb, 0xfb, 0xfb, 0xfc, 0xfb, 0xfb, 0xfb, 0xfc, 0xfb, 0xfa, 0xfb, 0xfc,
  0xfb, 0xfb, 0xfb, 0xfb, 0xfb, 0xfb, 0xfb, 0xfc, 0xfc, 0xfb, 0xfc, 0xfd,
  0xfd, 0xfc, 0xfb, 0xfc, 0xfb, 0xfc, 0xfc, 0xfc, 0xfd, 0xfc, 0xfc, 0xfb,
  0xfa, 0xfb, 0xfc, 0xfb, 0xfa, 0xfa, 0xfa, 0xfa, 0xfa, 0xfa, 0xfb, 0xfc,
  0xfc, 0xfb, 0xfa, 0xfb, 0xfc, 0xfb, 0xfb, 0xfc, 0xfb, 0xfc, 0xfc, 0xfb,
  0xfb, 0xfb, 0xfb, 0xfc, 0xfc, 0xfd, 0xfd, 0xfc, 0xfd, 0xfd, 0xfc, 0xfb,
  0xfc, 0xfb, 0xfb, 0xfc, 0xfb, 0xfc, 0xfc, 0xfb, 0xfb, 0xfb, 0xfc, 0xfc,
  0xfc, 0xfc, 0xfb, 0xfc, 0xfb, 0xfc, 0xfc, 0xfb, 0xfb, 0xfc, 0xfd, 0xfd,
  0xfd, 0xfd, 0xfd, 0xfd, 0xfc, 0xfb, 0xfb, 0xfc, 0xfc, 0xfb, 0xfb, 0xfb,
  0xfc, 0xfb, 0xfa, 0xfb, 0xfb, 0xfb, 0xfa, 0xfb, 0xfb, 0xfa, 0xfb, 0xfc,
  0xfc, 0xfb, 0xfa, 0xfa, 0xfb, 0xff, 0xe2, 0x3c, 0x00, 0x04, 0x05, 0x03,
  0x01, 0x00, 0x00, 0x00, 0x00, 0x00, 0x00, 0x00, 0x00, 0x00, 0x00, 0x00,
  0x00, 0x00, 0x00, 0x00, 0x00, 0x00, 0x00, 0x00, 0x00, 0x00, 0x00, 0x00,
  0x00, 0x00, 0x00, 0x00, 0x00, 0x00, 0x00, 0x00, 0x00, 0x00, 0x00, 0x00,
  0x00, 0x00, 0x00, 0x00, 0x00, 0x00, 0x00, 0x00, 0x00, 0x00, 0x00, 0x00,
  0x00, 0x00, 0x00, 0x00, 0x00, 0x00, 0x00, 0x00, 0x00, 0x00, 0x00, 0x00,
  0x00, 0x00, 0x00, 0x00, 0x00, 0x00, 0x00, 0x00, 0x00, 0x00, 0x00, 0x00,
  0x00, 0x00, 0x00, 0x00, 0x00, 0x00, 0x00, 0x00, 0x00, 0x00, 0x00, 0x00,
  0x01, 0x04, 0x09, 0x05, 0x02, 0x57, 0xea, 0xff, 0xfc, 0xfc, 0xfc, 0xfd,
  0xfe, 0xfd, 0xfb, 0xfb, 0xfa, 0xfb, 0xfb, 0xfa, 0xf9, 0xfa, 0xfb, 0xfa,
  0xfa, 0xfa, 0xfb, 0xfc, 0xfb, 0xfc, 0xfb, 0xfa, 0xfc, 0xfc, 0xfc, 0xfc,
  0xfb, 0xfa, 0xfb, 0xfb, 0xfa, 0xfa, 0xfb, 0xfa, 0xfb, 0xfc, 0xfb, 0xfb,
  0xfb, 0xfc, 0xfc, 0xfc, 0xfc, 0xfb, 0xfc, 0xfd, 0xfd, 0xfc, 0xfb, 0xfb,
  0xfc, 0xfc, 0xfb, 0xfa, 0xfb, 0xfc, 0xfc, 0xfe, 0xff, 0xfc, 0xf7, 0xf6,
  0xfe, 0xf8, 0x7a, 0x06, 0x00, 0x04, 0x01, 0x00, 0x01, 0x00, 0x00, 0x00,
  0x00, 0x00, 0x00, 0x00, 0x00, 0x00, 0x00, 0x00, 0x00, 0x00, 0x00, 0x00,
  0x00, 0x00, 0x00, 0x00, 0x00, 0x00, 0x00, 0x00, 0x00, 0x00, 0x00, 0x00,
  0x00, 0x00, 0x00, 0x00, 0x00, 0x00, 0x00, 0x00, 0x00, 0x00, 0x00, 0x00,
  0x00, 0x00, 0x00, 0x00, 0x00, 0x00, 0x00, 0x00, 0x00, 0x00, 0x00, 0x00,
  0x00, 0x00, 0x00, 0x00, 0x00, 0x00, 0x00, 0x00, 0x00, 0x00, 0x00, 0x00,
  0x00, 0x00, 0x00, 0x00, 0x00, 0x00, 0x00, 0x00, 0x00, 0x00, 0x00, 0x00,
  0x00, 0x00, 0x00, 0x00, 0x00, 0x00, 0x00, 0x00, 0x00, 0x00, 0x00, 0x00,
  0x00, 0x00, 0x00, 0x00, 0x00, 0x00, 0x00, 0x00, 0x00, 0x00, 0x00, 0x00,
  0x00, 0x00, 0x00, 0x00, 0x00, 0x00, 0x00, 0x00, 0x00, 0x00, 0x00, 0x00,
  0x00, 0x00, 0x00, 0x00, 0x00, 0x00, 0x00, 0x00, 0x00, 0x00, 0x00, 0x00,
  0x00, 0x00, 0x00, 0x00, 0x00, 0x00, 0x00, 0x00, 0x00, 0x00, 0x00, 0x00,
  0x00, 0x00, 0x00, 0x00, 0x00, 0x00, 0x00, 0x00, 0x00, 0x00, 0x00, 0x00,
  0x00, 0x00, 0x00, 0x00, 0x00, 0x02, 0x04, 0x04, 0x00, 0x20, 0xaf, 0xfe,
  0xfb, 0xf8, 0xfa, 0xfa, 0xfb, 0xfc, 0xfb, 0xfa, 0xfa, 0xfb, 0xfc, 0xfc,
  0xfc, 0xfc, 0xfc, 0xfb, 0xfc, 0xfd, 0xfc, 0xfb, 0xfb, 0xfb, 0xfb, 0xfb,
  0xfb, 0xfb, 0xfb, 0xfb, 0xfb, 0xfb, 0xfb, 0xfb, 0xfb, 0xfb, 0xfb, 0xfa,
  0xfb, 0xfb, 0xfb, 0xfb, 0xfc, 0xfc, 0xfc, 0xfc, 0xfc, 0xfc, 0xfc, 0xfb,
  0xfc, 0xfc, 0xfb, 0xfa, 0xfb, 0xfb, 0xfb, 0xfb, 0xfb, 0xfb, 0xfb, 0xfc,
  0xfd, 0xfd, 0xfc, 0xfd, 0xfd, 0xfb, 0xfe, 0xe6, 0x3f, 0x00, 0x06, 0x07,
  0x04, 0x03, 0x01, 0x00, 0x00, 0x00, 0x00, 0x00, 0x00, 0x00, 0x00, 0x00,
  0x00, 0x00, 0x00, 0x00, 0x00, 0x00, 0x00, 0x00, 0x00, 0x00, 0x00, 0x00,
  0x00, 0x00, 0x00, 0x00, 0x00, 0x00, 0x00, 0x00, 0x00, 0x00, 0x00, 0x00,
  0x00, 0x00, 0x00, 0x00, 0x00, 0x00, 0x00, 0x00, 0x00, 0x00, 0x00, 0x00,
  0x00, 0x00, 0x00, 0x00, 0x00, 0x00, 0x00, 0x00, 0x00, 0x00, 0x00, 0x00,
  0x00, 0x00, 0x00, 0x00, 0x00, 0x00, 0x00, 0x00, 0x00, 0x00, 0x00, 0x00,
  0x00, 0x00, 0x00, 0x00, 0x00, 0x00, 0x00, 0x00, 0x00, 0x00, 0x00, 0x00,
  0x00, 0x00, 0x00, 0x01, 0x00, 0x01, 0x01, 0x07, 0x00, 0x7f, 0xf6, 0xff,
  0xf6, 0xf8, 0xfa, 0xfb, 0xfd, 0xfc, 0xfc, 0xfc, 0xfc, 0xfc, 0xfc, 0xfc,
  0xfc, 0xfb, 0xfb, 0xfc, 0xfc, 0xfd, 0xfc, 0xfb, 0xfb, 0xfb, 0xfb, 0xfc,
  0xfb, 0xfb, 0xfc, 0xfb, 0xfa, 0xfb, 0xfb, 0xfa, 0xfa, 0xfa, 0xfb, 0xfc,
  0xfb, 0xfc, 0xfc, 0xfd, 0xfe, 0xfd, 0xfc, 0xfc, 0xfb, 0xfb, 0xfb, 0xfb,
  0xfa, 0xfb, 0xfb, 0xfb, 0xfa, 0xfb, 0xfb, 0xfb, 0xfc, 0xfc, 0xfc, 0xfc,
  0xfc, 0xfc, 0xfc, 0xfb, 0xfc, 0xfc, 0xfc, 0xfc, 0xfc, 0xfc, 0xfc, 0xfb,
  0xfc, 0xfc, 0xfc, 0xfc, 0xfb, 0xfb, 0xfb, 0xfb, 0xfc, 0xfc, 0xfb, 0xfc,
  0xfb, 0xfc, 0xfc, 0xfc, 0xfb, 0xfb, 0xfb, 0xfc, 0xfc, 0xfc, 0xfc, 0xfb,
  0xfc, 0xfb, 0xfb, 0xfb, 0xfb, 0xfb, 0xfc, 0xfc, 0xfc, 0xfc, 0xfd, 0xfc,
  0xfb, 0xfb, 0xfb, 0xfc, 0xfc, 0xfc, 0xfb, 0xfc, 0xfb, 0xfb, 0xfb, 0xfb,
  0xfc, 0xfc, 0xfc, 0xfc, 0xfc, 0xfc, 0xfb, 0xfa, 0xfa, 0xf9, 0xf9, 0xfa,
  0xfb, 0xfb, 0xfa, 0xf9, 0xf8, 0xfb, 0xff, 0xb3, 0x15, 0x06, 0x08, 0x03,
  0x03, 0x02, 0x01, 0x01, 0x00, 0x00, 0x00, 0x00, 0x00, 0x00, 0x00, 0x00,
  0x00, 0x00, 0x00, 0x00, 0x00, 0x00, 0x00, 0x00, 0x00, 0x00, 0x00, 0x00,
  0x00, 0x00, 0x00, 0x00, 0x00, 0x00, 0x00, 0x00, 0x00, 0x00, 0x00, 0x02,
  0x06, 0x0a, 0x00, 0x0f, 0xca, 0xfc, 0xf9, 0xf9, 0xfc, 0xfd, 0xfd, 0xfc,
  0xfb, 0xfc, 0xfc, 0xfb, 0xfb, 0xfa, 0xfa, 0xfb, 0xfb, 0xfb, 0xfb, 0xfc,
  0xfb, 0xfb, 0xfc, 0xfb, 0xfb, 0xfb, 0xfa, 0xfb, 0xfb, 0xfb, 0xfa, 0xfb,
  0xfb, 0xfa, 0xfb, 0xfb, 0xfb, 0xfc, 0xfc, 0xfc, 0xfc, 0xfc, 0xfc, 0xfc,
  0xfc, 0xfc, 0xfc, 0xfc, 0xfc, 0xfc, 0xfc, 0xfc, 0xfc, 0xfc, 0xfc, 0xfc,
  0xfc, 0xfc, 0xfc, 0xfc, 0xfc, 0xfc, 0xfc, 0xfc, 0xfc, 0xfb, 0xfb, 0xfc,
  0xfd, 0xfd, 0xfc, 0xfb, 0xfc, 0xfb, 0xfa, 0xfb, 0xfb, 0xfb, 0xfb, 0xfb,
  0xfb, 0xfb, 0xfb, 0xfb, 0xfb, 0xfb, 0xfc, 0xfb, 0xfb, 0xfb, 0xfb, 0xfc,
  0xfc, 0xfb, 0xfc, 0xfc, 0xfb, 0xfc, 0xfc, 0xfc, 0xfc, 0xfc, 0xfc, 0xfd,
  0xfd, 0xfc, 0xfc, 0xfc, 0xfc, 0xfc, 0xfc, 0xfc, 0xfc, 0xfc, 0xfc, 0xfd,
  0xfc, 0xfb, 0xfc, 0xfb, 0xfb, 0xfb, 0xfb, 0xfb, 0xfb, 0xfb, 0xfb, 0xfc,
  0xfc, 0xfb, 0xfc, 0xfb, 0xfc, 0xfc, 0xfc, 0xfc, 0xfc, 0xfc, 0xfc, 0xfc,
  0xfc, 0xfc, 0xfd, 0xfc, 0xfc, 0xfb, 0xfa, 0xfb, 0xfa, 0xfb, 0xfb, 0xfa,
  0xfb, 0xfb, 0xfb, 0xfa, 0xfb, 0xfc, 0xfb, 0xfb, 0xfc, 0xfc, 0xfb, 0xfe,
  0xfc, 0xa4, 0x0e, 0x00, 0x07, 0x03, 0x01, 0x00, 0x00, 0x00, 0x00, 0x00,
  0x00, 0x00, 0x00, 0x00, 0x00, 0x00, 0x00, 0x00, 0x00, 0x00, 0x00, 0x00,
  0x00, 0x00, 0x00, 0x00, 0x00, 0x00, 0x00, 0x00, 0x00, 0x00, 0x00, 0x00,
  0x00, 0x00, 0x00, 0x00, 0x00, 0x00, 0x00, 0x00, 0x00, 0x00, 0x00, 0x00,
  0x00, 0x00, 0x00, 0x00, 0x00, 0x00, 0x00, 0x00, 0x00, 0x00, 0x00, 0x00,
  0x00, 0x00, 0x00, 0x00, 0x00, 0x00, 0x00, 0x00, 0x00, 0x00, 0x00, 0x00,
  0x00, 0x00, 0x00, 0x00, 0x00, 0x00, 0x00, 0x00, 0x00, 0x00, 0x00, 0x00,
  0x00, 0x00, 0x00, 0x00, 0x00, 0x00, 0x01, 0x06, 0x09, 0x01, 0x1a, 0xbc,
  0xfe, 0xfe, 0xfb, 0xfc, 0xfd, 0xfd, 0xfd, 0xfc, 0xfb, 0xfb, 0xfb, 0xfa,
  0xf9, 0xf9, 0xfa, 0xfb, 0xfa, 0xfb, 0xfb, 0xfb, 0xfb, 0xfc, 0xfb, 0xfc,
  0xfb, 0xfb, 0xfc, 0xfc, 0xfb, 0xfc, 0xfb, 0xfa, 0xfb, 0xfa, 0xfb, 0xfb,
  0xfa, 0xfa, 0xfb, 0xfc, 0xfb, 0xfc, 0xfd, 0xfc, 0xfb, 0xfc, 0xfc, 0xfb,
  0xfc, 0xfd, 0xfc, 0xfc, 0xfc, 0xfc, 0xfb, 0xfb, 0xfb, 0xfb, 0xfc, 0xfb,
  0xfd, 0xfe, 0xfe, 0xfb, 0xf8, 0xf6, 0xf8, 0xff, 0xca, 0x33, 0x00, 0x02,
  0x03, 0x02, 0x01, 0x00, 0x00, 0x00, 0x00, 0x00, 0x00, 0x00, 0x00, 0x00,
  0x00, 0x00, 0x00, 0x00, 0x00, 0x00, 0x00, 0x00, 0x00, 0x00, 0x00, 0x00,
  0x00, 0x00, 0x00, 0x00, 0x00, 0x00, 0x00, 0x00, 0x00, 0x00, 0x00, 0x00,
  0x00, 0x00, 0x00, 0x00, 0x00, 0x00, 0x00, 0x00, 0x00, 0x00, 0x00, 0x00,
  0x00, 0x00, 0x00, 0x00, 0x00, 0x00, 0x00, 0x00, 0x00, 0x00, 0x00, 0x00,
  0x00, 0x00, 0x00, 0x00, 0x00, 0x00, 0x00, 0x00, 0x00, 0x00, 0x00, 0x00,
  0x00, 0x00, 0x00, 0x00, 0x00, 0x00, 0x00, 0x00, 0x00, 0x00, 0x00, 0x00,
  0x00, 0x00, 0x00, 0x00, 0x00, 0x00, 0x00, 0x00, 0x00, 0x00, 0x00, 0x00,
  0x00, 0x00, 0x00, 0x00, 0x00, 0x00, 0x00, 0x00, 0x00, 0x00, 0x00, 0x00,
  0x00, 0x00, 0x00, 0x00, 0x00, 0x00, 0x00, 0x00, 0x00, 0x00, 0x00, 0x00,
  0x00, 0x00, 0x00, 0x00, 0x00, 0x00, 0x00, 0x00, 0x00, 0x00, 0x00, 0x00,
  0x00, 0x00, 0x00, 0x00, 0x00, 0x00, 0x00, 0x00, 0x00, 0x00, 0x00, 0x00,
  0x00, 0x00, 0x00, 0x00, 0x00, 0x00, 0x00, 0x00, 0x00, 0x00, 0x00, 0x04,
  0x07, 0x01, 0x07, 0x73, 0xef, 0xfb, 0xf6, 0xf9, 0xfa, 0xfa, 0xfb, 0xfb,
  0xfa, 0xfa, 0xfa, 0xfb, 0xfc, 0xfc, 0xfb, 0xfc, 0xfc, 0xfc, 0xfc, 0xfc,
  0xfc, 0xfb, 0xfc, 0xfc, 0xfc, 0xfb, 0xfb, 0xfb, 0xfb, 0xfc, 0xfc, 0xfc,
  0xfc, 0xfc, 0xfc, 0xfb, 0xfb, 0xfb, 0xfa, 0xfa, 0xfc, 0xfc, 0xfb, 0xfc,
  0xfb, 0xfc, 0xfd, 0xfd, 0xfd, 0xfc, 0xfb, 0xfc, 0xfb, 0xfb, 0xfb, 0xfa,
  0xfa, 0xfb, 0xfb, 0xfb, 0xfb, 0xfb, 0xfc, 0xfc, 0xfc, 0xfc, 0xfa, 0xf8,
  0xfb, 0xfd, 0xa7, 0x14, 0x01, 0x0a, 0x03, 0x02, 0x01, 0x01, 0x00, 0x00,
  0x00, 0x00, 0x00, 0x00, 0x00, 0x00, 0x00, 0x00, 0x00, 0x00, 0x00, 0x00,
  0x00, 0x00, 0x00, 0x00, 0x00, 0x00, 0x00, 0x00, 0x00, 0x00, 0x00, 0x00,
  0x00, 0x00, 0x00, 0x00, 0x00, 0x00, 0x00, 0x00, 0x00, 0x00, 0x00, 0x00,
  0x00, 0x00, 0x00, 0x00, 0x00, 0x00, 0x00, 0x00, 0x00, 0x00, 0x00, 0x00,
  0x00, 0x00, 0x00, 0x00, 0x00, 0x00, 0x00, 0x00, 0x00, 0x00, 0x00, 0x00,
  0x00, 0x00, 0x00, 0x00, 0x00, 0x00, 0x00, 0x00, 0x00, 0x00, 0x00, 0x00,
  0x00, 0x00, 0x00, 0x00, 0x00, 0x00, 0x00, 0x00, 0x01, 0x00, 0x00, 0x01,
  0x01, 0x06, 0x00, 0x7e, 0xf6, 0xff, 0xf6, 0xf8, 0xfa, 0xfc, 0xfc, 0xfb,
  0xfb, 0xfb, 0xfb, 0xfc, 0xfc, 0xfc, 0xfc, 0xfb, 0xfb, 0xfc, 0xfc, 0xfd,
  0xfc, 0xfb, 0xfb, 0xfa, 0xfb, 0xfc, 0xfc, 0xfc, 0xfc, 0xfb, 0xfa, 0xfb,
  0xfb, 0xfa, 0xfb, 0xfb, 0xfc, 0xfb, 0xfc, 0xfd, 0xfd, 0xfe, 0xfd, 0xfe,
  0xfe, 0xfd, 0xfd, 0xfd, 0xfb, 0xfb, 0xfa, 0xfb, 0xfb, 0xfb, 0xfb, 0xfb,
  0xfa, 0xfb, 0xfd, 0xfc, 0xfc, 0xfc, 0xfb, 0xfb, 0xfb, 0xfb, 0xfd, 0xfd,
  0xfd, 0xfd, 0xfd, 0xfd, 0xfd, 0xfc, 0xfb, 0xfc, 0xfd, 0xfd, 0xfc, 0xfd,
  0xfc, 0xfc, 0xfd, 0xfd, 0xfc, 0xfb, 0xfc, 0xfc, 0xfd, 0xfd, 0xfc, 0xfc,
  0xfc, 0xfd, 0xfd, 0xfd, 0xfd, 0xfc, 0xfb, 0xfc, 0xfb, 0xfc, 0xfc, 0xfc,
  0xfd, 0xfd, 0xfd, 0xfd, 0xfc, 0xfd, 0xfc, 0xfb, 0xfb, 0xfc, 0xfd, 0xfd,
  0xfc, 0xfb, 0xfb, 0xfb, 0xfc, 0xfc, 0xfd, 0xfc, 0xfd, 0xfd, 0xfd, 0xfd,
  0xfc, 0xfb, 0xfa, 0xfa, 0xf9, 0xf9, 0xfa, 0xfa, 0xf9, 0xf7, 0xf6, 0xfd,
  0xdd, 0x56, 0x00, 0x0e, 0x05, 0x04, 0x02, 0x01, 0x01, 0x00, 0x00, 0x00,
  0x00, 0x00, 0x00, 0x00, 0x00, 0x00, 0x00, 0x00, 0x00, 0x00, 0x00, 0x00,
  0x00, 0x00, 0x00, 0x00, 0x00, 0x00, 0x00, 0x00, 0x00, 0x00, 0x00, 0x00,
  0x00, 0x00, 0x00, 0x00, 0x00, 0x02, 0x06, 0x0a, 0x00, 0x0f, 0xcb, 0xfc,
  0xf9, 0xfa, 0xfc, 0xfd, 0xfc, 0xfc, 0xfb, 0xfc, 0xfd, 0xfb, 0xfb, 0xfa,
  0xfa, 0xfa, 0xfa, 0xfa, 0xfb, 0xfc, 0xfc, 0xfb, 0xfc, 0xfb, 0xfa, 0xfa,
  0xfa, 0xfb, 0xfc, 0xfa, 0xfa, 0xfb, 0xfb, 0xfb, 0xfb, 0xfa, 0xfb, 0xfc,
  0xfc, 0xfd, 0xfd, 0xfd, 0xfd, 0xfc, 0xfc, 0xfd, 0xfd, 0xfd, 0xfd, 0xfd,
  0xfd, 0xfd, 0xfd, 0xfd, 0xfd, 0xfd, 0xfd, 0xfe, 0xfd, 0xfc, 0xfd, 0xfd,
  0xfd, 0xfd, 0xfc, 0xfb, 0xfc, 0xfc, 0xfc, 0xfc, 0xfc, 0xfc, 0xfc, 0xfc,
  0xfb, 0xfa, 0xfa, 0xfb, 0xfc, 0xfb, 0xfb, 0xfb, 0xfc, 0xfc, 0xfc, 0xfc,
  0xfc, 0xfc, 0xfc, 0xfc, 0xfc, 0xfc, 0xfd, 0xfc, 0xfb, 0xfb, 0xfc, 0xfc,
  0xfc, 0xfd, 0xfd, 0xfd, 0xfd, 0xfd, 0xfd, 0xfd, 0xfd, 0xfd, 0xfd, 0xfc,
  0xfc, 0xfc, 0xfd, 0xfe, 0xfc, 0xfb, 0xfc, 0xfc, 0xfc, 0xfb, 0xfa, 0xfa,
  0xfb, 0xfb, 0xfa, 0xfb, 0xfb, 0xfb, 0xfc, 0xfc, 0xfb, 0xfc, 0xfc, 0xfb,
  0xfb, 0xfb, 0xfb, 0xfb, 0xfd, 0xfd, 0xfd, 0xfd, 0xfd, 0xfc, 0xfb, 0xfb,
  0xfb, 0xfb, 0xfa, 0xfb, 0xfb, 0xfb, 0xfa, 0xfa, 0xfb, 0xfa, 0xfb, 0xfc,
  0xfc, 0xfc, 0xfd, 0xfd, 0xf9, 0xf8, 0xfd, 0xea, 0x4f, 0x03, 0x03, 0x06,
  0x01, 0x00, 0x00, 0x00, 0x00, 0x00, 0x00, 0x00, 0x00, 0x00, 0x00, 0x00,
  0x00, 0x00, 0x00, 0x00, 0x00, 0x00, 0x00, 0x00, 0x00, 0x00, 0x00, 0x00,
  0x00, 0x00, 0x00, 0x00, 0x00, 0x00, 0x00, 0x00, 0x00, 0x00, 0x00, 0x00,
  0x00, 0x00, 0x00, 0x00, 0x00, 0x00, 0x00, 0x00, 0x00, 0x00, 0x00, 0x00,
  0x00, 0x00, 0x00, 0x00, 0x00, 0x00, 0x00, 0x00, 0x00, 0x00, 0x00, 0x00,
  0x00, 0x00, 0x00, 0x00, 0x00, 0x00, 0x00, 0x00, 0x00, 0x00, 0x00, 0x00,
  0x00, 0x00, 0x00, 0x00, 0x00, 0x00, 0x00, 0x00, 0x00, 0x00, 0x00, 0x00,
  0x01, 0x05, 0x02, 0x06, 0x73, 0xf1, 0xff, 0xf9, 0xfa, 0xfc, 0xfc, 0xfc,
  0xfc, 0xfb, 0xfa, 0xfb, 0xfa, 0xfa, 0xfa, 0xfa, 0xfa, 0xfa, 0xfa, 0xfb,
  0xfc, 0xfc, 0xfb, 0xfc, 0xfc, 0xfb, 0xfc, 0xfc, 0xfb, 0xfc, 0xfc, 0xfc,
  0xfb, 0xfa, 0xfa, 0xfb, 0xfc, 0xfb, 0xfa, 0xfa, 0xfb, 0xfc, 0xfc, 0xfc,
  0xfc, 0xfc, 0xfb, 0xfc, 0xfc, 0xfb, 0xfc, 0xfd, 0xfd, 0xfc, 0xfc, 0xfc,
  0xfc, 0xfb, 0xfc, 0xfc, 0xfc, 0xfb, 0xfc, 0xfc, 0xfd, 0xfc, 0xfb, 0xf9,
  0xf7, 0xfa, 0xfb, 0x88, 0x0c, 0x00, 0x08, 0x06, 0x02, 0x00, 0x00, 0x00,
  0x00, 0x00, 0x00, 0x00, 0x00, 0x00, 0x00, 0x00, 0x00, 0x00, 0x00, 0x00,
  0x00, 0x00, 0x00, 0x00, 0x00, 0x00, 0x00, 0x00, 0x00, 0x00, 0x00, 0x00,
  0x00, 0x00, 0x00, 0x00, 0x00, 0x00, 0x00, 0x00, 0x00, 0x00, 0x00, 0x00,
  0x00, 0x00, 0x00, 0x00, 0x00, 0x00, 0x00, 0x00, 0x00, 0x00, 0x00, 0x00,
  0x00, 0x00, 0x00, 0x00, 0x00, 0x00, 0x00, 0x00, 0x00, 0x00, 0x00, 0x00,
  0x00, 0x00, 0x00, 0x00, 0x00, 0x00, 0x00, 0x00, 0x00, 0x00, 0x00, 0x00,
  0x00, 0x00, 0x00, 0x00, 0x00, 0x00, 0x00, 0x00, 0x00, 0x00, 0x00, 0x00,
  0x00, 0x00, 0x00, 0x00, 0x00, 0x00, 0x00, 0x00, 0x00, 0x00, 0x00, 0x00,
  0x00, 0x00, 0x00, 0x00, 0x00, 0x00, 0x00, 0x00, 0x00, 0x00, 0x00, 0x00,
  0x00, 0x00, 0x00, 0x00, 0x00, 0x00, 0x00, 0x00, 0x00, 0x00, 0x00, 0x00,
  0x00, 0x00, 0x00, 0x00, 0x00, 0x00, 0x00, 0x00, 0x00, 0x00, 0x00, 0x00,
  0x00, 0x00, 0x00, 0x00, 0x00, 0x00, 0x00, 0x00, 0x00, 0x00, 0x00, 0x00,
  0x00, 0x00, 0x00, 0x00, 0x00, 0x05, 0x04, 0x01, 0x3f, 0xcd, 0xff, 0xf4,
  0xf5, 0xf9, 0xfb, 0xfb, 0xfb, 0xfb, 0xfb, 0xfb, 0xfa, 0xfa, 0xfb, 0xfc,
  0xfb, 0xfc, 0xfd, 0xfc, 0xfb, 0xfc, 0xfc, 0xfb, 0xfc, 0xfb, 0xfc, 0xfb,
  0xfa, 0xfa, 0xfb, 0xfb, 0xfb, 0xfb, 0xfb, 0xfb, 0xfb, 0xfb, 0xfa, 0xfa,
  0xfb, 0xfb, 0xfb, 0xfb, 0xfb, 0xfb, 0xfc, 0xfd, 0xfc, 0xfc, 0xfd, 0xfc,
  0xfb, 0xfc, 0xfb, 0xfa, 0xfb, 0xf9, 0xfa, 0xfa, 0xfa, 0xfa, 0xfa, 0xfb,
  0xfb, 0xfb, 0xfb, 0xfb, 0xf8, 0xf6, 0xf5, 0xfb, 0xf5, 0x55, 0x03, 0x04,
  0x05, 0x02, 0x02, 0x01, 0x01, 0x01, 0x00, 0x00, 0x00, 0x00, 0x00, 0x00,
  0x00, 0x00, 0x00, 0x00, 0x00, 0x00, 0x00, 0x00, 0x00, 0x00, 0x00, 0x00,
  0x00, 0x00, 0x00, 0x00, 0x00, 0x00, 0x00, 0x00, 0x00, 0x00, 0x00, 0x00,
  0x00, 0x00, 0x00, 0x00, 0x00, 0x00, 0x00, 0x00, 0x00, 0x00, 0x00, 0x00,
  0x00, 0x00, 0x00, 0x00, 0x00, 0x00, 0x00, 0x00, 0x00, 0x00, 0x00, 0x00,
  0x00, 0x00, 0x00, 0x00, 0x00, 0x00, 0x00, 0x00, 0x00, 0x00, 0x00, 0x00,
  0x00, 0x00, 0x00, 0x00, 0x00, 0x00, 0x00, 0x00, 0x00, 0x00, 0x00, 0x00,
  0x00, 0x00, 0x00, 0x01, 0x00, 0x01, 0x01, 0x07, 0x00, 0x7d, 0xf5, 0xff,
  0xf6, 0xf8, 0xfa, 0xfb, 0xfb, 0xfc, 0xfc, 0xfc, 0xfc, 0xfb, 0xfb, 0xfb,
  0xfb, 0xfb, 0xfb, 0xfb, 0xfc, 0xfd, 0xfc, 0xfb, 0xfc, 0xfb, 0xfb, 0xfb,
  0xfb, 0xfb, 0xfb, 0xfb, 0xfb, 0xfa, 0xfa, 0xfa, 0xfb, 0xfc, 0xfb, 0xfc,
  0xfd, 0xfc, 0xfd, 0xfe, 0xfd, 0xfe, 0xfe, 0xfd, 0xfd, 0xfd, 0xfc, 0xfb,
  0xfb, 0xfa, 0xfa, 0xfa, 0xfa, 0xfa, 0xfa, 0xfb, 0xfb, 0xfb, 0xfc, 0xfc,
  0xfb, 0xfb, 0xfb, 0xfb, 0xfb, 0xfc, 0xfc, 0xfb, 0xfb, 0xfb, 0xfb, 0xfb,
  0xfc, 0xfc, 0xfb, 0xfb, 0xfb, 0xfb, 0xfb, 0xfb, 0xfb, 0xfb, 0xfb, 0xfb,
  0xfb, 0xfc, 0xfb, 0xfb, 0xfb, 0xfb, 0xfb, 0xfc, 0xfc, 0xfc, 0xfc, 0xfc,
  0xfb, 0xfb, 0xfb, 0xfb, 0xfc, 0xfc, 0xfc, 0xfc, 0xfb, 0xfc, 0xfc, 0xfb,
  0xfc, 0xfb, 0xfb, 0xfc, 0xfb, 0xfc, 0xfc, 0xfc, 0xfc, 0xfc, 0xfb, 0xfb,
  0xfc, 0xfc, 0xfd, 0xfd, 0xfd, 0xfd, 0xfd, 0xfc, 0xfb, 0xfa, 0xfa, 0xf9,
  0xf8, 0xf8, 0xf8, 0xf4, 0xf9, 0xfb, 0x92, 0x0b, 0x09, 0x0b, 0x05, 0x03,
  0x01, 0x00, 0x01, 0x00, 0x00, 0x00, 0x00, 0x00, 0x00, 0x00, 0x00, 0x00,
  0x00, 0x00, 0x00, 0x00, 0x00, 0x00, 0x00, 0x00, 0x00, 0x00, 0x00, 0x00,
  0x00, 0x00, 0x00, 0x00, 0x00, 0x00, 0x00, 0x00, 0x00, 0x00, 0x00, 0x02,
  0x06, 0x09, 0x00, 0x10, 0xcb, 0xfd, 0xfa, 0xfa, 0xfc, 0xfd, 0xfc, 0xfb,
  0xfc, 0xfc, 0xfc, 0xfc, 0xfb, 0xfa, 0xfa, 0xfb, 0xfb, 0xfb, 0xfb, 0xfb,
  0xfb, 0xfc, 0xfc, 0xfb, 0xfa, 0xfb, 0xfa, 0xfb, 0xfb, 0xfb, 0xfb, 0xfa,
  0xfa, 0xfa, 0xfa, 0xfa, 0xfb, 0xfc, 0xfc, 0xfd, 0xfd, 0xfc, 0xfc, 0xfd,
  0xfd, 0xfd, 0xfd, 0xfd, 0xfd, 0xfd, 0xfd, 0xfd, 0xfd, 0xfd, 0xfd, 0xfd,
  0xfd, 0xfc, 0xfd, 0xfc, 0xfb, 0xfb, 0xfb, 0xfc, 0xfc, 0xfc, 0xfb, 0xfb,
  0xfb, 0xfb, 0xfb, 0xfb, 0xfb, 0xfb, 0xfb, 0xfb, 0xfb, 0xfb, 0xfb, 0xfc,
  0xfc, 0xfc, 0xfb, 0xfb, 0xfb, 0xfb, 0xfb, 0xfb, 0xfb, 0xfc, 0xfc, 0xfc,
  0xfc, 0xfc, 0xfc, 0xfc, 0xfd, 0xfd, 0xfd, 0xfc, 0xfb, 0xfc, 0xfc, 0xfc,
  0xfb, 0xfb, 0xfb, 0xfb, 0xfb, 0xfd, 0xfd, 0xfd, 0xfd, 0xfd, 0xfc, 0xfc,
  0xfb, 0xfb, 0xfc, 0xfb, 0xfb, 0xfb, 0xfa, 0xfa, 0xfb, 0xfa, 0xfb, 0xfc,
  0xfb, 0xfb, 0xfc, 0xfc, 0xfc, 0xfc, 0xfb, 0xfc, 0xfc, 0xfb, 0xfc, 0xfc,
  0xfc, 0xfc, 0xfc, 0xfc, 0xfc, 0xfc, 0xfc, 0xfb, 0xfa, 0xfb, 0xfa, 0xfa,
  0xf9, 0xfa, 0xfb, 0xfa, 0xfb, 0xfc, 0xfc, 0xfd, 0xfe, 0xfe, 0xf9, 0xf5,
  0xf6, 0xfb, 0xb5, 0x18, 0x00, 0x07, 0x01, 0x00, 0x00, 0x00, 0x00, 0x00,
  0x00, 0x00, 0x00, 0x00, 0x00, 0x00, 0x00, 0x00, 0x00, 0x00, 0x00, 0x00,
  0x00, 0x00, 0x00, 0x00, 0x00, 0x00, 0x00, 0x00, 0x00, 0x00, 0x00, 0x00,
  0x00, 0x00, 0x00, 0x00, 0x00, 0x00, 0x00, 0x00, 0x00, 0x00, 0x00, 0x00,
  0x00, 0x00, 0x00, 0x00, 0x00, 0x00, 0x00, 0x00, 0x00, 0x00, 0x00, 0x00,
  0x00, 0x00, 0x00, 0x00, 0x00, 0x00, 0x00, 0x00, 0x00, 0x00, 0x00, 0x00,
  0x00, 0x00, 0x00, 0x00, 0x00, 0x00, 0x00, 0x00, 0x00, 0x00, 0x00, 0x00,
  0x00, 0x00, 0x00, 0x00, 0x01, 0x02, 0x02, 0x01, 0x00, 0x2d, 0xd2, 0xfe,
  0xfa, 0xf6, 0xf9, 0xfb, 0xfc, 0xfc, 0xfb, 0xfa, 0xfb, 0xfa, 0xf9, 0xfa,
  0xfb, 0xfb, 0xfb, 0xfb, 0xfb, 0xfb, 0xfc, 0xfb, 0xfc, 0xfd, 0xfc, 0xfb,
  0xfb, 0xfb, 0xfc, 0xfc, 0xfb, 0xfb, 0xfa, 0xfa, 0xfb, 0xfc, 0xfb, 0xfb,
  0xfb, 0xfb, 0xfb, 0xfb, 0xfb, 0xfb, 0xfb, 0xfb, 0xfc, 0xfc, 0xfc, 0xfb,
  0xfc, 0xfd, 0xfd, 0xfc, 0xfb, 0xfb, 0xfc, 0xfc, 0xfc, 0xfb, 0xfb, 0xfc,
  0xfc, 0xfc, 0xfc, 0xfc, 0xfc, 0xfb, 0xf9, 0xf5, 0xfe, 0xd7, 0x48, 0x02,
  0x06, 0x0a, 0x03, 0x00, 0x00, 0x00, 0x00, 0x00, 0x00, 0x00, 0x00, 0x00,
  0x00, 0x00, 0x00, 0x00, 0x00, 0x00, 0x00, 0x00, 0x00, 0x00, 0x00, 0x00,
  0x00, 0x00, 0x00, 0x00, 0x00, 0x00, 0x00, 0x00, 0x00, 0x00, 0x00, 0x00,
  0x00, 0x00, 0x00, 0x00, 0x00, 0x00, 0x00, 0x00, 0x00, 0x00, 0x00, 0x00,
  0x00, 0x00, 0x00, 0x00, 0x00, 0x00, 0x00, 0x00, 0x00, 0x00, 0x00, 0x00,
  0x00, 0x00, 0x00, 0x00, 0x00, 0x00, 0x00, 0x00, 0x00, 0x00, 0x00, 0x00,
  0x00, 0x00, 0x00, 0x00, 0x00, 0x00, 0x00, 0x00, 0x00, 0x00, 0x00, 0x00,
  0x00, 0x00, 0x00, 0x00, 0x00, 0x00, 0x00, 0x00, 0x00, 0x00, 0x00, 0x00,
  0x00, 0x00, 0x00, 0x00, 0x00, 0x00, 0x00, 0x00, 0x00, 0x00, 0x00, 0x00,
  0x00, 0x00, 0x00, 0x00, 0x00, 0x00, 0x00, 0x00, 0x00, 0x00, 0x00, 0x00,
  0x00, 0x00, 0x00, 0x00, 0x00, 0x00, 0x00, 0x00, 0x00, 0x00, 0x00, 0x00,
  0x00, 0x00, 0x00, 0x00, 0x00, 0x00, 0x00, 0x00, 0x00, 0x00, 0x00, 0x00,
  0x00, 0x00, 0x01, 0x00, 0x00, 0x00, 0x00, 0x00, 0x01, 0x01, 0x02, 0x06,
  0x00, 0x13, 0x98, 0xfb, 0xf6, 0xf3, 0xf6, 0xfa, 0xfb, 0xfc, 0xfc, 0xfb,
  0xfc, 0xfc, 0xfb, 0xfb, 0xfa, 0xfb, 0xfb, 0xfc, 0xfc, 0xfb, 0xfb, 0xfc,
  0xfc, 0xfb, 0xfc, 0xfb, 0xfc, 0xfb, 0xfb, 0xfb, 0xfc, 0xfb, 0xfa, 0xfa,
  0xfa, 0xfa, 0xfa, 0xfa, 0xfb, 0xfb, 0xfb, 0xfc, 0xfb, 0xfa, 0xfb, 0xfc,
  0xfd, 0xfc, 0xfd, 0xfd, 0xfc, 0xfc, 0xfc, 0xfb, 0xfc, 0xfb, 0xfa, 0xfa,
  0xfb, 0xfa, 0xfa, 0xfa, 0xfa, 0xfb, 0xfa, 0xfa, 0xfa, 0xfa, 0xf8, 0xf6,
  0xf6, 0xf9, 0xff, 0xbb, 0x1e, 0x00, 0x0b, 0x03, 0x04, 0x03, 0x01, 0x00,
  0x01, 0x00, 0x00, 0x00, 0x00, 0x00, 0x00, 0x00, 0x00, 0x00, 0x00, 0x00,
  0x00, 0x00, 0x00, 0x00, 0x00, 0x00, 0x00, 0x00, 0x00, 0x00, 0x00, 0x00,
  0x00, 0x00, 0x00, 0x00, 0x00, 0x00, 0x00, 0x00, 0x00, 0x00, 0x00, 0x00,
  0x00, 0x00, 0x00, 0x00, 0x00, 0x00, 0x00, 0x00, 0x00, 0x00, 0x00, 0x00,
  0x00, 0x00, 0x00, 0x00, 0x00, 0x00, 0x00, 0x00, 0x00, 0x00, 0x00, 0x00,
  0x00, 0x00, 0x00, 0x00, 0x00, 0x00, 0x00, 0x00, 0x00, 0x00, 0x00, 0x00,
  0x00, 0x00, 0x00, 0x00, 0x00, 0x00, 0x00, 0x00, 0x00, 0x01, 0x00, 0x01,
  0x01, 0x08, 0x00, 0x7c, 0xf5, 0xff, 0xf6, 0xf8, 0xfa, 0xfb, 0xfc, 0xfb,
  0xfb, 0xfb, 0xfb, 0xfa, 0xfa, 0xfa, 0xfa, 0xfb, 0xfc, 0xfb, 0xfc, 0xfc,
  0xfc, 0xfb, 0xfb, 0xfc, 0xfb, 0xfa, 0xfa, 0xfa, 0xfa, 0xfa, 0xfa, 0xfb,
  0xfb, 0xfa, 0xfb, 0xfc, 0xfc, 0xfc, 0xfd, 0xfd, 0xfd, 0xfe, 0xfd, 0xfc,
  0xfb, 0xfb, 0xfb, 0xfa, 0xfa, 0xf9, 0xf9, 0xf9, 0xf9, 0xf9, 0xf9, 0xf9,
  0xf9, 0xf9, 0xf9, 0xf9, 0xfa, 0xfa, 0xf9, 0xf9, 0xf9, 0xf9, 0xf9, 0xfa,
  0xf9, 0xf9, 0xf9, 0xf9, 0xf9, 0xf9, 0xfa, 0xfa, 0xf9, 0xf9, 0xf9, 0xf9,
  0xf9, 0xf9, 0xf9, 0xf9, 0xf9, 0xf9, 0xfa, 0xfa, 0xf9, 0xf9, 0xf9, 0xf9,
  0xf9, 0xfa, 0xfa, 0xfa, 0xfa, 0xfa, 0xfa, 0xf9, 0xf9, 0xf9, 0xfa, 0xfa,
  0xfa, 0xfa, 0xf9, 0xfa, 0xfa, 0xf9, 0xfa, 0xfa, 0xfa, 0xfa, 0xf9, 0xfa,
  0xfa, 0xfa, 0xfa, 0xfa, 0xf9, 0xf9, 0xfa, 0xfa, 0xfa, 0xfb, 0xfb, 0xfb,
  0xfb, 0xfa, 0xfa, 0xf9, 0xf9, 0xf8, 0xf6, 0xf6, 0xf5, 0xf5, 0xff, 0xc9,
  0x3a, 0x00, 0x0b, 0x05, 0x04, 0x02, 0x01, 0x00, 0x00, 0x00, 0x00, 0x00,
  0x00, 0x00, 0x00, 0x00, 0x00, 0x00, 0x00, 0x00, 0x00, 0x00, 0x00, 0x00,
  0x00, 0x00, 0x00, 0x00, 0x00, 0x00, 0x00, 0x00, 0x00, 0x00, 0x00, 0x00,
  0x00, 0x00, 0x00, 0x00, 0x00, 0x02, 0x06, 0x09, 0x00, 0x10, 0xcb, 0xfd,
  0xfa, 0xf9, 0xfc, 0xfc, 0xfc, 0xfb, 0xfb, 0xfc, 0xfb, 0xfc, 0xfb, 0xfa,
  0xfb, 0xfb, 0xfc, 0xfc, 0xfb, 0xfa, 0xfb, 0xfb, 0xfb, 0xfb, 0xfa, 0xfb,
  0xfb, 0xfa, 0xfa, 0xfb, 0xfb, 0xfb, 0xfb, 0xfb, 0xfb, 0xfa, 0xfb, 0xfc,
  0xfc, 0xfd, 0xfc, 0xfd, 0xfd, 0xfd, 0xfb, 0xfb, 0xfb, 0xfb, 0xfb, 0xfb,
  0xfb, 0xfb, 0xfb, 0xfb, 0xfb, 0xfb, 0xfb, 0xfa, 0xfb, 0xfa, 0xf9, 0xf9,
  0xf9, 0xf9, 0xfa, 0xfa, 0xf9, 0xf9, 0xf9, 0xf9, 0xf9, 0xf9, 0xf9, 0xf9,
  0xf9, 0xfa, 0xf9, 0xfa, 0xfa, 0xfa, 0xfa, 0xfa, 0xf9, 0xf9, 0xf9, 0xf9,
  0xf9, 0xf9, 0xf9, 0xfa, 0xfa, 0xfa, 0xfa, 0xfa, 0xfa, 0xfb, 0xfb, 0xfb,
  0xfb, 0xfa, 0xf9, 0xfa, 0xfb, 0xfa, 0xf9, 0xfa, 0xfa, 0xf9, 0xf9, 0xfb,
  0xfb, 0xfb, 0xfb, 0xfb, 0xfa, 0xfa, 0xfa, 0xfa, 0xfb, 0xfb, 0xfa, 0xfa,
  0xfa, 0xfa, 0xfa, 0xfb, 0xfa, 0xfb, 0xfb, 0xfb, 0xfb, 0xfc, 0xfc, 0xfc,
  0xfb, 0xfb, 0xfc, 0xfc, 0xfb, 0xfb, 0xfb, 0xfb, 0xfb, 0xfc, 0xfd, 0xfc,
  0xfb, 0xfb, 0xfb, 0xfa, 0xfb, 0xfa, 0xfa, 0xfa, 0xfb, 0xfa, 0xfb, 0xfc,
  0xfc, 0xfd, 0xfd, 0xfd, 0xf9, 0xf6, 0xf5, 0xfb, 0xf1, 0x57, 0x05, 0x02,
  0x03, 0x01, 0x01, 0x00, 0x00, 0x00, 0x00, 0x00, 0x00, 0x00, 0x00, 0x00,
  0x00, 0x00, 0x00, 0x00, 0x00, 0x00, 0x00, 0x00, 0x00, 0x00, 0x00, 0x00,
  0x00, 0x00, 0x00, 0x00, 0x00, 0x00, 0x00, 0x00, 0x00, 0x00, 0x00, 0x00,
  0x00, 0x00, 0x00, 0x00, 0x00, 0x00, 0x00, 0x00, 0x00, 0x00, 0x00, 0x00,
  0x00, 0x00, 0x00, 0x00, 0x00, 0x00, 0x00, 0x00, 0x00, 0x00, 0x00, 0x00,
  0x00, 0x00, 0x00, 0x00, 0x00, 0x00, 0x00, 0x00, 0x00, 0x00, 0x00, 0x00,
  0x00, 0x00, 0x00, 0x00, 0x00, 0x00, 0x01, 0x00, 0x00, 0x00, 0x03, 0x04,
  0x07, 0x00, 0x0d, 0x8c, 0xf8, 0xfb, 0xf7, 0xf7, 0xf8, 0xfa, 0xfb, 0xfb,
  0xfb, 0xfa, 0xfb, 0xfa, 0xfa, 0xf9, 0xfb, 0xfa, 0xfb, 0xfc, 0xfb, 0xfb,
  0xfc, 0xfc, 0xfc, 0xfc, 0xfc, 0xfc, 0xfc, 0xfc, 0xfc, 0xfc, 0xfb, 0xfb,
  0xfb, 0xfb, 0xfb, 0xfc, 0xfb, 0xfb, 0xfc, 0xfc, 0xfc, 0xfb, 0xfb, 0xfc,
  0xfc, 0xfc, 0xfc, 0xfc, 0xfc, 0xfb, 0xfc, 0xfd, 0xfd, 0xfc, 0xfb, 0xfc,
  0xfc, 0xfc, 0xfb, 0xfb, 0xfc, 0xfb, 0xfb, 0xfb, 0xfb, 0xfb, 0xfc, 0xfb,
  0xf9, 0xf6, 0xf3, 0xfc, 0xa2, 0x18, 0x00, 0x07, 0x03, 0x00, 0x00, 0x00,
  0x00, 0x00, 0x00, 0x00, 0x00, 0x00, 0x00, 0x00, 0x00, 0x00, 0x00, 0x00,
  0x00, 0x00, 0x00, 0x00, 0x00, 0x00, 0x00, 0x00, 0x00, 0x00, 0x00, 0x00,
  0x00, 0x00, 0x00, 0x00, 0x00, 0x00, 0x00, 0x00, 0x00, 0x00, 0x00, 0x00,
  0x00, 0x00, 0x00, 0x00, 0x00, 0x00, 0x00, 0x00, 0x00, 0x00, 0x00, 0x00,
  0x00, 0x00, 0x00, 0x00, 0x00, 0x00, 0x00, 0x00, 0x00, 0x00, 0x00, 0x00,
  0x00, 0x00, 0x00, 0x00, 0x00, 0x00, 0x00, 0x00, 0x00, 0x00, 0x00, 0x00,
  0x00, 0x00, 0x00, 0x00, 0x00, 0x00, 0x00, 0x00, 0x00, 0x00, 0x00, 0x00,
  0x00, 0x00, 0x00, 0x00, 0x00, 0x00, 0x00, 0x00, 0x00, 0x00, 0x00, 0x00,
  0x00, 0x00, 0x00, 0x00, 0x00, 0x00, 0x00, 0x00, 0x00, 0x00, 0x00, 0x00,
  0x00, 0x00, 0x00, 0x00, 0x00, 0x00, 0x00, 0x00, 0x00, 0x00, 0x00, 0x00,
  0x00, 0x00, 0x00, 0x00, 0x00, 0x00, 0x00, 0x00, 0x00, 0x00, 0x00, 0x00,
  0x00, 0x00, 0x00, 0x00, 0x00, 0x00, 0x00, 0x01, 0x00, 0x00, 0x00, 0x00,
  0x00, 0x00, 0x02, 0x04, 0x08, 0x02, 0x04, 0x5a, 0xe3, 0xfd, 0xf3, 0xf7,
  0xf8, 0xfa, 0xfc, 0xfc, 0xfb, 0xfc, 0xfc, 0xfb, 0xfc, 0xfb, 0xfa, 0xfa,
  0xfc, 0xfc, 0xfb, 0xfc, 0xfb, 0xfc, 0xfc, 0xfb, 0xfc, 0xfc, 0xfc, 0xfc,
  0xfc, 0xfc, 0xfc, 0xfb, 0xfa, 0xfa, 0xfa, 0xfa, 0xfa, 0xfa, 0xfb, 0xfc,
  0xfc, 0xfc, 0xfc, 0xfb, 0xfb, 0xfd, 0xfd, 0xfd, 0xfe, 0xfd, 0xfd, 0xfd,
  0xfd, 0xfc, 0xfb, 0xfc, 0xfb, 0xfb, 0xfb, 0xf9, 0xfa, 0xfb, 0xfb, 0xfa,
  0xfb, 0xfa, 0xfa, 0xf9, 0xf8, 0xf8, 0xf8, 0xf7, 0xfb, 0xf8, 0x65, 0x07,
  0x05, 0x09, 0x06, 0x04, 0x01, 0x00, 0x01, 0x01, 0x00, 0x00, 0x00, 0x00,
  0x00, 0x00, 0x00, 0x00, 0x00, 0x00, 0x00, 0x00, 0x00, 0x00, 0x00, 0x00,
  0x00, 0x00, 0x00, 0x00, 0x00, 0x00, 0x00, 0x00, 0x00, 0x00, 0x00, 0x00,
  0x00, 0x00, 0x00, 0x00, 0x00, 0x00, 0x00, 0x00, 0x00, 0x00, 0x00, 0x00,
  0x00, 0x00, 0x00, 0x00, 0x00, 0x00, 0x00, 0x00, 0x00, 0x00, 0x00, 0x00,
  0x00, 0x00, 0x00, 0x00, 0x00, 0x00, 0x00, 0x00, 0x00, 0x00, 0x00, 0x00,
  0x00, 0x00, 0x00, 0x00, 0x00, 0x00, 0x00, 0x00, 0x00, 0x00, 0x00, 0x00,
  0x00, 0x00, 0x00, 0x01, 0x00, 0x01, 0x01, 0x07, 0x00, 0x7b, 0xf4, 0xff,
  0xf6, 0xf8, 0xfa, 0xfc, 0xfb, 0xfb, 0xfa, 0xfa, 0xfa, 0xfa, 0xfa, 0xfa,
  0xfa, 0xfb, 0xfb, 0xfc, 0xfb, 0xfb, 0xfb, 0xfc, 0xfc, 0xfb, 0xfc, 0xfb,
  0xfb, 0xfa, 0xfb, 0xfb, 0xfa, 0xfb, 0xfb, 0xfa, 0xfb, 0xfc, 0xfd, 0xfd,
  0xfe, 0xfe, 0xfe, 0xfd, 0xfd, 0xfc, 0xf9, 0xf8, 0xf7, 0xf7, 0xf7, 0xf7,
  0xf7, 0xf8, 0xf8, 0xf8, 0xf8, 0xf8, 0xf7, 0xf7, 0xf8, 0xf7, 0xf7, 0xf7,
  0xf7, 0xf7, 0xf7, 0xf7, 0xf7, 0xf7, 0xf7, 0xf7, 0xf7, 0xf7, 0xf7, 0xf7,
  0xf7, 0xf7, 0xf7, 0xf7, 0xf7, 0xf7, 0xf7, 0xf7, 0xf7, 0xf7, 0xf7, 0xf7,
  0xf7, 0xf7, 0xf7, 0xf7, 0xf7, 0xf7, 0xf7, 0xf7, 0xf7, 0xf7, 0xf7, 0xf7,
  0xf7, 0xf7, 0xf7, 0xf7, 0xf7, 0xf7, 0xf7, 0xf7, 0xf7, 0xf7, 0xf7, 0xf7,
  0xf7, 0xf7, 0xf7, 0xf7, 0xf7, 0xf7, 0xf7, 0xf7, 0xf7, 0xf7, 0xf7, 0xf7,
  0xf7, 0xf7, 0xf7, 0xf8, 0xf7, 0xf8, 0xf8, 0xf7, 0xf7, 0xf8, 0xf8, 0xf7,
  0xf4, 0xf2, 0xf1, 0xf9, 0xf4, 0x77, 0x06, 0x05, 0x02, 0x02, 0x02, 0x01,
  0x00, 0x00, 0x00, 0x00, 0x00, 0x00, 0x00, 0x00, 0x00, 0x00, 0x00, 0x00,
  0x00, 0x00, 0x00, 0x00, 0x00, 0x00, 0x00, 0x00, 0x00, 0x00, 0x00, 0x00,
  0x00, 0x00, 0x00, 0x00, 0x00, 0x00, 0x00, 0x00, 0x00, 0x00, 0x00, 0x03,
  0x07, 0x09, 0x00, 0x0f, 0xcb, 0xfd, 0xfa, 0xfa, 0xfb, 0xfb, 0xfc, 0xfb,
  0xfb, 0xfc, 0xfc, 0xfb, 0xfb, 0xfa, 0xfa, 0xfa, 0xfb, 0xfc, 0xfb, 0xfb,
  0xfb, 0xfa, 0xfa, 0xfa, 0xfb, 0xfa, 0xfb, 0xfb, 0xfb, 0xfa, 0xfa, 0xfb,
  0xfc, 0xfb, 0xfb, 0xfa, 0xfb, 0xfc, 0xfc, 0xfd, 0xfd, 0xfd, 0xfd, 0xfb,
  0xf9, 0xf8, 0xf7, 0xf7, 0xf8, 0xf7, 0xf8, 0xf8, 0xf7, 0xf8, 0xf8, 0xf8,
  0xf8, 0xf8, 0xf8, 0xf8, 0xf8, 0xf8, 0xf8, 0xf7, 0xf7, 0xf7, 0xf7, 0xf7,
  0xf7, 0xf7, 0xf7, 0xf7, 0xf7, 0xf7, 0xf7, 0xf7, 0xf7, 0xf8, 0xf8, 0xf7,
  0xf7, 0xf7, 0xf7, 0xf7, 0xf7, 0xf7, 0xf7, 0xf7, 0xf7, 0xf7, 0xf7, 0xf7,
  0xf7, 0xf7, 0xf7, 0xf7, 0xf7, 0xf8, 0xf8, 0xf7, 0xf7, 0xf8, 0xf8, 0xf8,
  0xf7, 0xf8, 0xf9, 0xf7, 0xf7, 0xf8, 0xf7, 0xf7, 0xf7, 0xf8, 0xf7, 0xf7,
  0xf8, 0xfa, 0xfb, 0xfa, 0xf9, 0xf9, 0xf9, 0xf9, 0xf9, 0xfa, 0xfb, 0xfb,
  0xfb, 0xfa, 0xfb, 0xfb, 0xfc, 0xfb, 0xfc, 0xfb, 0xfc, 0xfd, 0xfc, 0xfc,
  0xfc, 0xfc, 0xfc, 0xfb, 0xfc, 0xfc, 0xfc, 0xfc, 0xfb, 0xfb, 0xfa, 0xfb,
  0xfb, 0xfb, 0xfb, 0xfa, 0xfb, 0xfc, 0xfc, 0xfc, 0xfc, 0xfc, 0xfa, 0xfa,
  0xf8, 0xfa, 0xfd, 0xac, 0x19, 0x00, 0x07, 0x03, 0x03, 0x00, 0x00, 0x00,
  0x00, 0x00, 0x00, 0x00, 0x00, 0x00, 0x00, 0x00, 0x00, 0x00, 0x00, 0x00,
  0x00, 0x00, 0x00, 0x00, 0x00, 0x00, 0x00, 0x00, 0x00, 0x00, 0x00, 0x00,
  0x00, 0x00, 0x00, 0x00, 0x00, 0x00, 0x00, 0x00, 0x00, 0x00, 0x00, 0x00,
  0x00, 0x00, 0x00, 0x00, 0x00, 0x00, 0x00, 0x00, 0x00, 0x00, 0x00, 0x00,
  0x00, 0x00, 0x00, 0x00, 0x00, 0x00, 0x00, 0x00, 0x00, 0x00, 0x00, 0x00,
  0x00, 0x00, 0x00, 0x00, 0x00, 0x00, 0x00, 0x01, 0x00, 0x00, 0x00, 0x00,
  0x00, 0x00, 0x00, 0x00, 0x03, 0x08, 0x06, 0x00, 0x41, 0xe1, 0xfb, 0xf6,
  0xf6, 0xf8, 0xf9, 0xfa, 0xfb, 0xfa, 0xfb, 0xfb, 0xfa, 0xfb, 0xfb, 0xfa,
  0xfb, 0xfb, 0xfc, 0xfc, 0xfa, 0xfb, 0xfc, 0xfc, 0xfd, 0xfc, 0xfb, 0xfc,
  0xfc, 0xfd, 0xfb, 0xfb, 0xfc, 0xfc, 0xfc, 0xfc, 0xfc, 0xfb, 0xfb, 0xfb,
  0xfc, 0xfb, 0xfb, 0xfc, 0xfc, 0xfb, 0xfb, 0xfb, 0xfb, 0xfb, 0xfc, 0xfb,
  0xfc, 0xfd, 0xfc, 0xfc, 0xfb, 0xfc, 0xfc, 0xfb, 0xfc, 0xfc, 0xfc, 0xfb,
  0xfa, 0xfb, 0xfc, 0xfb, 0xfb, 0xfb, 0xf9, 0xf8, 0xf2, 0xfb, 0xe9, 0x63,
  0x06, 0x02, 0x05, 0x02, 0x02, 0x00, 0x00, 0x00, 0x00, 0x00, 0x00, 0x00,
  0x00, 0x00, 0x00, 0x00, 0x00, 0x00, 0x00, 0x00, 0x00, 0x00, 0x01, 0x00,
  0x00, 0x00, 0x00, 0x00, 0x00, 0x00, 0x00, 0x00, 0x00, 0x00, 0x00, 0x00,
  0x00, 0x00, 0x00, 0x00, 0x00, 0x00, 0x00, 0x00, 0x00, 0x00, 0x00, 0x00,
  0x00, 0x00, 0x00, 0x00, 0x00, 0x00, 0x00, 0x00, 0x00, 0x00, 0x00, 0x00,
  0x00, 0x00, 0x00, 0x00, 0x00, 0x00, 0x00, 0x00, 0x00, 0x00, 0x00, 0x00,
  0x00, 0x00, 0x00, 0x00, 0x00, 0x00, 0x00, 0x00, 0x00, 0x00, 0x00, 0x00,
  0x00, 0x00, 0x00, 0x00, 0x00, 0x00, 0x00, 0x00, 0x00, 0x00, 0x00, 0x00,
  0x00, 0x00, 0x00, 0x00, 0x00, 0x00, 0x00, 0x00, 0x00, 0x00, 0x00, 0x00,
  0x00, 0x00, 0x00, 0x00, 0x00, 0x00, 0x00, 0x00, 0x00, 0x00, 0x00, 0x00,
  0x00, 0x00, 0x00, 0x00, 0x00, 0x00, 0x00, 0x00, 0x00, 0x00, 0x00, 0x00,
  0x00, 0x00, 0x00, 0x00, 0x00, 0x00, 0x00, 0x00, 0x00, 0x00, 0x00, 0x00,
  0x00, 0x00, 0x00, 0x00, 0x00, 0x00, 0x00, 0x01, 0x03, 0x06, 0x06, 0x00,
  0x2b, 0xb9, 0xff, 0xf5, 0xf7, 0xf9, 0xfa, 0xfa, 0xfb, 0xfb, 0xfb, 0xfc,
  0xfd, 0xfc, 0xfb, 0xfb, 0xfb, 0xfb, 0xfb, 0xfb, 0xfb, 0xfb, 0xfb, 0xfb,
  0xfb, 0xfc, 0xfb, 0xfc, 0xfb, 0xfb, 0xfb, 0xfb, 0xfb, 0xfa, 0xfb, 0xfb,
  0xfb, 0xfb, 0xfb, 0xfb, 0xfb, 0xfc, 0xfb, 0xfc, 0xfb, 0xfb, 0xfb, 0xfc,
  0xfc, 0xfd, 0xfd, 0xfd, 0xfd, 0xfc, 0xfd, 0xfd, 0xfc, 0xfb, 0xfc, 0xfc,
  0xfb, 0xfa, 0xfa, 0xfb, 0xfa, 0xfb, 0xfa, 0xfa, 0xf9, 0xf9, 0xf9, 0xf9,
  0xf9, 0xf7, 0xf7, 0xff, 0xc7, 0x2c, 0x00, 0x0d, 0x05, 0x03, 0x01, 0x01,
  0x01, 0x00, 0x00, 0x00, 0x00, 0x00, 0x00, 0x00, 0x00, 0x00, 0x00, 0x00,
  0x00, 0x00, 0x00, 0x00, 0x00, 0x00, 0x00, 0x00, 0x00, 0x00, 0x00, 0x00,
  0x00, 0x00, 0x00, 0x00, 0x00, 0x00, 0x00, 0x00, 0x00, 0x00, 0x00, 0x00,
  0x00, 0x00, 0x00, 0x00, 0x00, 0x00, 0x00, 0x00, 0x00, 0x00, 0x00, 0x00,
  0x00, 0x00, 0x00, 0x00, 0x00, 0x00, 0x00, 0x00, 0x00, 0x00, 0x00, 0x00,
  0x00, 0x00, 0x00, 0x00, 0x00, 0x00, 0x00, 0x00, 0x00, 0x00, 0x00, 0x00,
  0x00, 0x00, 0x00, 0x00, 0x00, 0x00, 0x00, 0x00, 0x00, 0x01, 0x00, 0x01,
  0x01, 0x07, 0x00, 0x7b, 0xf4, 0xff, 0xf6, 0xf8, 0xfa, 0xfc, 0xfb, 0xfb,
  0xfb, 0xfb, 0xfb, 0xfb, 0xfb, 0xfb, 0xfb, 0xfb, 0xfb, 0xfc, 0xfb, 0xfc,
  0xfb, 0xfb, 0xfb, 0xfa, 0xfb, 0xfc, 0xfb, 0xfa, 0xfb, 0xfb, 0xfa, 0xfb,
  0xfb, 0xfb, 0xfb, 0xfb, 0xfc, 0xfe, 0xfd, 0xff, 0xfe, 0xfd, 0xfd, 0xfb,
  0xf8, 0xf6, 0xf5, 0xf5, 0xf4, 0xf4, 0xf4, 0xf4, 0xf3, 0xf3, 0xf3, 0xf3,
  0xf4, 0xf4, 0xf4, 0xf4, 0xf4, 0xf4, 0xf4, 0xf4, 0xf4, 0xf4, 0xf4, 0xf4,
  0xf4, 0xf4, 0xf4, 0xf4, 0xf4, 0xf5, 0xf4, 0xf4, 0xf4, 0xf4, 0xf4, 0xf4,
  0xf4, 0xf4, 0xf5, 0xf4, 0xf4, 0xf4, 0xf4, 0xf4, 0xf4, 0xf4, 0xf4, 0xf5,
  0xf5, 0xf5, 0xf5, 0xf4, 0xf4, 0xf4, 0xf4, 0xf4, 0xf5, 0xf5, 0xf5, 0xf4,
  0xf4, 0xf4, 0xf4, 0xf4, 0xf4, 0xf4, 0xf4, 0xf4, 0xf4, 0xf4, 0xf4, 0xf4,
  0xf4, 0xf4, 0xf4, 0xf4, 0xf4, 0xf5, 0xf5, 0xf5, 0xf5, 0xf5, 0xf5, 0xf5,
  0xf4, 0xf4, 0xf4, 0xf4, 0xf4, 0xf2, 0xf0, 0xed, 0xef, 0xff, 0xb6, 0x28,
  0x00, 0x05, 0x00, 0x01, 0x01, 0x00, 0x00, 0x00, 0x00, 0x00, 0x00, 0x00,
  0x00, 0x00, 0x00, 0x00, 0x00, 0x00, 0x00, 0x00, 0x00, 0x00, 0x00, 0x00,
  0x00, 0x00, 0x00, 0x00, 0x00, 0x00, 0x00, 0x00, 0x00, 0x00, 0x00, 0x00,
  0x00, 0x00, 0x00, 0x00, 0x00, 0x03, 0x07, 0x09, 0x00, 0x0f, 0xcb, 0xfd,
  0xfa, 0xfa, 0xfc, 0xfc, 0xfb, 0xfc, 0xfc, 0xfc, 0xfc, 0xfb, 0xfb, 0xfb,
  0xfb, 0xfb, 0xfa, 0xfb, 0xfb, 0xfc, 0xfb, 0xfa, 0xfb, 0xfb, 0xfa, 0xfb,
  0xfb, 0xfb, 0xfb, 0xfb, 0xfa, 0xfb, 0xfc, 0xfb, 0xfa, 0xfb, 0xfb, 0xfb,
  0xfb, 0xfd, 0xfe, 0xfe, 0xfd, 0xfa, 0xf8, 0xf6, 0xf6, 0xf5, 0xf5, 0xf5,
  0xf5, 0xf5, 0xf5, 0xf5, 0xf4, 0xf4, 0xf4, 0xf4, 0xf4, 0xf3, 0xf3, 0xf3,
  0xf3, 0xf4, 0xf4, 0xf4, 0xf4, 0xf4, 0xf4, 0xf4, 0xf4, 0xf4, 0xf4, 0xf4,
  0xf4, 0xf4, 0xf4, 0xf4, 0xf4, 0xf4, 0xf4, 0xf5, 0xf5, 0xf4, 0xf4, 0xf4,
  0xf5, 0xf4, 0xf4, 0xf5, 0xf5, 0xf4, 0xf4, 0xf5, 0xf5, 0xf5, 0xf5, 0xf4,
  0xf4, 0xf4, 0xf4, 0xf4, 0xf4, 0xf4, 0xf4, 0xf4, 0xf4, 0xf4, 0xf5, 0xf5,
  0xf5, 0xf5, 0xf5, 0xf5, 0xf5, 0xf6, 0xf6, 0xf6, 0xf8, 0xf8, 0xf8, 0xf8,
  0xf9, 0xf8, 0xf9, 0xf9, 0xfa, 0xfa, 0xfa, 0xfa, 0xfa, 0xfb, 0xfb, 0xfc,
  0xfb, 0xfb, 0xfc, 0xfc, 0xfc, 0xfb, 0xfb, 0xfb, 0xfb, 0xfb, 0xfb, 0xfc,
  0xfd, 0xfc, 0xfc, 0xfc, 0xfb, 0xfa, 0xfa, 0xfb, 0xfb, 0xfa, 0xfb, 0xfc,
  0xfb, 0xfb, 0xfb, 0xfb, 0xfb, 0xfc, 0xfa, 0xf7, 0xfc, 0xe8, 0x40, 0x00,
  0x06, 0x05, 0x03, 0x01, 0x00, 0x00, 0x00, 0x00, 0x00, 0x00, 0x00, 0x00,
  0x00, 0x00, 0x00, 0x00, 0x00, 0x00, 0x00, 0x00, 0x00, 0x00, 0x00, 0x00,
  0x00, 0x00, 0x00, 0x00, 0x00, 0x00, 0x00, 0x00, 0x00, 0x00, 0x00, 0x00,
  0x00, 0x00, 0x00, 0x00, 0x00, 0x00, 0x00, 0x00, 0x00, 0x00, 0x00, 0x00,
  0x00, 0x00, 0x00, 0x00, 0x00, 0x00, 0x00, 0x00, 0x00, 0x00, 0x00, 0x00,
  0x00, 0x00, 0x00, 0x00, 0x00, 0x00, 0x00, 0x00, 0x00, 0x00, 0x00, 0x00,
  0x00, 0x00, 0x00, 0x00, 0x00, 0x00, 0x00, 0x00, 0x00, 0x01, 0x03, 0x0b,
  0x00, 0x13, 0x9e, 0xfb, 0xf7, 0xf4, 0xf7, 0xf8, 0xfa, 0xfa, 0xfa, 0xfa,
  0xfa, 0xfa, 0xfb, 0xfa, 0xfb, 0xfb, 0xfb, 0xfb, 0xfb, 0xfc, 0xfb, 0xfb,
  0xfb, 0xfc, 0xfd, 0xfc, 0xfc, 0xfb, 0xfc, 0xfc, 0xfc, 0xfc, 0xfb, 0xfc,
  0xfb, 0xfb, 0xfb, 0xfb, 0xfa, 0xfb, 0xfc, 0xfb, 0xfc, 0xfb, 0xfb, 0xfc,
  0xfc, 0xfc, 0xfc, 0xfc, 0xfb, 0xfb, 0xfc, 0xfc, 0xfc, 0xfc, 0xfb, 0xfc,
  0xfb, 0xfb, 0xfc, 0xfc, 0xfb, 0xfb, 0xfb, 0xfb, 0xfb, 0xfa, 0xfa, 0xfa,
  0xf9, 0xf7, 0xf6, 0xf1, 0xff, 0xbf, 0x2c, 0x00, 0x05, 0x05, 0x03, 0x01,
  0x00, 0x00, 0x00, 0x00, 0x00, 0x00, 0x00, 0x00, 0x00, 0x00, 0x00, 0x00,
  0x00, 0x00, 0x00, 0x00, 0x00, 0x00, 0x00, 0x00, 0x00, 0x00, 0x00, 0x00,
  0x00, 0x00, 0x00, 0x00, 0x00, 0x00, 0x00, 0x00, 0x00, 0x00, 0x00, 0x00,
  0x00, 0x00, 0x00, 0x00, 0x00, 0x00, 0x00, 0x00, 0x00, 0x00, 0x00, 0x00,
  0x00, 0x00, 0x00, 0x00, 0x00, 0x00, 0x00, 0x00, 0x00, 0x00, 0x00, 0x00,
  0x00, 0x00, 0x00, 0x00, 0x00, 0x00, 0x00, 0x00, 0x00, 0x00, 0x00, 0x00,
  0x00, 0x00, 0x00, 0x00, 0x00, 0x00, 0x00, 0x00, 0x00, 0x00, 0x00, 0x00,
  0x00, 0x00, 0x00, 0x00, 0x00, 0x00, 0x00, 0x00, 0x00, 0x00, 0x00, 0x00,
  0x00, 0x00, 0x00, 0x00, 0x00, 0x00, 0x00, 0x00, 0x00, 0x00, 0x00, 0x00,
  0x00, 0x00, 0x00, 0x00, 0x00, 0x00, 0x00, 0x00, 0x00, 0x00, 0x00, 0x00,
  0x00, 0x00, 0x00, 0x00, 0x00, 0x00, 0x00, 0x00, 0x00, 0x00, 0x00, 0x00,
  0x00, 0x00, 0x00, 0x00, 0x00, 0x00, 0x00, 0x00, 0x00, 0x00, 0x00, 0x00,
  0x00, 0x00, 0x02, 0x07, 0x00, 0x0a, 0x7e, 0xf3, 0xf8, 0xf3, 0xf7, 0xf9,
  0xfa, 0xfa, 0xfa, 0xfb, 0xfb, 0xfc, 0xfd, 0xfc, 0xfc, 0xfc, 0xfc, 0xfc,
  0xfb, 0xfa, 0xfa, 0xfa, 0xfb, 0xfc, 0xfc, 0xfb, 0xfc, 0xfb, 0xfb, 0xfc,
  0xfc, 0xfc, 0xfa, 0xfb, 0xfc, 0xfc, 0xfb, 0xfc, 0xfc, 0xfb, 0xfb, 0xfc,
  0xfc, 0xfc, 0xfc, 0xfb, 0xfb, 0xfc, 0xfd, 0xfc, 0xfc, 0xfd, 0xfd, 0xfc,
  0xfd, 0xfd, 0xfc, 0xfc, 0xfd, 0xfc, 0xfb, 0xfb, 0xfa, 0xfb, 0xfa, 0xfb,
  0xfa, 0xf9, 0xf9, 0xf8, 0xf9, 0xfa, 0xfa, 0xf8, 0xf6, 0xfa, 0xfd, 0x74,
  0x09, 0x06, 0x06, 0x02, 0x01, 0x00, 0x00, 0x00, 0x00, 0x00, 0x00, 0x00,
  0x00, 0x00, 0x00, 0x00, 0x00, 0x00, 0x00, 0x00, 0x00, 0x00, 0x00, 0x00,
  0x00, 0x00, 0x00, 0x00, 0x00, 0x00, 0x00, 0x00, 0x00, 0x00, 0x00, 0x00,
  0x00, 0x00, 0x00, 0x00, 0x00, 0x00, 0x00, 0x00, 0x00, 0x00, 0x00, 0x00,
  0x00, 0x00, 0x00, 0x00, 0x00, 0x00, 0x00, 0x00, 0x00, 0x00, 0x00, 0x00,
  0x01, 0x00, 0x00, 0x00, 0x00, 0x00, 0x00, 0x00, 0x00, 0x00, 0x00, 0x00,
  0x00, 0x01, 0x00, 0x00, 0x00, 0x00, 0x00, 0x00, 0x00, 0x00, 0x00, 0x00,
  0x00, 0x00, 0x01, 0x00, 0x00, 0x01, 0x01, 0x07, 0x00, 0x7b, 0xf4, 0xff,
  0xf6, 0xf8, 0xfa, 0xfc, 0xfb, 0xfc, 0xfc, 0xfc, 0xfb, 0xfb, 0xfc, 0xfc,
  0xfc, 0xfb, 0xfb, 0xfc, 0xfb, 0xfc, 0xfb, 0xfa, 0xfa, 0xfb, 0xfa, 0xfb,
  0xfb, 0xfa, 0xfb, 0xfb, 0xfa, 0xfb, 0xfc, 0xfc, 0xfc, 0xfc, 0xfd, 0xfd,
  0xfe, 0xfe, 0xfe, 0xfe, 0xfe, 0xff, 0xff, 0xff, 0xfe, 0xff, 0xfe, 0xfd,
  0xfd, 0xfe, 0xfd, 0xfd, 0xfd, 0xfd, 0xfd, 0xfe, 0xfd, 0xfd, 0xfd, 0xfd,
  0xfd, 0xfe, 0xfd, 0xfd, 0xfd, 0xfd, 0xfd, 0xfd, 0xfd, 0xfd, 0xfd, 0xfe,
  0xfe, 0xfe, 0xfe, 0xfe, 0xfe, 0xfe, 0xfe, 0xfe, 0xfe, 0xfd, 0xfd, 0xfd,
  0xfd, 0xfd, 0xfd, 0xfd, 0xfd, 0xfe, 0xfe, 0xfd, 0xfe, 0xfd, 0xfd, 0xfd,
  0xfd, 0xfd, 0xfe, 0xfd, 0xfd, 0xfd, 0xfd, 0xfd, 0xfd, 0xfd, 0xfd, 0xfd,
  0xfd, 0xfd, 0xfd, 0xfd, 0xfe, 0xfe, 0xfe, 0xfe, 0xfe, 0xfe, 0xfe, 0xfe,
  0xff, 0xff, 0xff, 0xff, 0xff, 0xfe, 0xfe, 0xfe, 0xfe, 0xfe, 0xfe, 0xfd,
  0xfc, 0xf9, 0xfe, 0xf1, 0x62, 0x00, 0x06, 0x02, 0x01, 0x00, 0x00, 0x00,
  0x00, 0x00, 0x00, 0x00, 0x00, 0x00, 0x00, 0x00, 0x00, 0x00, 0x00, 0x00,
  0x00, 0x00, 0x00, 0x00, 0x00, 0x00, 0x00, 0x00, 0x00, 0x00, 0x00, 0x00,
  0x00, 0x00, 0x00, 0x00, 0x00, 0x00, 0x00, 0x00, 0x00, 0x00, 0x00, 0x03,
  0x07, 0x09, 0x00, 0x10, 0xcb, 0xfd, 0xfa, 0xf9, 0xfb, 0xfc, 0xfc, 0xfb,
  0xfb, 0xfc, 0xfb, 0xfc, 0xfc, 0xfc, 0xfc, 0xfb, 0xfb, 0xfa, 0xfb, 0xfc,
  0xfb, 0xfb, 0xfa, 0xfa, 0xfb, 0xfa, 0xfb, 0xfb, 0xfa, 0xfa, 0xfa, 0xfb,
  0xfb, 0xfb, 0xfb, 0xfb, 0xfc, 0xfb, 0xfc, 0xfd, 0xfe, 0xff, 0xfe, 0xfe,
  0xff, 0xff, 0xff, 0xfe, 0xfe, 0xfe, 0xfe, 0xfe, 0xff, 0xff, 0xfe, 0xfe,
  0xfe, 0xfe, 0xfe, 0xfd, 0xfd, 0xfd, 0xfd, 0xfe, 0xfe, 0xfe, 0xff, 0xff,
  0xff, 0xff, 0xfe, 0xfe, 0xfe, 0xfe, 0xfe, 0xfe, 0xfe, 0xfe, 0xfe, 0xfe,
  0xfe, 0xfe, 0xfe, 0xfd, 0xfd, 0xfd, 0xfe, 0xfd, 0xfd, 0xfe, 0xfe, 0xfd,
  0xfd, 0xfe, 0xfe, 0xfe, 0xfe, 0xfe, 0xfd, 0xfd, 0xfd, 0xfd, 0xfd, 0xfd,
  0xfd, 0xfd, 0xfd, 0xfd, 0xfd, 0xfd, 0xfe, 0xfe, 0xfe, 0xfe, 0xfe, 0xfe,
  0xfd, 0xfb, 0xfa, 0xf8, 0xf6, 0xf5, 0xf8, 0xf8, 0xf9, 0xf9, 0xf9, 0xf9,
  0xf9, 0xfa, 0xfb, 0xfa, 0xfb, 0xfc, 0xfc, 0xfb, 0xfb, 0xfb, 0xfb, 0xfa,
  0xfa, 0xfa, 0xfa, 0xfb, 0xfc, 0xfc, 0xfd, 0xfd, 0xfd, 0xfb, 0xfc, 0xfb,
  0xfa, 0xfa, 0xfa, 0xfa, 0xfb, 0xfc, 0xfb, 0xfc, 0xfb, 0xfa, 0xfb, 0xfb,
  0xfa, 0xf6, 0xf9, 0xfa, 0x7e, 0x0b, 0x01, 0x09, 0x04, 0x02, 0x01, 0x00,
  0x00, 0x00, 0x00, 0x00, 0x00, 0x00, 0x00, 0x00, 0x00, 0x00, 0x00, 0x00,
  0x00, 0x00, 0x00, 0x00, 0x00, 0x00, 0x00, 0x00, 0x00, 0x00, 0x00, 0x00,
  0x00, 0x00, 0x00, 0x00, 0x00, 0x00, 0x00, 0x00, 0x01, 0x00, 0x00, 0x00,
  0x00, 0x00, 0x00, 0x00, 0x00, 0x00, 0x00, 0x00, 0x00, 0x00, 0x00, 0x00,
  0x00, 0x00, 0x00, 0x00, 0x00, 0x00, 0x00, 0x00, 0x00, 0x00, 0x00, 0x00,
  0x00, 0x00, 0x00, 0x00, 0x00, 0x00, 0x00, 0x00, 0x00, 0x00, 0x00, 0x00,
  0x00, 0x01, 0x02, 0x02, 0x04, 0x06, 0x02, 0x50, 0xeb, 0xfa, 0xf4, 0xf6,
  0xf8, 0xf8, 0xf9, 0xf9, 0xfa, 0xfa, 0xf9, 0xfa, 0xfb, 0xfa, 0xfa, 0xfa,
  0xfa, 0xfb, 0xfa, 0xfb, 0xfc, 0xfb, 0xfc, 0xfc, 0xfd, 0xfd, 0xfc, 0xfb,
  0xfc, 0xfd, 0xfd, 0xfd, 0xfc, 0xfb, 0xfb, 0xfa, 0xfa, 0xfb, 0xfa, 0xfb,
  0xfc, 0xfb, 0xfc, 0xfb, 0xfc, 0xfd, 0xfd, 0xfc, 0xfd, 0xfc, 0xfb, 0xfc,
  0xfc, 0xfc, 0xfc, 0xfd, 0xfb, 0xfc, 0xfc, 0xfc, 0xfb, 0xfc, 0xfc, 0xfc,
  0xfc, 0xfb, 0xfa, 0xfa, 0xfa, 0xf9, 0xf9, 0xf7, 0xf7, 0xf1, 0xf7, 0xf2,
  0x79, 0x08, 0x01, 0x0a, 0x04, 0x01, 0x00, 0x00, 0x00, 0x00, 0x00, 0x00,
  0x00, 0x00, 0x00, 0x00, 0x00, 0x00, 0x00, 0x00, 0x00, 0x00, 0x00, 0x00,
  0x00, 0x00, 0x00, 0x00, 0x00, 0x00, 0x00, 0x00, 0x00, 0x00, 0x00, 0x00,
  0x00, 0x00, 0x00, 0x00, 0x00, 0x00, 0x00, 0x00, 0x00, 0x00, 0x00, 0x00,
  0x00, 0x00, 0x00, 0x00, 0x00, 0x00, 0x00, 0x00, 0x00, 0x00, 0x00, 0x00,
  0x00, 0x00, 0x00, 0x00, 0x00, 0x00, 0x00, 0x00, 0x00, 0x00, 0x00, 0x00,
  0x00, 0x00, 0x00, 0x00, 0x00, 0x00, 0x00, 0x00, 0x00, 0x00, 0x00, 0x00,
  0x00, 0x00, 0x00, 0x00, 0x00, 0x00, 0x00, 0x00, 0x00, 0x00, 0x00, 0x00,
  0x00, 0x00, 0x00, 0x00, 0x00, 0x00, 0x00, 0x00, 0x00, 0x00, 0x00, 0x00,
  0x00, 0x00, 0x00, 0x00, 0x00, 0x00, 0x00, 0x00, 0x00, 0x00, 0x00, 0x00,
  0x00, 0x00, 0x00, 0x00, 0x00, 0x00, 0x00, 0x00, 0x00, 0x00, 0x00, 0x00,
  0x00, 0x00, 0x00, 0x00, 0x00, 0x00, 0x00, 0x00, 0x00, 0x00, 0x00, 0x00,
  0x00, 0x00, 0x00, 0x00, 0x00, 0x00, 0x00, 0x00, 0x02, 0x04, 0x00, 0x3b,
  0xcf, 0xfe, 0xf0, 0xf5, 0xf7, 0xf9, 0xf9, 0xf9, 0xfa, 0xfb, 0xfb, 0xfc,
  0xfc, 0xfb, 0xfb, 0xfc, 0xfb, 0xfb, 0xfc, 0xfb, 0xfa, 0xfb, 0xfa, 0xfb,
  0xfb, 0xfc, 0xfb, 0xfc, 0xfc, 0xfc, 0xfb, 0xfc, 0xfb, 0xfb, 0xfb, 0xfc,
  0xfc, 0xfc, 0xfb, 0xfc, 0xfc, 0xfb, 0xfb, 0xfb, 0xfb, 0xfb, 0xfb, 0xfc,
  0xfd, 0xfd, 0xfd, 0xfc, 0xfc, 0xfc, 0xfc, 0xfd, 0xfc, 0xfb, 0xfc, 0xfc,
  0xfc, 0xfb, 0xfb, 0xfb, 0xfa, 0xfb, 0xfa, 0xf9, 0xf9, 0xf9, 0xf9, 0xf9,
  0xf9, 0xf8, 0xf6, 0xf7, 0xfd, 0xcb, 0x38, 0x00, 0x07, 0x01, 0x01, 0x00,
  0x00, 0x00, 0x00, 0x00, 0x00, 0x00, 0x00, 0x00, 0x00, 0x00, 0x00, 0x00,
  0x00, 0x00, 0x00, 0x00, 0x00, 0x00, 0x00, 0x00, 0x00, 0x00, 0x00, 0x00,
  0x00, 0x00, 0x00, 0x00, 0x00, 0x00, 0x00, 0x00, 0x00, 0x00, 0x00, 0x00,
  0x00, 0x00, 0x00, 0x00, 0x00, 0x00, 0x00, 0x00, 0x00, 0x00, 0x00, 0x00,
  0x00, 0x00, 0x00, 0x00, 0x00, 0x00, 0x00, 0x00, 0x00, 0x00, 0x00, 0x00,
  0x00, 0x00, 0x00, 0x00, 0x00, 0x00, 0x00, 0x00, 0x01, 0x00, 0x00, 0x00,
  0x00, 0x00, 0x00, 0x00, 0x00, 0x00, 0x00, 0x00, 0x00, 0x01, 0x00, 0x01,
  0x01, 0x07, 0x00, 0x7b, 0xf4, 0xff, 0xf6, 0xf8, 0xfa, 0xfb, 0xfb, 0xfb,
  0xfb, 0xfb, 0xfa, 0xfb, 0xfc, 0xfb, 0xfc, 0xfb, 0xfb, 0xfc, 0xfb, 0xfc,
  0xfb, 0xfa, 0xfb, 0xfb, 0xfa, 0xfb, 0xfb, 0xfa, 0xfa, 0xfa, 0xfa, 0xfb,
  0xfc, 0xfb, 0xfc, 0xfd, 0xfe, 0xfd, 0xfd, 0xfd, 0xfe, 0xfe, 0xff, 0xfc,
  0xf9, 0xf9, 0xfa, 0xf9, 0xf8, 0xf8, 0xf8, 0xf8, 0xf7, 0xf8, 0xf8, 0xf8,
  0xf8, 0xf8, 0xf9, 0xf9, 0xf9, 0xf9, 0xf9, 0xf9, 0xf9, 0xf9, 0xf9, 0xf9,
  0xfa, 0xf9, 0xf9, 0xf9, 0xf9, 0xf9, 0xf9, 0xf9, 0xf9, 0xf9, 0xf9, 0xf9,
  0xf9, 0xf9, 0xf9, 0xf9, 0xf9, 0xf9, 0xf9, 0xf9, 0xf9, 0xfa, 0xfa, 0xfa,
  0xfa, 0xfa, 0xfa, 0xfa, 0xfa, 0xfa, 0xfa, 0xfa, 0xfa, 0xfa, 0xfa, 0xfa,
  0xfa, 0xf9, 0xf9, 0xf9, 0xf9, 0xf9, 0xf9, 0xf9, 0xf9, 0xf9, 0xf8, 0xf8,
  0xf8, 0xf8, 0xf8, 0xf8, 0xf9, 0xf9, 0xf9, 0xf9, 0xf9, 0xf9, 0xf9, 0xf9,
  0xf8, 0xf8, 0xf7, 0xf7, 0xf7, 0xf6, 0xf5, 0xf4, 0xf6, 0xaa, 0x25, 0x01,
  0x0b, 0x04, 0x02, 0x00, 0x00, 0x00, 0x00, 0x00, 0x00, 0x00, 0x00, 0x00,
  0x00, 0x00, 0x00, 0x00, 0x00, 0x00, 0x00, 0x00, 0x00, 0x00, 0x00, 0x00,
  0x00, 0x00, 0x00, 0x00, 0x00, 0x00, 0x00, 0x00, 0x00, 0x00, 0x00, 0x00,
  0x00, 0x00, 0x00, 0x00, 0x00, 0x03, 0x07, 0x09, 0x00, 0x10, 0xcb, 0xfd,
  0xfa, 0xf9, 0xfa, 0xfb, 0xfc, 0xfb, 0xfb, 0xfc, 0xfb, 0xfc, 0xfb, 0xfb,
  0xfb, 0xfb, 0xfa, 0xfa, 0xfb, 0xfb, 0xfb, 0xfb, 0xfb, 0xfb, 0xfa, 0xfb,
  0xfa, 0xfb, 0xfb, 0xfb, 0xfb, 0xfb, 0xfb, 0xfb, 0xfb, 0xfc, 0xfb, 0xfc,
  0xfd, 0xfe, 0xff, 0xfe, 0xff, 0xfc, 0xfa, 0xfa, 0xfb, 0xfb, 0xfa, 0xfa,
  0xfa, 0xfa, 0xf9, 0xf9, 0xf9, 0xf8, 0xf8, 0xf8, 0xf8, 0xf7, 0xf7, 0xf7,
  0xf7, 0xf7, 0xf7, 0xf7, 0xf7, 0xf7, 0xf7, 0xf7, 0xf7, 0xf7, 0xf7, 0xf7,
  0xf8, 0xf8, 0xf8, 0xf8, 0xf8, 0xf9, 0xf9, 0xf9, 0xfa, 0xfa, 0xfa, 0xfa,
  0xfa, 0xfa, 0xfa, 0xfa, 0xfa, 0xfa, 0xfa, 0xfa, 0xf9, 0xf9, 0xf9, 0xf9,
  0xf9, 0xf9, 0xfa, 0xf9, 0xf9, 0xf9, 0xf9, 0xf9, 0xfa, 0xfa, 0xfa, 0xfb,
  0xfa, 0xfa, 0xfb, 0xfb, 0xfb, 0xfc, 0xfd, 0xff, 0xff, 0xff, 0xfe, 0xf9,
  0xf6, 0xf6, 0xf8, 0xf8, 0xf8, 0xf9, 0xf9, 0xfa, 0xfb, 0xfa, 0xfb, 0xfb,
  0xfb, 0xfc, 0xfc, 0xfc, 0xfa, 0xfa, 0xfb, 0xfb, 0xfa, 0xfb, 0xfb, 0xfc,
  0xfd, 0xfd, 0xfc, 0xfc, 0xfb, 0xfa, 0xfa, 0xfb, 0xfb, 0xfb, 0xfb, 0xfc,
  0xfb, 0xfb, 0xfb, 0xfa, 0xfa, 0xfa, 0xf9, 0xf6, 0xf6, 0xfb, 0xc2, 0x2a,
  0x00, 0x0e, 0x04, 0x03, 0x01, 0x00, 0x00, 0x00, 0x00, 0x00, 0x00, 0x00,
  0x00, 0x00, 0x00, 0x00, 0x00, 0x00, 0x00, 0x00, 0x00, 0x00, 0x00, 0x00,
  0x00, 0x00, 0x00, 0x00, 0x00, 0x00, 0x00, 0x00, 0x00, 0x00, 0x00, 0x00,
  0x00, 0x00, 0x00, 0x00, 0x00, 0x00, 0x00, 0x00, 0x00, 0x00, 0x00, 0x00,
  0x00, 0x00, 0x00, 0x00, 0x00, 0x00, 0x00, 0x00, 0x00, 0x00, 0x00, 0x00,
  0x00, 0x00, 0x00, 0x00, 0x00, 0x00, 0x00, 0x00, 0x00, 0x00, 0x00, 0x00,
  0x00, 0x00, 0x00, 0x00, 0x00, 0x00, 0x00, 0x02, 0x03, 0x02, 0x06, 0x00,
  0x1d, 0xab, 0xff, 0xf7, 0xf5, 0xf7, 0xf7, 0xf8, 0xf9, 0xf9, 0xfa, 0xfa,
  0xfa, 0xfb, 0xfb, 0xfb, 0xfb, 0xfb, 0xfb, 0xfa, 0xfb, 0xfb, 0xfc, 0xfc,
  0xfc, 0xfc, 0xfc, 0xfc, 0xfc, 0xfb, 0xfc, 0xfc, 0xfd, 0xfd, 0xfc, 0xfb,
  0xfa, 0xfa, 0xfa, 0xfa, 0xfa, 0xfb, 0xfc, 0xfb, 0xfb, 0xfb, 0xfc, 0xfc,
  0xfc, 0xfc, 0xfc, 0xfc, 0xfc, 0xfb, 0xfc, 0xfc, 0xfc, 0xfc, 0xfb, 0xfb,
  0xfb, 0xfb, 0xfb, 0xfb, 0xfb, 0xfb, 0xfb, 0xfb, 0xfa, 0xfb, 0xfa, 0xf8,
  0xf8, 0xf7, 0xf6, 0xf6, 0xee, 0xff, 0xcc, 0x3c, 0x00, 0x08, 0x07, 0x01,
  0x00, 0x00, 0x00, 0x00, 0x00, 0x00, 0x00, 0x00, 0x00, 0x00, 0x00, 0x00,
  0x00, 0x00, 0x00, 0x00, 0x00, 0x00, 0x00, 0x00, 0x00, 0x00, 0x00, 0x00,
  0x00, 0x00, 0x00, 0x00, 0x00, 0x00, 0x00, 0x00, 0x00, 0x00, 0x00, 0x00,
  0x00, 0x00, 0x00, 0x00, 0x00, 0x00, 0x00, 0x00, 0x00, 0x00, 0x00, 0x00,
  0x00, 0x00, 0x00, 0x00, 0x00, 0x00, 0x00, 0x00, 0x00, 0x00, 0x00, 0x00,
  0x00, 0x00, 0x00, 0x00, 0x00, 0x00, 0x00, 0x00, 0x00, 0x00, 0x00, 0x00,
  0x00, 0x00, 0x00, 0x00, 0x00, 0x00, 0x00, 0x01, 0x00, 0x00, 0x00, 0x00,
  0x00, 0x00, 0x00, 0x00, 0x00, 0x00, 0x00, 0x00, 0x00, 0x00, 0x00, 0x00,
  0x00, 0x00, 0x00, 0x00, 0x00, 0x00, 0x00, 0x00, 0x00, 0x00, 0x00, 0x00,
  0x00, 0x00, 0x00, 0x00, 0x00, 0x00, 0x00, 0x00, 0x00, 0x00, 0x00, 0x00,
  0x00, 0x00, 0x00, 0x00, 0x00, 0x00, 0x00, 0x00, 0x00, 0x00, 0x00, 0x00,
  0x00, 0x00, 0x00, 0x00, 0x00, 0x00, 0x00, 0x00, 0x00, 0x00, 0x00, 0x00,
  0x01, 0x03, 0x07, 0x00, 0x12, 0x8f, 0xf8, 0xf6, 0xf3, 0xf7, 0xf7, 0xf9,
  0xfa, 0xfa, 0xf9, 0xfb, 0xfc, 0xfc, 0xfb, 0xfa, 0xfb, 0xfc, 0xfb, 0xfb,
  0xfc, 0xfb, 0xfa, 0xfa, 0xfa, 0xfa, 0xfb, 0xfc, 0xfb, 0xfc, 0xfc, 0xfb,
  0xfc, 0xfb, 0xfc, 0xfc, 0xfc, 0xfc, 0xfd, 0xfc, 0xfb, 0xfc, 0xfb, 0xfa,
  0xfa, 0xfa, 0xfa, 0xfa, 0xfc, 0xfb, 0xfc, 0xfd, 0xfd, 0xfc, 0xfd, 0xfc,
  0xfb, 0xfc, 0xfc, 0xfc, 0xfc, 0xfc, 0xfb, 0xfc, 0xfb, 0xfa, 0xfa, 0xfb,
  0xfa, 0xfa, 0xf9, 0xfa, 0xfa, 0xf9, 0xf9, 0xf8, 0xf7, 0xf4, 0xfa, 0xfd,
  0x81, 0x08, 0x03, 0x05, 0x02, 0x02, 0x00, 0x00, 0x00, 0x00, 0x00, 0x01,
  0x00, 0x00, 0x00, 0x00, 0x00, 0x00, 0x00, 0x00, 0x00, 0x00, 0x00, 0x00,
  0x00, 0x00, 0x00, 0x00, 0x00, 0x00, 0x00, 0x00, 0x00, 0x00, 0x00, 0x00,
  0x00, 0x00, 0x00, 0x00, 0x00, 0x00, 0x00, 0x00, 0x00, 0x00, 0x00, 0x00,
  0x00, 0x00, 0x00, 0x00, 0x00, 0x00, 0x00, 0x00, 0x00, 0x00, 0x00, 0x00,
  0x00, 0x00, 0x00, 0x00, 0x00, 0x00, 0x00, 0x00, 0x00, 0x00, 0x00, 0x00,
  0x00, 0x00, 0x00, 0x00, 0x00, 0x00, 0x00, 0x00, 0x00, 0x00, 0x01, 0x00,
  0x00, 0x00, 0x00, 0x00, 0x00, 0x01, 0x02, 0x08, 0x00, 0x7b, 0xf4, 0xff,
  0xf6, 0xf8, 0xfa, 0xfb, 0xfc, 0xfc, 0xfc, 0xfc, 0xfb, 0xfb, 0xfc, 0xfb,
  0xfb, 0xfc, 0xfc, 0xfc, 0xfc, 0xfc, 0xfb, 0xfb, 0xfa, 0xfa, 0xfb, 0xfa,
  0xfa, 0xfa, 0xfb, 0xfb, 0xfb, 0xfb, 0xfc, 0xfb, 0xfc, 0xfd, 0xfd, 0xfe,
  0xfc, 0xfb, 0xf9, 0xfd, 0xfa, 0xc8, 0x92, 0x8c, 0x91, 0x8b, 0x89, 0x88,
  0x87, 0x85, 0x85, 0x85, 0x85, 0x85, 0x85, 0x87, 0x89, 0x8a, 0x8a, 0x8b,
  0x8b, 0x8b, 0x8b, 0x8b, 0x8b, 0x8b, 0x8b, 0x8a, 0x89, 0x88, 0x88, 0x88,
  0x88, 0x88, 0x88, 0x88, 0x87, 0x87, 0x87, 0x87, 0x88, 0x88, 0x88, 0x89,
  0x8a, 0x8a, 0x8b, 0x8c, 0x8c, 0x8d, 0x8e, 0x8e, 0x8e, 0x8e, 0x8e, 0x8e,
  0x8e, 0x8e, 0x8e, 0x8e, 0x8e, 0x8d, 0x8c, 0x8b, 0x8a, 0x8a, 0x8a, 0x8a,
  0x89, 0x89, 0x88, 0x88, 0x88, 0x87, 0x87, 0x88, 0x88, 0x89, 0x8a, 0x8c,
  0x8c, 0x8d, 0x8d, 0x8d, 0x8d, 0x8b, 0x89, 0x87, 0x85, 0x84, 0x83, 0x81,
  0x7f, 0x80, 0x81, 0x3d, 0x04, 0x02, 0x07, 0x04, 0x01, 0x00, 0x00, 0x00,
  0x00, 0x00, 0x00, 0x00, 0x00, 0x00, 0x00, 0x00, 0x00, 0x00, 0x00, 0x00,
  0x00, 0x00, 0x00, 0x00, 0x00, 0x00, 0x00, 0x00, 0x00, 0x00, 0x00, 0x00,
  0x00, 0x00, 0x00, 0x00, 0x00, 0x00, 0x00, 0x00, 0x00, 0x00, 0x00, 0x03,
  0x07, 0x09, 0x00, 0x0f, 0xcb, 0xfd, 0xf9, 0xf9, 0xfb, 0xfa, 0xfb, 0xfc,
  0xfc, 0xfb, 0xfb, 0xfc, 0xfb, 0xfc, 0xfc, 0xfb, 0xfa, 0xfb, 0xfa, 0xfa,
  0xfa, 0xfb, 0xfc, 0xfb, 0xfa, 0xfb, 0xfa, 0xfb, 0xfc, 0xfc, 0xfc, 0xfc,
  0xfc, 0xfc, 0xfb, 0xfb, 0xfc, 0xfd, 0xfd, 0xfe, 0xfe, 0xfd, 0xfe, 0xd7,
  0xa0, 0x92, 0x96, 0x96, 0x92, 0x90, 0x90, 0x8e, 0x8c, 0x8b, 0x89, 0x88,
  0x87, 0x86, 0x86, 0x84, 0x84, 0x84, 0x84, 0x84, 0x84, 0x84, 0x84, 0x84,
  0x84, 0x85, 0x85, 0x86, 0x87, 0x86, 0x87, 0x88, 0x88, 0x88, 0x88, 0x89,
  0x8a, 0x8b, 0x8c, 0x8c, 0x8d, 0x8d, 0x8d, 0x8d, 0x8d, 0x8d, 0x8d, 0x8c,
  0x8c, 0x8c, 0x8c, 0x8c, 0x8c, 0x8c, 0x8d, 0x8d, 0x8d, 0x8d, 0x8d, 0x8d,
  0x8d, 0x8e, 0x90, 0x91, 0x92, 0x93, 0x93, 0x93, 0x94, 0x94, 0x95, 0x98,
  0xa0, 0xae, 0xc1, 0xdb, 0xf7, 0xff, 0xfd, 0xf8, 0xf5, 0xf7, 0xf8, 0xf8,
  0xf9, 0xfa, 0xfa, 0xfb, 0xfb, 0xfa, 0xfb, 0xfb, 0xfb, 0xfb, 0xfb, 0xfa,
  0xfb, 0xfb, 0xfa, 0xfb, 0xfc, 0xfc, 0xfc, 0xfc, 0xfb, 0xfb, 0xfc, 0xfb,
  0xfb, 0xfb, 0xfc, 0xfc, 0xfb, 0xfb, 0xfb, 0xfa, 0xfa, 0xfb, 0xfb, 0xfa,
  0xf9, 0xf6, 0xf3, 0xfc, 0xed, 0x49, 0x00, 0x0c, 0x06, 0x03, 0x01, 0x00,
  0x01, 0x00, 0x00, 0x00, 0x00, 0x00, 0x00, 0x00, 0x00, 0x00, 0x00, 0x00,
  0x00, 0x00, 0x00, 0x00, 0x00, 0x00, 0x00, 0x00, 0x00, 0x00, 0x00, 0x00,
  0x00, 0x00, 0x00, 0x00, 0x00, 0x00, 0x00, 0x00, 0x00, 0x00, 0x00, 0x00,
  0x00, 0x00, 0x00, 0x00, 0x00, 0x00, 0x00, 0x00, 0x00, 0x00, 0x00, 0x00,
  0x00, 0x00, 0x00, 0x00, 0x00, 0x00, 0x00, 0x00, 0x00, 0x00, 0x00, 0x00,
  0x00, 0x00, 0x00, 0x00, 0x00, 0x00, 0x00, 0x00, 0x00, 0x00, 0x00, 0x00,
  0x00, 0x02, 0x03, 0x05, 0x06, 0x03, 0x5c, 0xee, 0xf9, 0xf4, 0xf7, 0xf8,
  0xf8, 0xf9, 0xf9, 0xfa, 0xfa, 0xfa, 0xfa, 0xfa, 0xfb, 0xfc, 0xfc, 0xfc,
  0xfc, 0xfb, 0xfc, 0xfc, 0xfb, 0xfc, 0xfd, 0xfc, 0xfb, 0xfb, 0xfb, 0xfc,
  0xfb, 0xfb, 0xfc, 0xfc, 0xfc, 0xfb, 0xfa, 0xfa, 0xfa, 0xfa, 0xfb, 0xfb,
  0xfc, 0xfc, 0xfc, 0xfb, 0xfc, 0xfb, 0xfb, 0xfc, 0xfd, 0xfd, 0xfc, 0xfb,
  0xfb, 0xfb, 0xfb, 0xfb, 0xfc, 0xfb, 0xfa, 0xfa, 0xfa, 0xfa, 0xfa, 0xfa,
  0xfb, 0xfb, 0xfb, 0xfb, 0xfa, 0xf8, 0xf8, 0xf8, 0xf6, 0xf6, 0xf1, 0xf6,
  0xf7, 0x8d, 0x11, 0x00, 0x0a, 0x01, 0x01, 0x00, 0x00, 0x00, 0x00, 0x00,
  0x00, 0x00, 0x00, 0x00, 0x00, 0x00, 0x00, 0x00, 0x00, 0x00, 0x00, 0x00,
  0x00, 0x00, 0x00, 0x00, 0x00, 0x00, 0x00, 0x00, 0x00, 0x00, 0x00, 0x00,
  0x00, 0x00, 0x00, 0x00, 0x00, 0x00, 0x00, 0x00, 0x00, 0x00, 0x00, 0x00,
  0x00, 0x00, 0x00, 0x00, 0x00, 0x00, 0x00, 0x00, 0x00, 0x00, 0x00, 0x00,
  0x00, 0x00, 0x00, 0x00, 0x00, 0x00, 0x00, 0x00, 0x00, 0x00, 0x00, 0x00,
  0x00, 0x00, 0x00, 0x00, 0x00, 0x00, 0x00, 0x00, 0x00, 0x00, 0x00, 0x00,
  0x00, 0x00, 0x00, 0x00, 0x00, 0x00, 0x00, 0x00, 0x00, 0x00, 0x00, 0x00,
  0x00, 0x00, 0x00, 0x00, 0x00, 0x00, 0x00, 0x00, 0x00, 0x00, 0x00, 0x00,
  0x00, 0x00, 0x00, 0x00, 0x00, 0x00, 0x00, 0x00, 0x00, 0x00, 0x00, 0x00,
  0x00, 0x00, 0x00, 0x00, 0x00, 0x00, 0x00, 0x00, 0x00, 0x00, 0x00, 0x00,
  0x00, 0x00, 0x00, 0x00, 0x00, 0x00, 0x00, 0x00, 0x00, 0x00, 0x00, 0x00,
  0x00, 0x00, 0x00, 0x00, 0x00, 0x01, 0x04, 0x08, 0x07, 0x01, 0x4b, 0xdb,
  0xfd, 0xf5, 0xf9, 0xf9, 0xf8, 0xf9, 0xfb, 0xfb, 0xfb, 0xfa, 0xfb, 0xfc,
  0xfb, 0xfa, 0xfb, 0xfc, 0xfc, 0xfc, 0xfc, 0xfb, 0xfb, 0xfa, 0xf9, 0xfa,
  0xfa, 0xfb, 0xfc, 0xfc, 0xfb, 0xfc, 0xfd, 0xfc, 0xfc, 0xfc, 0xfd, 0xfc,
  0xfd, 0xfc, 0xfb, 0xfc, 0xfb, 0xfa, 0xfb, 0xfa, 0xfa, 0xfa, 0xfb, 0xfb,
  0xfb, 0xfc, 0xfd, 0xfd, 0xfd, 0xfc, 0xfb, 0xfc, 0xfd, 0xfc, 0xfd, 0xfc,
  0xfb, 0xfc, 0xfb, 0xfb, 0xfb, 0xfa, 0xfb, 0xfa, 0xf9, 0xf9, 0xf9, 0xfa,
  0xfa, 0xf9, 0xf8, 0xf7, 0xf6, 0xfd, 0xd4, 0x4a, 0x00, 0x0a, 0x06, 0x03,
  0x00, 0x00, 0x00, 0x00, 0x00, 0x00, 0x01, 0x00, 0x00, 0x00, 0x00, 0x00,
  0x00, 0x00, 0x00, 0x00, 0x00, 0x00, 0x00, 0x00, 0x00, 0x00, 0x00, 0x00,
  0x00, 0x00, 0x00, 0x00, 0x00, 0x00, 0x00, 0x00, 0x00, 0x00, 0x00, 0x00,
  0x00, 0x00, 0x00, 0x00, 0x00, 0x00, 0x00, 0x00, 0x00, 0x00, 0x00, 0x00,
  0x00, 0x00, 0x00, 0x00, 0x00, 0x00, 0x00, 0x00, 0x00, 0x00, 0x00, 0x00,
  0x00, 0x00, 0x00, 0x00, 0x00, 0x00, 0x00, 0x00, 0x00, 0x00, 0x00, 0x00,
  0x00, 0x00, 0x00, 0x00, 0x00, 0x00, 0x00, 0x00, 0x00, 0x00, 0x01, 0x01,
  0x02, 0x08, 0x00, 0x7b, 0xf4, 0xff, 0xf6, 0xf8, 0xfa, 0xfc, 0xfc, 0xfd,
  0xfb, 0xfb, 0xfc, 0xfc, 0xfb, 0xfc, 0xfc, 0xfb, 0xfb, 0xfc, 0xfc, 0xfb,
  0xfc, 0xfb, 0xfa, 0xfb, 0xfb, 0xfa, 0xfb, 0xfa, 0xfb, 0xfc, 0xfb, 0xfb,
  0xfc, 0xfb, 0xfc, 0xfd, 0xfe, 0xff, 0xfc, 0xf9, 0xf4, 0xfd, 0xf2, 0x7f,
  0x07, 0x00, 0x01, 0x00, 0x00, 0x00, 0x00, 0x00, 0x00, 0x00, 0x00, 0x00,
  0x00, 0x00, 0x00, 0x00, 0x00, 0x00, 0x00, 0x00, 0x00, 0x00, 0x00, 0x00,
  0x00, 0x00, 0x00, 0x00, 0x00, 0x00, 0x00, 0x00, 0x00, 0x00, 0x00, 0x00,
  0x00, 0x00, 0x00, 0x00, 0x00, 0x00, 0x00, 0x00, 0x00, 0x00, 0x00, 0x00,
  0x00, 0x00, 0x00, 0x00, 0x00, 0x00, 0x00, 0x00, 0x00, 0x00, 0x00, 0x00,
  0x00, 0x00, 0x00, 0x00, 0x00, 0x00, 0x00, 0x00, 0x00, 0x00, 0x00, 0x00,
  0x00, 0x00, 0x00, 0x00, 0x00, 0x00, 0x00, 0x00, 0x00, 0x00, 0x00, 0x00,
  0x00, 0x00, 0x00, 0x00, 0x00, 0x00, 0x00, 0x00, 0x00, 0x00, 0x01, 0x01,
  0x01, 0x01, 0x00, 0x00, 0x00, 0x00, 0x00, 0x00, 0x00, 0x00, 0x00, 0x00,
  0x00, 0x00, 0x00, 0x00, 0x00, 0x00, 0x00, 0x00, 0x00, 0x00, 0x00, 0x00,
  0x00, 0x00, 0x00, 0x00, 0x00, 0x00, 0x00, 0x00, 0x00, 0x00, 0x00, 0x00,
  0x00, 0x00, 0x00, 0x00, 0x00, 0x03, 0x07, 0x09, 0x00, 0x0f, 0xcb, 0xfd,
  0xf9, 0xf9, 0xfa, 0xfb, 0xfa, 0xfb, 0xfc, 0xfb, 0xfb, 0xfc, 0xfc, 0xfb,
  0xfb, 0xfb, 0xfa, 0xfb, 0xfb, 0xfa, 0xfb, 0xfa, 0xfa, 0xfa, 0xfb, 0xfa,
  0xfa, 0xfa, 0xfb, 0xfb, 0xfb, 0xfb, 0xfb, 0xfb, 0xfb, 0xfc, 0xfd, 0xfc,
  0xfd, 0xfe, 0xfe, 0xfa, 0xff, 0xa7, 0x25, 0x00, 0x02, 0x02, 0x00, 0x00,
  0x00, 0x00, 0x00, 0x00, 0x00, 0x00, 0x00, 0x00, 0x00, 0x00, 0x00, 0x00,
  0x00, 0x00, 0x00, 0x00, 0x00, 0x00, 0x00, 0x00, 0x00, 0x00, 0x00, 0x00,
  0x00, 0x00, 0x00, 0x00, 0x00, 0x00, 0x00, 0x00, 0x00, 0x00, 0x00, 0x00,
  0x00, 0x00, 0x00, 0x00, 0x00, 0x00, 0x00, 0x00, 0x00, 0x00, 0x00, 0x00,
  0x00, 0x00, 0x00, 0x00, 0x00, 0x00, 0x00, 0x00, 0x00, 0x00, 0x00, 0x00,
  0x00, 0x00, 0x00, 0x00, 0x00, 0x02, 0x08, 0x18, 0x30, 0x56, 0x8a, 0xc2,
  0xee, 0xff, 0xf9, 0xf5, 0xf7, 0xf8, 0xf9, 0xf9, 0xfa, 0xfa, 0xfa, 0xfb,
  0xfb, 0xfb, 0xfb, 0xfa, 0xfa, 0xfb, 0xfa, 0xfb, 0xfa, 0xfb, 0xfc, 0xfb,
  0xfb, 0xfb, 0xfc, 0xfc, 0xfb, 0xfc, 0xfc, 0xfa, 0xfb, 0xfc, 0xfb, 0xfa,
  0xfa, 0xfb, 0xfa, 0xfb, 0xfc, 0xfb, 0xfa, 0xf6, 0xf3, 0xfa, 0xfc, 0x7f,
  0x0c, 0x03, 0x09, 0x03, 0x02, 0x00, 0x01, 0x00, 0x00, 0x00, 0x00, 0x00,
  0x00, 0x00, 0x00, 0x00, 0x00, 0x00, 0x00, 0x00, 0x00, 0x00, 0x00, 0x00,
  0x00, 0x00, 0x00, 0x00, 0x00, 0x00, 0x00, 0x00, 0x00, 0x00, 0x00, 0x00,
  0x00, 0x00, 0x00, 0x00, 0x00, 0x00, 0x00, 0x00, 0x00, 0x00, 0x00, 0x00,
  0x00, 0x00, 0x00, 0x00, 0x00, 0x00, 0x00, 0x00, 0x00, 0x00, 0x00, 0x00,
  0x00, 0x00, 0x00, 0x00, 0x00, 0x00, 0x00, 0x00, 0x00, 0x00, 0x00, 0x00,
  0x00, 0x00, 0x00, 0x00, 0x00, 0x00, 0x00, 0x01, 0x05, 0x0a, 0x00, 0x2a,
  0xb3, 0xfb, 0xf5, 0xf5, 0xf8, 0xf8, 0xf9, 0xfa, 0xfa, 0xfa, 0xfb, 0xfa,
  0xfa, 0xfb, 0xfb, 0xfc, 0xfb, 0xfb, 0xfb, 0xfc, 0xfb, 0xfc, 0xfc, 0xfc,
  0xfd, 0xfc, 0xfc, 0xfc, 0xfc, 0xfd, 0xfc, 0xfc, 0xfb, 0xfb, 0xfb, 0xfb,
  0xfa, 0xfb, 0xfb, 0xfb, 0xfa, 0xfb, 0xfc, 0xfc, 0xfd, 0xfb, 0xfc, 0xfc,
  0xfb, 0xfc, 0xfd, 0xfd, 0xfc, 0xfb, 0xfb, 0xfc, 0xfc, 0xfc, 0xfc, 0xfb,
  0xfb, 0xfb, 0xfb, 0xfb, 0xfb, 0xfb, 0xfb, 0xfc, 0xfb, 0xfb, 0xfa, 0xf8,
  0xf9, 0xf9, 0xf7, 0xf8, 0xf7, 0xf1, 0xfd, 0xd8, 0x4a, 0x01, 0x06, 0x05,
  0x03, 0x02, 0x00, 0x00, 0x00, 0x00, 0x00, 0x00, 0x00, 0x00, 0x00, 0x00,
  0x00, 0x00, 0x00, 0x00, 0x00, 0x00, 0x00, 0x00, 0x00, 0x00, 0x00, 0x00,
  0x00, 0x00, 0x00, 0x00, 0x00, 0x00, 0x00, 0x00, 0x00, 0x00, 0x00, 0x00,
  0x00, 0x00, 0x00, 0x00, 0x00, 0x00, 0x00, 0x00, 0x00, 0x00, 0x00, 0x00,
  0x00, 0x00, 0x00, 0x00, 0x00, 0x00, 0x00, 0x00, 0x00, 0x00, 0x00, 0x00,
  0x00, 0x00, 0x00, 0x00, 0x00, 0x00, 0x00, 0x00, 0x00, 0x00, 0x00, 0x00,
  0x00, 0x00, 0x00, 0x00, 0x00, 0x00, 0x00, 0x00, 0x00, 0x00, 0x00, 0x00,
  0x00, 0x00, 0x00, 0x00, 0x00, 0x00, 0x00, 0x00, 0x00, 0x00, 0x00, 0x00,
  0x00, 0x00, 0x00, 0x00, 0x00, 0x00, 0x00, 0x00, 0x00, 0x00, 0x00, 0x00,
  0x00, 0x00, 0x00, 0x00, 0x00, 0x00, 0x00, 0x00, 0x00, 0x00, 0x00, 0x00,
  0x00, 0x00, 0x00, 0x00, 0x00, 0x00, 0x00, 0x00, 0x00, 0x00, 0x00, 0x00,
  0x00, 0x00, 0x00, 0x00, 0x00, 0x00, 0x00, 0x00, 0x00, 0x00, 0x00, 0x02,
  0x05, 0x0d, 0x00, 0x20, 0xa6, 0xfe, 0xf7, 0xf8, 0xfb, 0xfb, 0xfa, 0xfa,
  0xfb, 0xfa, 0xfa, 0xfb, 0xfc, 0xfb, 0xfb, 0xfa, 0xfb, 0xfb, 0xfb, 0xfb,
  0xfc, 0xfb, 0xfa, 0xfb, 0xfa, 0xf9, 0xfa, 0xfa, 0xfb, 0xfc, 0xfb, 0xfc,
  0xfd, 0xfd, 0xfd, 0xfc, 0xfd, 0xfd, 0xfd, 0xfc, 0xfb, 0xfc, 0xfb, 0xfa,
  0xfb, 0xfb, 0xfb, 0xfb, 0xfb, 0xfa, 0xfb, 0xfb, 0xfc, 0xfd, 0xfc, 0xfc,
  0xfb, 0xfc, 0xfc, 0xfb, 0xfc, 0xfc, 0xfc, 0xfc, 0xfc, 0xfc, 0xfb, 0xfb,
  0xfb, 0xfb, 0xfa, 0xf9, 0xfa, 0xfb, 0xfa, 0xf9, 0xf9, 0xf8, 0xf4, 0xf7,
  0xff, 0x9c, 0x11, 0x01, 0x0d, 0x04, 0x00, 0x00, 0x00, 0x00, 0x00, 0x00,
  0x00, 0x00, 0x00, 0x00, 0x00, 0x00, 0x00, 0x00, 0x00, 0x00, 0x00, 0x00,
  0x00, 0x00, 0x00, 0x00, 0x00, 0x00, 0x00, 0x00, 0x00, 0x00, 0x00, 0x00,
  0x00, 0x00, 0x00, 0x00, 0x00, 0x00, 0x00, 0x00, 0x00, 0x00, 0x00, 0x00,
  0x00, 0x00, 0x00, 0x00, 0x00, 0x00, 0x00, 0x00, 0x00, 0x00, 0x00, 0x00,
  0x00, 0x00, 0x00, 0x00, 0x00, 0x00, 0x00, 0x00, 0x00, 0x00, 0x00, 0x00,
  0x00, 0x00, 0x00, 0x00, 0x00, 0x00, 0x00, 0x00, 0x00, 0x00, 0x00, 0x00,
  0x00, 0x00, 0x00, 0x00, 0x01, 0x01, 0x02, 0x08, 0x00, 0x7c, 0xf5, 0xff,
  0xf6, 0xf8, 0xfa, 0xfc, 0xfd, 0xfc, 0xfb, 0xfc, 0xfc, 0xfc, 0xfb, 0xfc,
  0xfc, 0xfb, 0xfc, 0xfd, 0xfc, 0xfb, 0xfb, 0xfa, 0xfb, 0xfb, 0xfb, 0xfb,
  0xfb, 0xfb, 0xfa, 0xfa, 0xfa, 0xfb, 0xfc, 0xfb, 0xfc, 0xfd, 0xff, 0xfe,
  0xfc, 0xf9, 0xf2, 0xfc, 0xf3, 0x84, 0x12, 0x06, 0x0f, 0x09, 0x08, 0x06,
  0x06, 0x06, 0x06, 0x06, 0x06, 0x06, 0x06, 0x06, 0x06, 0x06, 0x06, 0x06,
  0x06, 0x06, 0x06, 0x06, 0x06, 0x06, 0x06, 0x06, 0x06, 0x06, 0x07, 0x07,
  0x07, 0x07, 0x07, 0x07, 0x07, 0x07, 0x07, 0x07, 0x07, 0x07, 0x07, 0x07,
  0x06, 0x06, 0x06, 0x06, 0x06, 0x06, 0x06, 0x06, 0x06, 0x05, 0x04, 0x05,
  0x06, 0x06, 0x06, 0x06, 0x06, 0x06, 0x06, 0x06, 0x06, 0x06, 0x06, 0x06,
  0x06, 0x06, 0x06, 0x06, 0x06, 0x06, 0x06, 0x06, 0x07, 0x07, 0x08, 0x08,
  0x09, 0x0a, 0x0b, 0x0b, 0x0b, 0x0b, 0x09, 0x07, 0x07, 0x06, 0x06, 0x06,
  0x06, 0x06, 0x06, 0x04, 0x02, 0x01, 0x00, 0x00, 0x00, 0x00, 0x00, 0x00,
  0x00, 0x00, 0x00, 0x00, 0x00, 0x00, 0x00, 0x00, 0x00, 0x00, 0x00, 0x00,
  0x00, 0x00, 0x00, 0x00, 0x00, 0x00, 0x00, 0x00, 0x00, 0x00, 0x00, 0x00,
  0x00, 0x00, 0x00, 0x00, 0x00, 0x00, 0x00, 0x00, 0x00, 0x00, 0x01, 0x04,
  0x07, 0x09, 0x00, 0x0f, 0xcc, 0xfc, 0xf9, 0xf9, 0xfa, 0xfb, 0xfa, 0xfb,
  0xfc, 0xfb, 0xfb, 0xfc, 0xfb, 0xfa, 0xfa, 0xfb, 0xfb, 0xfb, 0xfb, 0xfa,
  0xfb, 0xfb, 0xfb, 0xfb, 0xfa, 0xfb, 0xfb, 0xfb, 0xfa, 0xfb, 0xfc, 0xfb,
  0xfc, 0xfb, 0xfc, 0xfd, 0xfc, 0xfd, 0xfc, 0xfd, 0xfe, 0xfb, 0xff, 0xa9,
  0x28, 0x02, 0x0a, 0x0a, 0x08, 0x09, 0x09, 0x08, 0x07, 0x07, 0x06, 0x06,
  0x06, 0x06, 0x06, 0x06, 0x06, 0x06, 0x06, 0x06, 0x06, 0x06, 0x06, 0x06,
  0x06, 0x06, 0x07, 0x07, 0x07, 0x07, 0x07, 0x07, 0x07, 0x07, 0x07, 0x07,
  0x07, 0x07, 0x07, 0x06, 0x06, 0x07, 0x06, 0x06, 0x06, 0x06, 0x06, 0x06,
  0x07, 0x07, 0x07, 0x07, 0x07, 0x06, 0x05, 0x04, 0x05, 0x04, 0x04, 0x04,
  0x04, 0x04, 0x04, 0x04, 0x05, 0x06, 0x08, 0x08, 0x09, 0x0a, 0x09, 0x06,
  0x03, 0x01, 0x00, 0x00, 0x00, 0x2c, 0x82, 0xd1, 0xfc, 0xfa, 0xf6, 0xf7,
  0xf8, 0xf9, 0xfa, 0xf9, 0xfa, 0xfb, 0xfb, 0xfc, 0xfb, 0xfb, 0xfa, 0xfb,
  0xfb, 0xfa, 0xfb, 0xfa, 0xfb, 0xfc, 0xfb, 0xfc, 0xfd, 0xfc, 0xfc, 0xfb,
  0xfc, 0xfb, 0xfa, 0xfb, 0xfb, 0xfa, 0xfb, 0xfa, 0xfa, 0xfb, 0xfc, 0xfc,
  0xfa, 0xf7, 0xf6, 0xfa, 0xfe, 0xb0, 0x25, 0x00, 0x0a, 0x03, 0x02, 0x01,
  0x00, 0x00, 0x00, 0x00, 0x00, 0x00, 0x00, 0x00, 0x00, 0x00, 0x00, 0x00,
  0x00, 0x00, 0x00, 0x00, 0x00, 0x00, 0x00, 0x00, 0x00, 0x00, 0x00, 0x00,
  0x00, 0x00, 0x00, 0x00, 0x00, 0x00, 0x00, 0x00, 0x00, 0x00, 0x00, 0x00,
  0x00, 0x00, 0x00, 0x00, 0x00, 0x00, 0x00, 0x00, 0x00, 0x00, 0x00, 0x00,
  0x00, 0x00, 0x00, 0x00, 0x00, 0x00, 0x01, 0x00, 0x00, 0x00, 0x00, 0x00,
  0x00, 0x00, 0x00, 0x00, 0x00, 0x00, 0x00, 0x00, 0x00, 0x00, 0x00, 0x00,
  0x01, 0x01, 0x09, 0x06, 0x03, 0x75, 0xf3, 0xf7, 0xf3, 0xf7, 0xf8, 0xf9,
  0xfa, 0xfa, 0xfa, 0xfb, 0xfa, 0xfb, 0xfa, 0xfb, 0xfc, 0xfc, 0xfb, 0xfc,
  0xfc, 0xfb, 0xfc, 0xfc, 0xfd, 0xfc, 0xfc, 0xfc, 0xfc, 0xfc, 0xfc, 0xfc,
  0xfc, 0xfb, 0xfc, 0xfb, 0xfa, 0xfb, 0xfb, 0xfb, 0xfb, 0xfb, 0xfa, 0xfb,
  0xfc, 0xfc, 0xfc, 0xfb, 0xfc, 0xfc, 0xfb, 0xfc, 0xfc, 0xfd, 0xfc, 0xfb,
  0xfc, 0xfc, 0xfb, 0xfb, 0xfc, 0xfb, 0xfb, 0xfa, 0xfb, 0xfb, 0xfa, 0xfb,
  0xfc, 0xfb, 0xfa, 0xfb, 0xfa, 0xfa, 0xfa, 0xfa, 0xf9, 0xf8, 0xf8, 0xf4,
  0xf6, 0xfa, 0x9e, 0x1c, 0x00, 0x09, 0x04, 0x03, 0x00, 0x00, 0x00, 0x00,
  0x00, 0x00, 0x00, 0x00, 0x00, 0x00, 0x00, 0x00, 0x00, 0x00, 0x00, 0x00,
  0x00, 0x00, 0x00, 0x00, 0x00, 0x00, 0x00, 0x00, 0x00, 0x00, 0x00, 0x00,
  0x00, 0x00, 0x00, 0x00, 0x00, 0x00, 0x00, 0x00, 0x00, 0x00, 0x00, 0x00,
  0x00, 0x00, 0x00, 0x00, 0x00, 0x00, 0x00, 0x00, 0x00, 0x00, 0x00, 0x00,
  0x00, 0x00, 0x00, 0x00, 0x00, 0x00, 0x00, 0x00, 0x00, 0x00, 0x00, 0x00,
  0x00, 0x00, 0x00, 0x00, 0x00, 0x00, 0x00, 0x00, 0x00, 0x00, 0x00, 0x00,
  0x00, 0x00, 0x00, 0x00, 0x00, 0x00, 0x00, 0x00, 0x00, 0x00, 0x00, 0x00,
  0x00, 0x00, 0x00, 0x00, 0x00, 0x00, 0x00, 0x00, 0x00, 0x00, 0x00, 0x00,
  0x00, 0x00, 0x00, 0x00, 0x00, 0x00, 0x00, 0x00, 0x00, 0x00, 0x00, 0x00,
  0x00, 0x00, 0x00, 0x00, 0x00, 0x00, 0x00, 0x00, 0x00, 0x00, 0x00, 0x00,
  0x00, 0x00, 0x00, 0x00, 0x00, 0x00, 0x01, 0x00, 0x00, 0x00, 0x00, 0x00,
  0x00, 0x00, 0x00, 0x00, 0x00, 0x01, 0x07, 0x05, 0x00, 0x60, 0xe5, 0xfe,
  0xf4, 0xf9, 0xfc, 0xfc, 0xfc, 0xfb, 0xfa, 0xfa, 0xfb, 0xfb, 0xfa, 0xfb,
  0xfa, 0xfb, 0xfb, 0xfa, 0xfa, 0xfb, 0xfb, 0xfc, 0xfb, 0xfa, 0xfb, 0xfa,
  0xf9, 0xfa, 0xfb, 0xfb, 0xfc, 0xfc, 0xfd, 0xfd, 0xfd, 0xfc, 0xfd, 0xfd,
  0xfd, 0xfc, 0xfb, 0xfc, 0xfc, 0xfc, 0xfc, 0xfb, 0xfc, 0xfc, 0xfc, 0xfb,
  0xfa, 0xfb, 0xfc, 0xfb, 0xfb, 0xfb, 0xfc, 0xfc, 0xfc, 0xfc, 0xfb, 0xfb,
  0xfc, 0xfd, 0xfc, 0xfb, 0xfb, 0xfc, 0xfb, 0xfa, 0xfb, 0xfb, 0xfb, 0xfa,
  0xfa, 0xf9, 0xfa, 0xf8, 0xf8, 0xf4, 0xfb, 0xec, 0x6c, 0x00, 0x0b, 0x03,
  0x01, 0x01, 0x00, 0x00, 0x00, 0x00, 0x00, 0x00, 0x00, 0x00, 0x00, 0x00,
  0x00, 0x00, 0x00, 0x00, 0x00, 0x00, 0x00, 0x00, 0x00, 0x00, 0x00, 0x00,
  0x00, 0x00, 0x00, 0x00, 0x00, 0x00, 0x00, 0x00, 0x00, 0x00, 0x00, 0x00,
  0x00, 0x00, 0x00, 0x00, 0x00, 0x00, 0x00, 0x00, 0x00, 0x00, 0x00, 0x00,
  0x00, 0x00, 0x00, 0x00, 0x00, 0x00, 0x00, 0x00, 0x00, 0x00, 0x00, 0x00,
  0x00, 0x00, 0x00, 0x00, 0x00, 0x00, 0x00, 0x00, 0x00, 0x00, 0x00, 0x00,
  0x00, 0x00, 0x00, 0x00, 0x00, 0x00, 0x00, 0x00, 0x00, 0x00, 0x01, 0x01,
  0x02, 0x08, 0x00, 0x7c, 0xf5, 0xff, 0xf6, 0xf8, 0xfa, 0xfb, 0xfc, 0xfb,
  0xfc, 0xfc, 0xfd, 0xfc, 0xfb, 0xfc, 0xfc, 0xfb, 0xfc, 0xfc, 0xfb, 0xfc,
  0xfb, 0xfa, 0xfb, 0xfa, 0xfa, 0xfb, 0xfb, 0xfa, 0xfb, 0xfb, 0xfb, 0xfa,
  0xfb, 0xfc, 0xfb, 0xfc, 0xfd, 0xfd, 0xfa, 0xf7, 0xf1, 0xfc, 0xf1, 0x80,
  0x0f, 0x02, 0x0b, 0x05, 0x04, 0x02, 0x01, 0x00, 0x00, 0x01, 0x01, 0x01,
  0x01, 0x01, 0x01, 0x02, 0x03, 0x02, 0x01, 0x01, 0x01, 0x01, 0x01, 0x01,
  0x01, 0x01, 0x01, 0x01, 0x02, 0x02, 0x02, 0x02, 0x01, 0x01, 0x01, 0x01,
  0x01, 0x02, 0x02, 0x02, 0x02, 0x02, 0x01, 0x01, 0x01, 0x01, 0x01, 0x01,
  0x01, 0x01, 0x01, 0x01, 0x01, 0x01, 0x01, 0x01, 0x01, 0x02, 0x03, 0x02,
  0x02, 0x01, 0x01, 0x02, 0x01, 0x01, 0x02, 0x01, 0x01, 0x01, 0x01, 0x01,
  0x01, 0x01, 0x02, 0x03, 0x03, 0x04, 0x04, 0x05, 0x06, 0x07, 0x06, 0x05,
  0x05, 0x04, 0x03, 0x02, 0x01, 0x00, 0x01, 0x01, 0x01, 0x02, 0x01, 0x00,
  0x00, 0x00, 0x00, 0x00, 0x00, 0x00, 0x00, 0x00, 0x00, 0x00, 0x00, 0x00,
  0x00, 0x00, 0x00, 0x00, 0x00, 0x00, 0x00, 0x00, 0x00, 0x00, 0x00, 0x00,
  0x00, 0x00, 0x00, 0x00, 0x00, 0x00, 0x00, 0x00, 0x00, 0x00, 0x00, 0x00,
  0x00, 0x00, 0x00, 0x00, 0x00, 0x03, 0x07, 0x09, 0x00, 0x0f, 0xcc, 0xfc,
  0xf9, 0xf9, 0xfa, 0xfb, 0xfc, 0xfb, 0xfc, 0xfb, 0xfa, 0xfb, 0xfa, 0xfb,
  0xfb, 0xfa, 0xfb, 0xfc, 0xfb, 0xfa, 0xfb, 0xfa, 0xfb, 0xfb, 0xfa, 0xfb,
  0xfc, 0xfb, 0xfb, 0xfb, 0xfc, 0xfc, 0xfb, 0xfc, 0xfd, 0xfc, 0xfd, 0xfd,
  0xfc, 0xfd, 0xfd, 0xfa, 0xff, 0xa5, 0x25, 0x02, 0x0a, 0x09, 0x05, 0x04,
  0x03, 0x02, 0x02, 0x02, 0x01, 0x01, 0x01, 0x01, 0x01, 0x01, 0x01, 0x01,
  0x01, 0x01, 0x01, 0x01, 0x01, 0x01, 0x01, 0x02, 0x02, 0x02, 0x02, 0x02,
  0x02, 0x03, 0x04, 0x03, 0x02, 0x02, 0x02, 0x02, 0x02, 0x02, 0x02, 0x02,
  0x02, 0x02, 0x02, 0x02, 0x02, 0x02, 0x02, 0x02, 0x02, 0x02, 0x02, 0x02,
  0x01, 0x01, 0x01, 0x02, 0x01, 0x00, 0x00, 0x01, 0x02, 0x02, 0x03, 0x03,
  0x04, 0x05, 0x06, 0x07, 0x06, 0x05, 0x05, 0x04, 0x04, 0x05, 0x06, 0x00,
  0x00, 0x45, 0xb9, 0xf9, 0xfa, 0xf5, 0xf8, 0xf9, 0xf9, 0xfa, 0xfb, 0xfa,
  0xfa, 0xfa, 0xfa, 0xfb, 0xfb, 0xfb, 0xfb, 0xfa, 0xfb, 0xfb, 0xfa, 0xfb,
  0xfc, 0xfc, 0xfd, 0xfd, 0xfd, 0xfc, 0xfb, 0xfb, 0xfc, 0xfb, 0xfa, 0xfb,
  0xfb, 0xfa, 0xfb, 0xfc, 0xfc, 0xfd, 0xfc, 0xf9, 0xf7, 0xfa, 0xfe, 0xd5,
  0x3c, 0x00, 0x0b, 0x03, 0x02, 0x01, 0x00, 0x00, 0x00, 0x00, 0x00, 0x00,
  0x00, 0x00, 0x00, 0x00, 0x00, 0x00, 0x00, 0x00, 0x00, 0x00, 0x00, 0x00,
  0x00, 0x00, 0x00, 0x00, 0x00, 0x00, 0x00, 0x00, 0x00, 0x00, 0x00, 0x00,
  0x00, 0x00, 0x00, 0x00, 0x00, 0x00, 0x00, 0x00, 0x00, 0x00, 0x00, 0x00,
  0x00, 0x00, 0x00, 0x00, 0x00, 0x00, 0x00, 0x00, 0x00, 0x00, 0x00, 0x00,
  0x00, 0x00, 0x00, 0x00, 0x00, 0x00, 0x00, 0x00, 0x00, 0x00, 0x00, 0x00,
  0x00, 0x00, 0x00, 0x00, 0x00, 0x01, 0x03, 0x03, 0x0b, 0x00, 0x46, 0xd1,
  0xfe, 0xf6, 0xf6, 0xf8, 0xf9, 0xfa, 0xfa, 0xfa, 0xfb, 0xfa, 0xfa, 0xfb,
  0xfa, 0xfb, 0xfc, 0xfc, 0xfb, 0xfc, 0xfb, 0xfb, 0xfc, 0xfd, 0xfd, 0xfc,
  0xfb, 0xfc, 0xfb, 0xfb, 0xfb, 0xfb, 0xfb, 0xfc, 0xfb, 0xfa, 0xfa, 0xfb,
  0xfc, 0xfc, 0xfc, 0xfc, 0xfc, 0xfc, 0xfb, 0xfb, 0xfb, 0xfc, 0xfc, 0xfb,
  0xfc, 0xfc, 0xfb, 0xfc, 0xfd, 0xfc, 0xfd, 0xfc, 0xfb, 0xfc, 0xfc, 0xfb,
  0xfb, 0xfa, 0xfa, 0xfb, 0xfb, 0xfa, 0xfb, 0xfb, 0xfa, 0xfb, 0xfa, 0xfb,
  0xfa, 0xf9, 0xfa, 0xf9, 0xf9, 0xf8, 0xf0, 0xfe, 0xe4, 0x5c, 0x00, 0x06,
  0x07, 0x03, 0x01, 0x00, 0x00, 0x00, 0x00, 0x00, 0x00, 0x00, 0x00, 0x00,
  0x00, 0x00, 0x00, 0x00, 0x00, 0x00, 0x00, 0x00, 0x00, 0x00, 0x00, 0x00,
  0x00, 0x00, 0x00, 0x00, 0x00, 0x00, 0x00, 0x00, 0x00, 0x00, 0x00, 0x00,
  0x00, 0x00, 0x00, 0x00, 0x00, 0x00, 0x00, 0x01, 0x00, 0x00, 0x00, 0x00,
  0x00, 0x00, 0x00, 0x00, 0x00, 0x00, 0x00, 0x00, 0x00, 0x00, 0x00, 0x01,
  0x00, 0x00, 0x00, 0x00, 0x00, 0x00, 0x00, 0x00, 0x00, 0x00, 0x00, 0x00,
  0x00, 0x00, 0x00, 0x00, 0x00, 0x00, 0x00, 0x00, 0x00, 0x00, 0x00, 0x00,
  0x00, 0x00, 0x00, 0x00, 0x00, 0x00, 0x00, 0x00, 0x00, 0x00, 0x00, 0x00,
  0x00, 0x00, 0x00, 0x00, 0x00, 0x00, 0x00, 0x00, 0x00, 0x00, 0x00, 0x00,
  0x00, 0x00, 0x00, 0x00, 0x00, 0x00, 0x00, 0x00, 0x00, 0x00, 0x00, 0x00,
  0x00, 0x00, 0x00, 0x00, 0x00, 0x00, 0x00, 0x00, 0x00, 0x00, 0x00, 0x00,
  0x01, 0x00, 0x00, 0x00, 0x00, 0x00, 0x00, 0x00, 0x00, 0x00, 0x01, 0x02,
  0x08, 0x00, 0x2b, 0xb5, 0xfe, 0xf8, 0xf6, 0xfa, 0xfc, 0xfc, 0xfd, 0xfb,
  0xfa, 0xfa, 0xfb, 0xfa, 0xfa, 0xfa, 0xfb, 0xfc, 0xfb, 0xfa, 0xfb, 0xfb,
  0xfc, 0xfc, 0xfc, 0xfb, 0xfb, 0xfa, 0xf9, 0xfa, 0xfb, 0xfb, 0xfc, 0xfc,
  0xfd, 0xfd, 0xfd, 0xfd, 0xfd, 0xfc, 0xfd, 0xfc, 0xfb, 0xfc, 0xfb, 0xfc,
  0xfb, 0xfb, 0xfc, 0xfc, 0xfb, 0xfc, 0xfb, 0xfa, 0xfb, 0xfc, 0xfb, 0xfc,
  0xfd, 0xfd, 0xfc, 0xfb, 0xfb, 0xfc, 0xfd, 0xfd, 0xfc, 0xfc, 0xfb, 0xfa,
  0xfb, 0xfa, 0xfa, 0xfa, 0xfb, 0xfa, 0xfa, 0xf9, 0xf9, 0xfa, 0xf9, 0xf6,
  0xf7, 0xff, 0xbc, 0x2b, 0x00, 0x05, 0x02, 0x03, 0x01, 0x00, 0x00, 0x00,
  0x00, 0x00, 0x00, 0x00, 0x00, 0x00, 0x00, 0x00, 0x00, 0x00, 0x00, 0x00,
  0x00, 0x00, 0x00, 0x00, 0x00, 0x00, 0x00, 0x00, 0x00, 0x00, 0x00, 0x00,
  0x00, 0x00, 0x00, 0x00, 0x00, 0x00, 0x00, 0x00, 0x00, 0x00, 0x00, 0x00,
  0x00, 0x00, 0x00, 0x00, 0x00, 0x00, 0x00, 0x00, 0x00, 0x00, 0x00, 0x00,
  0x00, 0x00, 0x00, 0x00, 0x00, 0x00, 0x00, 0x00, 0x00, 0x00, 0x00, 0x00,
  0x00, 0x00, 0x00, 0x00, 0x00, 0x00, 0x00, 0x00, 0x00, 0x00, 0x00, 0x00,
  0x00, 0x00, 0x00, 0x00, 0x01, 0x01, 0x02, 0x08, 0x00, 0x7d, 0xf5, 0xff,
  0xf6, 0xf8, 0xfa, 0xfc, 0xfb, 0xfc, 0xfc, 0xfc, 0xfd, 0xfc, 0xfb, 0xfc,
  0xfc, 0xfb, 0xfc, 0xfb, 0xfc, 0xfb, 0xfa, 0xfb, 0xfb, 0xfa, 0xfa, 0xfb,
  0xfb, 0xfa, 0xfa, 0xfb, 0xfa, 0xfb, 0xfc, 0xfb, 0xfb, 0xfc, 0xfd, 0xfc,
  0xf9, 0xf7, 0xf1, 0xfc, 0xf2, 0x7f, 0x0d, 0x00, 0x06, 0x02, 0x01, 0x00,
  0x00, 0x00, 0x00, 0x00, 0x00, 0x00, 0x00, 0x00, 0x00, 0x00, 0x00, 0x00,
  0x00, 0x00, 0x00, 0x00, 0x00, 0x00, 0x00, 0x00, 0x00, 0x00, 0x00, 0x00,
  0x00, 0x00, 0x00, 0x00, 0x00, 0x00, 0x00, 0x00, 0x00, 0x00, 0x00, 0x00,
  0x00, 0x00, 0x00, 0x00, 0x00, 0x00, 0x00, 0x00, 0x00, 0x00, 0x00, 0x00,
  0x00, 0x00, 0x00, 0x00, 0x00, 0x00, 0x00, 0x00, 0x00, 0x00, 0x00, 0x00,
  0x00, 0x00, 0x00, 0x00, 0x00, 0x00, 0x00, 0x00, 0x01, 0x01, 0x00, 0x01,
  0x02, 0x02, 0x03, 0x04, 0x03, 0x02, 0x03, 0x02, 0x01, 0x01, 0x00, 0x00,
  0x00, 0x00, 0x00, 0x00, 0x00, 0x00, 0x00, 0x00, 0x00, 0x00, 0x00, 0x00,
  0x00, 0x00, 0x00, 0x00, 0x00, 0x00, 0x00, 0x00, 0x00, 0x00, 0x00, 0x00,
  0x00, 0x00, 0x00, 0x00, 0x00, 0x00, 0x00, 0x00, 0x00, 0x00, 0x00, 0x00,
  0x00, 0x00, 0x00, 0x00, 0x00, 0x00, 0x00, 0x00, 0x00, 0x00, 0x00, 0x03,
  0x07, 0x09, 0x00, 0x0f, 0xcc, 0xfc, 0xf9, 0xf9, 0xfb, 0xfc, 0xfb, 0xfb,
  0xfc, 0xfb, 0xfa, 0xfb, 0xfa, 0xfb, 0xfb, 0xfb, 0xfb, 0xfb, 0xfa, 0xfa,
  0xfa, 0xfa, 0xfb, 0xfa, 0xfa, 0xfa, 0xfb, 0xfc, 0xfb, 0xfc, 0xfc, 0xfc,
  0xfb, 0xfc, 0xfd, 0xfc, 0xfd, 0xfd, 0xfc, 0xfd, 0xfe, 0xfb, 0xff, 0xa4,
  0x22, 0x00, 0x05, 0x05, 0x02, 0x01, 0x00, 0x00, 0x00, 0x00, 0x00, 0x00,
  0x00, 0x00, 0x00, 0x00, 0x00, 0x00, 0x00, 0x00, 0x00, 0x00, 0x00, 0x00,
  0x00, 0x00, 0x00, 0x00, 0x00, 0x00, 0x01, 0x01, 0x01, 0x01, 0x01, 0x01,
  0x00, 0x00, 0x00, 0x00, 0x00, 0x00, 0x00, 0x00, 0x00, 0x00, 0x00, 0x00,
  0x00, 0x00, 0x00, 0x00, 0x00, 0x00, 0x00, 0x00, 0x00, 0x00, 0x00, 0x00,
  0x00, 0x00, 0x00, 0x00, 0x00, 0x01, 0x02, 0x03, 0x03, 0x03, 0x02, 0x01,
  0x01, 0x00, 0x01, 0x04, 0x08, 0x0b, 0x05, 0x00, 0x26, 0xb2, 0xfd, 0xfa,
  0xf5, 0xf8, 0xf9, 0xfa, 0xfb, 0xfb, 0xfa, 0xfb, 0xfb, 0xfb, 0xfb, 0xfb,
  0xfb, 0xfa, 0xfb, 0xfc, 0xfb, 0xfb, 0xfc, 0xfb, 0xfc, 0xfd, 0xfc, 0xfc,
  0xfb, 0xfc, 0xfb, 0xfc, 0xfb, 0xfa, 0xfa, 0xfb, 0xfc, 0xfc, 0xfd, 0xfd,
  0xfc, 0xfb, 0xf9, 0xfa, 0xfe, 0xf3, 0x56, 0x00, 0x0b, 0x03, 0x02, 0x01,
  0x00, 0x00, 0x00, 0x00, 0x00, 0x00, 0x00, 0x00, 0x00, 0x00, 0x00, 0x00,
  0x00, 0x00, 0x00, 0x00, 0x00, 0x00, 0x00, 0x00, 0x00, 0x00, 0x00, 0x00,
  0x00, 0x00, 0x00, 0x00, 0x00, 0x00, 0x00, 0x00, 0x00, 0x00, 0x00, 0x00,
  0x00, 0x00, 0x00, 0x00, 0x00, 0x00, 0x00, 0x00, 0x00, 0x00, 0x00, 0x00,
  0x00, 0x00, 0x00, 0x00, 0x00, 0x00, 0x00, 0x00, 0x00, 0x00, 0x00, 0x00,
  0x00, 0x00, 0x00, 0x00, 0x00, 0x00, 0x00, 0x00, 0x00, 0x00, 0x00, 0x03,
  0x04, 0x07, 0x00, 0x11, 0x98, 0xfe, 0xfa, 0xf7, 0xf9, 0xf9, 0xf9, 0xfa,
  0xfa, 0xfb, 0xfa, 0xfa, 0xfa, 0xfb, 0xfa, 0xfb, 0xfc, 0xfd, 0xfc, 0xfb,
  0xfb, 0xfb, 0xfc, 0xfd, 0xfd, 0xfc, 0xfb, 0xfc, 0xfc, 0xfb, 0xfc, 0xfb,
  0xfa, 0xfb, 0xfb, 0xfa, 0xfb, 0xfc, 0xfb, 0xfb, 0xfb, 0xfb, 0xfb, 0xfb,
  0xfb, 0xfb, 0xfb, 0xfc, 0xfb, 0xfb, 0xfb, 0xfc, 0xfb, 0xfc, 0xfd, 0xfc,
  0xfd, 0xfc, 0xfb, 0xfc, 0xfc, 0xfb, 0xfb, 0xfa, 0xfb, 0xfb, 0xfa, 0xfb,
  0xfc, 0xfb, 0xfc, 0xfb, 0xfa, 0xfb, 0xfa, 0xf9, 0xfa, 0xfa, 0xf9, 0xf8,
  0xf2, 0xf5, 0xfe, 0xb8, 0x2f, 0x00, 0x0a, 0x03, 0x02, 0x01, 0x00, 0x00,
  0x01, 0x00, 0x00, 0x00, 0x00, 0x00, 0x00, 0x00, 0x00, 0x00, 0x00, 0x00,
  0x00, 0x00, 0x00, 0x00, 0x00, 0x00, 0x00, 0x00, 0x00, 0x00, 0x00, 0x00,
  0x00, 0x00, 0x00, 0x00, 0x00, 0x00, 0x00, 0x00, 0x00, 0x00, 0x00, 0x00,
  0x01, 0x01, 0x00, 0x00, 0x00, 0x00, 0x00, 0x00, 0x00, 0x00, 0x00, 0x00,
  0x00, 0x00, 0x00, 0x00, 0x00, 0x00, 0x00, 0x00, 0x00, 0x00, 0x00, 0x00,
  0x00, 0x00, 0x00, 0x00, 0x00, 0x00, 0x00, 0x00, 0x00, 0x00, 0x00, 0x00,
  0x00, 0x00, 0x00, 0x00, 0x00, 0x00, 0x00, 0x00, 0x00, 0x00, 0x00, 0x00,
  0x00, 0x00, 0x00, 0x00, 0x00, 0x00, 0x00, 0x00, 0x00, 0x00, 0x00, 0x00,
  0x00, 0x00, 0x00, 0x00, 0x00, 0x00, 0x00, 0x00, 0x00, 0x00, 0x00, 0x00,
  0x00, 0x00, 0x00, 0x00, 0x00, 0x00, 0x00, 0x00, 0x00, 0x00, 0x00, 0x00,
  0x00, 0x00, 0x00, 0x00, 0x00, 0x00, 0x00, 0x00, 0x00, 0x00, 0x00, 0x00,
  0x00, 0x00, 0x00, 0x01, 0x03, 0x05, 0x03, 0x05, 0x73, 0xee, 0xff, 0xf5,
  0xf8, 0xfa, 0xfd, 0xfd, 0xfc, 0xfb, 0xfa, 0xfb, 0xfb, 0xfb, 0xfc, 0xfb,
  0xfa, 0xfb, 0xfb, 0xfa, 0xfb, 0xfb, 0xfb, 0xfb, 0xfb, 0xfb, 0xfb, 0xfa,
  0xfa, 0xfa, 0xfa, 0xfb, 0xfc, 0xfb, 0xfc, 0xfc, 0xfb, 0xfc, 0xfc, 0xfc,
  0xfd, 0xfc, 0xfc, 0xfd, 0xfc, 0xfb, 0xfc, 0xfb, 0xfc, 0xfc, 0xfb, 0xfc,
  0xfb, 0xfa, 0xfa, 0xfb, 0xfc, 0xfc, 0xfc, 0xfc, 0xfc, 0xfb, 0xfb, 0xfd,
  0xfd, 0xfc, 0xfb, 0xfc, 0xfb, 0xfb, 0xfc, 0xfb, 0xfc, 0xfb, 0xfa, 0xfa,
  0xfa, 0xfa, 0xfb, 0xfa, 0xf9, 0xf9, 0xf5, 0xfb, 0xf8, 0x88, 0x00, 0x06,
  0x03, 0x04, 0x02, 0x00, 0x00, 0x00, 0x00, 0x00, 0x00, 0x00, 0x00, 0x00,
  0x00, 0x00, 0x00, 0x00, 0x00, 0x00, 0x00, 0x00, 0x00, 0x00, 0x00, 0x00,
  0x00, 0x00, 0x00, 0x00, 0x00, 0x00, 0x00, 0x00, 0x00, 0x00, 0x00, 0x00,
  0x00, 0x00, 0x00, 0x00, 0x00, 0x00, 0x00, 0x00, 0x00, 0x00, 0x00, 0x00,
  0x00, 0x00, 0x00, 0x00, 0x00, 0x00, 0x00, 0x00, 0x00, 0x00, 0x00, 0x00,
  0x00, 0x00, 0x00, 0x00, 0x00, 0x00, 0x00, 0x00, 0x00, 0x00, 0x00, 0x00,
  0x00, 0x00, 0x00, 0x00, 0x00, 0x00, 0x00, 0x00, 0x00, 0x00, 0x01, 0x01,
  0x02, 0x08, 0x00, 0x7d, 0xf5, 0xff, 0xf6, 0xf8, 0xfa, 0xfb, 0xfb, 0xfa,
  0xfb, 0xfb, 0xfc, 0xfc, 0xfb, 0xfb, 0xfc, 0xfc, 0xfb, 0xfc, 0xfb, 0xfa,
  0xfa, 0xfa, 0xfb, 0xfb, 0xfb, 0xfb, 0xfa, 0xfb, 0xfb, 0xfa, 0xfb, 0xfa,
  0xfb, 0xfb, 0xfb, 0xfc, 0xfc, 0xfc, 0xf9, 0xf7, 0xf1, 0xfc, 0xf0, 0x7b,
  0x0a, 0x00, 0x05, 0x01, 0x02, 0x01, 0x00, 0x00, 0x00, 0x00, 0x00, 0x00,
  0x00, 0x00, 0x00, 0x00, 0x00, 0x00, 0x00, 0x00, 0x00, 0x00, 0x00, 0x00,
  0x00, 0x00, 0x00, 0x00, 0x00, 0x00, 0x00, 0x00, 0x00, 0x00, 0x00, 0x00,
  0x00, 0x00, 0x00, 0x00, 0x00, 0x00, 0x00, 0x00, 0x00, 0x00, 0x00, 0x00,
  0x00, 0x00, 0x00, 0x00, 0x00, 0x00, 0x00, 0x00, 0x00, 0x00, 0x00, 0x00,
  0x00, 0x00, 0x00, 0x00, 0x00, 0x00, 0x00, 0x00, 0x00, 0x00, 0x00, 0x00,
  0x00, 0x00, 0x01, 0x01, 0x00, 0x01, 0x01, 0x02, 0x03, 0x04, 0x03, 0x02,
  0x03, 0x02, 0x01, 0x00, 0x00, 0x00, 0x00, 0x00, 0x00, 0x00, 0x00, 0x00,
  0x00, 0x00, 0x00, 0x00, 0x00, 0x00, 0x00, 0x00, 0x00, 0x00, 0x00, 0x00,
  0x00, 0x00, 0x00, 0x00, 0x00, 0x00, 0x00, 0x00, 0x00, 0x00, 0x00, 0x00,
  0x00, 0x00, 0x00, 0x00, 0x00, 0x00, 0x00, 0x00, 0x00, 0x00, 0x00, 0x00,
  0x00, 0x00, 0x00, 0x00, 0x00, 0x03, 0x07, 0x09, 0x00, 0x0f, 0xcc, 0xfc,
  0xf9, 0xfa, 0xfb, 0xfc, 0xfd, 0xfc, 0xfb, 0xfc, 0xfb, 0xfa, 0xfb, 0xfb,
  0xfb, 0xfa, 0xfb, 0xfb, 0xfb, 0xfb, 0xfc, 0xfb, 0xfa, 0xfb, 0xfc, 0xfb,
  0xfb, 0xfc, 0xfc, 0xfb, 0xfa, 0xfb, 0xfb, 0xfc, 0xfd, 0xfc, 0xfc, 0xfd,
  0xfc, 0xfd, 0xfd, 0xfa, 0xff, 0xa3, 0x22, 0x00, 0x05, 0x05, 0x02, 0x00,
  0x00, 0x00, 0x00, 0x00, 0x00, 0x00, 0x00, 0x00, 0x00, 0x00, 0x00, 0x00,
  0x00, 0x00, 0x00, 0x00, 0x00, 0x00, 0x00, 0x00, 0x00, 0x00, 0x00, 0x00,
  0x00, 0x01, 0x00, 0x00, 0x01, 0x01, 0x00, 0x00, 0x00, 0x00, 0x00, 0x00,
  0x00, 0x00, 0x00, 0x00, 0x00, 0x00, 0x00, 0x00, 0x00, 0x00, 0x00, 0x00,
  0x00, 0x00, 0x00, 0x00, 0x00, 0x00, 0x00, 0x00, 0x00, 0x00, 0x00, 0x01,
  0x01, 0x01, 0x02, 0x02, 0x03, 0x01, 0x00, 0x01, 0x02, 0x04, 0x06, 0x08,
  0x06, 0x04, 0x00, 0x2f, 0xc5, 0xff, 0xf8, 0xf6, 0xfb, 0xfb, 0xfb, 0xfc,
  0xfb, 0xfa, 0xfa, 0xfa, 0xfb, 0xfa, 0xfa, 0xfa, 0xfb, 0xfc, 0xfb, 0xfb,
  0xfc, 0xfb, 0xfb, 0xfc, 0xfd, 0xfc, 0xfc, 0xfc, 0xfb, 0xfc, 0xfb, 0xfa,
  0xfb, 0xfc, 0xfb, 0xfc, 0xfd, 0xfe, 0xfd, 0xfc, 0xfa, 0xfb, 0xfc, 0xfe,
  0x79, 0x02, 0x05, 0x06, 0x02, 0x01, 0x00, 0x00, 0x00, 0x00, 0x00, 0x00,
  0x00, 0x00, 0x00, 0x00, 0x00, 0x00, 0x00, 0x00, 0x00, 0x00, 0x00, 0x00,
  0x00, 0x00, 0x00, 0x00, 0x00, 0x00, 0x00, 0x00, 0x00, 0x00, 0x00, 0x00,
  0x00, 0x00, 0x00, 0x00, 0x00, 0x00, 0x00, 0x00, 0x00, 0x00, 0x00, 0x00,
  0x00, 0x00, 0x00, 0x00, 0x00, 0x00, 0x00, 0x00, 0x00, 0x00, 0x00, 0x00,
  0x00, 0x00, 0x00, 0x00, 0x00, 0x00, 0x00, 0x00, 0x00, 0x00, 0x00, 0x00,
  0x00, 0x00, 0x00, 0x00, 0x00, 0x04, 0x04, 0x0b, 0x00, 0x5f, 0xe6, 0xff,
  0xf7, 0xf9, 0xfa, 0xf9, 0xfb, 0xfa, 0xfa, 0xfb, 0xfb, 0xfb, 0xfc, 0xfb,
  0xfb, 0xfc, 0xfb, 0xfc, 0xfd, 0xfc, 0xfc, 0xfc, 0xfc, 0xfd, 0xfd, 0xfc,
  0xfc, 0xfb, 0xfb, 0xfc, 0xfb, 0xfb, 0xfa, 0xfa, 0xfb, 0xfb, 0xfc, 0xfb,
  0xfc, 0xfc, 0xfc, 0xfc, 0xfc, 0xfc, 0xfd, 0xfc, 0xfb, 0xfc, 0xfb, 0xfb,
  0xfa, 0xfb, 0xfc, 0xfb, 0xfc, 0xfd, 0xfc, 0xfc, 0xfb, 0xfa, 0xfb, 0xfb,
  0xfb, 0xfb, 0xfa, 0xf9, 0xfa, 0xfb, 0xfb, 0xfc, 0xfc, 0xfc, 0xfb, 0xfa,
  0xfb, 0xfa, 0xf9, 0xf9, 0xf9, 0xf7, 0xf6, 0xf1, 0xfd, 0xf3, 0x7b, 0x04,
  0x04, 0x08, 0x03, 0x03, 0x02, 0x01, 0x00, 0x00, 0x01, 0x00, 0x00, 0x00,
  0x00, 0x00, 0x00, 0x00, 0x00, 0x00, 0x00, 0x00, 0x00, 0x00, 0x00, 0x00,
  0x00, 0x00, 0x00, 0x00, 0x00, 0x00, 0x00, 0x00, 0x00, 0x00, 0x00, 0x00,
  0x00, 0x00, 0x00, 0x00, 0x00, 0x00, 0x00, 0x00, 0x00, 0x00, 0x00, 0x00,
  0x00, 0x00, 0x00, 0x00, 0x01, 0x00, 0x00, 0x00, 0x00, 0x00, 0x00, 0x00,
  0x00, 0x00, 0x00, 0x00, 0x00, 0x00, 0x00, 0x00, 0x00, 0x00, 0x00, 0x00,
  0x00, 0x00, 0x00, 0x00, 0x00, 0x00, 0x00, 0x00, 0x00, 0x00, 0x00, 0x00,
  0x00, 0x00, 0x00, 0x00, 0x00, 0x00, 0x00, 0x00, 0x00, 0x00, 0x00, 0x00,
  0x00, 0x00, 0x00, 0x00, 0x00, 0x00, 0x00, 0x00, 0x00, 0x00, 0x00, 0x00,
  0x00, 0x00, 0x00, 0x00, 0x00, 0x00, 0x00, 0x00, 0x00, 0x00, 0x00, 0x00,
  0x00, 0x00, 0x00, 0x00, 0x00, 0x00, 0x00, 0x00, 0x00, 0x00, 0x00, 0x00,
  0x00, 0x00, 0x00, 0x00, 0x00, 0x00, 0x00, 0x00, 0x00, 0x03, 0x06, 0x0b,
  0x00, 0x39, 0xc6, 0xff, 0xf7, 0xf9, 0xfc, 0xfc, 0xfd, 0xfe, 0xfc, 0xfb,
  0xfb, 0xfb, 0xfc, 0xfc, 0xfc, 0xfb, 0xfa, 0xfa, 0xfb, 0xfb, 0xfa, 0xfa,
  0xfa, 0xfb, 0xfb, 0xfa, 0xfa, 0xfb, 0xfb, 0xfb, 0xfb, 0xfb, 0xfb, 0xfc,
  0xfc, 0xfc, 0xfc, 0xfc, 0xfd, 0xfe, 0xfd, 0xfc, 0xfd, 0xfd, 0xfd, 0xfc,
  0xfb, 0xfc, 0xfb, 0xfb, 0xfc, 0xfc, 0xfb, 0xfa, 0xfa, 0xfb, 0xfb, 0xfb,
  0xfc, 0xfc, 0xfc, 0xfb, 0xfb, 0xfc, 0xfc, 0xfc, 0xfc, 0xfb, 0xfa, 0xfb,
  0xfc, 0xfc, 0xfb, 0xfb, 0xfb, 0xfb, 0xfb, 0xfb, 0xfb, 0xfa, 0xfa, 0xfa,
  0xf7, 0xf5, 0xff, 0xd3, 0x48, 0x01, 0x09, 0x04, 0x02, 0x00, 0x00, 0x00,
  0x00, 0x00, 0x00, 0x00, 0x00, 0x00, 0x00, 0x00, 0x00, 0x00, 0x00, 0x00,
  0x00, 0x00, 0x00, 0x00, 0x00, 0x00, 0x00, 0x00, 0x00, 0x00, 0x00, 0x00,
  0x00, 0x00, 0x00, 0x00, 0x00, 0x00, 0x00, 0x00, 0x00, 0x00, 0x00, 0x00,
  0x00, 0x00, 0x00, 0x00, 0x00, 0x00, 0x00, 0x00, 0x00, 0x00, 0x00, 0x00,
  0x00, 0x00, 0x00, 0x00, 0x00, 0x00, 0x00, 0x00, 0x00, 0x00, 0x00, 0x00,
  0x00, 0x00, 0x00, 0x00, 0x00, 0x00, 0x00, 0x00, 0x00, 0x00, 0x00, 0x00,
  0x00, 0x00, 0x00, 0x00, 0x01, 0x01, 0x01, 0x08, 0x00, 0x7d, 0xf5, 0xff,
  0xf6, 0xf8, 0xfa, 0xfb, 0xfb, 0xfa, 0xfa, 0xfc, 0xfb, 0xfb, 0xfc, 0xfc,
  0xfb, 0xfc, 0xfb, 0xfb, 0xfb, 0xfb, 0xfb, 0xfb, 0xfa, 0xfa, 0xfb, 0xfb,
  0xfa, 0xfb, 0xfb, 0xfa, 0xfb, 0xfa, 0xfb, 0xfb, 0xfa, 0xfb, 0xfb, 0xfb,
  0xf9, 0xf7, 0xf0, 0xfc, 0xee, 0x78, 0x0a, 0x00, 0x03, 0x00, 0x01, 0x01,
  0x00, 0x00, 0x00, 0x00, 0x00, 0x00, 0x00, 0x00, 0x00, 0x00, 0x00, 0x00,
  0x00, 0x00, 0x00, 0x00, 0x00, 0x00, 0x00, 0x00, 0x00, 0x00, 0x00, 0x00,
  0x00, 0x00, 0x00, 0x00, 0x00, 0x00, 0x00, 0x00, 0x00, 0x00, 0x00, 0x00,
  0x00, 0x00, 0x00, 0x00, 0x00, 0x00, 0x00, 0x00, 0x00, 0x00, 0x00, 0x00,
  0x00, 0x00, 0x00, 0x00, 0x00, 0x00, 0x00, 0x00, 0x00, 0x00, 0x00, 0x00,
  0x00, 0x00, 0x00, 0x00, 0x00, 0x00, 0x00, 0x00, 0x00, 0x00, 0x00, 0x01,
  0x01, 0x01, 0x01, 0x02, 0x02, 0x02, 0x02, 0x02, 0x01, 0x00, 0x00, 0x00,
  0x00, 0x00, 0x00, 0x00, 0x00, 0x00, 0x00, 0x00, 0x00, 0x00, 0x00, 0x00,
  0x00, 0x00, 0x00, 0x00, 0x00, 0x00, 0x00, 0x00, 0x00, 0x00, 0x00, 0x00,
  0x00, 0x00, 0x00, 0x00, 0x00, 0x00, 0x00, 0x00, 0x00, 0x00, 0x00, 0x00,
  0x00, 0x00, 0x00, 0x00, 0x00, 0x00, 0x00, 0x00, 0x00, 0x00, 0x00, 0x03,
  0x07, 0x09, 0x00, 0x10, 0xcd, 0xfc, 0xf8, 0xf9, 0xfb, 0xfc, 0xfd, 0xfc,
  0xfb, 0xfc, 0xfb, 0xfa, 0xfb, 0xfa, 0xfa, 0xfb, 0xfc, 0xfc, 0xfc, 0xfc,
  0xfb, 0xfb, 0xfa, 0xfb, 0xfc, 0xfc, 0xfc, 0xfb, 0xfb, 0xfa, 0xfa, 0xfb,
  0xfb, 0xfc, 0xfc, 0xfd, 0xfd, 0xfc, 0xfc, 0xfd, 0xfd, 0xfa, 0xff, 0xa3,
  0x21, 0x00, 0x05, 0x05, 0x02, 0x01, 0x00, 0x00, 0x00, 0x00, 0x00, 0x00,
  0x00, 0x00, 0x00, 0x00, 0x00, 0x00, 0x00, 0x00, 0x00, 0x00, 0x00, 0x00,
  0x00, 0x00, 0x00, 0x00, 0x00, 0x00, 0x00, 0x00, 0x00, 0x00, 0x00, 0x00,
  0x00, 0x00, 0x00, 0x00, 0x00, 0x00, 0x00, 0x00, 0x00, 0x00, 0x00, 0x00,
  0x00, 0x00, 0x00, 0x00, 0x00, 0x00, 0x00, 0x00, 0x00, 0x00, 0x00, 0x00,
  0x00, 0x00, 0x00, 0x00, 0x00, 0x00, 0x01, 0x01, 0x02, 0x02, 0x02, 0x01,
  0x00, 0x01, 0x01, 0x02, 0x03, 0x02, 0x04, 0x06, 0x04, 0x00, 0x59, 0xe5,
  0xfd, 0xf6, 0xfb, 0xfc, 0xfd, 0xfc, 0xfb, 0xfb, 0xfb, 0xfb, 0xfb, 0xfa,
  0xfa, 0xfb, 0xfb, 0xfb, 0xfb, 0xfb, 0xfb, 0xfc, 0xfc, 0xfc, 0xfd, 0xfd,
  0xfd, 0xfc, 0xfc, 0xfb, 0xfa, 0xfb, 0xfa, 0xfb, 0xfc, 0xfc, 0xfd, 0xfe,
  0xfe, 0xfc, 0xfb, 0xfc, 0xfb, 0xff, 0x99, 0x14, 0x00, 0x0b, 0x02, 0x02,
  0x00, 0x00, 0x00, 0x00, 0x00, 0x00, 0x00, 0x00, 0x00, 0x00, 0x00, 0x00,
  0x00, 0x00, 0x00, 0x00, 0x00, 0x00, 0x00, 0x00, 0x00, 0x00, 0x00, 0x00,
  0x00, 0x00, 0x00, 0x00, 0x00, 0x00, 0x00, 0x00, 0x00, 0x00, 0x00, 0x00,
  0x00, 0x00, 0x00, 0x00, 0x00, 0x00, 0x00, 0x00, 0x00, 0x00, 0x00, 0x00,
  0x00, 0x00, 0x00, 0x00, 0x00, 0x00, 0x00, 0x00, 0x00, 0x00, 0x00, 0x00,
  0x00, 0x00, 0x00, 0x00, 0x00, 0x00, 0x00, 0x00, 0x00, 0x00, 0x01, 0x02,
  0x07, 0x03, 0x25, 0xb4, 0xff, 0xf8, 0xf6, 0xfa, 0xfb, 0xfb, 0xfa, 0xfb,
  0xfb, 0xfb, 0xfb, 0xfc, 0xfc, 0xfb, 0xfb, 0xfc, 0xfb, 0xfc, 0xfd, 0xfd,
  0xfd, 0xfd, 0xfd, 0xfc, 0xfc, 0xfc, 0xfc, 0xfb, 0xfb, 0xfc, 0xfb, 0xfa,
  0xfa, 0xfa, 0xfa, 0xfc, 0xfc, 0xfb, 0xfc, 0xfd, 0xfd, 0xfc, 0xfd, 0xfd,
  0xfc, 0xfc, 0xfb, 0xfc, 0xfb, 0xfb, 0xfa, 0xfb, 0xfc, 0xfb, 0xfc, 0xfc,
  0xfc, 0xfc, 0xfb, 0xfa, 0xfb, 0xfb, 0xfb, 0xfb, 0xfa, 0xf9, 0xfa, 0xfb,
  0xfb, 0xfb, 0xfb, 0xfb, 0xfb, 0xfb, 0xfb, 0xfb, 0xfa, 0xfa, 0xfa, 0xf9,
  0xf9, 0xf7, 0xf7, 0xff, 0xd2, 0x41, 0x00, 0x0d, 0x05, 0x04, 0x04, 0x02,
  0x00, 0x00, 0x01, 0x00, 0x00, 0x00, 0x00, 0x00, 0x00, 0x00, 0x00, 0x00,
  0x00, 0x00, 0x00, 0x00, 0x00, 0x00, 0x00, 0x00, 0x00, 0x00, 0x00, 0x00,
  0x00, 0x00, 0x00, 0x00, 0x00, 0x00, 0x00, 0x00, 0x00, 0x00, 0x00, 0x00,
  0x00, 0x00, 0x00, 0x00, 0x00, 0x00, 0x00, 0x00, 0x00, 0x00, 0x00, 0x00,
  0x00, 0x00, 0x00, 0x00, 0x00, 0x00, 0x00, 0x00, 0x00, 0x00, 0x00, 0x00,
  0x00, 0x00, 0x00, 0x00, 0x00, 0x00, 0x00, 0x00, 0x00, 0x00, 0x00, 0x00,
  0x00, 0x00, 0x00, 0x00, 0x00, 0x00, 0x00, 0x00, 0x00, 0x00, 0x00, 0x00,
  0x00, 0x00, 0x00, 0x00, 0x00, 0x00, 0x00, 0x00, 0x00, 0x00, 0x00, 0x00,
  0x00, 0x00, 0x00, 0x00, 0x00, 0x00, 0x00, 0x00, 0x00, 0x00, 0x00, 0x00,
  0x00, 0x00, 0x00, 0x00, 0x00, 0x00, 0x00, 0x00, 0x00, 0x00, 0x00, 0x00,
  0x00, 0x00, 0x00, 0x00, 0x00, 0x00, 0x00, 0x00, 0x00, 0x00, 0x00, 0x00,
  0x00, 0x00, 0x01, 0x04, 0x0c, 0x04, 0x11, 0x89, 0xf6, 0xfa, 0xf2, 0xfb,
  0xfd, 0xfe, 0xfe, 0xfd, 0xfd, 0xfc, 0xfb, 0xfc, 0xfc, 0xfb, 0xfc, 0xfb,
  0xfa, 0xfa, 0xfa, 0xfa, 0xfb, 0xfb, 0xfb, 0xfa, 0xfa, 0xfa, 0xfb, 0xfa,
  0xfa, 0xfb, 0xfa, 0xfa, 0xfb, 0xfc, 0xfd, 0xfd, 0xfc, 0xfd, 0xfe, 0xfd,
  0xfd, 0xfd, 0xfc, 0xfc, 0xfc, 0xfc, 0xfc, 0xfb, 0xfc, 0xfc, 0xfb, 0xfb,
  0xfb, 0xfa, 0xfb, 0xfa, 0xf9, 0xfa, 0xfb, 0xfc, 0xfd, 0xfb, 0xfc, 0xfb,
  0xfb, 0xfc, 0xfc, 0xfb, 0xfb, 0xfb, 0xfb, 0xfc, 0xfb, 0xfb, 0xfc, 0xfc,
  0xfb, 0xfb, 0xfa, 0xfb, 0xfc, 0xfb, 0xf7, 0xf2, 0xf8, 0xfb, 0xa8, 0x07,
  0x06, 0x06, 0x02, 0x00, 0x00, 0x00, 0x00, 0x00, 0x00, 0x00, 0x00, 0x00,
  0x00, 0x00, 0x00, 0x00, 0x00, 0x00, 0x00, 0x00, 0x00, 0x00, 0x00, 0x00,
  0x00, 0x00, 0x00, 0x00, 0x00, 0x00, 0x00, 0x00, 0x00, 0x00, 0x00, 0x00,
  0x00, 0x00, 0x00, 0x00, 0x00, 0x01, 0x00, 0x00, 0x00, 0x01, 0x00, 0x00,
  0x00, 0x00, 0x00, 0x00, 0x00, 0x00, 0x00, 0x00, 0x00, 0x00, 0x00, 0x00,
  0x01, 0x00, 0x00, 0x00, 0x00, 0x00, 0x00, 0x00, 0x00, 0x00, 0x00, 0x00,
  0x00, 0x00, 0x00, 0x00, 0x00, 0x00, 0x00, 0x00, 0x00, 0x00, 0x01, 0x01,
  0x01, 0x08, 0x00, 0x7e, 0xf6, 0xff, 0xf6, 0xf8, 0xfa, 0xfb, 0xfc, 0xfb,
  0xfb, 0xfb, 0xfc, 0xfc, 0xfb, 0xfb, 0xfc, 0xfb, 0xfc, 0xfc, 0xfc, 0xfc,
  0xfb, 0xfb, 0xfb, 0xfb, 0xfa, 0xfa, 0xfb, 0xfa, 0xfa, 0xfa, 0xfb, 0xfb,
  0xfa, 0xfa, 0xfa, 0xfa, 0xfa, 0xfb, 0xf9, 0xf8, 0xf0, 0xfd, 0xed, 0x75,
  0x09, 0x00, 0x03, 0x00, 0x00, 0x00, 0x00, 0x00, 0x00, 0x00, 0x00, 0x00,
  0x00, 0x00, 0x00, 0x00, 0x00, 0x00, 0x00, 0x00, 0x00, 0x00, 0x00, 0x00,
  0x00, 0x00, 0x00, 0x00, 0x00, 0x00, 0x00, 0x00, 0x00, 0x00, 0x00, 0x00,
  0x00, 0x00, 0x00, 0x00, 0x00, 0x00, 0x00, 0x00, 0x00, 0x00, 0x00, 0x00,
  0x00, 0x00, 0x00, 0x00, 0x00, 0x00, 0x00, 0x00, 0x00, 0x00, 0x00, 0x00,
  0x00, 0x00, 0x00, 0x00, 0x00, 0x00, 0x00, 0x00, 0x00, 0x00, 0x00, 0x00,
  0x00, 0x00, 0x00, 0x00, 0x00, 0x00, 0x00, 0x00, 0x00, 0x01, 0x01, 0x01,
  0x01, 0x01, 0x02, 0x01, 0x01, 0x00, 0x00, 0x00, 0x00, 0x00, 0x00, 0x00,
  0x00, 0x00, 0x00, 0x00, 0x00, 0x00, 0x00, 0x00, 0x00, 0x00, 0x00, 0x00,
  0x00, 0x00, 0x00, 0x00, 0x00, 0x00, 0x00, 0x00, 0x00, 0x00, 0x00, 0x00,
  0x00, 0x00, 0x00, 0x00, 0x00, 0x00, 0x01, 0x00, 0x00, 0x00, 0x00, 0x00,
  0x00, 0x00, 0x00, 0x00, 0x00, 0x03, 0x07, 0x09, 0x00, 0x11, 0xcd, 0xfc,
  0xf8, 0xf9, 0xfb, 0xfc, 0xfd, 0xfc, 0xfb, 0xfc, 0xfb, 0xfa, 0xfb, 0xfa,
  0xfa, 0xfb, 0xfc, 0xfb, 0xfb, 0xfc, 0xfb, 0xfa, 0xfa, 0xfb, 0xfc, 0xfb,
  0xfc, 0xfb, 0xfa, 0xfa, 0xfa, 0xfb, 0xfb, 0xfc, 0xfd, 0xfd, 0xfd, 0xfc,
  0xfc, 0xfd, 0xfd, 0xfa, 0xff, 0xa0, 0x1e, 0x00, 0x04, 0x05, 0x03, 0x00,
  0x00, 0x00, 0x00, 0x00, 0x00, 0x00, 0x00, 0x00, 0x00, 0x00, 0x00, 0x00,
  0x00, 0x00, 0x00, 0x00, 0x00, 0x00, 0x00, 0x00, 0x00, 0x00, 0x00, 0x00,
  0x00, 0x00, 0x00, 0x00, 0x00, 0x00, 0x00, 0x00, 0x00, 0x00, 0x00, 0x00,
  0x00, 0x00, 0x00, 0x00, 0x00, 0x00, 0x00, 0x00, 0x00, 0x00, 0x00, 0x00,
  0x00, 0x00, 0x00, 0x00, 0x00, 0x00, 0x00, 0x00, 0x00, 0x00, 0x00, 0x00,
  0x00, 0x00, 0x01, 0x01, 0x01, 0x01, 0x00, 0x00, 0x00, 0x00, 0x00, 0x00,
  0x03, 0x07, 0x0d, 0x01, 0x18, 0xaa, 0xfc, 0xfc, 0xf9, 0xfd, 0xfd, 0xfd,
  0xfc, 0xfb, 0xfb, 0xfc, 0xfb, 0xfb, 0xfb, 0xfa, 0xfb, 0xfa, 0xfb, 0xfc,
  0xfc, 0xfc, 0xfd, 0xfd, 0xfc, 0xfc, 0xfd, 0xfc, 0xfb, 0xfb, 0xfb, 0xfa,
  0xfb, 0xfb, 0xfb, 0xfc, 0xfd, 0xfd, 0xfd, 0xfc, 0xfc, 0xfd, 0xfb, 0xfe,
  0xaf, 0x26, 0x00, 0x0d, 0x03, 0x02, 0x00, 0x00, 0x00, 0x00, 0x00, 0x00,
  0x00, 0x00, 0x00, 0x00, 0x00, 0x00, 0x00, 0x00, 0x00, 0x00, 0x00, 0x00,
  0x00, 0x00, 0x00, 0x00, 0x00, 0x00, 0x00, 0x00, 0x00, 0x00, 0x00, 0x00,
  0x00, 0x00, 0x00, 0x00, 0x00, 0x00, 0x00, 0x00, 0x00, 0x00, 0x00, 0x00,
  0x00, 0x00, 0x00, 0x00, 0x00, 0x00, 0x00, 0x00, 0x00, 0x00, 0x00, 0x00,
  0x00, 0x00, 0x00, 0x00, 0x00, 0x00, 0x01, 0x00, 0x00, 0x00, 0x00, 0x00,
  0x00, 0x00, 0x00, 0x00, 0x00, 0x00, 0x06, 0x00, 0x7f, 0xf6, 0xfc, 0xf3,
  0xf7, 0xfa, 0xfc, 0xfc, 0xfb, 0xfa, 0xfa, 0xfa, 0xfb, 0xfb, 0xfb, 0xfc,
  0xfc, 0xfc, 0xfb, 0xfc, 0xfd, 0xfc, 0xfd, 0xfd, 0xfd, 0xfc, 0xfc, 0xfb,
  0xfb, 0xfa, 0xfb, 0xfc, 0xfb, 0xfa, 0xfb, 0xfb, 0xfb, 0xfb, 0xfb, 0xfb,
  0xfc, 0xfd, 0xfc, 0xfd, 0xfd, 0xfd, 0xfd, 0xfc, 0xfb, 0xfc, 0xfc, 0xfb,
  0xfa, 0xfb, 0xfc, 0xfc, 0xfc, 0xfc, 0xfc, 0xfc, 0xfb, 0xfa, 0xfb, 0xfb,
  0xfb, 0xfa, 0xfa, 0xfa, 0xf9, 0xfa, 0xfb, 0xfa, 0xfb, 0xfb, 0xfa, 0xfb,
  0xfa, 0xfa, 0xfa, 0xfb, 0xfb, 0xfb, 0xfb, 0xfc, 0xf9, 0xfd, 0xfa, 0x96,
  0x13, 0x05, 0x0b, 0x05, 0x04, 0x02, 0x01, 0x01, 0x00, 0x00, 0x00, 0x00,
  0x00, 0x00, 0x00, 0x00, 0x00, 0x00, 0x00, 0x00, 0x00, 0x00, 0x00, 0x00,
  0x00, 0x00, 0x00, 0x00, 0x00, 0x00, 0x00, 0x00, 0x00, 0x00, 0x00, 0x00,
  0x00, 0x00, 0x00, 0x00, 0x00, 0x00, 0x00, 0x00, 0x00, 0x00, 0x00, 0x00,
  0x00, 0x00, 0x00, 0x00, 0x00, 0x00, 0x00, 0x00, 0x00, 0x00, 0x00, 0x00,
  0x00, 0x00, 0x00, 0x00, 0x00, 0x01, 0x00, 0x00, 0x00, 0x00, 0x00, 0x00,
  0x00, 0x00, 0x00, 0x00, 0x00, 0x00, 0x00, 0x00, 0x00, 0x00, 0x00, 0x00,
  0x00, 0x00, 0x00, 0x00, 0x00, 0x00, 0x00, 0x00, 0x00, 0x00, 0x00, 0x00,
  0x00, 0x00, 0x00, 0x00, 0x00, 0x00, 0x00, 0x00, 0x00, 0x00, 0x00, 0x00,
  0x00, 0x00, 0x00, 0x00, 0x00, 0x00, 0x00, 0x00, 0x00, 0x00, 0x00, 0x00,
  0x00, 0x00, 0x00, 0x00, 0x00, 0x00, 0x00, 0x00, 0x00, 0x00, 0x00, 0x00,
  0x00, 0x00, 0x00, 0x00, 0x00, 0x00, 0x00, 0x01, 0x02, 0x06, 0x0b, 0x00,
  0x4c, 0xd7, 0xff, 0xf3, 0xf5, 0xfb, 0xfe, 0xff, 0xfe, 0xfe, 0xfe, 0xfc,
  0xfb, 0xfc, 0xfc, 0xfb, 0xfb, 0xfb, 0xfa, 0xfa, 0xfa, 0xfa, 0xfb, 0xfb,
  0xfb, 0xfa, 0xf9, 0xfa, 0xfa, 0xfb, 0xfa, 0xfb, 0xfa, 0xfa, 0xfb, 0xfc,
  0xfc, 0xfc, 0xfd, 0xfe, 0xfd, 0xfe, 0xfe, 0xfd, 0xfd, 0xfd, 0xfd, 0xfd,
  0xfc, 0xfc, 0xfc, 0xfb, 0xfa, 0xfa, 0xfa, 0xfa, 0xfb, 0xfa, 0xf9, 0xfa,
  0xfb, 0xfb, 0xfc, 0xfc, 0xfb, 0xfb, 0xfc, 0xfb, 0xfb, 0xfc, 0xfc, 0xfc,
  0xfb, 0xfc, 0xfb, 0xfb, 0xfc, 0xfc, 0xfc, 0xfc, 0xfb, 0xfb, 0xfc, 0xfb,
  0xf9, 0xf5, 0xf6, 0xff, 0xe6, 0x5f, 0x00, 0x09, 0x04, 0x03, 0x02, 0x01,
  0x00, 0x00, 0x00, 0x00, 0x00, 0x00, 0x00, 0x00, 0x00, 0x00, 0x00, 0x00,
  0x00, 0x00, 0x00, 0x00, 0x00, 0x00, 0x00, 0x00, 0x00, 0x00, 0x00, 0x00,
  0x00, 0x00, 0x00, 0x00, 0x00, 0x00, 0x00, 0x00, 0x00, 0x00, 0x00, 0x00,
  0x00, 0x00, 0x00, 0x00, 0x00, 0x00, 0x00, 0x00, 0x00, 0x00, 0x00, 0x00,
  0x00, 0x00, 0x00, 0x00, 0x00, 0x00, 0x00, 0x00, 0x00, 0x00, 0x00, 0x00,
  0x00, 0x00, 0x00, 0x00, 0x00, 0x00, 0x00, 0x00, 0x00, 0x00, 0x00, 0x00,
  0x00, 0x00, 0x00, 0x00, 0x01, 0x01, 0x01, 0x08, 0x00, 0x7e, 0xf6, 0xff,
  0xf5, 0xf8, 0xfa, 0xfb, 0xfc, 0xfc, 0xfb, 0xfa, 0xfb, 0xfb, 0xfb, 0xfb,
  0xfb, 0xfb, 0xfc, 0xfd, 0xfc, 0xfb, 0xfb, 0xfb, 0xfa, 0xfa, 0xfb, 0xfb,
  0xfa, 0xfb, 0xfb, 0xfb, 0xfa, 0xfb, 0xfa, 0xfb, 0xfb, 0xfa, 0xfb, 0xfa,
  0xf8, 0xf7, 0xf0, 0xfd, 0xed, 0x75, 0x08, 0x00, 0x03, 0x01, 0x01, 0x01,
  0x00, 0x00, 0x00, 0x00, 0x00, 0x00, 0x00, 0x00, 0x00, 0x00, 0x00, 0x00,
  0x00, 0x00, 0x00, 0x00, 0x00, 0x00, 0x00, 0x00, 0x00, 0x00, 0x00, 0x00,
  0x00, 0x00, 0x00, 0x00, 0x00, 0x00, 0x00, 0x00, 0x00, 0x00, 0x00, 0x00,
  0x00, 0x00, 0x00, 0x00, 0x00, 0x00, 0x00, 0x00, 0x00, 0x00, 0x00, 0x00,
  0x00, 0x00, 0x00, 0x00, 0x00, 0x00, 0x00, 0x00, 0x00, 0x00, 0x00, 0x00,
  0x00, 0x00, 0x00, 0x00, 0x00, 0x00, 0x00, 0x00, 0x00, 0x00, 0x00, 0x00,
  0x00, 0x00, 0x00, 0x00, 0x00, 0x00, 0x00, 0x01, 0x01, 0x00, 0x00, 0x00,
  0x00, 0x00, 0x00, 0x00, 0x00, 0x00, 0x00, 0x00, 0x00, 0x00, 0x00, 0x00,
  0x00, 0x00, 0x00, 0x00, 0x00, 0x00, 0x00, 0x00, 0x00, 0x00, 0x00, 0x00,
  0x00, 0x00, 0x00, 0x00, 0x00, 0x00, 0x00, 0x00, 0x00, 0x00, 0x00, 0x00,
  0x00, 0x00, 0x00, 0x00, 0x00, 0x00, 0x00, 0x00, 0x00, 0x00, 0x00, 0x03,
  0x07, 0x09, 0x00, 0x11, 0xcd, 0xfc, 0xf8, 0xf9, 0xfc, 0xfc, 0xfc, 0xfc,
  0xfc, 0xfb, 0xfb, 0xfa, 0xfb, 0xfb, 0xfb, 0xfb, 0xfc, 0xfb, 0xfb, 0xfc,
  0xfb, 0xfa, 0xfa, 0xfb, 0xfc, 0xfb, 0xfc, 0xfb, 0xfb, 0xfb, 0xfa, 0xfb,
  0xfc, 0xfc, 0xfc, 0xfd, 0xfd, 0xfc, 0xfc, 0xfc, 0xfc, 0xf8, 0xff, 0x9e,
  0x1c, 0x00, 0x04, 0x05, 0x03, 0x00, 0x00, 0x00, 0x00, 0x00, 0x00, 0x00,
  0x00, 0x00, 0x00, 0x00, 0x00, 0x00, 0x00, 0x00, 0x00, 0x00, 0x00, 0x00,
  0x00, 0x00, 0x00, 0x00, 0x00, 0x00, 0x00, 0x00, 0x00, 0x00, 0x00, 0x00,
  0x00, 0x00, 0x00, 0x00, 0x00, 0x00, 0x00, 0x00, 0x00, 0x00, 0x00, 0x00,
  0x00, 0x00, 0x00, 0x00, 0x00, 0x00, 0x00, 0x00, 0x00, 0x00, 0x00, 0x00,
  0x00, 0x00, 0x00, 0x00, 0x00, 0x00, 0x00, 0x00, 0x00, 0x00, 0x00, 0x00,
  0x00, 0x00, 0x00, 0x00, 0x00, 0x00, 0x02, 0x07, 0x0a, 0x06, 0x02, 0x5f,
  0xe4, 0xfe, 0xf7, 0xfc, 0xfc, 0xfc, 0xfc, 0xfc, 0xfc, 0xfc, 0xfc, 0xfc,
  0xfb, 0xfa, 0xfb, 0xfa, 0xfb, 0xfc, 0xfc, 0xfb, 0xfc, 0xfc, 0xfc, 0xfc,
  0xfd, 0xfc, 0xfb, 0xfc, 0xfb, 0xfb, 0xfb, 0xfc, 0xfb, 0xfc, 0xfd, 0xfc,
  0xfc, 0xfc, 0xfd, 0xfd, 0xfb, 0xff, 0xc5, 0x36, 0x00, 0x0e, 0x04, 0x03,
  0x00, 0x00, 0x00, 0x00, 0x00, 0x00, 0x00, 0x00, 0x00, 0x00, 0x00, 0x00,
  0x00, 0x00, 0x00, 0x00, 0x00, 0x00, 0x00, 0x00, 0x00, 0x00, 0x00, 0x00,
  0x00, 0x00, 0x00, 0x00, 0x00, 0x00, 0x00, 0x00, 0x00, 0x00, 0x00, 0x00,
  0x00, 0x00, 0x00, 0x00, 0x00, 0x00, 0x00, 0x00, 0x00, 0x00, 0x00, 0x00,
  0x00, 0x00, 0x00, 0x00, 0x00, 0x00, 0x00, 0x00, 0x00, 0x00, 0x00, 0x00,
  0x00, 0x00, 0x00, 0x00, 0x00, 0x00, 0x00, 0x00, 0x01, 0x02, 0x02, 0x05,
  0x00, 0x3b, 0xd0, 0xff, 0xf8, 0xf6, 0xf9, 0xfa, 0xfd, 0xfc, 0xfb, 0xfb,
  0xfb, 0xfb, 0xfb, 0xfc, 0xfc, 0xfb, 0xfc, 0xfc, 0xfb, 0xfb, 0xfc, 0xfd,
  0xfc, 0xfc, 0xfc, 0xfc, 0xfb, 0xfa, 0xfa, 0xfb, 0xfb, 0xfb, 0xfb, 0xfa,
  0xfb, 0xfb, 0xfc, 0xfb, 0xfc, 0xfc, 0xfc, 0xfd, 0xfd, 0xfd, 0xfe, 0xfe,
  0xfd, 0xfd, 0xfc, 0xfb, 0xfb, 0xfb, 0xfa, 0xfb, 0xfb, 0xfb, 0xfb, 0xfb,
  0xfb, 0xfb, 0xfb, 0xfb, 0xfb, 0xfb, 0xfb, 0xfa, 0xfb, 0xfa, 0xfa, 0xfa,
  0xfb, 0xfa, 0xfb, 0xfb, 0xfb, 0xfb, 0xfb, 0xfb, 0xfb, 0xfc, 0xfc, 0xfc,
  0xfc, 0xfd, 0xfc, 0xf8, 0xff, 0xe1, 0x58, 0x00, 0x0e, 0x07, 0x04, 0x02,
  0x01, 0x01, 0x00, 0x00, 0x00, 0x00, 0x00, 0x00, 0x00, 0x00, 0x00, 0x00,
  0x00, 0x00, 0x00, 0x00, 0x00, 0x00, 0x00, 0x00, 0x00, 0x00, 0x00, 0x00,
  0x00, 0x00, 0x00, 0x00, 0x00, 0x00, 0x00, 0x00, 0x00, 0x00, 0x00, 0x00,
  0x00, 0x00, 0x00, 0x00, 0x00, 0x00, 0x00, 0x00, 0x00, 0x00, 0x00, 0x00,
  0x00, 0x00, 0x00, 0x00, 0x00, 0x00, 0x00, 0x00, 0x00, 0x00, 0x00, 0x00,
  0x00, 0x00, 0x00, 0x00, 0x00, 0x00, 0x00, 0x00, 0x00, 0x00, 0x00, 0x00,
  0x00, 0x00, 0x00, 0x00, 0x00, 0x00, 0x00, 0x00, 0x00, 0x00, 0x00, 0x00,
  0x00, 0x00, 0x00, 0x00, 0x00, 0x00, 0x00, 0x00, 0x00, 0x00, 0x00, 0x00,
  0x00, 0x00, 0x00, 0x00, 0x00, 0x00, 0x00, 0x00, 0x00, 0x00, 0x00, 0x00,
  0x00, 0x00, 0x00, 0x00, 0x00, 0x00, 0x00, 0x00, 0x00, 0x00, 0x00, 0x00,
  0x00, 0x00, 0x00, 0x00, 0x00, 0x00, 0x00, 0x00, 0x00, 0x00, 0x00, 0x00,
  0x01, 0x03, 0x03, 0x08, 0x03, 0x1c, 0xa2, 0xfc, 0xfb, 0xf5, 0xfa, 0xfb,
  0xfd, 0xfe, 0xfd, 0xfd, 0xfd, 0xfc, 0xfc, 0xfb, 0xfc, 0xfb, 0xfa, 0xfb,
  0xfa, 0xf9, 0xfa, 0xfb, 0xfa, 0xfb, 0xfb, 0xfa, 0xf9, 0xf9, 0xfa, 0xfb,
  0xfb, 0xfa, 0xfb, 0xfa, 0xfb, 0xfc, 0xfb, 0xfd, 0xfe, 0xfe, 0xfd, 0xfe,
  0xfe, 0xfd, 0xfe, 0xfd, 0xfe, 0xfe, 0xfd, 0xfc, 0xfb, 0xfa, 0xfa, 0xfb,
  0xfb, 0xfa, 0xfb, 0xfa, 0xf9, 0xfa, 0xfb, 0xfb, 0xfb, 0xfb, 0xfa, 0xfc,
  0xfc, 0xfc, 0xfc, 0xfc, 0xfc, 0xfc, 0xfc, 0xfc, 0xfb, 0xfb, 0xfc, 0xfc,
  0xfd, 0xfc, 0xfc, 0xfc, 0xfc, 0xfb, 0xfb, 0xfa, 0xf9, 0xfc, 0xfc, 0xc2,
  0x14, 0x05, 0x07, 0x05, 0x04, 0x02, 0x00, 0x00, 0x00, 0x00, 0x00, 0x00,
  0x00, 0x00, 0x00, 0x00, 0x00, 0x00, 0x00, 0x00, 0x00, 0x00, 0x00, 0x00,
  0x00, 0x00, 0x00, 0x00, 0x00, 0x00, 0x00, 0x00, 0x00, 0x00, 0x00, 0x00,
  0x00, 0x00, 0x00, 0x00, 0x00, 0x00, 0x00, 0x00, 0x00, 0x00, 0x00, 0x00,
  0x00, 0x00, 0x00, 0x00, 0x00, 0x00, 0x00, 0x00, 0x00, 0x00, 0x00, 0x00,
  0x00, 0x00, 0x00, 0x00, 0x00, 0x00, 0x00, 0x00, 0x00, 0x00, 0x00, 0x00,
  0x00, 0x00, 0x00, 0x00, 0x00, 0x00, 0x00, 0x00, 0x00, 0x00, 0x00, 0x01,
  0x01, 0x08, 0x00, 0x7e, 0xf6, 0xff, 0xf6, 0xf8, 0xfa, 0xfb, 0xfb, 0xfb,
  0xfa, 0xfa, 0xfa, 0xfb, 0xfc, 0xfb, 0xfc, 0xfc, 0xfc, 0xfc, 0xfb, 0xfc,
  0xfc, 0xfc, 0xfb, 0xfb, 0xfc, 0xfb, 0xfb, 0xfc, 0xfc, 0xfb, 0xfa, 0xfa,
  0xfa, 0xfa, 0xfb, 0xfa, 0xfa, 0xf9, 0xf8, 0xf7, 0xf0, 0xfd, 0xed, 0x74,
  0x08, 0x00, 0x02, 0x00, 0x00, 0x00, 0x01, 0x00, 0x00, 0x00, 0x00, 0x00,
  0x00, 0x00, 0x00, 0x00, 0x00, 0x00, 0x00, 0x00, 0x00, 0x00, 0x00, 0x00,
  0x00, 0x00, 0x00, 0x00, 0x00, 0x00, 0x00, 0x00, 0x00, 0x00, 0x00, 0x00,
  0x00, 0x00, 0x00, 0x00, 0x00, 0x00, 0x00, 0x00, 0x00, 0x00, 0x00, 0x00,
  0x00, 0x00, 0x00, 0x00, 0x00, 0x00, 0x00, 0x00, 0x00, 0x00, 0x00, 0x00,
  0x00, 0x00, 0x00, 0x00, 0x00, 0x00, 0x00, 0x00, 0x00, 0x00, 0x00, 0x00,
  0x00, 0x00, 0x00, 0x00, 0x00, 0x00, 0x00, 0x00, 0x00, 0x00, 0x00, 0x00,
  0x00, 0x00, 0x00, 0x00, 0x01, 0x00, 0x00, 0x00, 0x00, 0x00, 0x00, 0x00,
  0x00, 0x00, 0x00, 0x00, 0x00, 0x00, 0x00, 0x00, 0x00, 0x00, 0x00, 0x00,
  0x00, 0x00, 0x00, 0x00, 0x00, 0x00, 0x00, 0x00, 0x00, 0x00, 0x00, 0x00,
  0x00, 0x00, 0x00, 0x00, 0x00, 0x00, 0x00, 0x00, 0x00, 0x00, 0x00, 0x00,
  0x00, 0x00, 0x00, 0x00, 0x00, 0x03, 0x06, 0x09, 0x00, 0x11, 0xcd, 0xfc,
  0xf8, 0xf9, 0xfc, 0xfb, 0xfb, 0xfc, 0xfb, 0xfb, 0xfa, 0xfb, 0xfa, 0xfa,
  0xfa, 0xfc, 0xfc, 0xfc, 0xfc, 0xfc, 0xfb, 0xfa, 0xfa, 0xfa, 0xfb, 0xfc,
  0xfb, 0xfc, 0xfb, 0xfc, 0xfb, 0xfb, 0xfc, 0xfb, 0xfc, 0xfc, 0xfc, 0xfc,
  0xfb, 0xfc, 0xfc, 0xf7, 0xff, 0x9d, 0x1b, 0x00, 0x04, 0x05, 0x02, 0x00,
  0x00, 0x00, 0x00, 0x00, 0x00, 0x00, 0x00, 0x00, 0x00, 0x00, 0x00, 0x00,
  0x00, 0x00, 0x00, 0x00, 0x00, 0x00, 0x00, 0x00, 0x00, 0x00, 0x00, 0x00,
  0x00, 0x00, 0x00, 0x00, 0x00, 0x00, 0x00, 0x00, 0x00, 0x00, 0x00, 0x00,
  0x00, 0x00, 0x00, 0x00, 0x00, 0x00, 0x00, 0x00, 0x00, 0x00, 0x00, 0x00,
  0x00, 0x00, 0x00, 0x00, 0x00, 0x00, 0x00, 0x00, 0x00, 0x00, 0x00, 0x00,
  0x00, 0x00, 0x00, 0x00, 0x00, 0x00, 0x00, 0x00, 0x00, 0x00, 0x00, 0x00,
  0x02, 0x03, 0x04, 0x07, 0x00, 0x27, 0xba, 0xff, 0xf8, 0xf7, 0xfb, 0xfc,
  0xfd, 0xfd, 0xfd, 0xfc, 0xfb, 0xfb, 0xfb, 0xfb, 0xfb, 0xfa, 0xfb, 0xfc,
  0xfb, 0xfc, 0xfb, 0xfb, 0xfd, 0xfd, 0xfd, 0xfc, 0xfb, 0xfb, 0xfc, 0xfc,
  0xfb, 0xfb, 0xfb, 0xfc, 0xfd, 0xfd, 0xfd, 0xfd, 0xfe, 0xfc, 0xf9, 0xfe,
  0xdb, 0x48, 0x00, 0x0e, 0x05, 0x03, 0x00, 0x00, 0x00, 0x00, 0x00, 0x00,
  0x00, 0x00, 0x00, 0x00, 0x00, 0x00, 0x00, 0x00, 0x00, 0x00, 0x00, 0x00,
  0x00, 0x00, 0x01, 0x00, 0x00, 0x00, 0x00, 0x00, 0x00, 0x00, 0x00, 0x00,
  0x00, 0x00, 0x00, 0x00, 0x00, 0x00, 0x00, 0x00, 0x00, 0x00, 0x00, 0x00,
  0x00, 0x00, 0x00, 0x00, 0x00, 0x00, 0x00, 0x00, 0x00, 0x00, 0x00, 0x00,
  0x00, 0x00, 0x00, 0x00, 0x00, 0x00, 0x00, 0x00, 0x00, 0x00, 0x00, 0x00,
  0x00, 0x00, 0x03, 0x06, 0x07, 0x05, 0x08, 0x9e, 0xf9, 0xfc, 0xf9, 0xfb,
  0xfc, 0xfc, 0xfd, 0xfc, 0xfc, 0xfc, 0xfb, 0xfb, 0xfb, 0xfd, 0xfc, 0xfb,
  0xfc, 0xfb, 0xfc, 0xfc, 0xfb, 0xfc, 0xfd, 0xfb, 0xfc, 0xfb, 0xfa, 0xfa,
  0xfa, 0xfb, 0xfb, 0xfa, 0xfa, 0xfb, 0xfb, 0xfa, 0xfb, 0xfc, 0xfd, 0xfd,
  0xfd, 0xfd, 0xfe, 0xfd, 0xfe, 0xfe, 0xfd, 0xfd, 0xfc, 0xfb, 0xfa, 0xfa,
  0xfb, 0xfb, 0xfb, 0xfa, 0xfa, 0xfa, 0xfb, 0xfb, 0xfb, 0xfb, 0xfc, 0xfb,
  0xfb, 0xfb, 0xfa, 0xf9, 0xfa, 0xfb, 0xfa, 0xfa, 0xfa, 0xfa, 0xfa, 0xfa,
  0xfa, 0xfc, 0xfb, 0xfb, 0xfc, 0xfc, 0xfc, 0xfc, 0xfb, 0xf6, 0xfa, 0xfe,
  0xaf, 0x22, 0x04, 0x0a, 0x03, 0x02, 0x01, 0x01, 0x00, 0x00, 0x00, 0x00,
  0x00, 0x00, 0x00, 0x00, 0x00, 0x00, 0x00, 0x00, 0x00, 0x00, 0x00, 0x00,
  0x00, 0x00, 0x00, 0x00, 0x00, 0x00, 0x00, 0x00, 0x00, 0x00, 0x00, 0x00,
  0x00, 0x00, 0x00, 0x00, 0x00, 0x00, 0x00, 0x00, 0x00, 0x00, 0x00, 0x00,
  0x00, 0x00, 0x00, 0x00, 0x00, 0x00, 0x00, 0x00, 0x00, 0x00, 0x00, 0x00,
  0x00, 0x00, 0x00, 0x00, 0x00, 0x00, 0x00, 0x00, 0x00, 0x00, 0x00, 0x00,
  0x00, 0x00, 0x00, 0x00, 0x00, 0x00, 0x00, 0x00, 0x01, 0x00, 0x00, 0x00,
  0x00, 0x00, 0x00, 0x00, 0x00, 0x00, 0x00, 0x00, 0x00, 0x00, 0x00, 0x00,
  0x00, 0x00, 0x00, 0x00, 0x00, 0x00, 0x00, 0x00, 0x00, 0x00, 0x00, 0x00,
  0x00, 0x00, 0x00, 0x00, 0x00, 0x00, 0x00, 0x00, 0x00, 0x00, 0x00, 0x00,
  0x00, 0x00, 0x00, 0x00, 0x00, 0x00, 0x00, 0x00, 0x00, 0x00, 0x00, 0x00,
  0x00, 0x00, 0x00, 0x00, 0x00, 0x00, 0x02, 0x04, 0x05, 0x05, 0x00, 0x66,
  0xe5, 0xff, 0xf7, 0xf9, 0xfb, 0xfb, 0xfd, 0xfe, 0xfe, 0xfc, 0xfc, 0xfc,
  0xfc, 0xfc, 0xfb, 0xfb, 0xfb, 0xfa, 0xfa, 0xf9, 0xfa, 0xfb, 0xfa, 0xfb,
  0xfb, 0xfa, 0xfa, 0xfa, 0xfa, 0xfa, 0xfa, 0xfb, 0xfb, 0xfb, 0xfa, 0xfb,
  0xfc, 0xfc, 0xfd, 0xfe, 0xfd, 0xfe, 0xfe, 0xfe, 0xfe, 0xfe, 0xfe, 0xfe,
  0xfe, 0xfd, 0xfc, 0xfb, 0xfa, 0xfb, 0xfb, 0xfa, 0xfb, 0xfa, 0xfa, 0xfa,
  0xfb, 0xfa, 0xfa, 0xfa, 0xfa, 0xfb, 0xfb, 0xfb, 0xfb, 0xfb, 0xfb, 0xfb,
  0xfb, 0xfb, 0xfb, 0xfb, 0xfc, 0xfc, 0xfd, 0xfc, 0xfb, 0xfc, 0xfb, 0xfc,
  0xfc, 0xfc, 0xfc, 0xfc, 0xff, 0xf3, 0x75, 0x00, 0x09, 0x06, 0x04, 0x02,
  0x00, 0x00, 0x00, 0x00, 0x00, 0x00, 0x00, 0x00, 0x00, 0x00, 0x00, 0x00,
  0x00, 0x00, 0x00, 0x00, 0x00, 0x00, 0x00, 0x00, 0x00, 0x00, 0x00, 0x00,
  0x00, 0x00, 0x00, 0x00, 0x00, 0x00, 0x00, 0x00, 0x00, 0x00, 0x00, 0x00,
  0x00, 0x00, 0x00, 0x00, 0x00, 0x00, 0x00, 0x00, 0x00, 0x00, 0x00, 0x00,
  0x00, 0x00, 0x00, 0x00, 0x00, 0x00, 0x00, 0x00, 0x00, 0x00, 0x00, 0x00,
  0x00, 0x00, 0x00, 0x00, 0x00, 0x00, 0x00, 0x00, 0x00, 0x00, 0x00, 0x00,
  0x00, 0x00, 0x00, 0x01, 0x00, 0x01, 0x01, 0x07, 0x00, 0x7e, 0xf6, 0xff,
  0xf6, 0xf8, 0xfa, 0xfb, 0xfc, 0xfb, 0xfb, 0xfb, 0xfb, 0xfb, 0xfc, 0xfb,
  0xfc, 0xfc, 0xfc, 0xfb, 0xfb, 0xfb, 0xfb, 0xfb, 0xfb, 0xfb, 0xfb, 0xfa,
  0xfb, 0xfb, 0xfb, 0xfb, 0xfb, 0xfb, 0xfb, 0xfb, 0xfb, 0xfa, 0xf9, 0xf8,
  0xf7, 0xf7, 0xf0, 0xfd, 0xec, 0x74, 0x08, 0x00, 0x03, 0x00, 0x01, 0x01,
  0x00, 0x01, 0x00, 0x00, 0x00, 0x00, 0x00, 0x00, 0x00, 0x00, 0x00, 0x00,
  0x00, 0x00, 0x00, 0x00, 0x00, 0x00, 0x00, 0x00, 0x00, 0x00, 0x00, 0x00,
  0x00, 0x00, 0x00, 0x00, 0x00, 0x00, 0x00, 0x00, 0x00, 0x00, 0x00, 0x00,
  0x00, 0x00, 0x00, 0x00, 0x00, 0x00, 0x00, 0x00, 0x00, 0x00, 0x00, 0x00,
  0x00, 0x00, 0x00, 0x00, 0x00, 0x01, 0x00, 0x00, 0x00, 0x00, 0x00, 0x00,
  0x00, 0x00, 0x00, 0x00, 0x00, 0x00, 0x00, 0x00, 0x00, 0x00, 0x00, 0x00,
  0x00, 0x00, 0x00, 0x00, 0x00, 0x00, 0x00, 0x00, 0x00, 0x00, 0x00, 0x00,
  0x00, 0x00, 0x00, 0x00, 0x00, 0x00, 0x00, 0x00, 0x00, 0x00, 0x00, 0x00,
  0x00, 0x00, 0x00, 0x00, 0x00, 0x00, 0x00, 0x00, 0x00, 0x00, 0x00, 0x00,
  0x00, 0x00, 0x00, 0x00, 0x00, 0x00, 0x00, 0x00, 0x00, 0x00, 0x00, 0x00,
  0x00, 0x00, 0x00, 0x00, 0x00, 0x00, 0x00, 0x00, 0x00, 0x00, 0x00, 0x02,
  0x06, 0x09, 0x00, 0x10, 0xcc, 0xfc, 0xf9, 0xfa, 0xfc, 0xfc, 0xfc, 0xfb,
  0xfb, 0xfb, 0xfb, 0xfb, 0xfb, 0xfb, 0xfb, 0xfb, 0xfb, 0xfb, 0xfb, 0xfb,
  0xfb, 0xfb, 0xfb, 0xfb, 0xfb, 0xfc, 0xfc, 0xfc, 0xfc, 0xfc, 0xfc, 0xfb,
  0xfb, 0xfb, 0xfb, 0xfb, 0xfb, 0xfb, 0xfb, 0xfb, 0xfa, 0xf6, 0xff, 0x9c,
  0x19, 0x00, 0x04, 0x05, 0x03, 0x01, 0x00, 0x00, 0x00, 0x00, 0x00, 0x00,
  0x00, 0x00, 0x00, 0x00, 0x00, 0x00, 0x00, 0x00, 0x00, 0x00, 0x00, 0x00,
  0x00, 0x00, 0x00, 0x00, 0x00, 0x00, 0x00, 0x00, 0x00, 0x00, 0x00, 0x00,
  0x00, 0x00, 0x00, 0x00, 0x00, 0x00, 0x00, 0x00, 0x00, 0x00, 0x00, 0x00,
  0x00, 0x00, 0x00, 0x00, 0x00, 0x00, 0x00, 0x00, 0x00, 0x00, 0x00, 0x00,
  0x00, 0x00, 0x00, 0x00, 0x00, 0x00, 0x00, 0x00, 0x00, 0x00, 0x00, 0x00,
  0x00, 0x00, 0x00, 0x00, 0x00, 0x00, 0x01, 0x00, 0x02, 0x07, 0x01, 0x0c,
  0x86, 0xf4, 0xfd, 0xf2, 0xfa, 0xfb, 0xfe, 0xfd, 0xfc, 0xfc, 0xfa, 0xfa,
  0xfa, 0xfa, 0xfa, 0xfa, 0xfb, 0xfb, 0xfb, 0xfb, 0xfb, 0xfc, 0xfc, 0xfc,
  0xfc, 0xfc, 0xfc, 0xfc, 0xfc, 0xfc, 0xfc, 0xfc, 0xfc, 0xfc, 0xfc, 0xfd,
  0xfe, 0xfe, 0xfe, 0xfc, 0xf7, 0xfe, 0xe7, 0x53, 0x00, 0x0f, 0x07, 0x03,
  0x00, 0x00, 0x00, 0x00, 0x00, 0x00, 0x00, 0x00, 0x00, 0x00, 0x00, 0x00,
  0x00, 0x00, 0x00, 0x00, 0x00, 0x00, 0x00, 0x00, 0x00, 0x00, 0x00, 0x00,
  0x00, 0x00, 0x00, 0x00, 0x00, 0x00, 0x00, 0x00, 0x00, 0x00, 0x00, 0x00,
  0x00, 0x00, 0x00, 0x00, 0x00, 0x00, 0x00, 0x00, 0x00, 0x00, 0x00, 0x00,
  0x00, 0x00, 0x00, 0x00, 0x00, 0x00, 0x00, 0x00, 0x00, 0x00, 0x00, 0x00,
  0x00, 0x00, 0x00, 0x00, 0x00, 0x00, 0x00, 0x00, 0x03, 0x07, 0x0b, 0x00,
  0x54, 0xe1, 0xff, 0xfa, 0xfc, 0xfe, 0xfd, 0xfd, 0xfd, 0xfd, 0xfd, 0xfb,
  0xfc, 0xfc, 0xfc, 0xfc, 0xfc, 0xfb, 0xfb, 0xfc, 0xfb, 0xfb, 0xfc, 0xfb,
  0xfc, 0xfc, 0xfb, 0xfa, 0xfb, 0xfb, 0xfa, 0xfb, 0xfb, 0xfa, 0xfb, 0xfa,
  0xfa, 0xfb, 0xfa, 0xfb, 0xfc, 0xfd, 0xfe, 0xfe, 0xfd, 0xfd, 0xfe, 0xfe,
  0xfe, 0xfd, 0xfc, 0xfb, 0xfb, 0xf9, 0xfa, 0xfa, 0xfa, 0xfa, 0xfb, 0xfa,
  0xfb, 0xfc, 0xfb, 0xfb, 0xfc, 0xfb, 0xfa, 0xfb, 0xfa, 0xfa, 0xfa, 0xfb,
  0xfb, 0xfb, 0xfb, 0xfb, 0xfb, 0xfb, 0xfb, 0xfb, 0xfc, 0xfc, 0xfb, 0xfd,
  0xfd, 0xfc, 0xf9, 0xf6, 0xf5, 0xfe, 0xec, 0x74, 0x00, 0x08, 0x06, 0x04,
  0x02, 0x01, 0x00, 0x00, 0x00, 0x00, 0x00, 0x00, 0x00, 0x00, 0x00, 0x00,
  0x00, 0x00, 0x00, 0x00, 0x00, 0x00, 0x00, 0x00, 0x00, 0x00, 0x00, 0x00,
  0x00, 0x00, 0x00, 0x00, 0x00, 0x00, 0x00, 0x00, 0x00, 0x00, 0x00, 0x00,
  0x00, 0x00, 0x00, 0x00, 0x00, 0x00, 0x00, 0x00, 0x00, 0x00, 0x00, 0x00,
  0x00, 0x00, 0x00, 0x00, 0x01, 0x00, 0x00, 0x00, 0x00, 0x00, 0x00, 0x00,
  0x00, 0x00, 0x00, 0x00, 0x00, 0x00, 0x00, 0x00, 0x00, 0x00, 0x00, 0x00,
  0x00, 0x00, 0x00, 0x00, 0x00, 0x00, 0x00, 0x00, 0x00, 0x00, 0x00, 0x00,
  0x00, 0x00, 0x00, 0x00, 0x00, 0x00, 0x00, 0x00, 0x00, 0x00, 0x00, 0x00,
  0x00, 0x00, 0x00, 0x00, 0x00, 0x00, 0x00, 0x00, 0x00, 0x00, 0x00, 0x00,
  0x00, 0x00, 0x00, 0x00, 0x00, 0x00, 0x00, 0x00, 0x00, 0x00, 0x00, 0x00,
  0x00, 0x00, 0x00, 0x00, 0x00, 0x00, 0x00, 0x00, 0x00, 0x00, 0x00, 0x00,
  0x01, 0x04, 0x08, 0x00, 0x2c, 0xbb, 0xfe, 0xfa, 0xf6, 0xfb, 0xfb, 0xfc,
  0xfd, 0xfd, 0xfd, 0xfd, 0xfd, 0xfb, 0xfb, 0xfb, 0xfb, 0xfb, 0xfa, 0xfa,
  0xfa, 0xf9, 0xfa, 0xfb, 0xfb, 0xfb, 0xfa, 0xfb, 0xfb, 0xfb, 0xfa, 0xf9,
  0xfa, 0xfa, 0xfb, 0xfc, 0xfa, 0xfa, 0xfb, 0xfb, 0xfc, 0xfd, 0xfe, 0xfe,
  0xfd, 0xfc, 0xfc, 0xfb, 0xfd, 0xfd, 0xfd, 0xfe, 0xfc, 0xfc, 0xfb, 0xfa,
  0xfb, 0xfb, 0xfb, 0xfb, 0xfb, 0xfa, 0xfa, 0xf9, 0xfa, 0xfb, 0xfb, 0xfa,
  0xfa, 0xfa, 0xfb, 0xfb, 0xfb, 0xfa, 0xfa, 0xfa, 0xfa, 0xfb, 0xfc, 0xfc,
  0xfc, 0xfc, 0xfb, 0xfc, 0xfb, 0xfc, 0xfd, 0xfd, 0xfc, 0xfa, 0xfc, 0xff,
  0xd5, 0x28, 0x03, 0x06, 0x04, 0x01, 0x00, 0x00, 0x00, 0x00, 0x00, 0x00,
  0x00, 0x00, 0x00, 0x00, 0x00, 0x00, 0x00, 0x00, 0x00, 0x00, 0x00, 0x00,
  0x00, 0x00, 0x00, 0x00, 0x00, 0x00, 0x00, 0x00, 0x00, 0x00, 0x00, 0x00,
  0x00, 0x00, 0x00, 0x00, 0x00, 0x00, 0x00, 0x00, 0x00, 0x00, 0x00, 0x00,
  0x00, 0x00, 0x00, 0x00, 0x00, 0x00, 0x00, 0x00, 0x00, 0x00, 0x00, 0x00,
  0x00, 0x00, 0x00, 0x00, 0x00, 0x00, 0x00, 0x00, 0x00, 0x00, 0x00, 0x00,
  0x00, 0x00, 0x00, 0x00, 0x00, 0x00, 0x00, 0x00, 0x00, 0x00, 0x00, 0x01,
  0x01, 0x06, 0x00, 0x7d, 0xf5, 0xff, 0xf6, 0xf8, 0xfa, 0xfb, 0xfb, 0xfc,
  0xfc, 0xfc, 0xfa, 0xfb, 0xfc, 0xfc, 0xfb, 0xfb, 0xfc, 0xfc, 0xfb, 0xfa,
  0xfa, 0xfa, 0xfa, 0xfa, 0xfa, 0xfa, 0xfb, 0xfb, 0xfb, 0xfb, 0xfc, 0xfc,
  0xfc, 0xfc, 0xfb, 0xfa, 0xfa, 0xfa, 0xf8, 0xf7, 0xf0, 0xfd, 0xed, 0x75,
  0x09, 0x00, 0x04, 0x01, 0x02, 0x02, 0x01, 0x00, 0x01, 0x01, 0x01, 0x00,
  0x00, 0x00, 0x00, 0x00, 0x00, 0x00, 0x00, 0x00, 0x00, 0x00, 0x00, 0x00,
  0x00, 0x00, 0x00, 0x00, 0x00, 0x00, 0x00, 0x00, 0x00, 0x00, 0x00, 0x00,
  0x00, 0x00, 0x00, 0x00, 0x00, 0x00, 0x00, 0x00, 0x00, 0x00, 0x00, 0x00,
  0x00, 0x00, 0x00, 0x00, 0x00, 0x00, 0x00, 0x00, 0x00, 0x00, 0x00, 0x00,
  0x00, 0x00, 0x00, 0x00, 0x00, 0x00, 0x00, 0x00, 0x00, 0x00, 0x00, 0x00,
  0x00, 0x00, 0x00, 0x00, 0x00, 0x00, 0x00, 0x00, 0x00, 0x00, 0x00, 0x00,
  0x00, 0x00, 0x00, 0x00, 0x00, 0x00, 0x00, 0x00, 0x00, 0x00, 0x00, 0x00,
  0x00, 0x00, 0x00, 0x00, 0x00, 0x00, 0x00, 0x00, 0x00, 0x00, 0x00, 0x00,
  0x00, 0x00, 0x00, 0x00, 0x00, 0x00, 0x00, 0x00, 0x00, 0x00, 0x00, 0x00,
  0x00, 0x00, 0x00, 0x00, 0x00, 0x00, 0x00, 0x00, 0x00, 0x00, 0x00, 0x00,
  0x00, 0x00, 0x00, 0x00, 0x00, 0x02, 0x07, 0x09, 0x00, 0x10, 0xcd, 0xfc,
  0xf9, 0xf9, 0xfb, 0xfc, 0xfb, 0xfb, 0xfa, 0xfb, 0xfb, 0xfb, 0xfc, 0xfc,
  0xfc, 0xfa, 0xfa, 0xfa, 0xfa, 0xfa, 0xfb, 0xfb, 0xfc, 0xfc, 0xfc, 0xfb,
  0xfb, 0xfb, 0xfd, 0xfc, 0xfc, 0xfb, 0xfa, 0xfa, 0xfa, 0xfa, 0xfa, 0xfa,
  0xfa, 0xfa, 0xf8, 0xf4, 0xff, 0x9a, 0x19, 0x00, 0x04, 0x05, 0x02, 0x00,
  0x00, 0x00, 0x00, 0x00, 0x00, 0x00, 0x00, 0x00, 0x00, 0x00, 0x00, 0x00,
  0x00, 0x00, 0x00, 0x00, 0x00, 0x00, 0x00, 0x00, 0x00, 0x00, 0x00, 0x00,
  0x00, 0x00, 0x00, 0x00, 0x00, 0x00, 0x00, 0x00, 0x00, 0x00, 0x00, 0x00,
  0x00, 0x00, 0x00, 0x00, 0x00, 0x00, 0x00, 0x00, 0x00, 0x00, 0x00, 0x00,
  0x00, 0x00, 0x00, 0x00, 0x00, 0x00, 0x00, 0x00, 0x00, 0x00, 0x00, 0x00,
  0x00, 0x00, 0x00, 0x00, 0x00, 0x00, 0x00, 0x00, 0x00, 0x00, 0x00, 0x00,
  0x00, 0x01, 0x02, 0x06, 0x06, 0x02, 0x56, 0xdd, 0xff, 0xf0, 0xf7, 0xfa,
  0xfd, 0xfd, 0xfc, 0xfc, 0xfb, 0xfb, 0xfa, 0xf9, 0xf9, 0xfa, 0xfb, 0xfa,
  0xfa, 0xfa, 0xfa, 0xfc, 0xfc, 0xfb, 0xfb, 0xfd, 0xfd, 0xfc, 0xfc, 0xfc,
  0xfc, 0xfd, 0xfd, 0xfd, 0xfc, 0xfd, 0xfd, 0xfd, 0xfd, 0xfb, 0xf6, 0xff,
  0xec, 0x57, 0x00, 0x0e, 0x08, 0x04, 0x00, 0x00, 0x00, 0x00, 0x00, 0x00,
  0x00, 0x00, 0x00, 0x00, 0x00, 0x00, 0x00, 0x00, 0x00, 0x00, 0x00, 0x00,
  0x00, 0x00, 0x00, 0x00, 0x00, 0x00, 0x00, 0x00, 0x00, 0x00, 0x00, 0x00,
  0x00, 0x00, 0x00, 0x00, 0x00, 0x00, 0x00, 0x00, 0x00, 0x00, 0x00, 0x00,
  0x00, 0x00, 0x00, 0x00, 0x00, 0x00, 0x00, 0x00, 0x00, 0x00, 0x00, 0x00,
  0x00, 0x00, 0x00, 0x00, 0x00, 0x00, 0x00, 0x00, 0x00, 0x00, 0x00, 0x00,
  0x00, 0x00, 0x03, 0x06, 0x05, 0x16, 0xb8, 0xfb, 0xfb, 0xf9, 0xfc, 0xfe,
  0xfe, 0xfe, 0xfd, 0xfc, 0xfc, 0xfc, 0xfd, 0xfd, 0xfc, 0xfb, 0xfc, 0xfc,
  0xfc, 0xfc, 0xfb, 0xfb, 0xfc, 0xfb, 0xfb, 0xfb, 0xfb, 0xfb, 0xfa, 0xfa,
  0xfa, 0xfb, 0xfb, 0xfa, 0xfa, 0xf9, 0xfa, 0xfa, 0xfb, 0xfc, 0xfd, 0xfd,
  0xfd, 0xfd, 0xfb, 0xfa, 0xfb, 0xfd, 0xfd, 0xfd, 0xfc, 0xfb, 0xfa, 0xfa,
  0xf9, 0xf9, 0xfa, 0xfa, 0xfb, 0xfa, 0xfb, 0xfc, 0xfb, 0xfc, 0xfb, 0xfb,
  0xfb, 0xfa, 0xfb, 0xfb, 0xfa, 0xfb, 0xfb, 0xfc, 0xfc, 0xfc, 0xfc, 0xfc,
  0xfc, 0xfc, 0xfd, 0xfc, 0xfb, 0xfd, 0xfe, 0xfd, 0xfb, 0xfa, 0xf7, 0xfa,
  0xff, 0xc5, 0x31, 0x00, 0x0b, 0x07, 0x03, 0x01, 0x00, 0x00, 0x00, 0x00,
  0x00, 0x00, 0x00, 0x00, 0x00, 0x00, 0x00, 0x00, 0x00, 0x00, 0x00, 0x00,
  0x00, 0x00, 0x00, 0x00, 0x00, 0x00, 0x00, 0x00, 0x00, 0x00, 0x00, 0x00,
  0x00, 0x00, 0x00, 0x00, 0x00, 0x00, 0x00, 0x00, 0x00, 0x00, 0x00, 0x00,
  0x00, 0x00, 0x00, 0x00, 0x01, 0x00, 0x00, 0x01, 0x01, 0x01, 0x01, 0x00,
  0x00, 0x00, 0x00, 0x00, 0x00, 0x00, 0x00, 0x00, 0x00, 0x00, 0x00, 0x00,
  0x00, 0x00, 0x00, 0x00, 0x00, 0x00, 0x00, 0x00, 0x00, 0x00, 0x00, 0x00,
  0x00, 0x00, 0x00, 0x00, 0x00, 0x00, 0x00, 0x00, 0x00, 0x00, 0x00, 0x00,
  0x00, 0x00, 0x00, 0x00, 0x00, 0x00, 0x00, 0x00, 0x00, 0x00, 0x00, 0x00,
  0x00, 0x00, 0x00, 0x00, 0x00, 0x00, 0x00, 0x00, 0x00, 0x00, 0x00, 0x00,
  0x00, 0x00, 0x00, 0x00, 0x00, 0x00, 0x00, 0x00, 0x00, 0x00, 0x00, 0x00,
  0x00, 0x00, 0x00, 0x00, 0x00, 0x00, 0x01, 0x04, 0x04, 0x0a, 0x89, 0xf4,
  0xfb, 0xf2, 0xf7, 0xfb, 0xfc, 0xfc, 0xfd, 0xfc, 0xfc, 0xfd, 0xfd, 0xfc,
  0xfc, 0xfc, 0xfc, 0xfb, 0xfb, 0xfb, 0xfa, 0xfa, 0xfa, 0xfa, 0xfa, 0xfb,
  0xfb, 0xfa, 0xfa, 0xfb, 0xfa, 0xf9, 0xfa, 0xfb, 0xfb, 0xfb, 0xfa, 0xfb,
  0xfa, 0xfc, 0xfd, 0xfe, 0xff, 0xfe, 0xfc, 0xfa, 0xf9, 0xf9, 0xfa, 0xfd,
  0xfe, 0xff, 0xfd, 0xfc, 0xfc, 0xfb, 0xfa, 0xfa, 0xfa, 0xfa, 0xfb, 0xfa,
  0xf9, 0xfa, 0xf9, 0xfa, 0xfa, 0xfb, 0xfb, 0xfb, 0xfc, 0xfc, 0xfb, 0xfa,
  0xfa, 0xfa, 0xfa, 0xfb, 0xfc, 0xfb, 0xfb, 0xfb, 0xfc, 0xfc, 0xfb, 0xfc,
  0xfd, 0xfe, 0xfd, 0xf7, 0xf6, 0xfc, 0xf7, 0x98, 0x04, 0x01, 0x04, 0x00,
  0x00, 0x00, 0x00, 0x00, 0x00, 0x00, 0x00, 0x00, 0x00, 0x00, 0x00, 0x00,
  0x00, 0x00, 0x00, 0x00, 0x00, 0x00, 0x00, 0x00, 0x00, 0x00, 0x00, 0x00,
  0x00, 0x00, 0x00, 0x00, 0x00, 0x00, 0x00, 0x00, 0x00, 0x00, 0x00, 0x00,
  0x00, 0x00, 0x00, 0x00, 0x00, 0x00, 0x00, 0x00, 0x00, 0x00, 0x00, 0x00,
  0x00, 0x00, 0x00, 0x00, 0x00, 0x00, 0x00, 0x00, 0x00, 0x00, 0x00, 0x00,
  0x00, 0x00, 0x00, 0x00, 0x00, 0x00, 0x00, 0x00, 0x00, 0x00, 0x00, 0x00,
  0x00, 0x00, 0x00, 0x00, 0x01, 0x01, 0x01, 0x07, 0x00, 0x7d, 0xf6, 0xff,
  0xf6, 0xf8, 0xfa, 0xfc, 0xfc, 0xfc, 0xfb, 0xfb, 0xfb, 0xfa, 0xfb, 0xfb,
  0xfc, 0xfb, 0xfb, 0xfb, 0xfb, 0xfa, 0xfb, 0xfb, 0xfa, 0xfa, 0xfb, 0xfa,
  0xfb, 0xfc, 0xfb, 0xfb, 0xfc, 0xfb, 0xfb, 0xfb, 0xfa, 0xfb, 0xfb, 0xfc,
  0xf9, 0xf8, 0xf0, 0xfc, 0xee, 0x77, 0x09, 0x01, 0x05, 0x01, 0x01, 0x01,
  0x01, 0x00, 0x00, 0x00, 0x01, 0x00, 0x00, 0x00, 0x00, 0x00, 0x00, 0x00,
  0x00, 0x00, 0x00, 0x00, 0x00, 0x00, 0x00, 0x00, 0x00, 0x00, 0x00, 0x00,
  0x00, 0x00, 0x00, 0x00, 0x00, 0x00, 0x00, 0x00, 0x00, 0x00, 0x00, 0x00,
  0x00, 0x00, 0x00, 0x00, 0x00, 0x00, 0x00, 0x00, 0x00, 0x00, 0x00, 0x00,
  0x00, 0x00, 0x00, 0x00, 0x00, 0x00, 0x00, 0x00, 0x00, 0x00, 0x00, 0x00,
  0x00, 0x00, 0x00, 0x00, 0x00, 0x00, 0x00, 0x00, 0x00, 0x00, 0x00, 0x00,
  0x00, 0x00, 0x00, 0x00, 0x00, 0x00, 0x00, 0x00, 0x00, 0x00, 0x00, 0x00,
  0x00, 0x00, 0x00, 0x00, 0x00, 0x00, 0x00, 0x00, 0x00, 0x00, 0x00, 0x00,
  0x00, 0x00, 0x00, 0x00, 0x00, 0x00, 0x00, 0x00, 0x00, 0x00, 0x00, 0x00,
  0x00, 0x00, 0x00, 0x00, 0x00, 0x00, 0x00, 0x00, 0x00, 0x00, 0x00, 0x00,
  0x00, 0x00, 0x00, 0x00, 0x00, 0x00, 0x00, 0x00, 0x00, 0x00, 0x00, 0x03,
  0x07, 0x09, 0x00, 0x11, 0xcd, 0xfc, 0xf9, 0xf9, 0xfa, 0xfb, 0xfb, 0xfb,
  0xfb, 0xfb, 0xfb, 0xfb, 0xfc, 0xfc, 0xfb, 0xfb, 0xfb, 0xfb, 0xfa, 0xfa,
  0xfb, 0xfb, 0xfc, 0xfb, 0xfb, 0xfc, 0xfc, 0xfc, 0xfc, 0xfc, 0xfc, 0xfb,
  0xfa, 0xfa, 0xfa, 0xfb, 0xfa, 0xf9, 0xf9, 0xf8, 0xf8, 0xf2, 0xff, 0x99,
  0x18, 0x00, 0x04, 0x05, 0x03, 0x01, 0x00, 0x00, 0x00, 0x00, 0x00, 0x00,
  0x00, 0x00, 0x00, 0x00, 0x00, 0x00, 0x00, 0x00, 0x00, 0x00, 0x00, 0x00,
  0x00, 0x00, 0x00, 0x00, 0x00, 0x00, 0x00, 0x00, 0x00, 0x00, 0x00, 0x00,
  0x00, 0x00, 0x00, 0x00, 0x00, 0x00, 0x00, 0x00, 0x00, 0x00, 0x00, 0x00,
  0x00, 0x00, 0x00, 0x00, 0x00, 0x00, 0x00, 0x00, 0x00, 0x00, 0x00, 0x00,
  0x00, 0x00, 0x00, 0x00, 0x00, 0x00, 0x00, 0x00, 0x00, 0x00, 0x00, 0x00,
  0x00, 0x00, 0x00, 0x00, 0x00, 0x00, 0x01, 0x02, 0x02, 0x05, 0x0a, 0x00,
  0x32, 0xc8, 0xff, 0xf0, 0xf5, 0xfb, 0xfd, 0xfe, 0xfd, 0xfc, 0xfb, 0xfb,
  0xfa, 0xf9, 0xfa, 0xfa, 0xfa, 0xfa, 0xfb, 0xfb, 0xfb, 0xfb, 0xfb, 0xfc,
  0xfc, 0xfc, 0xfc, 0xfb, 0xfb, 0xfb, 0xfc, 0xfd, 0xfc, 0xfc, 0xfd, 0xfd,
  0xfc, 0xfc, 0xfb, 0xf9, 0xf4, 0xfe, 0xef, 0x5a, 0x00, 0x0e, 0x08, 0x04,
  0x01, 0x00, 0x00, 0x00, 0x00, 0x00, 0x00, 0x00, 0x00, 0x00, 0x00, 0x00,
  0x00, 0x00, 0x00, 0x00, 0x00, 0x00, 0x00, 0x00, 0x00, 0x00, 0x00, 0x00,
  0x00, 0x00, 0x00, 0x00, 0x00, 0x00, 0x00, 0x00, 0x00, 0x00, 0x00, 0x00,
  0x00, 0x00, 0x00, 0x00, 0x00, 0x00, 0x00, 0x00, 0x00, 0x00, 0x00, 0x00,
  0x00, 0x00, 0x00, 0x00, 0x00, 0x00, 0x00, 0x00, 0x00, 0x00, 0x00, 0x00,
  0x00, 0x00, 0x00, 0x00, 0x00, 0x00, 0x00, 0x01, 0x03, 0x03, 0x00, 0x72,
  0xee, 0xfe, 0xf7, 0xf7, 0xfb, 0xfd, 0xfd, 0xfd, 0xfd, 0xfc, 0xfc, 0xfc,
  0xfd, 0xfc, 0xfc, 0xfc, 0xfb, 0xfb, 0xfb, 0xfc, 0xfc, 0xfc, 0xfc, 0xfc,
  0xfc, 0xfc, 0xfc, 0xfb, 0xfa, 0xfa, 0xfa, 0xfa, 0xfa, 0xfa, 0xfa, 0xfa,
  0xfb, 0xfb, 0xfc, 0xfd, 0xfe, 0xfe, 0xfe, 0xfd, 0xfb, 0xfa, 0xfa, 0xfb,
  0xfd, 0xfc, 0xfc, 0xfb, 0xfb, 0xfb, 0xfa, 0xf9, 0xfa, 0xfb, 0xfb, 0xfb,
  0xfb, 0xfc, 0xfc, 0xfc, 0xfc, 0xfc, 0xfc, 0xfb, 0xfb, 0xfa, 0xfa, 0xfb,
  0xfb, 0xfc, 0xfc, 0xfb, 0xfb, 0xfc, 0xfc, 0xfd, 0xfc, 0xfc, 0xfb, 0xfc,
  0xfd, 0xfe, 0xfe, 0xfd, 0xfb, 0xf5, 0xfa, 0xf6, 0x8c, 0x09, 0x07, 0x0a,
  0x05, 0x01, 0x00, 0x00, 0x00, 0x00, 0x00, 0x00, 0x00, 0x00, 0x00, 0x00,
  0x00, 0x00, 0x00, 0x00, 0x00, 0x00, 0x00, 0x00, 0x00, 0x00, 0x00, 0x00,
  0x00, 0x00, 0x00, 0x00, 0x00, 0x00, 0x00, 0x00, 0x00, 0x00, 0x00, 0x00,
  0x00, 0x00, 0x00, 0x00, 0x00, 0x00, 0x00, 0x00, 0x00, 0x00, 0x00, 0x00,
  0x00, 0x00, 0x00, 0x00, 0x00, 0x00, 0x00, 0x00, 0x00, 0x00, 0x00, 0x00,
  0x00, 0x00, 0x00, 0x00, 0x00, 0x00, 0x00, 0x00, 0x00, 0x00, 0x00, 0x00,
  0x00, 0x00, 0x00, 0x00, 0x00, 0x00, 0x00, 0x00, 0x00, 0x00, 0x00, 0x00,
  0x00, 0x00, 0x00, 0x00, 0x00, 0x00, 0x00, 0x00, 0x00, 0x00, 0x00, 0x00,
  0x00, 0x00, 0x00, 0x00, 0x00, 0x00, 0x00, 0x00, 0x00, 0x00, 0x00, 0x00,
  0x00, 0x00, 0x00, 0x00, 0x00, 0x00, 0x00, 0x00, 0x00, 0x00, 0x00, 0x00,
  0x00, 0x00, 0x00, 0x00, 0x00, 0x00, 0x00, 0x00, 0x00, 0x00, 0x01, 0x01,
  0x02, 0x02, 0x00, 0x4c, 0xd8, 0xff, 0xf4, 0xf3, 0xf9, 0xfb, 0xfd, 0xfc,
  0xfc, 0xfc, 0xfc, 0xfc, 0xfd, 0xfc, 0xfc, 0xfc, 0xfc, 0xfb, 0xfc, 0xfb,
  0xfb, 0xfa, 0xfa, 0xf9, 0xf9, 0xfb, 0xfa, 0xfb, 0xfb, 0xfb, 0xfa, 0xf9,
  0xfa, 0xfb, 0xfa, 0xfa, 0xfa, 0xfa, 0xfb, 0xfb, 0xfc, 0xfd, 0xfd, 0xfe,
  0xfc, 0xfb, 0xff, 0xff, 0xfc, 0xfc, 0xfe, 0xfd, 0xfd, 0xfd, 0xfc, 0xfb,
  0xfa, 0xf9, 0xf9, 0xfa, 0xfb, 0xfa, 0xf9, 0xfa, 0xfa, 0xfa, 0xfa, 0xfa,
  0xfa, 0xfb, 0xfb, 0xfb, 0xfb, 0xfb, 0xfb, 0xfb, 0xfb, 0xfb, 0xfc, 0xfb,
  0xfc, 0xfc, 0xfb, 0xfb, 0xfb, 0xfc, 0xfd, 0xfe, 0xfd, 0xf8, 0xf6, 0xf9,
  0xff, 0xe8, 0x41, 0x00, 0x02, 0x03, 0x01, 0x01, 0x00, 0x00, 0x00, 0x00,
  0x00, 0x00, 0x00, 0x00, 0x00, 0x00, 0x00, 0x00, 0x00, 0x00, 0x00, 0x00,
  0x00, 0x00, 0x00, 0x00, 0x00, 0x00, 0x00, 0x00, 0x00, 0x00, 0x00, 0x00,
  0x00, 0x00, 0x00, 0x00, 0x00, 0x00, 0x00, 0x00, 0x00, 0x00, 0x00, 0x00,
  0x00, 0x00, 0x00, 0x00, 0x00, 0x00, 0x00, 0x00, 0x00, 0x00, 0x00, 0x00,
  0x00, 0x00, 0x00, 0x00, 0x00, 0x00, 0x00, 0x00, 0x00, 0x00, 0x00, 0x00,
  0x00, 0x00, 0x00, 0x00, 0x00, 0x00, 0x00, 0x00, 0x00, 0x00, 0x01, 0x01,
  0x01, 0x08, 0x00, 0x7d, 0xf6, 0xff, 0xf6, 0xf8, 0xfa, 0xfc, 0xfd, 0xfd,
  0xfc, 0xfb, 0xfc, 0xfb, 0xfb, 0xfb, 0xfb, 0xfb, 0xfa, 0xfb, 0xfb, 0xfa,
  0xfb, 0xfa, 0xf9, 0xfa, 0xfa, 0xfa, 0xfb, 0xfb, 0xfa, 0xfb, 0xfc, 0xfc,
  0xfc, 0xfb, 0xfb, 0xfc, 0xfd, 0xfd, 0xfa, 0xf8, 0xf0, 0xfc, 0xef, 0x7a,
  0x0a, 0x01, 0x06, 0x02, 0x02, 0x01, 0x01, 0x00, 0x00, 0x01, 0x00, 0x00,
  0x00, 0x00, 0x00, 0x00, 0x00, 0x00, 0x00, 0x00, 0x00, 0x00, 0x00, 0x00,
  0x00, 0x00, 0x00, 0x00, 0x00, 0x00, 0x00, 0x00, 0x00, 0x00, 0x00, 0x00,
  0x00, 0x00, 0x00, 0x00, 0x00, 0x00, 0x00, 0x00, 0x00, 0x00, 0x00, 0x00,
  0x00, 0x00, 0x00, 0x00, 0x00, 0x00, 0x00, 0x00, 0x00, 0x00, 0x00, 0x00,
  0x00, 0x00, 0x00, 0x00, 0x00, 0x00, 0x00, 0x00, 0x00, 0x00, 0x00, 0x00,
  0x00, 0x00, 0x00, 0x00, 0x00, 0x00, 0x00, 0x00, 0x00, 0x00, 0x00, 0x00,
  0x00, 0x00, 0x00, 0x00, 0x00, 0x00, 0x00, 0x00, 0x01, 0x01, 0x00, 0x00,
  0x00, 0x00, 0x00, 0x00, 0x00, 0x00, 0x00, 0x00, 0x00, 0x00, 0x00, 0x00,
  0x00, 0x00, 0x00, 0x00, 0x00, 0x00, 0x00, 0x00, 0x00, 0x00, 0x00, 0x00,
  0x00, 0x00, 0x00, 0x00, 0x00, 0x00, 0x00, 0x00, 0x00, 0x00, 0x00, 0x00,
  0x00, 0x00, 0x00, 0x00, 0x00, 0x03, 0x07, 0x09, 0x00, 0x11, 0xcd, 0xfc,
  0xf9, 0xf9, 0xfa, 0xfb, 0xfb, 0xfb, 0xfc, 0xfc, 0xfb, 0xfb, 0xfb, 0xfb,
  0xfa, 0xfc, 0xfc, 0xfb, 0xfb, 0xfb, 0xfb, 0xfc, 0xfc, 0xfc, 0xfc, 0xfc,
  0xfc, 0xfc, 0xfd, 0xfb, 0xfb, 0xfb, 0xfb, 0xfa, 0xfa, 0xfa, 0xfa, 0xf9,
  0xf8, 0xf8, 0xf6, 0xf2, 0xff, 0x99, 0x18, 0x00, 0x04, 0x05, 0x03, 0x01,
  0x00, 0x00, 0x00, 0x00, 0x00, 0x00, 0x00, 0x00, 0x00, 0x00, 0x00, 0x00,
  0x00, 0x00, 0x00, 0x00, 0x00, 0x00, 0x00, 0x00, 0x00, 0x00, 0x00, 0x00,
  0x00, 0x00, 0x00, 0x00, 0x00, 0x00, 0x00, 0x00, 0x00, 0x00, 0x00, 0x00,
  0x00, 0x00, 0x00, 0x00, 0x01, 0x00, 0x00, 0x00, 0x00, 0x00, 0x00, 0x00,
  0x00, 0x00, 0x00, 0x00, 0x00, 0x00, 0x00, 0x00, 0x00, 0x00, 0x00, 0x00,
  0x00, 0x00, 0x00, 0x00, 0x00, 0x00, 0x00, 0x00, 0x00, 0x00, 0x00, 0x00,
  0x00, 0x01, 0x02, 0x04, 0x0b, 0x00, 0x1a, 0xa5, 0xfc, 0xf4, 0xf1, 0xfb,
  0xfc, 0xfd, 0xfc, 0xfb, 0xfb, 0xfb, 0xfa, 0xf9, 0xfa, 0xfa, 0xfa, 0xfa,
  0xfb, 0xfb, 0xfb, 0xfb, 0xfb, 0xfb, 0xfc, 0xfc, 0xfc, 0xfc, 0xfc, 0xfc,
  0xfc, 0xfd, 0xfc, 0xfd, 0xfd, 0xfc, 0xfb, 0xfb, 0xfb, 0xf8, 0xf4, 0xfc,
  0xf2, 0x5e, 0x00, 0x0e, 0x09, 0x04, 0x01, 0x00, 0x00, 0x00, 0x00, 0x00,
  0x00, 0x00, 0x00, 0x00, 0x00, 0x00, 0x00, 0x00, 0x00, 0x00, 0x00, 0x00,
  0x00, 0x00, 0x00, 0x00, 0x00, 0x00, 0x00, 0x00, 0x00, 0x00, 0x00, 0x00,
  0x00, 0x00, 0x00, 0x00, 0x00, 0x00, 0x00, 0x00, 0x00, 0x00, 0x00, 0x00,
  0x00, 0x00, 0x00, 0x00, 0x00, 0x00, 0x00, 0x00, 0x00, 0x00, 0x00, 0x00,
  0x00, 0x00, 0x00, 0x00, 0x00, 0x00, 0x00, 0x00, 0x00, 0x00, 0x00, 0x01,
  0x02, 0x04, 0x04, 0x00, 0x24, 0xcc, 0xff, 0xfb, 0xf8, 0xf9, 0xfa, 0xfc,
  0xfc, 0xfc, 0xfc, 0xfd, 0xfc, 0xfc, 0xfc, 0xfb, 0xfb, 0xfb, 0xfb, 0xfa,
  0xfb, 0xfb, 0xfb, 0xfb, 0xfb, 0xfb, 0xfb, 0xfb, 0xfb, 0xfb, 0xfb, 0xfb,
  0xfb, 0xfb, 0xfb, 0xfb, 0xfb, 0xfa, 0xfb, 0xfc, 0xfc, 0xfd, 0xfd, 0xfd,
  0xfd, 0xfd, 0xfe, 0xff, 0xff, 0xfc, 0xfc, 0xfc, 0xfc, 0xfc, 0xfb, 0xfa,
  0xfb, 0xfa, 0xfa, 0xfa, 0xfb, 0xfb, 0xfb, 0xfb, 0xfb, 0xfb, 0xfb, 0xfb,
  0xfb, 0xfb, 0xfb, 0xfb, 0xfb, 0xfb, 0xfb, 0xfb, 0xfc, 0xfb, 0xfb, 0xfc,
  0xfc, 0xfc, 0xfd, 0xfc, 0xfb, 0xfd, 0xfe, 0xfd, 0xfe, 0xfe, 0xfc, 0xf5,
  0xf4, 0xff, 0xd8, 0x46, 0x00, 0x09, 0x06, 0x00, 0x00, 0x00, 0x00, 0x00,
  0x00, 0x00, 0x00, 0x00, 0x00, 0x00, 0x00, 0x00, 0x00, 0x00, 0x00, 0x00,
  0x00, 0x00, 0x00, 0x00, 0x00, 0x00, 0x00, 0x00, 0x00, 0x00, 0x00, 0x00,
  0x00, 0x00, 0x00, 0x00, 0x00, 0x00, 0x00, 0x00, 0x00, 0x00, 0x00, 0x00,
  0x00, 0x00, 0x00, 0x00, 0x00, 0x00, 0x00, 0x00, 0x00, 0x00, 0x00, 0x01,
  0x00, 0x00, 0x00, 0x00, 0x00, 0x00, 0x00, 0x00, 0x00, 0x00, 0x00, 0x00,
  0x00, 0x00, 0x00, 0x00, 0x00, 0x00, 0x00, 0x00, 0x00, 0x00, 0x00, 0x00,
  0x00, 0x00, 0x00, 0x00, 0x00, 0x00, 0x00, 0x00, 0x00, 0x00, 0x00, 0x00,
  0x00, 0x00, 0x00, 0x00, 0x00, 0x00, 0x00, 0x00, 0x00, 0x00, 0x00, 0x00,
  0x00, 0x00, 0x00, 0x00, 0x00, 0x00, 0x00, 0x00, 0x00, 0x00, 0x00, 0x00,
  0x00, 0x00, 0x00, 0x00, 0x00, 0x00, 0x00, 0x00, 0x00, 0x00, 0x00, 0x00,
  0x00, 0x00, 0x00, 0x01, 0x04, 0x05, 0x04, 0x00, 0x15, 0xa8, 0xfd, 0xfd,
  0xf8, 0xf9, 0xfa, 0xfc, 0xfd, 0xfc, 0xfb, 0xfb, 0xfb, 0xfc, 0xfc, 0xfd,
  0xfd, 0xfc, 0xfb, 0xfc, 0xfb, 0xfc, 0xfb, 0xfb, 0xfa, 0xf9, 0xfa, 0xfb,
  0xfa, 0xfb, 0xfb, 0xfb, 0xfa, 0xf9, 0xfa, 0xfb, 0xfb, 0xfb, 0xfa, 0xfa,
  0xfb, 0xfb, 0xfb, 0xfa, 0xf9, 0xfa, 0xfd, 0xfd, 0xf2, 0xf0, 0xfc, 0xfb,
  0xf9, 0xfa, 0xfc, 0xfd, 0xfc, 0xfb, 0xfa, 0xf9, 0xfa, 0xf9, 0xfa, 0xfa,
  0xf9, 0xfa, 0xfb, 0xfb, 0xfb, 0xfa, 0xfa, 0xfa, 0xfa, 0xfa, 0xfb, 0xfc,
  0xfb, 0xfc, 0xfb, 0xfa, 0xfc, 0xfb, 0xfb, 0xfc, 0xfa, 0xfb, 0xfc, 0xfc,
  0xfd, 0xfe, 0xfc, 0xfb, 0xfa, 0xfa, 0xfd, 0xfa, 0xb0, 0x0f, 0x00, 0x07,
  0x04, 0x03, 0x00, 0x00, 0x00, 0x00, 0x00, 0x00, 0x00, 0x00, 0x00, 0x00,
  0x00, 0x00, 0x00, 0x00, 0x00, 0x00, 0x00, 0x00, 0x00, 0x00, 0x00, 0x00,
  0x00, 0x00, 0x00, 0x00, 0x00, 0x00, 0x00, 0x00, 0x00, 0x00, 0x00, 0x00,
  0x00, 0x00, 0x00, 0x00, 0x00, 0x00, 0x00, 0x00, 0x00, 0x00, 0x00, 0x00,
  0x00, 0x00, 0x00, 0x00, 0x00, 0x00, 0x00, 0x00, 0x00, 0x00, 0x00, 0x00,
  0x00, 0x00, 0x00, 0x00, 0x00, 0x00, 0x00, 0x00, 0x00, 0x00, 0x00, 0x00,
  0x00, 0x00, 0x00, 0x00, 0x01, 0x01, 0x01, 0x08, 0x00, 0x7d, 0xf5, 0xff,
  0xf6, 0xf8, 0xfa, 0xfc, 0xfc, 0xfd, 0xfd, 0xfc, 0xfb, 0xfc, 0xfc, 0xfb,
  0xfa, 0xfa, 0xfb, 0xfa, 0xfa, 0xfb, 0xfa, 0xf9, 0xfa, 0xfb, 0xfa, 0xfa,
  0xfb, 0xfb, 0xfa, 0xfb, 0xfb, 0xfc, 0xfc, 0xfb, 0xfc, 0xfb, 0xfd, 0xfd,
  0xfa, 0xf7, 0xf0, 0xfc, 0xf1, 0x7c, 0x0b, 0x00, 0x06, 0x02, 0x03, 0x01,
  0x01, 0x00, 0x01, 0x00, 0x00, 0x00, 0x00, 0x00, 0x00, 0x00, 0x00, 0x00,
  0x00, 0x00, 0x00, 0x00, 0x00, 0x00, 0x00, 0x00, 0x00, 0x00, 0x00, 0x00,
  0x00, 0x00, 0x00, 0x00, 0x00, 0x00, 0x00, 0x00, 0x00, 0x00, 0x00, 0x00,
  0x00, 0x00, 0x00, 0x00, 0x00, 0x00, 0x00, 0x00, 0x00, 0x00, 0x00, 0x00,
  0x00, 0x00, 0x00, 0x00, 0x00, 0x00, 0x00, 0x00, 0x00, 0x00, 0x00, 0x00,
  0x00, 0x00, 0x00, 0x00, 0x00, 0x00, 0x00, 0x00, 0x00, 0x00, 0x00, 0x00,
  0x00, 0x00, 0x00, 0x00, 0x00, 0x00, 0x00, 0x00, 0x00, 0x00, 0x00, 0x00,
  0x00, 0x00, 0x01, 0x00, 0x01, 0x00, 0x00, 0x00, 0x00, 0x01, 0x00, 0x00,
  0x00, 0x00, 0x00, 0x00, 0x00, 0x00, 0x00, 0x00, 0x00, 0x00, 0x00, 0x00,
  0x00, 0x00, 0x00, 0x00, 0x00, 0x00, 0x00, 0x00, 0x00, 0x00, 0x00, 0x00,
  0x00, 0x00, 0x00, 0x00, 0x00, 0x00, 0x00, 0x00, 0x00, 0x00, 0x00, 0x03,
  0x07, 0x09, 0x00, 0x10, 0xcd, 0xfc, 0xf9, 0xf9, 0xfa, 0xfb, 0xfc, 0xfb,
  0xfc, 0xfb, 0xfa, 0xfb, 0xfa, 0xfa, 0xfb, 0xfb, 0xfb, 0xfc, 0xfc, 0xfc,
  0xfc, 0xfc, 0xfc, 0xfd, 0xfc, 0xfb, 0xfb, 0xfb, 0xfd, 0xfc, 0xfc, 0xfc,
  0xfb, 0xfa, 0xf9, 0xf9, 0xf9, 0xf8, 0xf7, 0xf8, 0xf6, 0xf2, 0xff, 0x9a,
  0x19, 0x00, 0x04, 0x05, 0x03, 0x01, 0x00, 0x00, 0x00, 0x00, 0x00, 0x00,
  0x00, 0x00, 0x00, 0x00, 0x00, 0x00, 0x00, 0x00, 0x00, 0x00, 0x00, 0x00,
  0x00, 0x00, 0x00, 0x00, 0x00, 0x00, 0x00, 0x00, 0x00, 0x00, 0x00, 0x00,
  0x00, 0x00, 0x00, 0x00, 0x00, 0x00, 0x00, 0x00, 0x00, 0x00, 0x00, 0x00,
  0x00, 0x00, 0x00, 0x00, 0x00, 0x00, 0x00, 0x00, 0x00, 0x00, 0x00, 0x00,
  0x00, 0x01, 0x00, 0x00, 0x00, 0x00, 0x00, 0x00, 0x00, 0x00, 0x00, 0x00,
  0x00, 0x00, 0x00, 0x00, 0x00, 0x00, 0x01, 0x01, 0x03, 0x04, 0x0b, 0x02,
  0x0c, 0x7d, 0xf1, 0xfc, 0xef, 0xfa, 0xfc, 0xfc, 0xfb, 0xfa, 0xfb, 0xfb,
  0xfa, 0xf9, 0xf9, 0xf9, 0xf9, 0xfa, 0xfb, 0xfa, 0xfa, 0xfc, 0xfc, 0xfb,
  0xfb, 0xfc, 0xfd, 0xfd, 0xfd, 0xfd, 0xfc, 0xfc, 0xfd, 0xfd, 0xfc, 0xfb,
  0xfb, 0xfa, 0xfa, 0xf7, 0xf3, 0xfb, 0xf6, 0x66, 0x00, 0x0c, 0x09, 0x04,
  0x01, 0x00, 0x00, 0x00, 0x00, 0x00, 0x00, 0x00, 0x00, 0x00, 0x00, 0x00,
  0x00, 0x00, 0x00, 0x00, 0x00, 0x00, 0x00, 0x00, 0x00, 0x00, 0x00, 0x00,
  0x00, 0x00, 0x00, 0x00, 0x00, 0x00, 0x00, 0x00, 0x00, 0x00, 0x00, 0x00,
  0x00, 0x00, 0x00, 0x00, 0x00, 0x00, 0x00, 0x00, 0x00, 0x00, 0x00, 0x00,
  0x00, 0x00, 0x00, 0x00, 0x00, 0x00, 0x00, 0x00, 0x01, 0x00, 0x00, 0x00,
  0x00, 0x00, 0x00, 0x00, 0x00, 0x02, 0x04, 0x07, 0x02, 0x04, 0x85, 0xf2,
  0xfd, 0xf8, 0xfa, 0xfb, 0xfb, 0xfc, 0xfd, 0xfd, 0xfd, 0xfd, 0xfc, 0xfb,
  0xfb, 0xfc, 0xfc, 0xfb, 0xfb, 0xfb, 0xfb, 0xfa, 0xfa, 0xfa, 0xfa, 0xfa,
  0xfa, 0xfa, 0xfc, 0xfb, 0xfa, 0xfa, 0xfa, 0xfa, 0xfa, 0xfa, 0xfa, 0xfa,
  0xfb, 0xfc, 0xfd, 0xfe, 0xfe, 0xfd, 0xfa, 0xfd, 0xf6, 0xde, 0xe6, 0xfd,
  0xfc, 0xfb, 0xfb, 0xfb, 0xfa, 0xfb, 0xfb, 0xfa, 0xfa, 0xfb, 0xfa, 0xfa,
  0xfa, 0xfa, 0xfa, 0xfa, 0xfa, 0xfa, 0xfa, 0xfa, 0xfa, 0xfb, 0xfb, 0xfa,
  0xfb, 0xfc, 0xfb, 0xfb, 0xfc, 0xfb, 0xfb, 0xfd, 0xfc, 0xfc, 0xfc, 0xfd,
  0xfd, 0xfd, 0xfe, 0xff, 0xfc, 0xf8, 0xf6, 0xfc, 0xfe, 0x9e, 0x0e, 0x03,
  0x05, 0x01, 0x00, 0x00, 0x00, 0x00, 0x00, 0x00, 0x00, 0x00, 0x00, 0x00,
  0x00, 0x00, 0x00, 0x00, 0x00, 0x00, 0x00, 0x00, 0x00, 0x00, 0x00, 0x00,
  0x00, 0x00, 0x00, 0x00, 0x00, 0x00, 0x00, 0x00, 0x00, 0x00, 0x00, 0x00,
  0x00, 0x00, 0x00, 0x00, 0x00, 0x00, 0x00, 0x00, 0x00, 0x00, 0x00, 0x00,
  0x00, 0x00, 0x00, 0x00, 0x01, 0x00, 0x00, 0x00, 0x00, 0x00, 0x00, 0x00,
  0x00, 0x00, 0x00, 0x00, 0x00, 0x00, 0x00, 0x00, 0x00, 0x00, 0x00, 0x00,
  0x00, 0x00, 0x00, 0x00, 0x00, 0x00, 0x00, 0x00, 0x00, 0x00, 0x00, 0x00,
  0x00, 0x00, 0x00, 0x00, 0x00, 0x00, 0x00, 0x00, 0x00, 0x00, 0x00, 0x00,
  0x00, 0x00, 0x00, 0x00, 0x00, 0x00, 0x00, 0x00, 0x00, 0x00, 0x00, 0x00,
  0x00, 0x00, 0x00, 0x00, 0x00, 0x00, 0x00, 0x00, 0x00, 0x00, 0x00, 0x00,
  0x00, 0x00, 0x00, 0x00, 0x00, 0x00, 0x00, 0x00, 0x00, 0x01, 0x04, 0x08,
  0x04, 0x00, 0x65, 0xe7, 0xfd, 0xfa, 0xfc, 0xfc, 0xfc, 0xfc, 0xfc, 0xfc,
  0xfb, 0xfc, 0xfc, 0xfc, 0xfd, 0xfc, 0xfc, 0xfd, 0xfc, 0xfb, 0xfc, 0xfc,
  0xfc, 0xfb, 0xfa, 0xfa, 0xfa, 0xfb, 0xfb, 0xfa, 0xfa, 0xfa, 0xfa, 0xf9,
  0xfa, 0xfa, 0xfa, 0xfa, 0xfa, 0xfa, 0xfb, 0xfc, 0xfc, 0xfa, 0xf8, 0xf6,
  0xff, 0xf5, 0x9b, 0x86, 0xe8, 0xff, 0xf3, 0xf9, 0xfa, 0xfc, 0xfc, 0xfb,
  0xfa, 0xf9, 0xf9, 0xfa, 0xfa, 0xfa, 0xfa, 0xfa, 0xfa, 0xfa, 0xfb, 0xfb,
  0xfb, 0xfb, 0xfb, 0xfb, 0xfb, 0xfc, 0xfc, 0xfc, 0xfb, 0xfb, 0xfc, 0xfb,
  0xfb, 0xfc, 0xfb, 0xfb, 0xfb, 0xfc, 0xfc, 0xfc, 0xfc, 0xfd, 0xfd, 0xfc,
  0xfa, 0xfd, 0xef, 0x50, 0x00, 0x05, 0x09, 0x03, 0x01, 0x00, 0x00, 0x00,
  0x00, 0x00, 0x00, 0x00, 0x00, 0x00, 0x00, 0x00, 0x00, 0x00, 0x00, 0x00,
  0x00, 0x00, 0x00, 0x00, 0x00, 0x00, 0x00, 0x00, 0x00, 0x00, 0x00, 0x00,
  0x00, 0x00, 0x00, 0x00, 0x00, 0x00, 0x00, 0x00, 0x00, 0x00, 0x00, 0x00,
  0x00, 0x00, 0x00, 0x00, 0x00, 0x00, 0x00, 0x00, 0x00, 0x00, 0x00, 0x00,
  0x00, 0x00, 0x00, 0x00, 0x00, 0x00, 0x00, 0x00, 0x00, 0x00, 0x00, 0x00,
  0x00, 0x00, 0x00, 0x00, 0x00, 0x00, 0x00, 0x00, 0x00, 0x00, 0x01, 0x01,
  0x01, 0x08, 0x00, 0x7c, 0xf5, 0xff, 0xf6, 0xf8, 0xfa, 0xfc, 0xfd, 0xfc,
  0xfc, 0xfc, 0xfc, 0xfb, 0xfc, 0xfb, 0xfa, 0xfb, 0xfa, 0xfb, 0xfb, 0xfb,
  0xfa, 0xfa, 0xfb, 0xfa, 0xfb, 0xfb, 0xfa, 0xfa, 0xfa, 0xfb, 0xfc, 0xfc,
  0xfc, 0xfc, 0xfc, 0xfc, 0xfe, 0xfd, 0xfa, 0xf8, 0xf1, 0xfc, 0xf1, 0x7d,
  0x0b, 0x00, 0x06, 0x02, 0x02, 0x02, 0x01, 0x01, 0x00, 0x00, 0x00, 0x00,
  0x00, 0x00, 0x00, 0x00, 0x00, 0x00, 0x00, 0x00, 0x00, 0x00, 0x00, 0x00,
  0x00, 0x00, 0x00, 0x00, 0x00, 0x00, 0x00, 0x00, 0x00, 0x00, 0x00, 0x00,
  0x00, 0x00, 0x00, 0x00, 0x00, 0x00, 0x00, 0x00, 0x00, 0x00, 0x00, 0x00,
  0x00, 0x00, 0x00, 0x00, 0x00, 0x00, 0x00, 0x00, 0x00, 0x00, 0x00, 0x00,
  0x00, 0x00, 0x00, 0x00, 0x00, 0x00, 0x00, 0x00, 0x00, 0x00, 0x00, 0x00,
  0x00, 0x00, 0x00, 0x00, 0x00, 0x00, 0x00, 0x00, 0x00, 0x00, 0x00, 0x00,
  0x00, 0x00, 0x00, 0x00, 0x00, 0x00, 0x00, 0x00, 0x01, 0x00, 0x01, 0x00,
  0x00, 0x00, 0x00, 0x00, 0x00, 0x00, 0x00, 0x00, 0x00, 0x00, 0x00, 0x00,
  0x00, 0x00, 0x00, 0x00, 0x00, 0x00, 0x00, 0x00, 0x00, 0x00, 0x00, 0x00,
  0x00, 0x00, 0x00, 0x00, 0x00, 0x00, 0x00, 0x00, 0x00, 0x00, 0x00, 0x00,
  0x00, 0x00, 0x00, 0x00, 0x00, 0x03, 0x07, 0x09, 0x00, 0x10, 0xcc, 0xfc,
  0xf9, 0xf9, 0xfa, 0xfb, 0xfc, 0xfb, 0xfc, 0xfb, 0xfa, 0xfb, 0xfb, 0xfb,
  0xfa, 0xfb, 0xfc, 0xfb, 0xfb, 0xfb, 0xfb, 0xfc, 0xfc, 0xfb, 0xfb, 0xfc,
  0xfc, 0xfc, 0xfc, 0xfc, 0xfd, 0xfc, 0xfb, 0xfa, 0xfa, 0xf9, 0xf8, 0xf7,
  0xf7, 0xf8, 0xf7, 0xf2, 0xff, 0x99, 0x18, 0x00, 0x04, 0x05, 0x03, 0x02,
  0x00, 0x00, 0x00, 0x00, 0x00, 0x00, 0x00, 0x00, 0x00, 0x00, 0x00, 0x00,
  0x00, 0x00, 0x00, 0x00, 0x00, 0x00, 0x00, 0x00, 0x00, 0x00, 0x00, 0x00,
  0x00, 0x00, 0x00, 0x00, 0x00, 0x00, 0x00, 0x00, 0x00, 0x00, 0x00, 0x00,
  0x00, 0x00, 0x00, 0x00, 0x00, 0x00, 0x00, 0x00, 0x00, 0x00, 0x00, 0x00,
  0x00, 0x00, 0x00, 0x00, 0x00, 0x00, 0x00, 0x00, 0x00, 0x00, 0x00, 0x00,
  0x00, 0x00, 0x00, 0x00, 0x00, 0x00, 0x00, 0x00, 0x00, 0x00, 0x00, 0x00,
  0x01, 0x02, 0x03, 0x04, 0x0a, 0x04, 0x05, 0x69, 0xe5, 0xfe, 0xef, 0xfa,
  0xfb, 0xfb, 0xfa, 0xfa, 0xfa, 0xfa, 0xfa, 0xfa, 0xfa, 0xfa, 0xf9, 0xfa,
  0xfb, 0xfa, 0xfb, 0xfc, 0xfc, 0xfc, 0xfb, 0xfc, 0xfd, 0xfc, 0xfc, 0xfd,
  0xfc, 0xfc, 0xfd, 0xfc, 0xfb, 0xfc, 0xfa, 0xf9, 0xf9, 0xf6, 0xf2, 0xfa,
  0xfa, 0x70, 0x00, 0x0b, 0x09, 0x04, 0x02, 0x00, 0x00, 0x00, 0x00, 0x00,
  0x00, 0x00, 0x00, 0x00, 0x00, 0x00, 0x00, 0x00, 0x00, 0x00, 0x00, 0x00,
  0x00, 0x00, 0x00, 0x00, 0x00, 0x00, 0x00, 0x00, 0x00, 0x00, 0x00, 0x00,
  0x00, 0x00, 0x00, 0x00, 0x00, 0x00, 0x00, 0x00, 0x00, 0x00, 0x00, 0x00,
  0x00, 0x00, 0x00, 0x00, 0x00, 0x00, 0x00, 0x00, 0x00, 0x00, 0x00, 0x00,
  0x00, 0x00, 0x00, 0x01, 0x00, 0x00, 0x00, 0x00, 0x00, 0x00, 0x00, 0x02,
  0x07, 0x08, 0x00, 0x34, 0xd7, 0xfb, 0xf7, 0xf7, 0xfb, 0xfc, 0xfb, 0xfc,
  0xfc, 0xfc, 0xfc, 0xfc, 0xfc, 0xfb, 0xfc, 0xfb, 0xfb, 0xfb, 0xfb, 0xfc,
  0xfb, 0xfa, 0xfb, 0xfa, 0xfa, 0xfa, 0xfb, 0xfb, 0xfb, 0xfb, 0xfb, 0xfb,
  0xfb, 0xfb, 0xfb, 0xfb, 0xfb, 0xfb, 0xfc, 0xfc, 0xfd, 0xfe, 0xfe, 0xfc,
  0xf5, 0xff, 0xd9, 0x66, 0x7a, 0xed, 0xff, 0xf8, 0xfa, 0xfa, 0xfa, 0xfa,
  0xfa, 0xfa, 0xfa, 0xfa, 0xfa, 0xfa, 0xfa, 0xfa, 0xfb, 0xfb, 0xfb, 0xfa,
  0xfa, 0xfb, 0xfb, 0xfb, 0xfb, 0xfb, 0xfc, 0xfb, 0xfc, 0xfc, 0xfc, 0xfb,
  0xfc, 0xfc, 0xfb, 0xfb, 0xfc, 0xfd, 0xfc, 0xfd, 0xfe, 0xfe, 0xfc, 0xf9,
  0xf8, 0xf8, 0xfd, 0xde, 0x4f, 0x00, 0x01, 0x04, 0x02, 0x01, 0x00, 0x00,
  0x00, 0x00, 0x00, 0x00, 0x00, 0x00, 0x00, 0x00, 0x00, 0x00, 0x00, 0x00,
  0x00, 0x00, 0x00, 0x00, 0x00, 0x00, 0x00, 0x00, 0x00, 0x00, 0x00, 0x00,
  0x00, 0x00, 0x00, 0x00, 0x00, 0x00, 0x00, 0x00, 0x00, 0x00, 0x00, 0x00,
  0x00, 0x00, 0x00, 0x00, 0x00, 0x00, 0x00, 0x00, 0x00, 0x00, 0x00, 0x00,
  0x00, 0x00, 0x00, 0x00, 0x00, 0x00, 0x00, 0x00, 0x00, 0x00, 0x00, 0x00,
  0x00, 0x00, 0x00, 0x00, 0x00, 0x00, 0x00, 0x00, 0x00, 0x00, 0x00, 0x00,
  0x00, 0x00, 0x00, 0x00, 0x00, 0x00, 0x00, 0x00, 0x00, 0x00, 0x00, 0x00,
  0x00, 0x00, 0x00, 0x00, 0x00, 0x00, 0x00, 0x00, 0x00, 0x00, 0x00, 0x00,
  0x00, 0x00, 0x00, 0x00, 0x00, 0x00, 0x00, 0x00, 0x00, 0x00, 0x00, 0x00,
  0x00, 0x00, 0x00, 0x00, 0x00, 0x00, 0x01, 0x00, 0x00, 0x00, 0x00, 0x00,
  0x00, 0x00, 0x00, 0x01, 0x04, 0x05, 0x00, 0x1c, 0xb3, 0xfd, 0xfb, 0xfa,
  0xfc, 0xfc, 0xfd, 0xfc, 0xfb, 0xfb, 0xfc, 0xfc, 0xfb, 0xfc, 0xfc, 0xfd,
  0xfc, 0xfd, 0xfc, 0xfb, 0xfc, 0xfc, 0xfb, 0xfa, 0xfb, 0xfb, 0xfb, 0xfa,
  0xfa, 0xfa, 0xfb, 0xfa, 0xf9, 0xfa, 0xfa, 0xf9, 0xf9, 0xf9, 0xf9, 0xfa,
  0xfa, 0xfb, 0xfc, 0xfa, 0xf8, 0xf7, 0xff, 0xd0, 0x31, 0x10, 0xb2, 0xff,
  0xf2, 0xf8, 0xfb, 0xfb, 0xfc, 0xfb, 0xfa, 0xf9, 0xf9, 0xfa, 0xfb, 0xfb,
  0xfb, 0xfa, 0xf9, 0xfb, 0xfc, 0xfc, 0xfc, 0xfc, 0xfc, 0xfc, 0xfb, 0xfc,
  0xfd, 0xfc, 0xfb, 0xfc, 0xfc, 0xfc, 0xfc, 0xfc, 0xfb, 0xfb, 0xfc, 0xfb,
  0xfb, 0xfb, 0xfc, 0xfd, 0xfd, 0xfc, 0xf9, 0xf9, 0xf8, 0xbd, 0x1a, 0x00,
  0x08, 0x02, 0x00, 0x00, 0x00, 0x00, 0x00, 0x00, 0x00, 0x00, 0x00, 0x00,
  0x00, 0x00, 0x00, 0x00, 0x00, 0x00, 0x00, 0x00, 0x00, 0x00, 0x00, 0x00,
  0x00, 0x00, 0x00, 0x00, 0x00, 0x00, 0x00, 0x00, 0x00, 0x00, 0x00, 0x00,
  0x00, 0x00, 0x00, 0x00, 0x00, 0x00, 0x00, 0x00, 0x00, 0x00, 0x00, 0x00,
  0x00, 0x00, 0x00, 0x00, 0x00, 0x00, 0x00, 0x00, 0x00, 0x00, 0x00, 0x00,
  0x00, 0x00, 0x00, 0x00, 0x00, 0x00, 0x00, 0x00, 0x00, 0x00, 0x00, 0x00,
  0x00, 0x00, 0x00, 0x00, 0x01, 0x01, 0x01, 0x08, 0x00, 0x7d, 0xf5, 0xff,
  0xf6, 0xf8, 0xfa, 0xfb, 0xfc, 0xfb, 0xfb, 0xfb, 0xfb, 0xfc, 0xfc, 0xfb,
  0xfa, 0xfb, 0xfa, 0xfa, 0xfa, 0xfb, 0xfa, 0xfa, 0xfa, 0xfa, 0xfb, 0xfc,
  0xfb, 0xfa, 0xfa, 0xfb, 0xfc, 0xfc, 0xfd, 0xfc, 0xfd, 0xfd, 0xfd, 0xfe,
  0xfb, 0xf8, 0xf1, 0xfc, 0xf2, 0x7e, 0x0c, 0x00, 0x06, 0x01, 0x01, 0x01,
  0x00, 0x00, 0x00, 0x00, 0x00, 0x00, 0x00, 0x00, 0x00, 0x00, 0x00, 0x00,
  0x00, 0x00, 0x00, 0x00, 0x00, 0x00, 0x00, 0x00, 0x00, 0x00, 0x00, 0x00,
  0x00, 0x00, 0x00, 0x00, 0x00, 0x00, 0x00, 0x00, 0x00, 0x00, 0x00, 0x00,
  0x00, 0x00, 0x00, 0x00, 0x00, 0x00, 0x00, 0x00, 0x00, 0x00, 0x00, 0x00,
  0x00, 0x00, 0x00, 0x00, 0x00, 0x00, 0x00, 0x00, 0x00, 0x00, 0x00, 0x00,
  0x00, 0x00, 0x00, 0x00, 0x00, 0x00, 0x00, 0x00, 0x00, 0x00, 0x00, 0x00,
  0x00, 0x00, 0x00, 0x00, 0x00, 0x00, 0x00, 0x00, 0x00, 0x00, 0x00, 0x00,
  0x00, 0x00, 0x00, 0x01, 0x01, 0x00, 0x00, 0x00, 0x00, 0x00, 0x00, 0x00,
  0x00, 0x00, 0x00, 0x00, 0x00, 0x00, 0x00, 0x00, 0x00, 0x00, 0x00, 0x00,
  0x00, 0x00, 0x00, 0x00, 0x00, 0x00, 0x00, 0x00, 0x00, 0x00, 0x00, 0x00,
  0x00, 0x00, 0x00, 0x00, 0x00, 0x00, 0x00, 0x00, 0x00, 0x00, 0x00, 0x03,
  0x07, 0x09, 0x00, 0x10, 0xcc, 0xfc, 0xf9, 0xf9, 0xfa, 0xfb, 0xfc, 0xfb,
  0xfc, 0xfb, 0xfa, 0xfb, 0xfa, 0xfa, 0xfa, 0xfb, 0xfc, 0xfb, 0xfc, 0xfc,
  0xfc, 0xfb, 0xfb, 0xfc, 0xfb, 0xfb, 0xfc, 0xfc, 0xfb, 0xfb, 0xfc, 0xfc,
  0xfb, 0xfa, 0xfa, 0xf9, 0xf8, 0xf7, 0xf7, 0xf8, 0xf7, 0xf2, 0xff, 0x99,
  0x19, 0x00, 0x04, 0x05, 0x03, 0x02, 0x00, 0x01, 0x01, 0x01, 0x01, 0x00,
  0x01, 0x00, 0x00, 0x00, 0x00, 0x00, 0x00, 0x00, 0x00, 0x00, 0x00, 0x00,
  0x00, 0x00, 0x00, 0x00, 0x00, 0x00, 0x00, 0x00, 0x00, 0x00, 0x00, 0x00,
  0x00, 0x00, 0x00, 0x00, 0x00, 0x00, 0x00, 0x00, 0x00, 0x00, 0x00, 0x00,
  0x00, 0x00, 0x00, 0x00, 0x00, 0x00, 0x00, 0x00, 0x00, 0x00, 0x00, 0x00,
  0x00, 0x00, 0x00, 0x00, 0x00, 0x00, 0x00, 0x00, 0x00, 0x00, 0x00, 0x00,
  0x00, 0x00, 0x00, 0x00, 0x00, 0x00, 0x01, 0x01, 0x02, 0x04, 0x09, 0x06,
  0x01, 0x5a, 0xdc, 0xff, 0xf0, 0xfa, 0xfa, 0xfa, 0xfa, 0xf9, 0xf9, 0xf9,
  0xf9, 0xfa, 0xfb, 0xfb, 0xfa, 0xfa, 0xfb, 0xfb, 0xfc, 0xfc, 0xfd, 0xfd,
  0xfc, 0xfc, 0xfd, 0xfd, 0xfc, 0xfd, 0xfc, 0xfb, 0xfc, 0xfb, 0xfc, 0xfb,
  0xfa, 0xf9, 0xf8, 0xf6, 0xf2, 0xf9, 0xfc, 0x77, 0x00, 0x09, 0x0a, 0x05,
  0x02, 0x01, 0x01, 0x01, 0x01, 0x01, 0x00, 0x00, 0x00, 0x00, 0x00, 0x00,
  0x00, 0x00, 0x00, 0x00, 0x00, 0x00, 0x00, 0x00, 0x00, 0x00, 0x00, 0x00,
  0x00, 0x00, 0x00, 0x00, 0x00, 0x00, 0x00, 0x00, 0x00, 0x00, 0x00, 0x00,
  0x00, 0x00, 0x00, 0x00, 0x00, 0x00, 0x00, 0x00, 0x00, 0x00, 0x00, 0x00,
  0x00, 0x00, 0x00, 0x00, 0x00, 0x00, 0x00, 0x00, 0x00, 0x00, 0x01, 0x00,
  0x00, 0x00, 0x00, 0x00, 0x00, 0x02, 0x07, 0x01, 0x0a, 0x95, 0xf3, 0xfb,
  0xf6, 0xf9, 0xfb, 0xfc, 0xfc, 0xfb, 0xfc, 0xfb, 0xfc, 0xfb, 0xfb, 0xfc,
  0xfc, 0xfb, 0xfa, 0xfa, 0xfb, 0xfc, 0xfb, 0xfa, 0xfb, 0xfa, 0xf9, 0xfa,
  0xfa, 0xfb, 0xfa, 0xfa, 0xfb, 0xfc, 0xfc, 0xfc, 0xfc, 0xfc, 0xfc, 0xfc,
  0xfc, 0xfd, 0xfc, 0xfb, 0xfb, 0xf9, 0xf7, 0xfd, 0xa3, 0x0e, 0x1f, 0xb8,
  0xff, 0xf8, 0xf7, 0xf9, 0xf9, 0xf9, 0xf9, 0xf9, 0xf9, 0xf9, 0xf9, 0xf9,
  0xf9, 0xfa, 0xfb, 0xfb, 0xfa, 0xf9, 0xf9, 0xfa, 0xfa, 0xfb, 0xfc, 0xfb,
  0xfc, 0xfb, 0xfc, 0xfd, 0xfc, 0xfb, 0xfc, 0xfc, 0xfc, 0xfc, 0xfc, 0xfd,
  0xfc, 0xfd, 0xfe, 0xfe, 0xfd, 0xfb, 0xfb, 0xfa, 0xfe, 0xff, 0xa4, 0x12,
  0x00, 0x06, 0x05, 0x02, 0x00, 0x00, 0x00, 0x00, 0x00, 0x00, 0x00, 0x00,
  0x00, 0x00, 0x00, 0x00, 0x00, 0x00, 0x00, 0x00, 0x00, 0x00, 0x00, 0x00,
  0x00, 0x00, 0x00, 0x00, 0x00, 0x00, 0x00, 0x00, 0x00, 0x00, 0x00, 0x00,
  0x00, 0x00, 0x00, 0x00, 0x00, 0x00, 0x00, 0x00, 0x00, 0x00, 0x00, 0x00,
  0x00, 0x00, 0x00, 0x00, 0x00, 0x00, 0x00, 0x00, 0x00, 0x00, 0x00, 0x00,
  0x00, 0x01, 0x00, 0x00, 0x00, 0x00, 0x00, 0x00, 0x00, 0x00, 0x00, 0x00,
  0x00, 0x00, 0x00, 0x00, 0x00, 0x00, 0x00, 0x00, 0x00, 0x00, 0x00, 0x00,
  0x00, 0x00, 0x00, 0x00, 0x00, 0x00, 0x00, 0x00, 0x00, 0x00, 0x00, 0x00,
  0x00, 0x00, 0x00, 0x00, 0x00, 0x00, 0x00, 0x00, 0x00, 0x00, 0x00, 0x00,
  0x00, 0x00, 0x00, 0x00, 0x00, 0x00, 0x00, 0x00, 0x00, 0x00, 0x00, 0x00,
  0x00, 0x00, 0x00, 0x00, 0x00, 0x00, 0x00, 0x00, 0x00, 0x00, 0x02, 0x00,
  0x05, 0x71, 0xec, 0xfd, 0xf6, 0xf8, 0xfc, 0xfd, 0xfc, 0xfd, 0xfc, 0xfb,
  0xfc, 0xfb, 0xfc, 0xfd, 0xfc, 0xfc, 0xfc, 0xfd, 0xfc, 0xfc, 0xfd, 0xfc,
  0xfb, 0xfa, 0xfb, 0xfa, 0xfa, 0xfb, 0xfb, 0xfb, 0xfa, 0xfb, 0xfa, 0xf9,
  0xfa, 0xfa, 0xfa, 0xfa, 0xf9, 0xf9, 0xfa, 0xfa, 0xfc, 0xfb, 0xf9, 0xfe,
  0xf1, 0x7a, 0x0b, 0x0a, 0x66, 0xe8, 0xfe, 0xf7, 0xfc, 0xfc, 0xfb, 0xfb,
  0xfa, 0xf9, 0xf9, 0xfa, 0xfb, 0xfa, 0xfb, 0xfa, 0xfa, 0xfb, 0xfb, 0xfc,
  0xfc, 0xfc, 0xfb, 0xfc, 0xfb, 0xfc, 0xfd, 0xfd, 0xfc, 0xfb, 0xfc, 0xfc,
  0xfb, 0xfc, 0xfb, 0xfb, 0xfc, 0xfb, 0xfc, 0xfb, 0xfc, 0xfd, 0xfc, 0xfb,
  0xf9, 0xf8, 0xfc, 0xf7, 0x63, 0x03, 0x00, 0x03, 0x00, 0x01, 0x00, 0x00,
  0x00, 0x00, 0x00, 0x00, 0x00, 0x00, 0x00, 0x00, 0x00, 0x00, 0x00, 0x00,
  0x00, 0x00, 0x00, 0x00, 0x00, 0x00, 0x00, 0x00, 0x00, 0x00, 0x00, 0x00,
  0x00, 0x00, 0x00, 0x00, 0x00, 0x00, 0x00, 0x00, 0x00, 0x00, 0x00, 0x00,
  0x00, 0x00, 0x00, 0x00, 0x00, 0x00, 0x00, 0x00, 0x00, 0x00, 0x00, 0x00,
  0x00, 0x00, 0x00, 0x00, 0x00, 0x00, 0x00, 0x00, 0x00, 0x00, 0x00, 0x00,
  0x00, 0x00, 0x00, 0x00, 0x00, 0x00, 0x00, 0x00, 0x00, 0x00, 0x01, 0x01,
  0x01, 0x08, 0x00, 0x7d, 0xf5, 0xff, 0xf6, 0xf8, 0xfa, 0xfc, 0xfb, 0xfc,
  0xfb, 0xfb, 0xfc, 0xfb, 0xfc, 0xfb, 0xfa, 0xfb, 0xfb, 0xfb, 0xfb, 0xfb,
  0xfa, 0xfa, 0xfb, 0xfb, 0xfa, 0xfa, 0xfb, 0xfb, 0xfa, 0xfb, 0xfb, 0xfc,
  0xfc, 0xfc, 0xfd, 0xfd, 0xfe, 0xfe, 0xfb, 0xf8, 0xf1, 0xfc, 0xf2, 0x7e,
  0x0c, 0x00, 0x05, 0x00, 0x00, 0x00, 0x00, 0x00, 0x00, 0x00, 0x00, 0x00,
  0x00, 0x00, 0x00, 0x00, 0x00, 0x00, 0x00, 0x00, 0x00, 0x00, 0x00, 0x00,
  0x00, 0x00, 0x00, 0x00, 0x00, 0x00, 0x00, 0x00, 0x00, 0x00, 0x00, 0x00,
  0x00, 0x00, 0x00, 0x00, 0x00, 0x00, 0x00, 0x00, 0x00, 0x00, 0x00, 0x00,
  0x00, 0x00, 0x00, 0x00, 0x00, 0x00, 0x00, 0x00, 0x00, 0x00, 0x00, 0x00,
  0x00, 0x00, 0x00, 0x00, 0x00, 0x00, 0x00, 0x00, 0x00, 0x00, 0x00, 0x00,
  0x00, 0x00, 0x00, 0x00, 0x00, 0x00, 0x00, 0x00, 0x00, 0x00, 0x00, 0x00,
  0x00, 0x00, 0x00, 0x00, 0x00, 0x00, 0x00, 0x00, 0x00, 0x00, 0x01, 0x00,
  0x00, 0x00, 0x00, 0x00, 0x00, 0x00, 0x00, 0x00, 0x00, 0x00, 0x00, 0x00,
  0x00, 0x00, 0x00, 0x00, 0x00, 0x00, 0x00, 0x00, 0x00, 0x00, 0x00, 0x00,
  0x00, 0x00, 0x00, 0x00, 0x00, 0x00, 0x00, 0x00, 0x00, 0x00, 0x00, 0x00,
  0x00, 0x00, 0x00, 0x00, 0x00, 0x03, 0x07, 0x09, 0x00, 0x11, 0xcd, 0xfc,
  0xf9, 0xf9, 0xfa, 0xfb, 0xfc, 0xfb, 0xfc, 0xfb, 0xfa, 0xfb, 0xfb, 0xfb,
  0xfa, 0xfb, 0xfc, 0xfc, 0xfb, 0xfb, 0xfb, 0xfb, 0xfb, 0xfc, 0xfb, 0xfb,
  0xfc, 0xfb, 0xfc, 0xfc, 0xfb, 0xfc, 0xfb, 0xfa, 0xfa, 0xf9, 0xf8, 0xf7,
  0xf7, 0xf8, 0xf7, 0xf3, 0xff, 0x99, 0x19, 0x00, 0x04, 0x05, 0x03, 0x03,
  0x01, 0x01, 0x00, 0x01, 0x00, 0x00, 0x00, 0x00, 0x00, 0x00, 0x00, 0x00,
  0x00, 0x00, 0x00, 0x00, 0x00, 0x00, 0x00, 0x00, 0x00, 0x00, 0x00, 0x00,
  0x00, 0x00, 0x00, 0x00, 0x00, 0x00, 0x00, 0x00, 0x00, 0x00, 0x00, 0x00,
  0x00, 0x00, 0x00, 0x00, 0x00, 0x00, 0x00, 0x00, 0x00, 0x00, 0x00, 0x00,
  0x00, 0x00, 0x00, 0x00, 0x00, 0x00, 0x00, 0x00, 0x00, 0x00, 0x00, 0x00,
  0x00, 0x00, 0x00, 0x00, 0x00, 0x00, 0x00, 0x00, 0x00, 0x00, 0x00, 0x00,
  0x00, 0x00, 0x02, 0x04, 0x09, 0x06, 0x00, 0x4f, 0xd7, 0xfe, 0xf0, 0xf9,
  0xfa, 0xf9, 0xf9, 0xfa, 0xfa, 0xf9, 0xfa, 0xfb, 0xfa, 0xfa, 0xfb, 0xfb,
  0xfa, 0xfb, 0xfc, 0xfc, 0xfc, 0xfd, 0xfd, 0xfd, 0xfc, 0xfc, 0xfc, 0xfd,
  0xfc, 0xfc, 0xfc, 0xfb, 0xfb, 0xfa, 0xf9, 0xf9, 0xf8, 0xf6, 0xf2, 0xf9,
  0xfd, 0x78, 0x00, 0x09, 0x0a, 0x05, 0x03, 0x01, 0x01, 0x00, 0x00, 0x01,
  0x00, 0x00, 0x00, 0x00, 0x00, 0x00, 0x00, 0x00, 0x00, 0x00, 0x00, 0x00,
  0x00, 0x00, 0x00, 0x00, 0x00, 0x00, 0x00, 0x00, 0x00, 0x00, 0x00, 0x00,
  0x00, 0x00, 0x00, 0x00, 0x00, 0x00, 0x00, 0x00, 0x00, 0x00, 0x00, 0x00,
  0x00, 0x00, 0x00, 0x00, 0x00, 0x00, 0x00, 0x00, 0x00, 0x00, 0x00, 0x00,
  0x00, 0x00, 0x00, 0x00, 0x00, 0x00, 0x00, 0x00, 0x00, 0x02, 0x03, 0x03,
  0x00, 0x00, 0x44, 0xe1, 0xfe, 0xf9, 0xf9, 0xfa, 0xfb, 0xfc, 0xfb, 0xfc,
  0xfc, 0xfc, 0xfc, 0xfb, 0xfc, 0xfb, 0xfc, 0xfb, 0xfa, 0xfa, 0xfb, 0xfc,
  0xfb, 0xfa, 0xfb, 0xfb, 0xfa, 0xf9, 0xfa, 0xfa, 0xfb, 0xfb, 0xfa, 0xfb,
  0xfc, 0xfc, 0xfb, 0xfc, 0xfd, 0xfd, 0xfd, 0xfd, 0xfb, 0xf8, 0xf8, 0xf6,
  0xff, 0xd1, 0x4d, 0x03, 0x09, 0x66, 0xe9, 0xfe, 0xf3, 0xf7, 0xf8, 0xf8,
  0xf9, 0xfa, 0xfa, 0xfa, 0xfa, 0xfa, 0xf9, 0xfa, 0xfb, 0xfb, 0xfa, 0xf9,
  0xfa, 0xfa, 0xfa, 0xfb, 0xfc, 0xfb, 0xfc, 0xfd, 0xfd, 0xfc, 0xfb, 0xfc,
  0xfd, 0xfc, 0xfd, 0xfd, 0xfd, 0xfd, 0xfc, 0xfd, 0xfe, 0xfe, 0xfd, 0xfd,
  0xfd, 0xf9, 0xf6, 0xfb, 0xe0, 0x57, 0x02, 0x06, 0x0b, 0x03, 0x00, 0x00,
  0x00, 0x00, 0x00, 0x00, 0x00, 0x00, 0x00, 0x00, 0x00, 0x00, 0x00, 0x00,
  0x00, 0x00, 0x00, 0x00, 0x00, 0x00, 0x00, 0x00, 0x00, 0x00, 0x00, 0x00,
  0x00, 0x00, 0x00, 0x00, 0x00, 0x00, 0x00, 0x00, 0x00, 0x00, 0x00, 0x00,
  0x00, 0x00, 0x00, 0x00, 0x00, 0x00, 0x00, 0x00, 0x00, 0x00, 0x00, 0x00,
  0x00, 0x00, 0x00, 0x00, 0x00, 0x00, 0x00, 0x00, 0x00, 0x00, 0x00, 0x00,
  0x00, 0x00, 0x00, 0x00, 0x00, 0x00, 0x00, 0x00, 0x00, 0x00, 0x00, 0x00,
  0x00, 0x00, 0x00, 0x00, 0x00, 0x00, 0x00, 0x00, 0x00, 0x00, 0x00, 0x00,
  0x00, 0x00, 0x00, 0x00, 0x00, 0x00, 0x00, 0x00, 0x00, 0x00, 0x00, 0x00,
  0x00, 0x00, 0x00, 0x00, 0x00, 0x00, 0x00, 0x00, 0x00, 0x00, 0x00, 0x00,
  0x00, 0x00, 0x00, 0x00, 0x00, 0x00, 0x00, 0x00, 0x00, 0x00, 0x00, 0x00,
  0x00, 0x01, 0x00, 0x01, 0x02, 0x00, 0x27, 0xc0, 0xff, 0xf5, 0xf4, 0xf8,
  0xfb, 0xfc, 0xfd, 0xfc, 0xfb, 0xfc, 0xfc, 0xfc, 0xfc, 0xfc, 0xfc, 0xfb,
  0xfc, 0xfd, 0xfc, 0xfc, 0xfd, 0xfc, 0xfb, 0xfb, 0xfa, 0xfa, 0xfb, 0xfb,
  0xfc, 0xfb, 0xfb, 0xfa, 0xf9, 0xfa, 0xfa, 0xfa, 0xfb, 0xfa, 0xf8, 0xf9,
  0xfa, 0xfa, 0xfb, 0xf9, 0xfa, 0xff, 0xad, 0x23, 0x00, 0x06, 0x17, 0x95,
  0xff, 0xf6, 0xfa, 0xfb, 0xfa, 0xf9, 0xfa, 0xfa, 0xf9, 0xfa, 0xfb, 0xfa,
  0xfa, 0xfa, 0xfa, 0xfb, 0xfb, 0xfc, 0xfc, 0xfd, 0xfc, 0xfb, 0xfc, 0xfd,
  0xfc, 0xfc, 0xfd, 0xfc, 0xfb, 0xfb, 0xfb, 0xfa, 0xfb, 0xfb, 0xfa, 0xfb,
  0xfc, 0xfb, 0xfb, 0xfc, 0xfb, 0xfa, 0xf8, 0xf7, 0xf7, 0xfb, 0xcb, 0x26,
  0x00, 0x04, 0x00, 0x02, 0x01, 0x00, 0x00, 0x00, 0x00, 0x00, 0x00, 0x00,
  0x00, 0x00, 0x00, 0x01, 0x00, 0x00, 0x00, 0x00, 0x00, 0x00, 0x00, 0x00,
  0x00, 0x00, 0x00, 0x00, 0x00, 0x00, 0x00, 0x00, 0x00, 0x00, 0x00, 0x00,
  0x00, 0x00, 0x00, 0x00, 0x00, 0x00, 0x00, 0x00, 0x00, 0x00, 0x00, 0x00,
  0x00, 0x00, 0x00, 0x00, 0x00, 0x00, 0x00, 0x00, 0x00, 0x00, 0x00, 0x00,
  0x00, 0x00, 0x00, 0x00, 0x00, 0x00, 0x00, 0x00, 0x00, 0x00, 0x00, 0x00,
  0x00, 0x00, 0x00, 0x00, 0x01, 0x01, 0x01, 0x08, 0x00, 0x7d, 0xf6, 0xff,
  0xf6, 0xf8, 0xfa, 0xfb, 0xfc, 0xfb, 0xfa, 0xfa, 0xfc, 0xfb, 0xfa, 0xfb,
  0xfc, 0xfb, 0xfb, 0xfc, 0xfb, 0xfa, 0xfb, 0xfa, 0xfb, 0xfa, 0xfa, 0xfa,
  0xfb, 0xfb, 0xfa, 0xfb, 0xfc, 0xfb, 0xfc, 0xfc, 0xfb, 0xfc, 0xfe, 0xfe,
  0xfb, 0xf8, 0xf1, 0xfc, 0xf1, 0x7c, 0x0b, 0x00, 0x04, 0x00, 0x00, 0x00,
  0x00, 0x00, 0x00, 0x00, 0x00, 0x00, 0x00, 0x00, 0x00, 0x00, 0x00, 0x00,
  0x00, 0x00, 0x00, 0x00, 0x00, 0x00, 0x00, 0x00, 0x00, 0x00, 0x00, 0x00,
  0x00, 0x00, 0x00, 0x00, 0x00, 0x00, 0x00, 0x00, 0x00, 0x00, 0x01, 0x00,
  0x00, 0x00, 0x00, 0x00, 0x00, 0x00, 0x00, 0x00, 0x00, 0x00, 0x00, 0x00,
  0x00, 0x00, 0x00, 0x00, 0x00, 0x00, 0x01, 0x01, 0x00, 0x00, 0x01, 0x00,
  0x00, 0x00, 0x00, 0x00, 0x00, 0x00, 0x00, 0x00, 0x00, 0x00, 0x00, 0x00,
  0x00, 0x00, 0x00, 0x00, 0x00, 0x00, 0x00, 0x00, 0x00, 0x00, 0x00, 0x00,
  0x00, 0x00, 0x00, 0x00, 0x00, 0x01, 0x00, 0x00, 0x00, 0x00, 0x00, 0x00,
  0x00, 0x00, 0x00, 0x00, 0x00, 0x00, 0x00, 0x00, 0x00, 0x00, 0x00, 0x00,
  0x00, 0x00, 0x00, 0x00, 0x00, 0x00, 0x00, 0x00, 0x00, 0x00, 0x00, 0x00,
  0x00, 0x00, 0x00, 0x00, 0x00, 0x00, 0x00, 0x00, 0x00, 0x00, 0x00, 0x03,
  0x07, 0x09, 0x00, 0x11, 0xcd, 0xfc, 0xf9, 0xf9, 0xfa, 0xfb, 0xfb, 0xfa,
  0xfb, 0xfc, 0xfb, 0xfb, 0xfc, 0xfb, 0xfa, 0xfa, 0xfb, 0xfc, 0xfb, 0xfa,
  0xfa, 0xfb, 0xfc, 0xfb, 0xfb, 0xfb, 0xfc, 0xfc, 0xfc, 0xfc, 0xfc, 0xfb,
  0xfb, 0xfa, 0xf9, 0xf9, 0xf8, 0xf7, 0xf7, 0xf8, 0xf7, 0xf3, 0xff, 0x9a,
  0x1a, 0x00, 0x04, 0x05, 0x03, 0x03, 0x01, 0x01, 0x00, 0x01, 0x00, 0x00,
  0x00, 0x00, 0x00, 0x00, 0x00, 0x00, 0x00, 0x00, 0x00, 0x00, 0x00, 0x00,
  0x00, 0x00, 0x00, 0x00, 0x00, 0x00, 0x00, 0x00, 0x00, 0x00, 0x00, 0x00,
  0x00, 0x00, 0x00, 0x00, 0x00, 0x00, 0x00, 0x00, 0x00, 0x00, 0x00, 0x00,
  0x00, 0x00, 0x00, 0x00, 0x00, 0x00, 0x00, 0x00, 0x00, 0x00, 0x00, 0x00,
  0x00, 0x00, 0x00, 0x00, 0x00, 0x00, 0x00, 0x00, 0x00, 0x00, 0x00, 0x00,
  0x00, 0x00, 0x00, 0x00, 0x00, 0x00, 0x00, 0x00, 0x01, 0x04, 0x08, 0x06,
  0x00, 0x47, 0xd2, 0xff, 0xf0, 0xf8, 0xf8, 0xf9, 0xfa, 0xfa, 0xf9, 0xf9,
  0xfa, 0xfb, 0xfa, 0xfb, 0xfb, 0xfb, 0xfa, 0xfb, 0xfc, 0xfb, 0xfc, 0xfc,
  0xfd, 0xfd, 0xfc, 0xfb, 0xfc, 0xfc, 0xfb, 0xfc, 0xfc, 0xfb, 0xfb, 0xfa,
  0xf9, 0xf9, 0xf7, 0xf6, 0xf2, 0xf9, 0xfe, 0x7b, 0x00, 0x09, 0x0a, 0x05,
  0x03, 0x01, 0x01, 0x02, 0x01, 0x01, 0x00, 0x00, 0x00, 0x00, 0x00, 0x00,
  0x00, 0x00, 0x00, 0x00, 0x00, 0x00, 0x00, 0x00, 0x00, 0x00, 0x00, 0x00,
  0x00, 0x00, 0x00, 0x00, 0x00, 0x00, 0x00, 0x00, 0x00, 0x00, 0x00, 0x00,
  0x00, 0x00, 0x01, 0x01, 0x00, 0x00, 0x00, 0x00, 0x00, 0x00, 0x00, 0x00,
  0x00, 0x00, 0x00, 0x00, 0x00, 0x00, 0x00, 0x00, 0x00, 0x00, 0x00, 0x00,
  0x00, 0x00, 0x00, 0x03, 0x03, 0x04, 0x00, 0x16, 0xa9, 0xf8, 0xfb, 0xf9,
  0xfa, 0xfa, 0xfb, 0xfc, 0xfb, 0xfc, 0xfd, 0xfc, 0xfb, 0xfc, 0xfb, 0xfb,
  0xfb, 0xfa, 0xfb, 0xfa, 0xfb, 0xfc, 0xfb, 0xfb, 0xfc, 0xfb, 0xfa, 0xfa,
  0xf9, 0xfa, 0xfa, 0xfb, 0xfa, 0xfb, 0xfb, 0xfc, 0xfd, 0xfc, 0xfd, 0xfe,
  0xfe, 0xfd, 0xfa, 0xf8, 0xf5, 0xf7, 0xff, 0x86, 0x0c, 0x05, 0x01, 0x19,
  0x9d, 0xff, 0xf7, 0xf3, 0xf8, 0xf9, 0xf8, 0xf9, 0xfa, 0xf9, 0xfa, 0xf9,
  0xfa, 0xfb, 0xfa, 0xfb, 0xfa, 0xfa, 0xfa, 0xfb, 0xfa, 0xfb, 0xfc, 0xfb,
  0xfc, 0xfd, 0xfc, 0xfc, 0xfc, 0xfc, 0xfd, 0xfc, 0xfd, 0xfd, 0xfd, 0xfc,
  0xfc, 0xfd, 0xfd, 0xfc, 0xfd, 0xfe, 0xfd, 0xfb, 0xf5, 0xf4, 0xfe, 0xac,
  0x16, 0x00, 0x0c, 0x05, 0x00, 0x00, 0x00, 0x00, 0x00, 0x00, 0x00, 0x00,
  0x00, 0x00, 0x00, 0x00, 0x00, 0x00, 0x00, 0x00, 0x00, 0x00, 0x00, 0x00,
  0x00, 0x00, 0x00, 0x00, 0x00, 0x00, 0x00, 0x00, 0x00, 0x00, 0x00, 0x00,
  0x00, 0x00, 0x00, 0x00, 0x00, 0x00, 0x00, 0x00, 0x00, 0x00, 0x00, 0x00,
  0x00, 0x00, 0x00, 0x00, 0x00, 0x00, 0x00, 0x00, 0x00, 0x00, 0x00, 0x00,
  0x00, 0x00, 0x00, 0x00, 0x00, 0x00, 0x00, 0x00, 0x00, 0x00, 0x00, 0x00,
  0x00, 0x00, 0x00, 0x00, 0x00, 0x00, 0x00, 0x00, 0x00, 0x00, 0x00, 0x00,
  0x00, 0x00, 0x00, 0x00, 0x00, 0x00, 0x00, 0x00, 0x00, 0x00, 0x00, 0x00,
  0x00, 0x00, 0x00, 0x00, 0x00, 0x00, 0x00, 0x00, 0x00, 0x00, 0x00, 0x00,
  0x00, 0x00, 0x00, 0x00, 0x00, 0x00, 0x00, 0x00, 0x00, 0x00, 0x00, 0x00,
  0x00, 0x00, 0x00, 0x00, 0x00, 0x00, 0x00, 0x03, 0x04, 0x05, 0x00, 0x0a,
  0x7d, 0xf4, 0xfb, 0xf5, 0xf7, 0xf9, 0xfb, 0xfc, 0xfc, 0xfc, 0xfb, 0xfc,
  0xfc, 0xfc, 0xfb, 0xfb, 0xfb, 0xfc, 0xfd, 0xfc, 0xfd, 0xfc, 0xfd, 0xfc,
  0xfb, 0xfc, 0xfb, 0xfb, 0xfb, 0xfb, 0xfb, 0xfb, 0xfb, 0xfa, 0xfa, 0xfb,
  0xfa, 0xf9, 0xfa, 0xf9, 0xf8, 0xf9, 0xf9, 0xf8, 0xf8, 0xf7, 0xfe, 0xd9,
  0x48, 0x00, 0x0b, 0x08, 0x00, 0x45, 0xd5, 0xfc, 0xf3, 0xf8, 0xf9, 0xf9,
  0xfa, 0xfa, 0xf9, 0xfa, 0xfb, 0xfb, 0xfb, 0xfb, 0xfb, 0xfb, 0xfc, 0xfd,
  0xfd, 0xfd, 0xfc, 0xfc, 0xfc, 0xfd, 0xfc, 0xfc, 0xfd, 0xfc, 0xfb, 0xfc,
  0xfb, 0xfb, 0xfb, 0xfa, 0xfa, 0xfb, 0xfc, 0xfb, 0xfc, 0xfb, 0xfa, 0xf9,
  0xf8, 0xf7, 0xf6, 0xf9, 0xfb, 0x7a, 0x0c, 0x01, 0x06, 0x04, 0x02, 0x00,
  0x00, 0x00, 0x01, 0x00, 0x00, 0x00, 0x00, 0x00, 0x00, 0x00, 0x00, 0x00,
  0x00, 0x00, 0x00, 0x00, 0x00, 0x00, 0x00, 0x00, 0x00, 0x00, 0x00, 0x00,
  0x00, 0x00, 0x00, 0x00, 0x00, 0x00, 0x00, 0x00, 0x00, 0x00, 0x00, 0x00,
  0x00, 0x00, 0x00, 0x00, 0x00, 0x00, 0x00, 0x00, 0x00, 0x00, 0x00, 0x00,
  0x00, 0x00, 0x00, 0x00, 0x00, 0x00, 0x00, 0x00, 0x00, 0x00, 0x00, 0x00,
  0x00, 0x00, 0x00, 0x00, 0x00, 0x00, 0x00, 0x00, 0x00, 0x00, 0x01, 0x01,
  0x01, 0x08, 0x00, 0x7d, 0xf5, 0xff, 0xf6, 0xf8, 0xfa, 0xfc, 0xfb, 0xfb,
  0xfb, 0xfb, 0xfb, 0xfb, 0xfa, 0xfb, 0xfc, 0xfc, 0xfc, 0xfc, 0xfb, 0xfa,
  0xfb, 0xfb, 0xfa, 0xfb, 0xfb, 0xfb, 0xfc, 0xfb, 0xfb, 0xfb, 0xfc, 0xfb,
  0xfb, 0xfc, 0xfc, 0xfc, 0xfd, 0xfd, 0xfa, 0xf8, 0xf0, 0xfc, 0xf0, 0x7a,
  0x0a, 0x00, 0x03, 0x00, 0x00, 0x00, 0x00, 0x00, 0x00, 0x00, 0x00, 0x00,
  0x00, 0x00, 0x00, 0x00, 0x00, 0x00, 0x00, 0x00, 0x00, 0x00, 0x00, 0x00,
  0x00, 0x00, 0x00, 0x00, 0x00, 0x00, 0x00, 0x00, 0x00, 0x00, 0x00, 0x00,
  0x00, 0x00, 0x00, 0x00, 0x00, 0x00, 0x00, 0x00, 0x00, 0x00, 0x00, 0x00,
  0x00, 0x00, 0x00, 0x00, 0x00, 0x00, 0x00, 0x00, 0x00, 0x00, 0x00, 0x00,
  0x00, 0x00, 0x00, 0x00, 0x00, 0x00, 0x00, 0x00, 0x00, 0x00, 0x00, 0x00,
  0x00, 0x00, 0x00, 0x00, 0x00, 0x00, 0x00, 0x00, 0x00, 0x00, 0x00, 0x00,
  0x00, 0x00, 0x00, 0x00, 0x00, 0x00, 0x00, 0x00, 0x00, 0x00, 0x00, 0x00,
  0x00, 0x00, 0x00, 0x00, 0x00, 0x00, 0x00, 0x00, 0x00, 0x00, 0x00, 0x00,
  0x00, 0x00, 0x00, 0x00, 0x00, 0x00, 0x00, 0x00, 0x00, 0x00, 0x00, 0x00,
  0x00, 0x00, 0x00, 0x00, 0x00, 0x00, 0x00, 0x00, 0x00, 0x00, 0x00, 0x00,
  0x00, 0x00, 0x00, 0x00, 0x00, 0x02, 0x06, 0x09, 0x00, 0x11, 0xcd, 0xfc,
  0xf9, 0xf9, 0xfa, 0xfb, 0xfa, 0xfb, 0xfc, 0xfb, 0xfc, 0xfc, 0xfc, 0xfc,
  0xfb, 0xfa, 0xfb, 0xfb, 0xfb, 0xfb, 0xfb, 0xfc, 0xfb, 0xfb, 0xfc, 0xfb,
  0xfc, 0xfb, 0xfb, 0xfa, 0xfb, 0xfb, 0xfa, 0xfb, 0xfa, 0xf9, 0xf8, 0xf7,
  0xf6, 0xf7, 0xf7, 0xf4, 0xff, 0x9c, 0x1d, 0x00, 0x04, 0x05, 0x04, 0x03,
  0x01, 0x01, 0x00, 0x01, 0x00, 0x00, 0x00, 0x00, 0x00, 0x00, 0x00, 0x00,
  0x00, 0x00, 0x00, 0x00, 0x00, 0x00, 0x00, 0x00, 0x00, 0x00, 0x00, 0x00,
  0x00, 0x00, 0x00, 0x00, 0x00, 0x00, 0x00, 0x00, 0x00, 0x00, 0x00, 0x00,
  0x00, 0x01, 0x00, 0x00, 0x00, 0x00, 0x00, 0x00, 0x00, 0x00, 0x00, 0x00,
  0x00, 0x00, 0x00, 0x00, 0x00, 0x00, 0x00, 0x00, 0x00, 0x00, 0x00, 0x00,
  0x00, 0x00, 0x00, 0x00, 0x00, 0x00, 0x00, 0x00, 0x00, 0x00, 0x00, 0x00,
  0x00, 0x00, 0x00, 0x03, 0x08, 0x07, 0x00, 0x42, 0xd0, 0xff, 0xf0, 0xf9,
  0xf8, 0xf9, 0xfa, 0xfa, 0xfa, 0xfa, 0xfa, 0xfb, 0xfb, 0xfb, 0xfb, 0xfb,
  0xfa, 0xfb, 0xfc, 0xfb, 0xfb, 0xfc, 0xfc, 0xfc, 0xfd, 0xfc, 0xfb, 0xfb,
  0xfc, 0xfd, 0xfc, 0xfb, 0xfb, 0xfa, 0xfa, 0xf9, 0xf8, 0xf5, 0xf1, 0xf9,
  0xff, 0x7b, 0x00, 0x0a, 0x0a, 0x05, 0x03, 0x01, 0x01, 0x02, 0x01, 0x00,
  0x00, 0x00, 0x00, 0x00, 0x00, 0x00, 0x00, 0x00, 0x00, 0x00, 0x00, 0x00,
  0x00, 0x00, 0x00, 0x00, 0x00, 0x00, 0x00, 0x00, 0x00, 0x00, 0x00, 0x00,
  0x00, 0x00, 0x00, 0x00, 0x00, 0x00, 0x00, 0x00, 0x00, 0x00, 0x00, 0x00,
  0x00, 0x00, 0x00, 0x00, 0x00, 0x00, 0x00, 0x00, 0x00, 0x00, 0x00, 0x00,
  0x00, 0x00, 0x00, 0x00, 0x00, 0x00, 0x00, 0x00, 0x01, 0x03, 0x06, 0x00,
  0x07, 0x63, 0xee, 0xfa, 0xf7, 0xf9, 0xfa, 0xfa, 0xfa, 0xfb, 0xfc, 0xfb,
  0xfc, 0xfc, 0xfc, 0xfb, 0xfb, 0xfa, 0xfa, 0xfb, 0xfb, 0xfb, 0xfb, 0xfb,
  0xfb, 0xfb, 0xfc, 0xfb, 0xfa, 0xfb, 0xfa, 0xfa, 0xfb, 0xfa, 0xfb, 0xfb,
  0xfc, 0xfd, 0xfc, 0xfd, 0xfe, 0xfe, 0xfe, 0xfd, 0xfc, 0xf9, 0xf4, 0xfd,
  0xc0, 0x38, 0x00, 0x0a, 0x0a, 0x00, 0x3f, 0xd6, 0xfd, 0xf1, 0xf7, 0xf8,
  0xf8, 0xf9, 0xfa, 0xf9, 0xfa, 0xfb, 0xfa, 0xfb, 0xfa, 0xfa, 0xfb, 0xfb,
  0xfb, 0xfb, 0xfa, 0xfb, 0xfc, 0xfb, 0xfc, 0xfd, 0xfd, 0xfd, 0xfc, 0xfc,
  0xfd, 0xfd, 0xfd, 0xfc, 0xfc, 0xfd, 0xfd, 0xfc, 0xfc, 0xfc, 0xfc, 0xfd,
  0xfd, 0xfa, 0xf8, 0xf4, 0xfc, 0xe7, 0x65, 0x08, 0x01, 0x06, 0x02, 0x02,
  0x00, 0x00, 0x00, 0x00, 0x00, 0x00, 0x00, 0x00, 0x00, 0x00, 0x00, 0x00,
  0x00, 0x00, 0x00, 0x00, 0x00, 0x00, 0x00, 0x00, 0x00, 0x00, 0x00, 0x00,
  0x00, 0x00, 0x00, 0x00, 0x00, 0x00, 0x00, 0x00, 0x00, 0x00, 0x00, 0x00,
  0x00, 0x00, 0x00, 0x00, 0x00, 0x00, 0x00, 0x00, 0x00, 0x00, 0x00, 0x00,
  0x00, 0x00, 0x00, 0x00, 0x00, 0x00, 0x00, 0x00, 0x00, 0x00, 0x00, 0x00,
  0x00, 0x00, 0x00, 0x00, 0x00, 0x00, 0x00, 0x00, 0x00, 0x00, 0x00, 0x00,
  0x00, 0x00, 0x00, 0x00, 0x00, 0x00, 0x00, 0x00, 0x00, 0x00, 0x00, 0x00,
  0x00, 0x00, 0x00, 0x00, 0x00, 0x00, 0x00, 0x00, 0x00, 0x00, 0x00, 0x00,
  0x00, 0x00, 0x00, 0x00, 0x00, 0x00, 0x00, 0x00, 0x00, 0x00, 0x00, 0x00,
  0x00, 0x00, 0x00, 0x00, 0x00, 0x00, 0x00, 0x00, 0x00, 0x00, 0x00, 0x00,
  0x01, 0x04, 0x09, 0x06, 0x00, 0x36, 0xc7, 0xff, 0xf5, 0xf7, 0xf9, 0xf9,
  0xfb, 0xfc, 0xfb, 0xfb, 0xfc, 0xfb, 0xfb, 0xfb, 0xfc, 0xfc, 0xfb, 0xfd,
  0xfd, 0xfc, 0xfc, 0xfc, 0xfd, 0xfc, 0xfb, 0xfb, 0xfb, 0xfc, 0xfb, 0xfa,
  0xfa, 0xfa, 0xfa, 0xfa, 0xfa, 0xfb, 0xfa, 0xf9, 0xfa, 0xf9, 0xf8, 0xf8,
  0xf8, 0xf7, 0xf3, 0xfa, 0xf8, 0x8b, 0x11, 0x00, 0x0a, 0x08, 0x01, 0x0a,
  0x7e, 0xff, 0xf3, 0xf3, 0xf7, 0xf9, 0xf9, 0xfa, 0xf9, 0xfa, 0xfb, 0xfc,
  0xfb, 0xfb, 0xfb, 0xfb, 0xfc, 0xfc, 0xfc, 0xfd, 0xfd, 0xfd, 0xfd, 0xfd,
  0xfd, 0xfd, 0xfd, 0xfc, 0xfb, 0xfb, 0xfc, 0xfc, 0xfc, 0xfb, 0xfb, 0xfc,
  0xfc, 0xfc, 0xfb, 0xfb, 0xfa, 0xf9, 0xf9, 0xf8, 0xf8, 0xf4, 0xf9, 0xe3,
  0x41, 0x00, 0x09, 0x07, 0x03, 0x00, 0x00, 0x00, 0x00, 0x00, 0x00, 0x00,
  0x00, 0x00, 0x00, 0x00, 0x00, 0x00, 0x00, 0x00, 0x00, 0x00, 0x00, 0x00,
  0x00, 0x00, 0x00, 0x00, 0x00, 0x00, 0x00, 0x00, 0x00, 0x00, 0x00, 0x00,
  0x00, 0x00, 0x00, 0x00, 0x00, 0x00, 0x00, 0x00, 0x00, 0x00, 0x00, 0x00,
  0x00, 0x00, 0x00, 0x00, 0x00, 0x00, 0x00, 0x00, 0x00, 0x00, 0x00, 0x00,
  0x00, 0x00, 0x00, 0x00, 0x00, 0x00, 0x00, 0x00, 0x00, 0x00, 0x00, 0x00,
  0x00, 0x00, 0x00, 0x00, 0x01, 0x01, 0x01, 0x08, 0x00, 0x7d, 0xf6, 0xff,
  0xf5, 0xf8, 0xfa, 0xfc, 0xfc, 0xfc, 0xfc, 0xfc, 0xfa, 0xfa, 0xfa, 0xfb,
  0xfb, 0xfb, 0xfa, 0xfb, 0xfb, 0xfa, 0xfa, 0xfa, 0xfb, 0xfc, 0xfb, 0xfc,
  0xfc, 0xfc, 0xfb, 0xfb, 0xfb, 0xfc, 0xfc, 0xfc, 0xfd, 0xfd, 0xfd, 0xfd,
  0xfa, 0xf8, 0xf0, 0xfc, 0xef, 0x77, 0x09, 0x00, 0x03, 0x00, 0x00, 0x00,
  0x00, 0x00, 0x00, 0x00, 0x00, 0x00, 0x00, 0x00, 0x00, 0x00, 0x00, 0x00,
  0x00, 0x00, 0x00, 0x00, 0x00, 0x00, 0x00, 0x00, 0x00, 0x00, 0x00, 0x00,
  0x00, 0x00, 0x00, 0x00, 0x00, 0x00, 0x00, 0x00, 0x00, 0x00, 0x00, 0x00,
  0x00, 0x00, 0x00, 0x00, 0x00, 0x00, 0x00, 0x00, 0x00, 0x00, 0x00, 0x00,
  0x00, 0x00, 0x00, 0x00, 0x00, 0x00, 0x00, 0x00, 0x00, 0x00, 0x00, 0x00,
  0x00, 0x00, 0x00, 0x00, 0x00, 0x00, 0x00, 0x00, 0x00, 0x00, 0x00, 0x00,
  0x00, 0x00, 0x00, 0x00, 0x01, 0x01, 0x01, 0x01, 0x00, 0x01, 0x00, 0x00,
  0x00, 0x00, 0x00, 0x01, 0x00, 0x00, 0x00, 0x00, 0x00, 0x00, 0x00, 0x00,
  0x00, 0x00, 0x01, 0x00, 0x00, 0x00, 0x00, 0x00, 0x00, 0x00, 0x00, 0x00,
  0x00, 0x00, 0x00, 0x00, 0x00, 0x00, 0x00, 0x00, 0x00, 0x00, 0x00, 0x00,
  0x00, 0x00, 0x00, 0x00, 0x00, 0x00, 0x00, 0x00, 0x00, 0x00, 0x00, 0x02,
  0x06, 0x09, 0x00, 0x11, 0xce, 0xfc, 0xf8, 0xf8, 0xfb, 0xfb, 0xfa, 0xfb,
  0xfc, 0xfb, 0xfb, 0xfc, 0xfb, 0xfb, 0xfb, 0xfb, 0xfb, 0xfa, 0xfb, 0xfc,
  0xfc, 0xfc, 0xfb, 0xfb, 0xfc, 0xfb, 0xfc, 0xfc, 0xfb, 0xfa, 0xfb, 0xfc,
  0xfc, 0xfb, 0xfa, 0xfa, 0xf9, 0xf7, 0xf7, 0xf8, 0xf8, 0xf5, 0xff, 0x9d,
  0x1d, 0x00, 0x04, 0x05, 0x03, 0x02, 0x02, 0x01, 0x00, 0x01, 0x01, 0x00,
  0x00, 0x00, 0x00, 0x00, 0x00, 0x00, 0x00, 0x00, 0x00, 0x00, 0x00, 0x00,
  0x00, 0x00, 0x00, 0x00, 0x00, 0x00, 0x00, 0x00, 0x00, 0x00, 0x00, 0x00,
  0x00, 0x00, 0x00, 0x00, 0x00, 0x00, 0x00, 0x00, 0x00, 0x00, 0x00, 0x00,
  0x00, 0x00, 0x00, 0x00, 0x00, 0x00, 0x00, 0x00, 0x00, 0x00, 0x00, 0x00,
  0x00, 0x00, 0x00, 0x00, 0x00, 0x00, 0x00, 0x00, 0x00, 0x00, 0x00, 0x00,
  0x00, 0x00, 0x00, 0x00, 0x00, 0x00, 0x00, 0x00, 0x00, 0x03, 0x08, 0x07,
  0x00, 0x41, 0xd0, 0xff, 0xf0, 0xf8, 0xf8, 0xf9, 0xfa, 0xf9, 0xfa, 0xfb,
  0xfa, 0xfa, 0xfa, 0xfb, 0xfa, 0xfa, 0xfb, 0xfb, 0xfc, 0xfc, 0xfc, 0xfb,
  0xfb, 0xfc, 0xfd, 0xfc, 0xfc, 0xfc, 0xfc, 0xfd, 0xfc, 0xfb, 0xfb, 0xfa,
  0xfa, 0xf8, 0xf8, 0xf6, 0xf2, 0xfa, 0xff, 0x7b, 0x00, 0x0a, 0x0a, 0x05,
  0x03, 0x01, 0x02, 0x02, 0x01, 0x00, 0x00, 0x00, 0x00, 0x00, 0x00, 0x00,
  0x00, 0x00, 0x00, 0x00, 0x00, 0x00, 0x00, 0x00, 0x00, 0x00, 0x00, 0x00,
  0x00, 0x00, 0x00, 0x00, 0x00, 0x00, 0x00, 0x00, 0x00, 0x00, 0x00, 0x00,
  0x00, 0x00, 0x00, 0x00, 0x00, 0x00, 0x00, 0x00, 0x00, 0x00, 0x00, 0x00,
  0x00, 0x00, 0x00, 0x00, 0x00, 0x00, 0x00, 0x00, 0x00, 0x00, 0x00, 0x00,
  0x00, 0x00, 0x00, 0x02, 0x05, 0x00, 0x2e, 0xcf, 0xf9, 0xf4, 0xf5, 0xf9,
  0xfb, 0xfc, 0xfb, 0xfa, 0xfb, 0xfc, 0xfb, 0xfc, 0xfb, 0xfb, 0xfa, 0xfa,
  0xfa, 0xfc, 0xfc, 0xfc, 0xfb, 0xfa, 0xfa, 0xfa, 0xfb, 0xfb, 0xfa, 0xfa,
  0xfa, 0xfa, 0xfa, 0xfb, 0xfb, 0xfc, 0xfd, 0xfc, 0xfd, 0xfe, 0xfd, 0xfd,
  0xfe, 0xfe, 0xfd, 0xfa, 0xfa, 0xf5, 0x6c, 0x05, 0x04, 0x0d, 0x0b, 0x00,
  0x0f, 0x8d, 0xf9, 0xf8, 0xf5, 0xf8, 0xf9, 0xf9, 0xfa, 0xfa, 0xf9, 0xfa,
  0xfb, 0xfa, 0xfb, 0xfb, 0xfa, 0xfa, 0xfa, 0xfa, 0xfa, 0xfb, 0xfb, 0xfc,
  0xfd, 0xfc, 0xfd, 0xfd, 0xfc, 0xfd, 0xfd, 0xfd, 0xfd, 0xfc, 0xfd, 0xfc,
  0xfb, 0xfc, 0xfd, 0xfd, 0xfd, 0xfc, 0xfc, 0xfb, 0xfa, 0xf9, 0xf4, 0xff,
  0xc2, 0x27, 0x00, 0x05, 0x05, 0x04, 0x01, 0x00, 0x00, 0x00, 0x00, 0x00,
  0x00, 0x00, 0x00, 0x00, 0x00, 0x00, 0x00, 0x00, 0x00, 0x00, 0x00, 0x00,
  0x00, 0x00, 0x00, 0x00, 0x00, 0x00, 0x00, 0x00, 0x00, 0x01, 0x00, 0x00,
  0x00, 0x00, 0x00, 0x00, 0x00, 0x00, 0x00, 0x00, 0x00, 0x00, 0x00, 0x00,
  0x00, 0x00, 0x00, 0x00, 0x00, 0x00, 0x00, 0x00, 0x00, 0x00, 0x00, 0x00,
  0x00, 0x00, 0x00, 0x00, 0x00, 0x00, 0x00, 0x00, 0x00, 0x00, 0x00, 0x00,
  0x00, 0x00, 0x00, 0x00, 0x00, 0x00, 0x00, 0x00, 0x00, 0x00, 0x00, 0x00,
  0x00, 0x00, 0x00, 0x00, 0x00, 0x00, 0x00, 0x00, 0x00, 0x00, 0x00, 0x00,
  0x00, 0x00, 0x00, 0x00, 0x00, 0x00, 0x00, 0x00, 0x00, 0x00, 0x00, 0x00,
  0x00, 0x00, 0x00, 0x00, 0x00, 0x00, 0x00, 0x00, 0x00, 0x00, 0x00, 0x00,
  0x00, 0x00, 0x00, 0x00, 0x00, 0x00, 0x01, 0x04, 0x0a, 0x01, 0x10, 0x8d,
  0xf7, 0xf7, 0xf6, 0xf8, 0xfa, 0xfa, 0xfb, 0xfb, 0xfb, 0xfb, 0xfb, 0xfc,
  0xfc, 0xfc, 0xfb, 0xfc, 0xfc, 0xfc, 0xfc, 0xfd, 0xfc, 0xfd, 0xfc, 0xfb,
  0xfc, 0xfc, 0xfc, 0xfb, 0xfc, 0xfb, 0xfb, 0xfb, 0xfb, 0xfb, 0xfb, 0xfb,
  0xfa, 0xf9, 0xfa, 0xf9, 0xf8, 0xf8, 0xf7, 0xf5, 0xf2, 0xff, 0xc7, 0x30,
  0x00, 0x06, 0x05, 0x06, 0x05, 0x00, 0x2c, 0xbc, 0xfe, 0xf1, 0xf6, 0xf9,
  0xf9, 0xf9, 0xfa, 0xfb, 0xfb, 0xfc, 0xfc, 0xfc, 0xfd, 0xfc, 0xfc, 0xfb,
  0xfc, 0xfc, 0xfc, 0xfd, 0xfc, 0xfb, 0xfc, 0xfc, 0xfc, 0xfc, 0xfc, 0xfc,
  0xfc, 0xfc, 0xfb, 0xfa, 0xfb, 0xfb, 0xfb, 0xfb, 0xfa, 0xfb, 0xfa, 0xf9,
  0xfa, 0xf9, 0xf8, 0xf5, 0xf5, 0xff, 0xaa, 0x20, 0x02, 0x0d, 0x03, 0x01,
  0x00, 0x00, 0x00, 0x01, 0x00, 0x00, 0x00, 0x00, 0x00, 0x00, 0x00, 0x00,
  0x00, 0x00, 0x00, 0x00, 0x00, 0x00, 0x00, 0x00, 0x00, 0x00, 0x00, 0x00,
  0x00, 0x00, 0x00, 0x00, 0x00, 0x00, 0x00, 0x00, 0x00, 0x00, 0x00, 0x00,
  0x00, 0x00, 0x00, 0x00, 0x00, 0x00, 0x00, 0x00, 0x00, 0x00, 0x00, 0x00,
  0x00, 0x00, 0x00, 0x00, 0x00, 0x00, 0x00, 0x00, 0x00, 0x00, 0x00, 0x00,
  0x00, 0x00, 0x00, 0x00, 0x00, 0x00, 0x00, 0x00, 0x00, 0x00, 0x01, 0x01,
  0x01, 0x07, 0x00, 0x7e, 0xf6, 0xff, 0xf5, 0xf8, 0xfa, 0xfc, 0xfd, 0xfc,
  0xfb, 0xfb, 0xfb, 0xfb, 0xfb, 0xfb, 0xfb, 0xfb, 0xfb, 0xfb, 0xfb, 0xfa,
  0xfb, 0xfb, 0xfc, 0xfb, 0xfc, 0xfc, 0xfb, 0xfb, 0xfc, 0xfc, 0xfb, 0xfc,
  0xfd, 0xfc, 0xfc, 0xfc, 0xfc, 0xfc, 0xfa, 0xf9, 0xf0, 0xfc, 0xed, 0x74,
  0x08, 0x00, 0x03, 0x01, 0x01, 0x01, 0x00, 0x00, 0x00, 0x00, 0x00, 0x00,
  0x00, 0x00, 0x00, 0x01, 0x01, 0x01, 0x01, 0x01, 0x01, 0x01, 0x01, 0x01,
  0x01, 0x01, 0x01, 0x01, 0x01, 0x01, 0x01, 0x01, 0x01, 0x01, 0x01, 0x01,
  0x01, 0x00, 0x00, 0x00, 0x00, 0x00, 0x00, 0x01, 0x01, 0x01, 0x01, 0x01,
  0x01, 0x01, 0x01, 0x01, 0x00, 0x00, 0x00, 0x00, 0x01, 0x00, 0x00, 0x01,
  0x01, 0x01, 0x01, 0x01, 0x01, 0x01, 0x01, 0x01, 0x01, 0x01, 0x01, 0x01,
  0x01, 0x01, 0x00, 0x00, 0x00, 0x00, 0x00, 0x00, 0x00, 0x01, 0x01, 0x02,
  0x02, 0x02, 0x02, 0x01, 0x01, 0x01, 0x01, 0x01, 0x01, 0x00, 0x00, 0x00,
  0x00, 0x00, 0x00, 0x00, 0x00, 0x00, 0x00, 0x01, 0x01, 0x00, 0x00, 0x00,
  0x00, 0x00, 0x00, 0x00, 0x00, 0x00, 0x00, 0x00, 0x00, 0x00, 0x00, 0x00,
  0x00, 0x00, 0x00, 0x00, 0x00, 0x00, 0x00, 0x00, 0x00, 0x00, 0x00, 0x00,
  0x00, 0x00, 0x00, 0x00, 0x00, 0x02, 0x06, 0x09, 0x00, 0x11, 0xce, 0xfc,
  0xf8, 0xf8, 0xfa, 0xfb, 0xfb, 0xfb, 0xfc, 0xfb, 0xfb, 0xfc, 0xfb, 0xfa,
  0xfa, 0xfb, 0xfb, 0xfb, 0xfb, 0xfc, 0xfb, 0xfc, 0xfb, 0xfb, 0xfc, 0xfb,
  0xfb, 0xfb, 0xfb, 0xfb, 0xfb, 0xfb, 0xfb, 0xfb, 0xfb, 0xfa, 0xf9, 0xf8,
  0xf8, 0xf8, 0xf9, 0xf5, 0xff, 0x9d, 0x1e, 0x00, 0x04, 0x05, 0x03, 0x02,
  0x01, 0x00, 0x00, 0x00, 0x00, 0x00, 0x00, 0x00, 0x00, 0x00, 0x00, 0x00,
  0x00, 0x00, 0x00, 0x00, 0x00, 0x00, 0x00, 0x00, 0x00, 0x00, 0x00, 0x00,
  0x00, 0x00, 0x00, 0x00, 0x00, 0x00, 0x00, 0x00, 0x00, 0x00, 0x00, 0x00,
  0x00, 0x00, 0x00, 0x00, 0x00, 0x00, 0x00, 0x00, 0x00, 0x00, 0x00, 0x00,
  0x00, 0x00, 0x00, 0x00, 0x00, 0x00, 0x00, 0x00, 0x00, 0x00, 0x00, 0x00,
  0x00, 0x00, 0x00, 0x00, 0x00, 0x00, 0x00, 0x00, 0x00, 0x00, 0x00, 0x00,
  0x00, 0x00, 0x00, 0x03, 0x09, 0x05, 0x00, 0x45, 0xd2, 0xfe, 0xf0, 0xf9,
  0xf8, 0xf9, 0xf9, 0xfa, 0xfa, 0xfb, 0xfb, 0xfb, 0xfb, 0xfb, 0xfa, 0xfa,
  0xfa, 0xfb, 0xfb, 0xfb, 0xfb, 0xfb, 0xfb, 0xfc, 0xfc, 0xfc, 0xfc, 0xfc,
  0xfc, 0xfd, 0xfc, 0xfc, 0xfb, 0xfa, 0xf9, 0xf9, 0xf9, 0xf6, 0xf2, 0xfa,
  0xfe, 0x79, 0x00, 0x0a, 0x0a, 0x05, 0x03, 0x02, 0x01, 0x01, 0x00, 0x00,
  0x00, 0x00, 0x00, 0x00, 0x00, 0x00, 0x00, 0x00, 0x00, 0x00, 0x00, 0x00,
  0x00, 0x00, 0x00, 0x00, 0x00, 0x00, 0x00, 0x00, 0x00, 0x00, 0x00, 0x00,
  0x00, 0x00, 0x00, 0x00, 0x00, 0x00, 0x00, 0x00, 0x00, 0x00, 0x00, 0x00,
  0x00, 0x00, 0x00, 0x00, 0x00, 0x00, 0x00, 0x00, 0x00, 0x00, 0x00, 0x00,
  0x00, 0x00, 0x00, 0x00, 0x00, 0x00, 0x01, 0x01, 0x01, 0x07, 0x02, 0x13,
  0x8f, 0xfd, 0xf7, 0xf5, 0xf7, 0xf9, 0xfb, 0xfc, 0xfc, 0xfb, 0xfa, 0xfb,
  0xfb, 0xfb, 0xfb, 0xfa, 0xfb, 0xfb, 0xfb, 0xfb, 0xfc, 0xfb, 0xfb, 0xfb,
  0xfb, 0xfb, 0xfb, 0xfb, 0xfb, 0xfb, 0xfb, 0xfb, 0xfb, 0xfb, 0xfc, 0xfd,
  0xfc, 0xfd, 0xfe, 0xfe, 0xfe, 0xfe, 0xfc, 0xfb, 0xfb, 0xf9, 0xff, 0xab,
  0x22, 0x00, 0x08, 0x0a, 0x07, 0x05, 0x00, 0x32, 0xcb, 0xff, 0xf4, 0xf8,
  0xf9, 0xfa, 0xfa, 0xfa, 0xfa, 0xfa, 0xfb, 0xfb, 0xfa, 0xfa, 0xfb, 0xfb,
  0xfb, 0xfb, 0xfb, 0xfb, 0xfc, 0xfd, 0xfd, 0xfc, 0xfd, 0xfd, 0xfc, 0xfc,
  0xfd, 0xfd, 0xfd, 0xfd, 0xfc, 0xfb, 0xfb, 0xfc, 0xfc, 0xfc, 0xfc, 0xfb,
  0xfa, 0xfb, 0xfb, 0xfa, 0xf5, 0xf6, 0xfa, 0x8d, 0x13, 0x01, 0x09, 0x04,
  0x02, 0x00, 0x00, 0x00, 0x00, 0x00, 0x00, 0x00, 0x00, 0x00, 0x00, 0x00,
  0x00, 0x00, 0x00, 0x00, 0x00, 0x00, 0x00, 0x00, 0x00, 0x00, 0x00, 0x00,
  0x00, 0x00, 0x00, 0x00, 0x00, 0x00, 0x00, 0x00, 0x00, 0x00, 0x00, 0x00,
  0x00, 0x00, 0x00, 0x00, 0x00, 0x00, 0x00, 0x00, 0x00, 0x00, 0x00, 0x00,
  0x00, 0x00, 0x00, 0x00, 0x00, 0x00, 0x00, 0x00, 0x00, 0x00, 0x00, 0x00,
  0x00, 0x00, 0x00, 0x00, 0x00, 0x00, 0x00, 0x00, 0x00, 0x00, 0x00, 0x00,
  0x00, 0x00, 0x00, 0x00, 0x00, 0x00, 0x00, 0x00, 0x00, 0x00, 0x00, 0x00,
  0x00, 0x00, 0x00, 0x00, 0x00, 0x00, 0x00, 0x00, 0x00, 0x00, 0x00, 0x00,
  0x00, 0x00, 0x00, 0x00, 0x00, 0x00, 0x00, 0x00, 0x00, 0x00, 0x00, 0x00,
  0x00, 0x00, 0x00, 0x00, 0x00, 0x00, 0x00, 0x00, 0x01, 0x00, 0x00, 0x00,
  0x01, 0x04, 0x03, 0x03, 0x49, 0xd9, 0xff, 0xf3, 0xf7, 0xf9, 0xf9, 0xfa,
  0xfa, 0xfa, 0xfb, 0xfc, 0xfb, 0xfc, 0xfd, 0xfc, 0xfb, 0xfc, 0xfc, 0xfb,
  0xfc, 0xfc, 0xfc, 0xfd, 0xfc, 0xfb, 0xfc, 0xfd, 0xfc, 0xfb, 0xfb, 0xfb,
  0xfb, 0xfc, 0xfc, 0xfb, 0xfb, 0xfa, 0xfa, 0xf9, 0xfa, 0xf9, 0xf8, 0xf8,
  0xf8, 0xf4, 0xfb, 0xe7, 0x66, 0x03, 0x01, 0x07, 0x04, 0x05, 0x05, 0x01,
  0x04, 0x54, 0xec, 0xf8, 0xf4, 0xf8, 0xfa, 0xfa, 0xfb, 0xfb, 0xfc, 0xfc,
  0xfd, 0xfc, 0xfc, 0xfc, 0xfb, 0xfb, 0xfb, 0xfb, 0xfc, 0xfc, 0xfc, 0xfc,
  0xfc, 0xfc, 0xfc, 0xfb, 0xfb, 0xfd, 0xfc, 0xfc, 0xfa, 0xfa, 0xfa, 0xfa,
  0xfa, 0xfb, 0xfb, 0xfa, 0xfa, 0xf9, 0xf9, 0xf8, 0xf8, 0xf8, 0xf5, 0xf9,
  0xf6, 0x6b, 0x02, 0x04, 0x05, 0x02, 0x02, 0x01, 0x00, 0x00, 0x01, 0x00,
  0x00, 0x00, 0x00, 0x00, 0x00, 0x00, 0x00, 0x00, 0x00, 0x00, 0x00, 0x00,
  0x00, 0x00, 0x00, 0x00, 0x00, 0x00, 0x00, 0x00, 0x00, 0x00, 0x00, 0x00,
  0x00, 0x00, 0x00, 0x00, 0x00, 0x00, 0x00, 0x00, 0x00, 0x00, 0x00, 0x00,
  0x00, 0x00, 0x00, 0x00, 0x00, 0x00, 0x00, 0x00, 0x00, 0x00, 0x00, 0x00,
  0x00, 0x00, 0x00, 0x00, 0x00, 0x00, 0x01, 0x00, 0x00, 0x00, 0x00, 0x00,
  0x00, 0x00, 0x00, 0x00, 0x01, 0x00, 0x01, 0x06, 0x00, 0x7d, 0xf6, 0xff,
  0xf5, 0xf8, 0xfa, 0xfc, 0xfd, 0xfc, 0xfb, 0xfb, 0xfc, 0xfc, 0xfc, 0xfb,
  0xfb, 0xfc, 0xfc, 0xfc, 0xfb, 0xfa, 0xfb, 0xfc, 0xfb, 0xfb, 0xfc, 0xfc,
  0xfc, 0xfb, 0xfc, 0xfc, 0xfb, 0xfc, 0xfc, 0xfb, 0xfc, 0xfb, 0xfb, 0xfa,
  0xf9, 0xf8, 0xef, 0xfc, 0xec, 0x75, 0x09, 0x02, 0x09, 0x04, 0x05, 0x04,
  0x03, 0x03, 0x03, 0x03, 0x03, 0x03, 0x03, 0x04, 0x04, 0x04, 0x04, 0x04,
  0x04, 0x04, 0x04, 0x04, 0x04, 0x04, 0x04, 0x04, 0x04, 0x04, 0x04, 0x04,
  0x04, 0x04, 0x04, 0x04, 0x04, 0x04, 0x04, 0x04, 0x04, 0x04, 0x04, 0x04,
  0x04, 0x04, 0x04, 0x04, 0x04, 0x04, 0x04, 0x04, 0x04, 0x04, 0x04, 0x04,
  0x04, 0x04, 0x04, 0x04, 0x04, 0x04, 0x04, 0x04, 0x05, 0x05, 0x05, 0x05,
  0x04, 0x04, 0x04, 0x04, 0x04, 0x04, 0x04, 0x04, 0x04, 0x03, 0x03, 0x03,
  0x03, 0x03, 0x03, 0x04, 0x05, 0x05, 0x05, 0x05, 0x03, 0x03, 0x02, 0x01,
  0x01, 0x02, 0x01, 0x00, 0x00, 0x00, 0x00, 0x00, 0x00, 0x01, 0x00, 0x00,
  0x00, 0x00, 0x01, 0x00, 0x00, 0x00, 0x00, 0x00, 0x00, 0x00, 0x00, 0x00,
  0x00, 0x00, 0x00, 0x00, 0x00, 0x00, 0x00, 0x00, 0x00, 0x00, 0x00, 0x00,
  0x00, 0x00, 0x00, 0x00, 0x00, 0x00, 0x00, 0x00, 0x00, 0x00, 0x00, 0x03,
  0x07, 0x09, 0x00, 0x11, 0xcd, 0xfc, 0xf8, 0xf9, 0xfb, 0xfc, 0xfb, 0xfb,
  0xfc, 0xfb, 0xfc, 0xfc, 0xfc, 0xfa, 0xfb, 0xfa, 0xfb, 0xfc, 0xfb, 0xfb,
  0xfc, 0xfc, 0xfb, 0xfb, 0xfc, 0xfb, 0xfc, 0xfb, 0xfa, 0xfa, 0xfa, 0xfa,
  0xfb, 0xfb, 0xfa, 0xfa, 0xf9, 0xf9, 0xf9, 0xfa, 0xfa, 0xf6, 0xff, 0x9e,
  0x1e, 0x00, 0x04, 0x05, 0x03, 0x02, 0x01, 0x00, 0x00, 0x00, 0x00, 0x01,
  0x01, 0x01, 0x00, 0x00, 0x00, 0x00, 0x00, 0x00, 0x00, 0x00, 0x00, 0x00,
  0x00, 0x00, 0x00, 0x00, 0x00, 0x00, 0x00, 0x00, 0x00, 0x00, 0x00, 0x00,
  0x00, 0x00, 0x00, 0x00, 0x00, 0x00, 0x00, 0x00, 0x00, 0x00, 0x00, 0x00,
  0x00, 0x00, 0x00, 0x00, 0x00, 0x00, 0x00, 0x00, 0x01, 0x00, 0x00, 0x00,
  0x00, 0x00, 0x00, 0x00, 0x00, 0x00, 0x00, 0x00, 0x00, 0x00, 0x00, 0x00,
  0x00, 0x00, 0x00, 0x00, 0x00, 0x00, 0x00, 0x00, 0x00, 0x04, 0x09, 0x05,
  0x00, 0x4e, 0xd7, 0xfe, 0xf0, 0xf9, 0xf9, 0xfa, 0xfa, 0xfb, 0xfb, 0xfb,
  0xfb, 0xfb, 0xfb, 0xfb, 0xfb, 0xfa, 0xfa, 0xfb, 0xfc, 0xfb, 0xfa, 0xfc,
  0xfc, 0xfc, 0xfc, 0xfc, 0xfb, 0xfb, 0xfc, 0xfd, 0xfd, 0xfc, 0xfb, 0xfa,
  0xfa, 0xfa, 0xfa, 0xf7, 0xf2, 0xfa, 0xfc, 0x75, 0x00, 0x0c, 0x0a, 0x05,
  0x03, 0x01, 0x01, 0x00, 0x00, 0x00, 0x00, 0x00, 0x00, 0x00, 0x00, 0x00,
  0x00, 0x00, 0x00, 0x00, 0x00, 0x00, 0x00, 0x00, 0x00, 0x00, 0x00, 0x00,
  0x00, 0x00, 0x00, 0x00, 0x00, 0x00, 0x00, 0x00, 0x00, 0x00, 0x00, 0x00,
  0x00, 0x00, 0x00, 0x00, 0x00, 0x00, 0x00, 0x00, 0x00, 0x00, 0x00, 0x00,
  0x00, 0x00, 0x00, 0x00, 0x00, 0x00, 0x00, 0x00, 0x00, 0x01, 0x01, 0x02,
  0x02, 0x04, 0x05, 0x04, 0x00, 0x52, 0xea, 0xfd, 0xf8, 0xf9, 0xf8, 0xfa,
  0xfb, 0xfc, 0xfb, 0xfb, 0xfa, 0xfa, 0xfb, 0xfb, 0xfb, 0xfb, 0xfa, 0xfa,
  0xfa, 0xfa, 0xfb, 0xfa, 0xfb, 0xfc, 0xfb, 0xfc, 0xfc, 0xfc, 0xfb, 0xfc,
  0xfb, 0xfb, 0xfb, 0xfc, 0xfd, 0xfc, 0xfc, 0xfd, 0xfd, 0xfe, 0xff, 0xfd,
  0xfa, 0xf7, 0xf5, 0xfc, 0xe5, 0x50, 0x02, 0x01, 0x05, 0x04, 0x04, 0x08,
  0x02, 0x06, 0x72, 0xed, 0xfb, 0xf6, 0xf9, 0xfa, 0xf9, 0xfa, 0xfb, 0xfa,
  0xfb, 0xfb, 0xfa, 0xf9, 0xfb, 0xfb, 0xfc, 0xfc, 0xfb, 0xfc, 0xfd, 0xfd,
  0xfc, 0xfc, 0xfd, 0xfd, 0xfc, 0xfc, 0xfd, 0xfe, 0xfd, 0xfc, 0xfb, 0xfc,
  0xfd, 0xfc, 0xfb, 0xfc, 0xfb, 0xfb, 0xfa, 0xfa, 0xfa, 0xf9, 0xf7, 0xef,
  0xff, 0xde, 0x4f, 0x02, 0x03, 0x05, 0x01, 0x00, 0x00, 0x00, 0x00, 0x00,
  0x00, 0x00, 0x00, 0x00, 0x00, 0x00, 0x00, 0x00, 0x00, 0x00, 0x00, 0x00,
  0x00, 0x00, 0x00, 0x00, 0x00, 0x00, 0x00, 0x00, 0x00, 0x00, 0x00, 0x00,
  0x00, 0x00, 0x00, 0x00, 0x00, 0x00, 0x00, 0x00, 0x00, 0x00, 0x00, 0x00,
  0x00, 0x00, 0x00, 0x00, 0x00, 0x00, 0x00, 0x00, 0x00, 0x00, 0x00, 0x00,
  0x00, 0x00, 0x00, 0x00, 0x00, 0x00, 0x00, 0x00, 0x00, 0x00, 0x00, 0x00,
  0x00, 0x00, 0x00, 0x00, 0x00, 0x00, 0x00, 0x00, 0x00, 0x00, 0x00, 0x00,
  0x00, 0x00, 0x00, 0x00, 0x00, 0x00, 0x00, 0x00, 0x00, 0x00, 0x00, 0x00,
  0x00, 0x00, 0x00, 0x00, 0x00, 0x00, 0x00, 0x00, 0x00, 0x00, 0x00, 0x00,
  0x00, 0x00, 0x00, 0x00, 0x00, 0x00, 0x00, 0x00, 0x00, 0x00, 0x00, 0x01,
  0x01, 0x01, 0x00, 0x00, 0x02, 0x02, 0x02, 0x06, 0x00, 0x17, 0xa2, 0xfb,
  0xf5, 0xf6, 0xf8, 0xf8, 0xf9, 0xf9, 0xfa, 0xfb, 0xfb, 0xfb, 0xfc, 0xfc,
  0xfc, 0xfc, 0xfc, 0xfb, 0xfb, 0xfc, 0xfb, 0xfb, 0xfc, 0xfc, 0xfc, 0xfb,
  0xfc, 0xfd, 0xfc, 0xfc, 0xfc, 0xfc, 0xfc, 0xfc, 0xfb, 0xfb, 0xfb, 0xfa,
  0xf9, 0xf9, 0xf9, 0xf9, 0xf9, 0xf9, 0xf6, 0xf6, 0xfe, 0xac, 0x1c, 0x00,
  0x06, 0x04, 0x04, 0x03, 0x02, 0x01, 0x00, 0x12, 0x99, 0xff, 0xf5, 0xf5,
  0xf9, 0xfa, 0xfb, 0xfc, 0xfc, 0xfc, 0xfc, 0xfc, 0xfc, 0xfb, 0xfc, 0xfc,
  0xfb, 0xfb, 0xfc, 0xfc, 0xfc, 0xfc, 0xfc, 0xfc, 0xfc, 0xfc, 0xfc, 0xfd,
  0xfc, 0xfb, 0xfb, 0xfb, 0xfa, 0xfb, 0xfb, 0xfb, 0xfb, 0xfb, 0xfa, 0xf9,
  0xf9, 0xf9, 0xf9, 0xf9, 0xf8, 0xf6, 0xff, 0xc8, 0x32, 0x00, 0x0a, 0x03,
  0x03, 0x02, 0x01, 0x01, 0x01, 0x00, 0x00, 0x00, 0x00, 0x00, 0x00, 0x00,
  0x00, 0x00, 0x00, 0x00, 0x00, 0x00, 0x00, 0x00, 0x00, 0x00, 0x00, 0x00,
  0x00, 0x00, 0x00, 0x00, 0x00, 0x00, 0x00, 0x00, 0x00, 0x00, 0x00, 0x00,
  0x00, 0x00, 0x00, 0x00, 0x00, 0x00, 0x00, 0x00, 0x00, 0x00, 0x00, 0x00,
  0x00, 0x00, 0x00, 0x00, 0x00, 0x00, 0x00, 0x00, 0x00, 0x00, 0x00, 0x01,
  0x00, 0x00, 0x00, 0x00, 0x00, 0x00, 0x00, 0x00, 0x00, 0x00, 0x01, 0x00,
  0x00, 0x07, 0x00, 0x7e, 0xf6, 0xff, 0xf5, 0xf8, 0xfa, 0xfc, 0xfd, 0xfc,
  0xfc, 0xfc, 0xfb, 0xfb, 0xfb, 0xfc, 0xfc, 0xfb, 0xfb, 0xfc, 0xfb, 0xfa,
  0xfb, 0xfc, 0xfc, 0xfc, 0xfb, 0xfc, 0xfb, 0xfb, 0xfc, 0xfc, 0xfc, 0xfc,
  0xfb, 0xfb, 0xfb, 0xfb, 0xfa, 0xf9, 0xf8, 0xf7, 0xef, 0xfd, 0xeb, 0x72,
  0x09, 0x05, 0x0b, 0x07, 0x07, 0x07, 0x07, 0x07, 0x06, 0x06, 0x06, 0x06,
  0x07, 0x07, 0x07, 0x07, 0x07, 0x07, 0x07, 0x07, 0x07, 0x07, 0x07, 0x07,
  0x07, 0x07, 0x07, 0x07, 0x07, 0x06, 0x06, 0x07, 0x07, 0x06, 0x06, 0x06,
  0x06, 0x06, 0x06, 0x07, 0x07, 0x07, 0x07, 0x07, 0x07, 0x07, 0x07, 0x07,
  0x07, 0x07, 0x07, 0x07, 0x06, 0x07, 0x07, 0x06, 0x07, 0x07, 0x06, 0x07,
  0x07, 0x07, 0x07, 0x08, 0x07, 0x07, 0x07, 0x07, 0x07, 0x07, 0x06, 0x06,
  0x06, 0x07, 0x06, 0x07, 0x06, 0x06, 0x06, 0x06, 0x05, 0x05, 0x06, 0x05,
  0x06, 0x05, 0x05, 0x04, 0x03, 0x02, 0x02, 0x01, 0x00, 0x00, 0x00, 0x00,
  0x00, 0x00, 0x00, 0x00, 0x00, 0x00, 0x00, 0x00, 0x00, 0x00, 0x00, 0x00,
  0x00, 0x00, 0x00, 0x00, 0x00, 0x00, 0x00, 0x00, 0x00, 0x00, 0x00, 0x00,
  0x00, 0x00, 0x00, 0x00, 0x00, 0x00, 0x00, 0x00, 0x00, 0x00, 0x00, 0x00,
  0x00, 0x00, 0x00, 0x00, 0x00, 0x03, 0x07, 0x09, 0x00, 0x11, 0xcd, 0xfc,
  0xf8, 0xf9, 0xfc, 0xfc, 0xfc, 0xfb, 0xfb, 0xfb, 0xfb, 0xfb, 0xfb, 0xfb,
  0xfa, 0xfb, 0xfb, 0xfc, 0xfc, 0xfc, 0xfb, 0xfb, 0xfb, 0xfb, 0xfc, 0xfb,
  0xfb, 0xfb, 0xfb, 0xfa, 0xfb, 0xfa, 0xfa, 0xfa, 0xfa, 0xfa, 0xfa, 0xfa,
  0xfa, 0xfc, 0xfc, 0xf7, 0xff, 0x9f, 0x1e, 0x00, 0x04, 0x05, 0x03, 0x01,
  0x01, 0x00, 0x00, 0x00, 0x00, 0x00, 0x01, 0x00, 0x00, 0x00, 0x00, 0x00,
  0x00, 0x00, 0x00, 0x00, 0x00, 0x00, 0x00, 0x00, 0x00, 0x00, 0x00, 0x00,
  0x00, 0x00, 0x00, 0x00, 0x00, 0x00, 0x00, 0x00, 0x00, 0x00, 0x00, 0x00,
  0x00, 0x00, 0x00, 0x00, 0x00, 0x00, 0x00, 0x00, 0x00, 0x00, 0x00, 0x00,
  0x00, 0x00, 0x00, 0x00, 0x00, 0x00, 0x00, 0x00, 0x00, 0x00, 0x00, 0x00,
  0x00, 0x00, 0x00, 0x00, 0x00, 0x00, 0x00, 0x00, 0x00, 0x00, 0x00, 0x00,
  0x00, 0x00, 0x00, 0x04, 0x0a, 0x04, 0x01, 0x5f, 0xe1, 0xfe, 0xf0, 0xfb,
  0xfa, 0xfb, 0xfb, 0xfc, 0xfc, 0xfc, 0xfc, 0xfc, 0xfc, 0xfc, 0xfb, 0xfb,
  0xfa, 0xfb, 0xfb, 0xfb, 0xfb, 0xfb, 0xfb, 0xfb, 0xfb, 0xfb, 0xfb, 0xfb,
  0xfc, 0xfd, 0xfd, 0xfc, 0xfb, 0xfb, 0xfb, 0xfb, 0xfa, 0xf8, 0xf3, 0xfb,
  0xfa, 0x6f, 0x00, 0x0e, 0x09, 0x04, 0x02, 0x00, 0x00, 0x00, 0x00, 0x00,
  0x00, 0x00, 0x00, 0x00, 0x00, 0x00, 0x00, 0x00, 0x00, 0x00, 0x00, 0x00,
  0x00, 0x00, 0x00, 0x00, 0x00, 0x00, 0x00, 0x00, 0x00, 0x00, 0x00, 0x00,
  0x00, 0x00, 0x00, 0x00, 0x00, 0x00, 0x00, 0x00, 0x00, 0x00, 0x00, 0x00,
  0x00, 0x00, 0x00, 0x00, 0x00, 0x00, 0x00, 0x00, 0x00, 0x00, 0x00, 0x00,
  0x00, 0x00, 0x00, 0x00, 0x01, 0x03, 0x05, 0x05, 0x0d, 0x00, 0x25, 0xb6,
  0xff, 0xf8, 0xf9, 0xfa, 0xfa, 0xfa, 0xfb, 0xfc, 0xfb, 0xfa, 0xfb, 0xfa,
  0xfa, 0xfa, 0xfa, 0xfa, 0xfb, 0xfb, 0xfb, 0xfa, 0xfa, 0xfa, 0xfb, 0xfb,
  0xfc, 0xfc, 0xfb, 0xfc, 0xfc, 0xfb, 0xfc, 0xfc, 0xfc, 0xfd, 0xfc, 0xfd,
  0xfd, 0xfd, 0xfd, 0xfe, 0xfe, 0xfc, 0xf7, 0xf3, 0xf5, 0xff, 0x8d, 0x11,
  0x00, 0x01, 0x00, 0x01, 0x03, 0x07, 0x09, 0x00, 0x1e, 0xb1, 0xff, 0xf7,
  0xf7, 0xf9, 0xfa, 0xfa, 0xfa, 0xfb, 0xfa, 0xfa, 0xfa, 0xfa, 0xfa, 0xfa,
  0xfc, 0xfb, 0xfc, 0xfd, 0xfd, 0xfc, 0xfd, 0xfd, 0xfc, 0xfc, 0xfd, 0xfd,
  0xfd, 0xfd, 0xfd, 0xfc, 0xfc, 0xfc, 0xfc, 0xfc, 0xfc, 0xfb, 0xfb, 0xfa,
  0xf9, 0xf9, 0xf9, 0xf8, 0xf7, 0xf4, 0xf2, 0xfd, 0xb1, 0x22, 0x00, 0x07,
  0x01, 0x00, 0x00, 0x00, 0x00, 0x00, 0x00, 0x00, 0x00, 0x00, 0x00, 0x00,
  0x00, 0x00, 0x00, 0x00, 0x00, 0x00, 0x00, 0x00, 0x00, 0x00, 0x00, 0x00,
  0x00, 0x00, 0x00, 0x00, 0x00, 0x00, 0x00, 0x00, 0x00, 0x00, 0x00, 0x00,
  0x00, 0x00, 0x00, 0x00, 0x00, 0x00, 0x00, 0x00, 0x00, 0x00, 0x00, 0x00,
  0x00, 0x00, 0x00, 0x00, 0x00, 0x00, 0x00, 0x00, 0x00, 0x00, 0x00, 0x00,
  0x00, 0x00, 0x00, 0x00, 0x00, 0x00, 0x00, 0x00, 0x00, 0x00, 0x00, 0x00,
  0x00, 0x00, 0x00, 0x00, 0x00, 0x00, 0x00, 0x00, 0x00, 0x00, 0x00, 0x00,
  0x00, 0x00, 0x00, 0x00, 0x00, 0x00, 0x00, 0x00, 0x00, 0x00, 0x00, 0x00,
  0x00, 0x00, 0x00, 0x00, 0x00, 0x00, 0x00, 0x00, 0x00, 0x00, 0x00, 0x00,
  0x00, 0x00, 0x00, 0x00, 0x01, 0x01, 0x02, 0x00, 0x01, 0x01, 0x02, 0x03,
  0x07, 0x03, 0x07, 0x5d, 0xe7, 0xfd, 0xf2, 0xf8, 0xf9, 0xf9, 0xf9, 0xfa,
  0xfa, 0xfa, 0xfa, 0xfc, 0xfc, 0xfc, 0xfb, 0xfc, 0xfc, 0xfb, 0xfb, 0xfb,
  0xfb, 0xfb, 0xfc, 0xfd, 0xfc, 0xfb, 0xfc, 0xfc, 0xfc, 0xfd, 0xfd, 0xfd,
  0xfc, 0xfc, 0xfb, 0xfc, 0xfb, 0xfa, 0xfa, 0xfa, 0xfa, 0xfa, 0xf8, 0xf6,
  0xf4, 0xfd, 0xe2, 0x57, 0x02, 0x02, 0x06, 0x02, 0x03, 0x02, 0x00, 0x01,
  0x02, 0x00, 0x3e, 0xdc, 0xfb, 0xf5, 0xf8, 0xfb, 0xfb, 0xfd, 0xfd, 0xfd,
  0xfd, 0xfc, 0xfd, 0xfc, 0xfd, 0xfd, 0xfc, 0xfb, 0xfc, 0xfd, 0xfc, 0xfb,
  0xfb, 0xfb, 0xfb, 0xfc, 0xfc, 0xfc, 0xfc, 0xfb, 0xfc, 0xfb, 0xfa, 0xfa,
  0xfa, 0xfb, 0xfa, 0xfb, 0xfa, 0xf9, 0xfa, 0xfa, 0xfa, 0xf9, 0xf9, 0xf6,
  0xf7, 0xfb, 0x81, 0x08, 0x06, 0x07, 0x03, 0x03, 0x02, 0x01, 0x01, 0x00,
  0x00, 0x00, 0x00, 0x00, 0x00, 0x00, 0x00, 0x00, 0x00, 0x00, 0x00, 0x00,
  0x00, 0x00, 0x00, 0x00, 0x00, 0x00, 0x00, 0x00, 0x00, 0x00, 0x00, 0x00,
  0x00, 0x00, 0x00, 0x00, 0x00, 0x00, 0x00, 0x00, 0x00, 0x00, 0x00, 0x00,
  0x00, 0x00, 0x00, 0x00, 0x00, 0x00, 0x00, 0x00, 0x00, 0x00, 0x00, 0x00,
  0x00, 0x00, 0x00, 0x00, 0x00, 0x00, 0x00, 0x00, 0x00, 0x00, 0x00, 0x00,
  0x00, 0x00, 0x00, 0x00, 0x01, 0x00, 0x00, 0x08, 0x00, 0x7e, 0xf6, 0xff,
  0xf5, 0xf8, 0xfa, 0xfc, 0xfd, 0xfc, 0xfc, 0xfc, 0xfb, 0xfb, 0xfb, 0xfb,
  0xfb, 0xfb, 0xfb, 0xfc, 0xfb, 0xfb, 0xfb, 0xfb, 0xfb, 0xfb, 0xfc, 0xfc,
  0xfb, 0xfb, 0xfc, 0xfc, 0xfc, 0xfc, 0xfc, 0xfb, 0xfa, 0xfa, 0xf9, 0xf8,
  0xf7, 0xf8, 0xef, 0xfd, 0xe9, 0x68, 0x00, 0x00, 0x00, 0x00, 0x00, 0x00,
  0x00, 0x00, 0x00, 0x00, 0x00, 0x00, 0x00, 0x00, 0x00, 0x00, 0x00, 0x00,
  0x00, 0x00, 0x00, 0x00, 0x00, 0x00, 0x00, 0x00, 0x00, 0x00, 0x00, 0x00,
  0x00, 0x00, 0x00, 0x00, 0x00, 0x00, 0x00, 0x00, 0x00, 0x00, 0x00, 0x00,
  0x00, 0x00, 0x00, 0x00, 0x00, 0x00, 0x00, 0x00, 0x00, 0x00, 0x00, 0x00,
  0x00, 0x00, 0x00, 0x00, 0x00, 0x00, 0x00, 0x00, 0x00, 0x00, 0x00, 0x00,
  0x00, 0x00, 0x00, 0x00, 0x00, 0x00, 0x00, 0x00, 0x00, 0x00, 0x00, 0x00,
  0x00, 0x00, 0x00, 0x00, 0x00, 0x00, 0x00, 0x00, 0x04, 0x04, 0x03, 0x03,
  0x02, 0x01, 0x00, 0x00, 0x00, 0x00, 0x00, 0x00, 0x00, 0x00, 0x00, 0x00,
  0x00, 0x00, 0x00, 0x00, 0x00, 0x00, 0x00, 0x00, 0x00, 0x00, 0x00, 0x00,
  0x00, 0x01, 0x00, 0x00, 0x00, 0x00, 0x00, 0x00, 0x00, 0x00, 0x00, 0x00,
  0x00, 0x00, 0x00, 0x00, 0x00, 0x00, 0x00, 0x00, 0x00, 0x00, 0x00, 0x03,
  0x06, 0x09, 0x00, 0x11, 0xcd, 0xfc, 0xf8, 0xf9, 0xfc, 0xfb, 0xfc, 0xfb,
  0xfb, 0xfb, 0xfa, 0xfa, 0xfa, 0xfa, 0xfb, 0xfc, 0xfb, 0xfd, 0xfc, 0xfb,
  0xfb, 0xfb, 0xfb, 0xfc, 0xfc, 0xfb, 0xfa, 0xfb, 0xfa, 0xfa, 0xfa, 0xf9,
  0xfa, 0xfa, 0xfa, 0xfa, 0xfb, 0xfb, 0xfb, 0xfd, 0xfd, 0xf8, 0xff, 0x9f,
  0x1e, 0x00, 0x04, 0x04, 0x02, 0x01, 0x00, 0x00, 0x00, 0x00, 0x00, 0x00,
  0x00, 0x00, 0x00, 0x00, 0x00, 0x00, 0x00, 0x00, 0x00, 0x00, 0x00, 0x00,
  0x00, 0x00, 0x00, 0x00, 0x00, 0x00, 0x00, 0x00, 0x00, 0x00, 0x00, 0x00,
  0x00, 0x00, 0x00, 0x00, 0x00, 0x00, 0x00, 0x00, 0x00, 0x00, 0x00, 0x00,
  0x00, 0x00, 0x00, 0x00, 0x00, 0x00, 0x00, 0x00, 0x00, 0x00, 0x00, 0x00,
  0x00, 0x00, 0x00, 0x00, 0x00, 0x00, 0x00, 0x00, 0x00, 0x01, 0x00, 0x00,
  0x00, 0x00, 0x00, 0x00, 0x00, 0x00, 0x00, 0x00, 0x00, 0x03, 0x0b, 0x03,
  0x07, 0x78, 0xef, 0xfb, 0xf0, 0xfb, 0xfb, 0xfc, 0xfc, 0xfd, 0xfd, 0xfd,
  0xfd, 0xfd, 0xfd, 0xfc, 0xfc, 0xfb, 0xfa, 0xfb, 0xfa, 0xfa, 0xfb, 0xfb,
  0xfb, 0xfa, 0xfa, 0xfa, 0xfb, 0xfc, 0xfc, 0xfc, 0xfc, 0xfc, 0xfc, 0xfc,
  0xfc, 0xfc, 0xfc, 0xf9, 0xf4, 0xfc, 0xf6, 0x65, 0x00, 0x0f, 0x08, 0x04,
  0x02, 0x01, 0x00, 0x00, 0x00, 0x00, 0x00, 0x00, 0x00, 0x00, 0x00, 0x00,
  0x00, 0x00, 0x00, 0x00, 0x00, 0x00, 0x00, 0x00, 0x00, 0x00, 0x00, 0x00,
  0x00, 0x00, 0x00, 0x00, 0x00, 0x00, 0x00, 0x00, 0x00, 0x00, 0x00, 0x00,
  0x00, 0x00, 0x00, 0x00, 0x00, 0x00, 0x00, 0x00, 0x00, 0x00, 0x00, 0x00,
  0x00, 0x00, 0x00, 0x00, 0x00, 0x00, 0x00, 0x00, 0x01, 0x01, 0x01, 0x03,
  0x05, 0x09, 0x07, 0x09, 0x75, 0xf7, 0xfa, 0xf7, 0xfa, 0xfb, 0xfb, 0xfb,
  0xfb, 0xfb, 0xfb, 0xfb, 0xfb, 0xfa, 0xf9, 0xf9, 0xfa, 0xfb, 0xfb, 0xfb,
  0xfb, 0xfb, 0xfb, 0xfa, 0xfb, 0xfb, 0xfc, 0xfc, 0xfb, 0xfc, 0xfd, 0xfc,
  0xfd, 0xfc, 0xfd, 0xfd, 0xfc, 0xfd, 0xfe, 0xfd, 0xfd, 0xfe, 0xfe, 0xfc,
  0xf8, 0xf4, 0xfc, 0xd0, 0x36, 0x00, 0x02, 0x02, 0x00, 0x00, 0x02, 0x04,
  0x07, 0x01, 0x00, 0x5c, 0xe5, 0xfd, 0xf5, 0xf8, 0xf9, 0xf9, 0xfa, 0xfa,
  0xfa, 0xf9, 0xfa, 0xfb, 0xfa, 0xfb, 0xfb, 0xfc, 0xfd, 0xfc, 0xfc, 0xfd,
  0xfd, 0xfd, 0xfc, 0xfc, 0xfc, 0xfc, 0xfd, 0xfc, 0xfc, 0xfd, 0xfd, 0xfc,
  0xfb, 0xfb, 0xfb, 0xfb, 0xfa, 0xfa, 0xfa, 0xf9, 0xf8, 0xf8, 0xf6, 0xf7,
  0xf0, 0xfb, 0xf3, 0x71, 0x0c, 0x04, 0x06, 0x01, 0x02, 0x01, 0x00, 0x00,
  0x00, 0x00, 0x00, 0x00, 0x00, 0x00, 0x00, 0x00, 0x00, 0x00, 0x00, 0x00,
  0x00, 0x00, 0x00, 0x00, 0x00, 0x00, 0x00, 0x00, 0x00, 0x00, 0x00, 0x00,
  0x00, 0x00, 0x00, 0x00, 0x00, 0x00, 0x00, 0x00, 0x00, 0x00, 0x00, 0x00,
  0x00, 0x00, 0x00, 0x00, 0x00, 0x00, 0x00, 0x00, 0x00, 0x00, 0x00, 0x00,
  0x00, 0x00, 0x00, 0x00, 0x00, 0x00, 0x00, 0x00, 0x00, 0x00, 0x00, 0x00,
  0x00, 0x00, 0x00, 0x00, 0x00, 0x00, 0x00, 0x00, 0x00, 0x00, 0x00, 0x00,
  0x00, 0x00, 0x00, 0x00, 0x00, 0x00, 0x00, 0x00, 0x00, 0x00, 0x00, 0x00,
  0x00, 0x00, 0x00, 0x00, 0x00, 0x00, 0x00, 0x00, 0x00, 0x00, 0x00, 0x00,
  0x00, 0x00, 0x00, 0x00, 0x00, 0x00, 0x00, 0x00, 0x00, 0x00, 0x00, 0x01,
  0x01, 0x01, 0x02, 0x02, 0x04, 0x07, 0x09, 0x00, 0x2c, 0xba, 0xfe, 0xf3,
  0xf5, 0xf8, 0xf9, 0xf8, 0xf9, 0xfa, 0xfa, 0xfa, 0xfb, 0xfc, 0xfb, 0xfc,
  0xfc, 0xfc, 0xfb, 0xfc, 0xfb, 0xfc, 0xfc, 0xfb, 0xfc, 0xfd, 0xfc, 0xfb,
  0xfb, 0xfb, 0xfb, 0xfd, 0xfc, 0xfc, 0xfc, 0xfb, 0xfb, 0xfc, 0xfb, 0xfb,
  0xfb, 0xfa, 0xf9, 0xf8, 0xf6, 0xf3, 0xf6, 0xfc, 0xa2, 0x15, 0x01, 0x08,
  0x03, 0x01, 0x00, 0x00, 0x00, 0x03, 0x06, 0x02, 0x0c, 0x7f, 0xfd, 0xfb,
  0xf6, 0xfc, 0xfd, 0xfe, 0xfe, 0xfe, 0xfd, 0xfd, 0xfc, 0xfd, 0xfc, 0xfc,
  0xfd, 0xfc, 0xfc, 0xfd, 0xfc, 0xfb, 0xfc, 0xfb, 0xfb, 0xfc, 0xfb, 0xfb,
  0xfb, 0xfb, 0xfc, 0xfb, 0xfb, 0xfa, 0xfa, 0xfa, 0xfb, 0xfb, 0xfa, 0xf9,
  0xfa, 0xf9, 0xf9, 0xfa, 0xf9, 0xf5, 0xf3, 0xfd, 0xd5, 0x41, 0x00, 0x0c,
  0x02, 0x02, 0x01, 0x00, 0x01, 0x00, 0x00, 0x00, 0x00, 0x00, 0x00, 0x00,
  0x00, 0x00, 0x00, 0x00, 0x00, 0x00, 0x00, 0x00, 0x00, 0x00, 0x00, 0x00,
  0x00, 0x00, 0x00, 0x00, 0x00, 0x00, 0x00, 0x00, 0x00, 0x00, 0x00, 0x00,
  0x00, 0x00, 0x00, 0x00, 0x00, 0x00, 0x00, 0x00, 0x00, 0x00, 0x00, 0x01,
  0x00, 0x00, 0x00, 0x00, 0x00, 0x00, 0x00, 0x00, 0x00, 0x00, 0x00, 0x00,
  0x00, 0x00, 0x00, 0x00, 0x00, 0x00, 0x00, 0x00, 0x00, 0x00, 0x01, 0x00,
  0x01, 0x07, 0x00, 0x7e, 0xf6, 0xff, 0xf5, 0xf8, 0xfa, 0xfc, 0xfd, 0xfc,
  0xfb, 0xfb, 0xfc, 0xfc, 0xfc, 0xfc, 0xfc, 0xfc, 0xfc, 0xfb, 0xfb, 0xfc,
  0xfc, 0xfb, 0xfb, 0xfb, 0xfb, 0xfc, 0xfb, 0xfb, 0xfb, 0xfc, 0xfb, 0xfb,
  0xfb, 0xfb, 0xfb, 0xf9, 0xf8, 0xf7, 0xf8, 0xf7, 0xf1, 0xfc, 0xed, 0x90,
  0x3e, 0x38, 0x3e, 0x3b, 0x3b, 0x39, 0x39, 0x39, 0x39, 0x38, 0x38, 0x38,
  0x37, 0x36, 0x35, 0x34, 0x33, 0x32, 0x32, 0x32, 0x33, 0x33, 0x33, 0x34,
  0x35, 0x36, 0x36, 0x35, 0x36, 0x37, 0x38, 0x38, 0x39, 0x39, 0x39, 0x39,
  0x39, 0x39, 0x39, 0x39, 0x39, 0x39, 0x37, 0x35, 0x35, 0x35, 0x34, 0x34,
  0x35, 0x36, 0x37, 0x39, 0x39, 0x3a, 0x3a, 0x3b, 0x3c, 0x3b, 0x3a, 0x3a,
  0x38, 0x38, 0x36, 0x35, 0x34, 0x34, 0x34, 0x34, 0x35, 0x35, 0x35, 0x35,
  0x35, 0x36, 0x38, 0x39, 0x3c, 0x3f, 0x41, 0x42, 0x43, 0x43, 0x44, 0x46,
  0x4c, 0x3e, 0x14, 0x03, 0x04, 0x03, 0x02, 0x00, 0x00, 0x00, 0x00, 0x00,
  0x00, 0x00, 0x00, 0x00, 0x00, 0x00, 0x00, 0x00, 0x00, 0x00, 0x00, 0x00,
  0x00, 0x00, 0x00, 0x00, 0x00, 0x00, 0x00, 0x00, 0x00, 0x00, 0x00, 0x00,
  0x00, 0x00, 0x00, 0x00, 0x00, 0x00, 0x00, 0x00, 0x00, 0x00, 0x00, 0x00,
  0x00, 0x00, 0x00, 0x00, 0x00, 0x02, 0x06, 0x09, 0x00, 0x11, 0xcd, 0xfc,
  0xf8, 0xf9, 0xfc, 0xfb, 0xfc, 0xfb, 0xfa, 0xfa, 0xfb, 0xfb, 0xfa, 0xfb,
  0xfc, 0xfb, 0xfc, 0xfc, 0xfc, 0xfb, 0xfc, 0xfc, 0xfb, 0xfb, 0xfc, 0xfb,
  0xfb, 0xfc, 0xfb, 0xfb, 0xf9, 0xfa, 0xfb, 0xfb, 0xfb, 0xfb, 0xfb, 0xfc,
  0xfc, 0xfd, 0xfd, 0xf9, 0xff, 0x9f, 0x1f, 0x00, 0x04, 0x04, 0x02, 0x00,
  0x00, 0x00, 0x00, 0x00, 0x00, 0x00, 0x00, 0x00, 0x00, 0x00, 0x00, 0x00,
  0x00, 0x00, 0x00, 0x00, 0x00, 0x00, 0x00, 0x00, 0x00, 0x00, 0x00, 0x00,
  0x00, 0x00, 0x00, 0x00, 0x00, 0x00, 0x00, 0x00, 0x00, 0x00, 0x00, 0x00,
  0x00, 0x00, 0x00, 0x00, 0x00, 0x00, 0x00, 0x00, 0x00, 0x00, 0x00, 0x00,
  0x00, 0x00, 0x00, 0x00, 0x00, 0x00, 0x00, 0x00, 0x00, 0x00, 0x00, 0x00,
  0x00, 0x00, 0x00, 0x01, 0x00, 0x00, 0x00, 0x00, 0x00, 0x00, 0x00, 0x00,
  0x00, 0x00, 0x00, 0x04, 0x0b, 0x01, 0x14, 0x9b, 0xfb, 0xf4, 0xf1, 0xfb,
  0xfc, 0xfd, 0xfd, 0xfc, 0xfc, 0xfd, 0xfc, 0xfc, 0xfc, 0xfc, 0xfc, 0xfb,
  0xfa, 0xfb, 0xfb, 0xfa, 0xfb, 0xfb, 0xfb, 0xfb, 0xfb, 0xfb, 0xfb, 0xfb,
  0xfb, 0xfb, 0xfc, 0xfd, 0xfd, 0xfd, 0xfd, 0xfd, 0xfd, 0xfb, 0xf5, 0xfe,
  0xf0, 0x5a, 0x00, 0x11, 0x07, 0x04, 0x02, 0x00, 0x00, 0x00, 0x00, 0x00,
  0x00, 0x00, 0x00, 0x00, 0x00, 0x00, 0x00, 0x00, 0x00, 0x00, 0x00, 0x00,
  0x00, 0x00, 0x00, 0x00, 0x00, 0x00, 0x00, 0x00, 0x00, 0x00, 0x00, 0x00,
  0x00, 0x00, 0x00, 0x00, 0x00, 0x00, 0x00, 0x00, 0x00, 0x00, 0x00, 0x00,
  0x00, 0x00, 0x00, 0x00, 0x00, 0x00, 0x00, 0x00, 0x00, 0x00, 0x00, 0x00,
  0x00, 0x00, 0x00, 0x01, 0x02, 0x03, 0x04, 0x0c, 0x00, 0x38, 0xce, 0xff,
  0xf6, 0xf7, 0xf9, 0xfa, 0xfc, 0xfc, 0xfb, 0xfa, 0xfb, 0xfa, 0xfa, 0xfa,
  0xf9, 0xfa, 0xfa, 0xfa, 0xfa, 0xfa, 0xfa, 0xfc, 0xfb, 0xfa, 0xfb, 0xfb,
  0xfc, 0xfd, 0xfc, 0xfc, 0xfc, 0xfc, 0xfc, 0xfb, 0xfc, 0xfd, 0xfc, 0xfd,
  0xfd, 0xfd, 0xfe, 0xfd, 0xfd, 0xfc, 0xf9, 0xfb, 0xf8, 0x73, 0x0b, 0x01,
  0x05, 0x03, 0x00, 0x00, 0x01, 0x02, 0x02, 0x02, 0x01, 0x18, 0xa6, 0xfd,
  0xf9, 0xf5, 0xf7, 0xf9, 0xf9, 0xf9, 0xf9, 0xfa, 0xfa, 0xfa, 0xfb, 0xfc,
  0xfc, 0xfd, 0xfc, 0xfd, 0xfd, 0xfd, 0xfd, 0xfc, 0xfd, 0xfc, 0xfb, 0xfc,
  0xfd, 0xfd, 0xfd, 0xfd, 0xfc, 0xfc, 0xfc, 0xfc, 0xfb, 0xfa, 0xfb, 0xfb,
  0xfa, 0xf9, 0xf9, 0xf9, 0xf7, 0xf7, 0xf7, 0xf3, 0xff, 0xcb, 0x38, 0x00,
  0x09, 0x06, 0x04, 0x02, 0x01, 0x00, 0x00, 0x00, 0x00, 0x00, 0x00, 0x00,
  0x00, 0x00, 0x00, 0x00, 0x00, 0x00, 0x00, 0x00, 0x00, 0x00, 0x00, 0x00,
  0x00, 0x00, 0x00, 0x00, 0x00, 0x00, 0x00, 0x00, 0x00, 0x00, 0x00, 0x00,
  0x00, 0x00, 0x00, 0x00, 0x00, 0x00, 0x00, 0x00, 0x00, 0x00, 0x00, 0x00,
  0x00, 0x00, 0x00, 0x00, 0x00, 0x00, 0x00, 0x00, 0x00, 0x00, 0x00, 0x00,
  0x00, 0x00, 0x00, 0x00, 0x00, 0x00, 0x00, 0x00, 0x00, 0x00, 0x00, 0x00,
  0x00, 0x00, 0x00, 0x00, 0x00, 0x00, 0x00, 0x00, 0x00, 0x00, 0x00, 0x00,
  0x00, 0x00, 0x00, 0x00, 0x00, 0x00, 0x00, 0x00, 0x00, 0x00, 0x00, 0x00,
  0x00, 0x00, 0x00, 0x00, 0x00, 0x00, 0x00, 0x00, 0x00, 0x00, 0x00, 0x00,
  0x00, 0x00, 0x00, 0x00, 0x00, 0x01, 0x02, 0x02, 0x01, 0x03, 0x04, 0x0d,
  0x03, 0x0b, 0x7d, 0xf3, 0xfb, 0xf1, 0xf7, 0xf8, 0xf8, 0xf9, 0xf9, 0xf9,
  0xfa, 0xfa, 0xfb, 0xfb, 0xfb, 0xfb, 0xfb, 0xfb, 0xfb, 0xfb, 0xfc, 0xfc,
  0xfc, 0xfc, 0xfc, 0xfc, 0xfc, 0xfc, 0xfc, 0xfc, 0xfc, 0xfd, 0xfc, 0xfd,
  0xfd, 0xfc, 0xfc, 0xfc, 0xfc, 0xfc, 0xfb, 0xfa, 0xf9, 0xf8, 0xf5, 0xf3,
  0xfe, 0xd8, 0x49, 0x01, 0x07, 0x08, 0x01, 0x00, 0x00, 0x00, 0x00, 0x03,
  0x07, 0x06, 0x00, 0x28, 0xca, 0xfe, 0xf8, 0xf9, 0xfd, 0xfd, 0xfd, 0xfe,
  0xfe, 0xfd, 0xfd, 0xfd, 0xfd, 0xfc, 0xfd, 0xfc, 0xfb, 0xfc, 0xfc, 0xfb,
  0xfb, 0xfb, 0xfa, 0xfb, 0xfc, 0xfc, 0xfc, 0xfb, 0xfc, 0xfb, 0xfa, 0xfa,
  0xf9, 0xfa, 0xfb, 0xfa, 0xfa, 0xf9, 0xfa, 0xfa, 0xfa, 0xfb, 0xf9, 0xf6,
  0xf3, 0xf8, 0xff, 0x9c, 0x10, 0x07, 0x06, 0x02, 0x02, 0x01, 0x01, 0x00,
  0x00, 0x00, 0x00, 0x00, 0x00, 0x00, 0x00, 0x00, 0x00, 0x00, 0x00, 0x00,
  0x00, 0x00, 0x00, 0x00, 0x00, 0x00, 0x00, 0x00, 0x00, 0x00, 0x00, 0x00,
  0x00, 0x00, 0x00, 0x00, 0x00, 0x00, 0x00, 0x00, 0x00, 0x00, 0x00, 0x00,
  0x00, 0x00, 0x00, 0x00, 0x00, 0x00, 0x00, 0x00, 0x00, 0x00, 0x00, 0x00,
  0x00, 0x00, 0x00, 0x00, 0x00, 0x00, 0x00, 0x00, 0x00, 0x00, 0x00, 0x00,
  0x00, 0x00, 0x00, 0x00, 0x01, 0x01, 0x01, 0x08, 0x00, 0x7e, 0xf6, 0xff,
  0xf5, 0xf8, 0xfa, 0xfc, 0xfd, 0xfc, 0xfc, 0xfc, 0xfb, 0xfb, 0xfb, 0xfb,
  0xfb, 0xfb, 0xfb, 0xfc, 0xfc, 0xfc, 0xfb, 0xfc, 0xfc, 0xfc, 0xfb, 0xfc,
  0xfb, 0xfb, 0xfb, 0xfb, 0xfb, 0xfb, 0xfa, 0xfa, 0xfa, 0xfa, 0xf9, 0xf8,
  0xf7, 0xf7, 0xf5, 0xf8, 0xf6, 0xe0, 0xc7, 0xc4, 0xc9, 0xc7, 0xc6, 0xc5,
  0xc5, 0xc5, 0xc3, 0xc2, 0xc2, 0xc2, 0xc1, 0xc1, 0xc0, 0xbe, 0xbe, 0xbe,
  0xbe, 0xbe, 0xbd, 0xbd, 0xbe, 0xbf, 0xbf, 0xc0, 0xc1, 0xc1, 0xc1, 0xc2,
  0xc3, 0xc3, 0xc4, 0xc4, 0xc5, 0xc5, 0xc5, 0xc5, 0xc5, 0xc5, 0xc4, 0xc4,
  0xc3, 0xc1, 0xc0, 0xc0, 0xbf, 0xbf, 0xc0, 0xc1, 0xc2, 0xc3, 0xc4, 0xc5,
  0xc5, 0xc6, 0xc6, 0xc6, 0xc5, 0xc4, 0xc3, 0xc3, 0xc2, 0xc2, 0xc0, 0xc0,
  0xc0, 0xc0, 0xc1, 0xc1, 0xc1, 0xc1, 0xc1, 0xc1, 0xc3, 0xc5, 0xc7, 0xc9,
  0xcb, 0xcc, 0xcd, 0xcd, 0xcc, 0xcf, 0xd4, 0xb7, 0x3c, 0x00, 0x06, 0x04,
  0x01, 0x00, 0x00, 0x00, 0x00, 0x00, 0x00, 0x00, 0x00, 0x00, 0x00, 0x00,
  0x00, 0x00, 0x00, 0x00, 0x00, 0x00, 0x00, 0x00, 0x00, 0x00, 0x00, 0x00,
  0x00, 0x00, 0x00, 0x00, 0x00, 0x00, 0x00, 0x00, 0x00, 0x00, 0x00, 0x00,
  0x00, 0x00, 0x00, 0x00, 0x00, 0x00, 0x00, 0x00, 0x00, 0x00, 0x00, 0x02,
  0x06, 0x09, 0x00, 0x12, 0xcd, 0xfc, 0xf8, 0xf9, 0xfc, 0xfb, 0xfc, 0xfb,
  0xfa, 0xfb, 0xfa, 0xfa, 0xfb, 0xfc, 0xfb, 0xfc, 0xfc, 0xfc, 0xfb, 0xfb,
  0xfc, 0xfc, 0xfc, 0xfc, 0xfc, 0xfb, 0xfa, 0xfb, 0xfb, 0xfb, 0xfa, 0xfa,
  0xfb, 0xfa, 0xfb, 0xfc, 0xfc, 0xfc, 0xfb, 0xfd, 0xfd, 0xfa, 0xff, 0xa0,
  0x1f, 0x00, 0x04, 0x05, 0x01, 0x00, 0x00, 0x00, 0x00, 0x00, 0x00, 0x00,
  0x00, 0x00, 0x00, 0x00, 0x00, 0x00, 0x00, 0x00, 0x00, 0x00, 0x00, 0x00,
  0x00, 0x00, 0x00, 0x00, 0x00, 0x00, 0x00, 0x00, 0x00, 0x00, 0x00, 0x00,
  0x00, 0x00, 0x00, 0x00, 0x00, 0x00, 0x00, 0x00, 0x00, 0x00, 0x00, 0x00,
  0x00, 0x00, 0x00, 0x00, 0x00, 0x00, 0x00, 0x00, 0x00, 0x00, 0x00, 0x00,
  0x00, 0x00, 0x00, 0x00, 0x00, 0x00, 0x00, 0x00, 0x00, 0x00, 0x00, 0x00,
  0x00, 0x00, 0x00, 0x00, 0x00, 0x00, 0x00, 0x00, 0x01, 0x04, 0x08, 0x00,
  0x30, 0xc3, 0xff, 0xef, 0xf6, 0xfb, 0xfd, 0xfd, 0xfe, 0xfd, 0xfc, 0xfd,
  0xfb, 0xfc, 0xfc, 0xfb, 0xfc, 0xfb, 0xfa, 0xfa, 0xfa, 0xfb, 0xfa, 0xfa,
  0xfa, 0xfb, 0xfb, 0xfb, 0xfb, 0xfb, 0xfb, 0xfb, 0xfc, 0xfc, 0xfd, 0xfd,
  0xfe, 0xfe, 0xfe, 0xfc, 0xf7, 0xff, 0xe8, 0x52, 0x00, 0x12, 0x07, 0x04,
  0x01, 0x00, 0x00, 0x00, 0x00, 0x00, 0x00, 0x00, 0x00, 0x00, 0x00, 0x00,
  0x00, 0x00, 0x00, 0x00, 0x00, 0x00, 0x00, 0x00, 0x00, 0x00, 0x00, 0x00,
  0x00, 0x00, 0x00, 0x00, 0x00, 0x00, 0x00, 0x00, 0x00, 0x00, 0x00, 0x00,
  0x00, 0x00, 0x00, 0x00, 0x00, 0x00, 0x00, 0x00, 0x00, 0x00, 0x00, 0x00,
  0x00, 0x00, 0x00, 0x00, 0x00, 0x00, 0x00, 0x00, 0x01, 0x02, 0x03, 0x03,
  0x07, 0x07, 0x0d, 0x8a, 0xfe, 0xfa, 0xf6, 0xf7, 0xf9, 0xfb, 0xfb, 0xfc,
  0xfb, 0xfa, 0xfb, 0xfa, 0xf9, 0xf9, 0xfa, 0xf9, 0xfa, 0xfa, 0xfa, 0xfb,
  0xfb, 0xfb, 0xfb, 0xfa, 0xfb, 0xfc, 0xfc, 0xfc, 0xfc, 0xfb, 0xfb, 0xfb,
  0xfb, 0xfc, 0xfc, 0xfd, 0xfd, 0xfd, 0xfe, 0xfe, 0xfe, 0xfd, 0xfc, 0xf9,
  0xf9, 0xff, 0xbe, 0x26, 0x00, 0x02, 0x04, 0x03, 0x01, 0x00, 0x00, 0x00,
  0x00, 0x01, 0x01, 0x00, 0x52, 0xe1, 0xff, 0xf4, 0xf5, 0xf9, 0xf9, 0xfa,
  0xfa, 0xfa, 0xfb, 0xfb, 0xfc, 0xfc, 0xfd, 0xfd, 0xfd, 0xfd, 0xfe, 0xfd,
  0xfc, 0xfd, 0xfd, 0xfc, 0xfc, 0xfd, 0xfc, 0xfc, 0xfc, 0xfc, 0xfb, 0xfb,
  0xfb, 0xfb, 0xfb, 0xfb, 0xfa, 0xfb, 0xfa, 0xf9, 0xfa, 0xf8, 0xf7, 0xf7,
  0xf8, 0xf3, 0xfa, 0xf8, 0x8a, 0x0f, 0x03, 0x0e, 0x05, 0x04, 0x01, 0x01,
  0x01, 0x00, 0x00, 0x00, 0x00, 0x00, 0x00, 0x00, 0x00, 0x00, 0x00, 0x00,
  0x00, 0x00, 0x00, 0x00, 0x00, 0x00, 0x00, 0x00, 0x00, 0x00, 0x00, 0x00,
  0x00, 0x00, 0x00, 0x00, 0x00, 0x00, 0x00, 0x00, 0x00, 0x00, 0x00, 0x00,
  0x00, 0x00, 0x00, 0x00, 0x00, 0x00, 0x00, 0x00, 0x00, 0x00, 0x00, 0x00,
  0x00, 0x00, 0x00, 0x00, 0x00, 0x00, 0x00, 0x00, 0x00, 0x00, 0x00, 0x00,
  0x00, 0x00, 0x00, 0x00, 0x00, 0x00, 0x00, 0x00, 0x00, 0x00, 0x00, 0x00,
  0x00, 0x00, 0x00, 0x00, 0x00, 0x00, 0x00, 0x00, 0x00, 0x00, 0x00, 0x00,
  0x00, 0x00, 0x00, 0x00, 0x00, 0x00, 0x00, 0x00, 0x00, 0x00, 0x00, 0x00,
  0x00, 0x01, 0x00, 0x00, 0x00, 0x00, 0x00, 0x00, 0x00, 0x00, 0x00, 0x00,
  0x01, 0x02, 0x02, 0x03, 0x06, 0x0a, 0x00, 0x4a, 0xd6, 0xff, 0xf5, 0xf7,
  0xf7, 0xf9, 0xf9, 0xf9, 0xf9, 0xf9, 0xf9, 0xfa, 0xfb, 0xfa, 0xfa, 0xfa,
  0xfb, 0xfb, 0xfa, 0xfa, 0xfb, 0xfb, 0xfb, 0xfb, 0xfc, 0xfb, 0xfc, 0xfd,
  0xfd, 0xfd, 0xfd, 0xfc, 0xfd, 0xfc, 0xfc, 0xfd, 0xfd, 0xfc, 0xfb, 0xfb,
  0xfb, 0xfa, 0xf9, 0xf8, 0xf5, 0xf9, 0xf9, 0x8d, 0x08, 0x01, 0x07, 0x05,
  0x02, 0x00, 0x00, 0x00, 0x00, 0x02, 0x04, 0x05, 0x01, 0x06, 0x64, 0xef,
  0xff, 0xf5, 0xf9, 0xfa, 0xfc, 0xfe, 0xfe, 0xfe, 0xfe, 0xfe, 0xfd, 0xfd,
  0xfd, 0xfc, 0xfc, 0xfb, 0xfc, 0xfc, 0xfb, 0xfb, 0xfa, 0xfb, 0xfc, 0xfb,
  0xfc, 0xfb, 0xfc, 0xfb, 0xfa, 0xfb, 0xfa, 0xfa, 0xfa, 0xf9, 0xf9, 0xfa,
  0xf9, 0xf9, 0xfb, 0xfb, 0xfa, 0xf8, 0xf8, 0xfa, 0xfc, 0xe3, 0x5f, 0x00,
  0x0b, 0x05, 0x04, 0x02, 0x01, 0x00, 0x00, 0x00, 0x00, 0x00, 0x00, 0x00,
  0x00, 0x00, 0x00, 0x00, 0x00, 0x00, 0x00, 0x00, 0x00, 0x00, 0x00, 0x00,
  0x00, 0x00, 0x00, 0x00, 0x00, 0x00, 0x00, 0x00, 0x00, 0x00, 0x00, 0x00,
  0x00, 0x00, 0x00, 0x00, 0x00, 0x00, 0x00, 0x00, 0x00, 0x00, 0x00, 0x00,
  0x00, 0x00, 0x00, 0x00, 0x00, 0x00, 0x00, 0x00, 0x00, 0x00, 0x00, 0x00,
  0x00, 0x00, 0x00, 0x00, 0x00, 0x00, 0x00, 0x00, 0x00, 0x00, 0x01, 0x01,
  0x01, 0x08, 0x00, 0x7f, 0xf6, 0xff, 0xf5, 0xf8, 0xfa, 0xfc, 0xfc, 0xfc,
  0xfb, 0xfc, 0xfa, 0xfa, 0xfa, 0xfa, 0xfa, 0xfa, 0xfb, 0xfc, 0xfc, 0xfd,
  0xfc, 0xfb, 0xfb, 0xfc, 0xfc, 0xfb, 0xfc, 0xfc, 0xfc, 0xfb, 0xfb, 0xfb,
  0xfa, 0xfa, 0xf9, 0xfa, 0xf9, 0xf8, 0xf8, 0xf8, 0xf7, 0xf6, 0xf7, 0xfd,
  0xff, 0xff, 0xff, 0xff, 0xff, 0xff, 0xff, 0xff, 0xff, 0xff, 0xff, 0xff,
  0xff, 0xff, 0xff, 0xff, 0xff, 0xff, 0xff, 0xff, 0xff, 0xff, 0xff, 0xff,
  0xff, 0xff, 0xff, 0xff, 0xff, 0xff, 0xff, 0xff, 0xff, 0xff, 0xff, 0xff,
  0xff, 0xff, 0xff, 0xff, 0xff, 0xff, 0xff, 0xff, 0xff, 0xff, 0xff, 0xff,
  0xff, 0xff, 0xff, 0xff, 0xff, 0xff, 0xff, 0xff, 0xff, 0xff, 0xff, 0xff,
  0xff, 0xff, 0xff, 0xff, 0xff, 0xff, 0xff, 0xff, 0xff, 0xff, 0xff, 0xff,
  0xff, 0xff, 0xff, 0xff, 0xff, 0xff, 0xff, 0xff, 0xff, 0xff, 0xff, 0xff,
  0xff, 0xe6, 0x52, 0x00, 0x08, 0x04, 0x01, 0x00, 0x00, 0x00, 0x00, 0x00,
  0x00, 0x00, 0x00, 0x00, 0x00, 0x00, 0x00, 0x00, 0x00, 0x00, 0x00, 0x00,
  0x00, 0x00, 0x00, 0x00, 0x00, 0x00, 0x00, 0x00, 0x00, 0x00, 0x00, 0x00,
  0x00, 0x00, 0x00, 0x00, 0x00, 0x00, 0x00, 0x00, 0x00, 0x00, 0x00, 0x00,
  0x00, 0x00, 0x00, 0x00, 0x00, 0x03, 0x06, 0x09, 0x00, 0x12, 0xcd, 0xfc,
  0xf8, 0xf9, 0xfc, 0xfb, 0xfc, 0xfb, 0xfa, 0xfb, 0xfa, 0xfb, 0xfc, 0xfb,
  0xfb, 0xfc, 0xfb, 0xfb, 0xfc, 0xfb, 0xfc, 0xfd, 0xfd, 0xfc, 0xfb, 0xfb,
  0xfa, 0xfa, 0xfa, 0xfa, 0xfb, 0xfa, 0xfa, 0xfa, 0xfb, 0xfc, 0xfd, 0xfd,
  0xfc, 0xfd, 0xfe, 0xfa, 0xff, 0xa1, 0x1f, 0x00, 0x04, 0x05, 0x02, 0x00,
  0x00, 0x00, 0x00, 0x00, 0x00, 0x00, 0x00, 0x00, 0x00, 0x00, 0x00, 0x00,
  0x00, 0x00, 0x00, 0x00, 0x00, 0x00, 0x00, 0x00, 0x00, 0x00, 0x00, 0x00,
  0x00, 0x00, 0x00, 0x00, 0x00, 0x00, 0x00, 0x00, 0x00, 0x00, 0x00, 0x00,
  0x00, 0x00, 0x00, 0x00, 0x00, 0x00, 0x00, 0x00, 0x00, 0x00, 0x00, 0x00,
  0x00, 0x00, 0x00, 0x00, 0x00, 0x00, 0x00, 0x00, 0x00, 0x00, 0x00, 0x00,
  0x00, 0x00, 0x00, 0x00, 0x00, 0x00, 0x00, 0x00, 0x00, 0x00, 0x00, 0x00,
  0x00, 0x00, 0x02, 0x04, 0x03, 0x02, 0x64, 0xe6, 0xfe, 0xf1, 0xf9, 0xfa,
  0xfd, 0xfe, 0xfd, 0xfe, 0xfd, 0xfd, 0xfc, 0xfc, 0xfc, 0xfb, 0xfc, 0xfb,
  0xfa, 0xfa, 0xf9, 0xfa, 0xfb, 0xfb, 0xfb, 0xfa, 0xfa, 0xfb, 0xfa, 0xfa,
  0xfb, 0xfb, 0xfb, 0xfc, 0xfc, 0xfd, 0xfd, 0xfd, 0xfe, 0xfc, 0xfa, 0xfe,
  0xdc, 0x48, 0x00, 0x0f, 0x05, 0x04, 0x00, 0x00, 0x00, 0x00, 0x00, 0x00,
  0x00, 0x00, 0x00, 0x00, 0x00, 0x00, 0x00, 0x00, 0x00, 0x00, 0x00, 0x00,
  0x00, 0x00, 0x00, 0x00, 0x00, 0x00, 0x00, 0x00, 0x00, 0x00, 0x00, 0x00,
  0x00, 0x00, 0x00, 0x00, 0x00, 0x00, 0x00, 0x00, 0x00, 0x00, 0x00, 0x00,
  0x00, 0x00, 0x00, 0x00, 0x00, 0x00, 0x00, 0x00, 0x00, 0x00, 0x00, 0x00,
  0x00, 0x00, 0x01, 0x03, 0x04, 0x05, 0x0c, 0x00, 0x4c, 0xdb, 0xfc, 0xf8,
  0xf9, 0xfa, 0xfa, 0xfc, 0xfc, 0xfc, 0xfb, 0xfa, 0xfb, 0xfa, 0xfa, 0xfa,
  0xfa, 0xf9, 0xfa, 0xfb, 0xfb, 0xfa, 0xfb, 0xfa, 0xfa, 0xfa, 0xfb, 0xfc,
  0xfc, 0xfb, 0xfc, 0xfc, 0xfc, 0xfc, 0xfc, 0xfc, 0xfd, 0xfc, 0xfd, 0xfe,
  0xfe, 0xfe, 0xfd, 0xfc, 0xf8, 0xf5, 0xfe, 0xed, 0x5c, 0x04, 0x02, 0x04,
  0x02, 0x02, 0x00, 0x00, 0x00, 0x00, 0x00, 0x01, 0x04, 0x03, 0x10, 0x97,
  0xf9, 0xf9, 0xf4, 0xf8, 0xf9, 0xfa, 0xfa, 0xfb, 0xfb, 0xfc, 0xfc, 0xfd,
  0xfc, 0xfc, 0xfe, 0xfe, 0xfe, 0xfd, 0xfd, 0xfd, 0xfc, 0xfd, 0xfd, 0xfc,
  0xfb, 0xfb, 0xfb, 0xfb, 0xfc, 0xfc, 0xfb, 0xfa, 0xfa, 0xfa, 0xfb, 0xfb,
  0xfa, 0xf9, 0xf9, 0xf8, 0xf8, 0xf8, 0xf8, 0xf7, 0xf3, 0xfe, 0xde, 0x51,
  0x00, 0x0b, 0x06, 0x03, 0x02, 0x02, 0x01, 0x01, 0x00, 0x00, 0x00, 0x00,
  0x00, 0x00, 0x00, 0x00, 0x00, 0x00, 0x00, 0x00, 0x01, 0x00, 0x00, 0x00,
  0x00, 0x00, 0x00, 0x00, 0x00, 0x00, 0x00, 0x00, 0x00, 0x00, 0x00, 0x00,
  0x00, 0x00, 0x00, 0x00, 0x00, 0x00, 0x00, 0x00, 0x00, 0x00, 0x00, 0x00,
  0x00, 0x00, 0x00, 0x00, 0x00, 0x00, 0x00, 0x00, 0x00, 0x00, 0x00, 0x00,
  0x00, 0x00, 0x00, 0x00, 0x00, 0x00, 0x00, 0x00, 0x00, 0x00, 0x00, 0x00,
  0x00, 0x00, 0x00, 0x00, 0x00, 0x00, 0x00, 0x00, 0x00, 0x00, 0x00, 0x00,
  0x00, 0x00, 0x00, 0x00, 0x00, 0x00, 0x00, 0x00, 0x00, 0x00, 0x00, 0x00,
  0x00, 0x00, 0x00, 0x00, 0x00, 0x00, 0x00, 0x00, 0x00, 0x00, 0x00, 0x00,
  0x00, 0x00, 0x00, 0x00, 0x00, 0x00, 0x00, 0x03, 0x04, 0x04, 0x0b, 0x00,
  0x1e, 0xa4, 0xfc, 0xfa, 0xf8, 0xf9, 0xfa, 0xfa, 0xfa, 0xfa, 0xfa, 0xfa,
  0xfa, 0xfb, 0xfa, 0xfa, 0xfa, 0xfb, 0xfc, 0xfb, 0xfb, 0xfa, 0xfa, 0xfa,
  0xfa, 0xfb, 0xfb, 0xfb, 0xfc, 0xfd, 0xfd, 0xfc, 0xfc, 0xfc, 0xfd, 0xfd,
  0xfd, 0xfc, 0xfd, 0xfc, 0xfc, 0xfc, 0xfc, 0xfb, 0xfa, 0xf6, 0xf8, 0xff,
  0xc8, 0x36, 0x01, 0x02, 0x04, 0x03, 0x01, 0x00, 0x00, 0x00, 0x00, 0x00,
  0x01, 0x01, 0x01, 0x00, 0x1a, 0xb7, 0xfd, 0xf8, 0xf3, 0xf8, 0xfb, 0xfe,
  0xff, 0xfe, 0xfd, 0xfd, 0xfd, 0xfc, 0xfc, 0xfc, 0xfc, 0xfb, 0xfb, 0xfb,
  0xfb, 0xfb, 0xfa, 0xfb, 0xfc, 0xfb, 0xfb, 0xfb, 0xfc, 0xfb, 0xfb, 0xfb,
  0xfb, 0xfa, 0xfa, 0xfa, 0xfa, 0xf9, 0xf9, 0xfa, 0xfa, 0xfc, 0xfb, 0xfb,
  0xfc, 0xfd, 0xfc, 0xff, 0xb9, 0x18, 0x03, 0x0c, 0x05, 0x04, 0x01, 0x00,
  0x00, 0x00, 0x00, 0x00, 0x00, 0x00, 0x00, 0x00, 0x00, 0x00, 0x00, 0x00,
  0x00, 0x00, 0x00, 0x00, 0x00, 0x00, 0x00, 0x00, 0x00, 0x00, 0x00, 0x00,
  0x00, 0x00, 0x00, 0x00, 0x00, 0x00, 0x00, 0x00, 0x00, 0x00, 0x00, 0x00,
  0x00, 0x00, 0x00, 0x00, 0x00, 0x00, 0x00, 0x00, 0x00, 0x00, 0x00, 0x00,
  0x00, 0x00, 0x00, 0x00, 0x00, 0x00, 0x00, 0x00, 0x00, 0x00, 0x00, 0x00,
  0x00, 0x00, 0x00, 0x00, 0x01, 0x01, 0x01, 0x08, 0x00, 0x7f, 0xf7, 0xff,
  0xf5, 0xf8, 0xfa, 0xfb, 0xfc, 0xfc, 0xfb, 0xfc, 0xfb, 0xfb, 0xfb, 0xfb,
  0xfb, 0xfb, 0xfb, 0xfc, 0xfc, 0xfc, 0xfc, 0xfb, 0xfc, 0xfc, 0xfc, 0xfc,
  0xfb, 0xfb, 0xfc, 0xfb, 0xfb, 0xfb, 0xfa, 0xfa, 0xfa, 0xf9, 0xf9, 0xf9,
  0xf9, 0xf8, 0xf8, 0xf7, 0xf6, 0xf2, 0xee, 0xed, 0xee, 0xec, 0xed, 0xed,
  0xed, 0xed, 0xee, 0xee, 0xee, 0xee, 0xee, 0xed, 0xed, 0xed, 0xed, 0xed,
  0xed, 0xed, 0xee, 0xed, 0xed, 0xed, 0xed, 0xed, 0xed, 0xed, 0xed, 0xed,
  0xed, 0xed, 0xed, 0xed, 0xed, 0xed, 0xed, 0xed, 0xed, 0xed, 0xed, 0xed,
  0xed, 0xed, 0xed, 0xed, 0xed, 0xed, 0xed, 0xed, 0xed, 0xed, 0xed, 0xed,
  0xed, 0xed, 0xed, 0xed, 0xed, 0xed, 0xed, 0xed, 0xed, 0xed, 0xed, 0xed,
  0xed, 0xed, 0xed, 0xec, 0xec, 0xec, 0xec, 0xec, 0xec, 0xed, 0xed, 0xed,
  0xed, 0xee, 0xee, 0xec, 0xe6, 0xe6, 0xf7, 0xd2, 0x4b, 0x01, 0x09, 0x05,
  0x01, 0x00, 0x00, 0x00, 0x00, 0x00, 0x00, 0x00, 0x00, 0x00, 0x00, 0x00,
  0x00, 0x00, 0x00, 0x00, 0x00, 0x00, 0x00, 0x00, 0x00, 0x00, 0x00, 0x00,
  0x01, 0x00, 0x00, 0x00, 0x00, 0x00, 0x00, 0x00, 0x00, 0x00, 0x00, 0x00,
  0x00, 0x00, 0x00, 0x00, 0x00, 0x00, 0x00, 0x00, 0x00, 0x00, 0x00, 0x03,
  0x07, 0x09, 0x00, 0x12, 0xcd, 0xfc, 0xf8, 0xf9, 0xfc, 0xfc, 0xfc, 0xfb,
  0xfa, 0xfa, 0xfb, 0xfc, 0xfb, 0xfc, 0xfc, 0xfb, 0xfc, 0xfc, 0xfc, 0xfb,
  0xfc, 0xfd, 0xfc, 0xfc, 0xfb, 0xfb, 0xfa, 0xfa, 0xfb, 0xfb, 0xfb, 0xfb,
  0xfb, 0xfa, 0xfc, 0xfd, 0xfe, 0xfd, 0xfc, 0xfd, 0xfe, 0xfa, 0xff, 0xa2,
  0x1f, 0x00, 0x04, 0x05, 0x02, 0x00, 0x00, 0x00, 0x00, 0x00, 0x00, 0x00,
  0x00, 0x00, 0x00, 0x00, 0x00, 0x00, 0x00, 0x00, 0x00, 0x00, 0x00, 0x00,
  0x00, 0x00, 0x00, 0x00, 0x00, 0x00, 0x00, 0x00, 0x00, 0x00, 0x00, 0x00,
  0x00, 0x00, 0x00, 0x00, 0x00, 0x00, 0x00, 0x00, 0x00, 0x00, 0x00, 0x00,
  0x00, 0x00, 0x00, 0x00, 0x00, 0x00, 0x00, 0x00, 0x00, 0x00, 0x00, 0x00,
  0x00, 0x00, 0x00, 0x00, 0x00, 0x00, 0x00, 0x00, 0x00, 0x00, 0x00, 0x00,
  0x00, 0x00, 0x00, 0x00, 0x00, 0x00, 0x01, 0x03, 0x03, 0x04, 0x00, 0x18,
  0xa6, 0xfd, 0xf9, 0xf6, 0xfa, 0xfc, 0xfd, 0xfe, 0xfd, 0xfd, 0xfd, 0xfd,
  0xfc, 0xfc, 0xfc, 0xfb, 0xfc, 0xfb, 0xfa, 0xfa, 0xfa, 0xfa, 0xfb, 0xfa,
  0xfa, 0xfa, 0xfa, 0xfa, 0xfa, 0xfa, 0xfb, 0xfb, 0xfa, 0xfb, 0xfc, 0xfd,
  0xfc, 0xfc, 0xfd, 0xfe, 0xfc, 0xfe, 0xc5, 0x37, 0x00, 0x0e, 0x04, 0x03,
  0x00, 0x00, 0x00, 0x00, 0x00, 0x00, 0x00, 0x00, 0x00, 0x00, 0x00, 0x00,
  0x00, 0x00, 0x00, 0x00, 0x00, 0x00, 0x00, 0x00, 0x00, 0x00, 0x00, 0x00,
  0x00, 0x00, 0x00, 0x00, 0x00, 0x00, 0x00, 0x00, 0x00, 0x00, 0x00, 0x00,
  0x00, 0x00, 0x00, 0x00, 0x00, 0x00, 0x00, 0x00, 0x00, 0x00, 0x00, 0x00,
  0x00, 0x00, 0x00, 0x00, 0x00, 0x00, 0x00, 0x00, 0x00, 0x03, 0x05, 0x0c,
  0x05, 0x10, 0xa1, 0xff, 0xf9, 0xf7, 0xfc, 0xfc, 0xfc, 0xfb, 0xfb, 0xfc,
  0xfb, 0xfb, 0xfb, 0xfb, 0xfb, 0xfa, 0xf9, 0xf9, 0xfa, 0xfb, 0xfa, 0xfb,
  0xfa, 0xfb, 0xfb, 0xfb, 0xfb, 0xfb, 0xfc, 0xfb, 0xfc, 0xfd, 0xfc, 0xfc,
  0xfc, 0xfb, 0xfc, 0xfc, 0xfd, 0xfe, 0xff, 0xfe, 0xfd, 0xfb, 0xf3, 0xf9,
  0xfe, 0xa3, 0x18, 0x01, 0x06, 0x03, 0x00, 0x00, 0x00, 0x00, 0x00, 0x00,
  0x00, 0x03, 0x06, 0x07, 0x00, 0x3c, 0xcf, 0xff, 0xf7, 0xf5, 0xf9, 0xf9,
  0xfa, 0xfb, 0xfc, 0xfc, 0xfc, 0xfd, 0xfd, 0xfd, 0xfd, 0xfd, 0xfd, 0xfd,
  0xfd, 0xfd, 0xfc, 0xfd, 0xfd, 0xfc, 0xfb, 0xfc, 0xfb, 0xfb, 0xfb, 0xfb,
  0xfb, 0xfa, 0xfa, 0xfa, 0xfa, 0xfb, 0xfa, 0xf9, 0xf9, 0xf9, 0xfa, 0xfa,
  0xf9, 0xf7, 0xf3, 0xf8, 0xfc, 0xa2, 0x18, 0x00, 0x09, 0x02, 0x03, 0x03,
  0x02, 0x02, 0x01, 0x00, 0x00, 0x00, 0x00, 0x00, 0x00, 0x00, 0x00, 0x00,
  0x00, 0x00, 0x00, 0x00, 0x00, 0x00, 0x00, 0x00, 0x00, 0x00, 0x00, 0x00,
  0x00, 0x00, 0x00, 0x00, 0x00, 0x00, 0x00, 0x00, 0x00, 0x00, 0x00, 0x00,
  0x00, 0x00, 0x00, 0x00, 0x00, 0x00, 0x00, 0x00, 0x00, 0x00, 0x00, 0x00,
  0x00, 0x00, 0x00, 0x00, 0x00, 0x00, 0x00, 0x00, 0x00, 0x00, 0x00, 0x00,
  0x00, 0x00, 0x00, 0x00, 0x00, 0x00, 0x00, 0x00, 0x00, 0x00, 0x00, 0x00,
  0x00, 0x00, 0x00, 0x00, 0x00, 0x00, 0x00, 0x00, 0x00, 0x00, 0x00, 0x00,
  0x00, 0x00, 0x00, 0x00, 0x00, 0x00, 0x00, 0x00, 0x00, 0x00, 0x00, 0x00,
  0x00, 0x00, 0x00, 0x00, 0x00, 0x00, 0x00, 0x00, 0x00, 0x00, 0x00, 0x00,
  0x00, 0x02, 0x03, 0x08, 0x06, 0x04, 0x6b, 0xea, 0xfd, 0xf8, 0xfc, 0xfb,
  0xfb, 0xfb, 0xfb, 0xfb, 0xfb, 0xfb, 0xfb, 0xfa, 0xf9, 0xfa, 0xfb, 0xfa,
  0xfa, 0xfa, 0xfa, 0xf9, 0xfa, 0xfa, 0xfb, 0xfa, 0xfa, 0xfb, 0xfd, 0xfe,
  0xfd, 0xfc, 0xfd, 0xfc, 0xfd, 0xfe, 0xfe, 0xfd, 0xfc, 0xfd, 0xfd, 0xfd,
  0xfc, 0xfb, 0xf9, 0xf6, 0xfe, 0xef, 0x72, 0x00, 0x01, 0x01, 0x02, 0x02,
  0x00, 0x00, 0x00, 0x00, 0x00, 0x00, 0x00, 0x00, 0x01, 0x03, 0x02, 0x55,
  0xe3, 0xff, 0xf3, 0xf8, 0xfc, 0xfe, 0xfe, 0xfe, 0xfd, 0xfe, 0xfd, 0xfb,
  0xfb, 0xfb, 0xfc, 0xfb, 0xfa, 0xfa, 0xfa, 0xfa, 0xfa, 0xfb, 0xfc, 0xfc,
  0xfc, 0xfc, 0xfc, 0xfb, 0xfb, 0xfb, 0xfa, 0xfb, 0xfb, 0xfb, 0xfa, 0xfa,
  0xfa, 0xfb, 0xfb, 0xfb, 0xfd, 0xfd, 0xfd, 0xfd, 0xfb, 0xfd, 0xf0, 0x80,
  0x00, 0x0c, 0x05, 0x03, 0x01, 0x00, 0x00, 0x00, 0x00, 0x00, 0x00, 0x00,
  0x00, 0x00, 0x00, 0x00, 0x00, 0x00, 0x00, 0x00, 0x00, 0x00, 0x00, 0x00,
  0x00, 0x00, 0x00, 0x00, 0x00, 0x00, 0x00, 0x00, 0x00, 0x00, 0x00, 0x00,
  0x00, 0x00, 0x00, 0x00, 0x00, 0x00, 0x00, 0x00, 0x00, 0x00, 0x00, 0x00,
  0x00, 0x00, 0x00, 0x00, 0x00, 0x00, 0x00, 0x00, 0x00, 0x00, 0x00, 0x00,
  0x00, 0x00, 0x00, 0x00, 0x00, 0x00, 0x00, 0x00, 0x00, 0x00, 0x01, 0x01,
  0x01, 0x08, 0x00, 0x7f, 0xf7, 0xff, 0xf5, 0xf8, 0xfa, 0xfb, 0xfc, 0xfb,
  0xfc, 0xfc, 0xfc, 0xfc, 0xfc, 0xfc, 0xfc, 0xfc, 0xfc, 0xfb, 0xfb, 0xfb,
  0xfb, 0xfc, 0xfc, 0xfc, 0xfc, 0xfb, 0xfc, 0xfc, 0xfc, 0xfb, 0xfb, 0xfb,
  0xfa, 0xfb, 0xfa, 0xfa, 0xfa, 0xf9, 0xf8, 0xf9, 0xf9, 0xf8, 0xf8, 0xf8,
  0xf7, 0xf6, 0xf6, 0xf6, 0xf7, 0xf7, 0xf6, 0xf6, 0xf5, 0xf5, 0xf5, 0xf6,
  0xf6, 0xf5, 0xf5, 0xf5, 0xf6, 0xf6, 0xf6, 0xf6, 0xf5, 0xf6, 0xf6, 0xf6,
  0xf5, 0xf5, 0xf5, 0xf5, 0xf5, 0xf6, 0xf6, 0xf5, 0xf5, 0xf5, 0xf5, 0xf5,
  0xf6, 0xf7, 0xf6, 0xf5, 0xf6, 0xf6, 0xf6, 0xf6, 0xf5, 0xf6, 0xf6, 0xf6,
  0xf6, 0xf6, 0xf6, 0xf6, 0xf5, 0xf5, 0xf6, 0xf5, 0xf5, 0xf5, 0xf5, 0xf5,
  0xf5, 0xf5, 0xf5, 0xf5, 0xf5, 0xf5, 0xf5, 0xf5, 0xf5, 0xf5, 0xf6, 0xf7,
  0xf7, 0xf7, 0xf7, 0xf7, 0xf7, 0xf7, 0xf6, 0xf8, 0xf7, 0xf4, 0xee, 0xee,
  0xfc, 0xda, 0x4f, 0x00, 0x0b, 0x06, 0x01, 0x00, 0x00, 0x00, 0x00, 0x00,
  0x00, 0x00, 0x00, 0x00, 0x00, 0x00, 0x00, 0x00, 0x00, 0x00, 0x00, 0x00,
  0x00, 0x00, 0x00, 0x00, 0x00, 0x01, 0x00, 0x00, 0x00, 0x00, 0x00, 0x00,
  0x00, 0x00, 0x00, 0x00, 0x00, 0x00, 0x00, 0x00, 0x00, 0x00, 0x00, 0x00,
  0x00, 0x00, 0x00, 0x00, 0x00, 0x03, 0x07, 0x09, 0x00, 0x13, 0xce, 0xfc,
  0xf8, 0xf9, 0xfb, 0xfc, 0xfb, 0xfc, 0xfb, 0xfb, 0xfc, 0xfb, 0xfc, 0xfc,
  0xfc, 0xfc, 0xfc, 0xfb, 0xfc, 0xfb, 0xfc, 0xfd, 0xfc, 0xfb, 0xfc, 0xfb,
  0xfa, 0xfb, 0xfc, 0xfc, 0xfc, 0xfc, 0xfc, 0xfc, 0xfc, 0xfd, 0xfe, 0xfd,
  0xfc, 0xfd, 0xfe, 0xfa, 0xff, 0xa2, 0x1f, 0x00, 0x04, 0x05, 0x02, 0x00,
  0x00, 0x00, 0x00, 0x00, 0x00, 0x00, 0x00, 0x00, 0x00, 0x00, 0x00, 0x00,
  0x00, 0x00, 0x00, 0x00, 0x00, 0x00, 0x00, 0x00, 0x00, 0x00, 0x00, 0x00,
  0x00, 0x00, 0x00, 0x00, 0x00, 0x00, 0x00, 0x00, 0x00, 0x00, 0x00, 0x00,
  0x00, 0x00, 0x00, 0x00, 0x00, 0x00, 0x00, 0x00, 0x00, 0x00, 0x00, 0x00,
  0x00, 0x00, 0x00, 0x00, 0x00, 0x00, 0x00, 0x00, 0x00, 0x00, 0x00, 0x00,
  0x00, 0x00, 0x00, 0x00, 0x00, 0x00, 0x00, 0x00, 0x00, 0x00, 0x00, 0x00,
  0x02, 0x03, 0x04, 0x02, 0x00, 0x53, 0xe1, 0xfe, 0xf4, 0xfa, 0xfb, 0xfd,
  0xff, 0xff, 0xfd, 0xfe, 0xfd, 0xfc, 0xfd, 0xfd, 0xfc, 0xfb, 0xfc, 0xfb,
  0xfa, 0xfa, 0xfb, 0xfb, 0xfa, 0xfa, 0xf9, 0xf9, 0xfa, 0xf9, 0xfa, 0xfb,
  0xfa, 0xfa, 0xfa, 0xfb, 0xfc, 0xfd, 0xfd, 0xfc, 0xfc, 0xfe, 0xfc, 0xff,
  0xa7, 0x1e, 0x00, 0x0c, 0x03, 0x03, 0x00, 0x00, 0x00, 0x00, 0x00, 0x00,
  0x00, 0x00, 0x00, 0x00, 0x00, 0x00, 0x00, 0x00, 0x00, 0x00, 0x00, 0x00,
  0x00, 0x00, 0x00, 0x00, 0x00, 0x00, 0x00, 0x00, 0x00, 0x00, 0x00, 0x00,
  0x00, 0x01, 0x00, 0x00, 0x00, 0x00, 0x00, 0x00, 0x00, 0x00, 0x00, 0x00,
  0x00, 0x00, 0x00, 0x00, 0x00, 0x00, 0x00, 0x00, 0x00, 0x00, 0x00, 0x00,
  0x00, 0x00, 0x01, 0x03, 0x06, 0x0d, 0x00, 0x67, 0xe6, 0xfc, 0xf6, 0xf9,
  0xfc, 0xfd, 0xfc, 0xfb, 0xfb, 0xfb, 0xfb, 0xfb, 0xfb, 0xfa, 0xfb, 0xfa,
  0xf9, 0xfa, 0xfb, 0xfa, 0xfb, 0xfc, 0xfb, 0xfb, 0xfc, 0xfc, 0xfc, 0xfb,
  0xfb, 0xfc, 0xfb, 0xfb, 0xfb, 0xfb, 0xfb, 0xfc, 0xfb, 0xfc, 0xfd, 0xfe,
  0xfe, 0xfe, 0xfd, 0xf9, 0xf5, 0xff, 0xd8, 0x3b, 0x00, 0x05, 0x05, 0x02,
  0x00, 0x00, 0x00, 0x00, 0x00, 0x00, 0x00, 0x03, 0x05, 0x05, 0x02, 0x02,
  0x81, 0xf3, 0xfc, 0xf4, 0xf7, 0xf9, 0xfa, 0xfc, 0xfc, 0xfd, 0xfd, 0xfd,
  0xfd, 0xfe, 0xfd, 0xfc, 0xfc, 0xfc, 0xfc, 0xfc, 0xfc, 0xfc, 0xfc, 0xfb,
  0xfc, 0xfb, 0xfa, 0xfa, 0xfa, 0xfa, 0xfb, 0xfa, 0xf9, 0xf9, 0xfa, 0xfb,
  0xfa, 0xf9, 0xfa, 0xfa, 0xfa, 0xfa, 0xf9, 0xf8, 0xf8, 0xf5, 0xfd, 0xeb,
  0x67, 0x02, 0x09, 0x07, 0x04, 0x04, 0x03, 0x02, 0x02, 0x01, 0x00, 0x00,
  0x00, 0x00, 0x00, 0x00, 0x00, 0x00, 0x00, 0x00, 0x00, 0x00, 0x00, 0x00,
  0x00, 0x00, 0x00, 0x00, 0x00, 0x00, 0x00, 0x00, 0x00, 0x00, 0x00, 0x00,
  0x00, 0x00, 0x00, 0x00, 0x00, 0x00, 0x00, 0x00, 0x00, 0x00, 0x00, 0x00,
  0x00, 0x00, 0x00, 0x00, 0x00, 0x00, 0x00, 0x00, 0x00, 0x00, 0x00, 0x00,
  0x00, 0x00, 0x00, 0x00, 0x00, 0x00, 0x00, 0x00, 0x00, 0x00, 0x00, 0x00,
  0x00, 0x00, 0x00, 0x00, 0x00, 0x00, 0x00, 0x00, 0x00, 0x00, 0x00, 0x00,
  0x00, 0x00, 0x00, 0x00, 0x00, 0x00, 0x00, 0x00, 0x00, 0x00, 0x00, 0x00,
  0x00, 0x00, 0x00, 0x00, 0x00, 0x00, 0x00, 0x00, 0x00, 0x00, 0x00, 0x00,
  0x00, 0x00, 0x00, 0x00, 0x00, 0x00, 0x00, 0x00, 0x03, 0x0a, 0x00, 0x3e,
  0xc6, 0xfe, 0xf6, 0xf6, 0xfc, 0xfd, 0xfd, 0xfc, 0xfb, 0xfb, 0xfa, 0xfb,
  0xfa, 0xf9, 0xf9, 0xfa, 0xfb, 0xfa, 0xfb, 0xfa, 0xf9, 0xfa, 0xfb, 0xfb,
  0xfb, 0xfb, 0xfa, 0xfc, 0xfd, 0xfc, 0xfc, 0xfd, 0xfd, 0xfc, 0xfd, 0xfd,
  0xfd, 0xfd, 0xfc, 0xfd, 0xfe, 0xfe, 0xfd, 0xfc, 0xf8, 0xfb, 0xfd, 0xae,
  0x21, 0x03, 0x07, 0x03, 0x00, 0x00, 0x00, 0x00, 0x00, 0x00, 0x00, 0x00,
  0x00, 0x00, 0x03, 0x06, 0x03, 0x10, 0x9d, 0xfd, 0xfc, 0xf9, 0xff, 0xfd,
  0xfd, 0xfd, 0xfe, 0xfd, 0xfd, 0xfc, 0xfc, 0xfb, 0xfc, 0xfb, 0xfa, 0xfb,
  0xfb, 0xfb, 0xfa, 0xfb, 0xfc, 0xfc, 0xfc, 0xfc, 0xfc, 0xfb, 0xfb, 0xfb,
  0xfa, 0xfb, 0xfa, 0xfa, 0xfa, 0xfb, 0xfb, 0xfa, 0xfb, 0xfc, 0xfd, 0xfe,
  0xfe, 0xfc, 0xf9, 0xf8, 0xfe, 0xce, 0x30, 0x00, 0x04, 0x01, 0x00, 0x00,
  0x00, 0x00, 0x00, 0x00, 0x00, 0x00, 0x00, 0x00, 0x00, 0x00, 0x00, 0x00,
  0x00, 0x00, 0x00, 0x00, 0x00, 0x00, 0x00, 0x00, 0x00, 0x00, 0x00, 0x00,
  0x00, 0x00, 0x00, 0x00, 0x00, 0x00, 0x00, 0x00, 0x00, 0x00, 0x00, 0x00,
  0x00, 0x00, 0x00, 0x00, 0x00, 0x00, 0x00, 0x00, 0x00, 0x00, 0x00, 0x00,
  0x00, 0x00, 0x00, 0x00, 0x00, 0x00, 0x00, 0x00, 0x00, 0x00, 0x00, 0x00,
  0x00, 0x00, 0x00, 0x00, 0x01, 0x01, 0x01, 0x08, 0x00, 0x80, 0xf7, 0xff,
  0xf5, 0xf8, 0xfa, 0xfb, 0xfc, 0xfc, 0xfc, 0xfc, 0xfb, 0xfc, 0xfb, 0xfb,
  0xfb, 0xfb, 0xfc, 0xfc, 0xfb, 0xfb, 0xfb, 0xfc, 0xfc, 0xfc, 0xfb, 0xfc,
  0xfb, 0xfb, 0xfc, 0xfb, 0xfa, 0xfa, 0xfa, 0xfa, 0xfb, 0xfa, 0xfa, 0xfa,
  0xf9, 0xf8, 0xf8, 0xf8, 0xf9, 0xf8, 0xf7, 0xf8, 0xf8, 0xf8, 0xf9, 0xf9,
  0xf8, 0xf9, 0xf9, 0xf9, 0xf9, 0xfa, 0xfa, 0xf8, 0xf8, 0xf8, 0xf9, 0xf9,
  0xf9, 0xf9, 0xf9, 0xf9, 0xf9, 0xf9, 0xf8, 0xf8, 0xf8, 0xf8, 0xf8, 0xf9,
  0xf9, 0xf8, 0xf8, 0xf8, 0xf8, 0xf8, 0xf8, 0xf8, 0xf8, 0xf8, 0xf9, 0xf9,
  0xf9, 0xf9, 0xf8, 0xf9, 0xf9, 0xf9, 0xf9, 0xf9, 0xf9, 0xf9, 0xf8, 0xf8,
  0xf8, 0xf8, 0xf8, 0xf8, 0xf8, 0xf7, 0xf7, 0xf8, 0xf8, 0xf8, 0xf7, 0xf7,
  0xf7, 0xf7, 0xf7, 0xf7, 0xf8, 0xf8, 0xfa, 0xf9, 0xfb, 0xfb, 0xfb, 0xfb,
  0xfb, 0xfc, 0xfb, 0xf9, 0xf3, 0xf2, 0xff, 0xd9, 0x4e, 0x00, 0x0b, 0x06,
  0x01, 0x00, 0x00, 0x00, 0x00, 0x00, 0x00, 0x00, 0x00, 0x00, 0x00, 0x00,
  0x00, 0x00, 0x00, 0x00, 0x00, 0x00, 0x00, 0x00, 0x00, 0x00, 0x00, 0x00,
  0x00, 0x00, 0x00, 0x00, 0x00, 0x00, 0x00, 0x00, 0x00, 0x00, 0x00, 0x00,
  0x00, 0x00, 0x00, 0x00, 0x00, 0x00, 0x00, 0x00, 0x00, 0x00, 0x00, 0x02,
  0x06, 0x09, 0x00, 0x13, 0xcd, 0xfc, 0xf9, 0xf9, 0xfa, 0xfb, 0xfc, 0xfb,
  0xfc, 0xfc, 0xfb, 0xfc, 0xfc, 0xfb, 0xfb, 0xfd, 0xfc, 0xfb, 0xfc, 0xfc,
  0xfb, 0xfb, 0xfb, 0xfc, 0xfb, 0xfb, 0xfb, 0xfc, 0xfb, 0xfc, 0xfb, 0xfc,
  0xfb, 0xfc, 0xfd, 0xfe, 0xfe, 0xfd, 0xfc, 0xfd, 0xfe, 0xfb, 0xff, 0xa3,
  0x21, 0x00, 0x04, 0x05, 0x02, 0x00, 0x00, 0x00, 0x00, 0x00, 0x00, 0x00,
  0x00, 0x00, 0x00, 0x00, 0x00, 0x00, 0x00, 0x00, 0x00, 0x00, 0x00, 0x00,
  0x00, 0x00, 0x00, 0x00, 0x00, 0x00, 0x00, 0x00, 0x00, 0x00, 0x00, 0x00,
  0x00, 0x00, 0x00, 0x00, 0x00, 0x00, 0x00, 0x00, 0x00, 0x00, 0x00, 0x00,
  0x00, 0x00, 0x00, 0x00, 0x00, 0x00, 0x00, 0x00, 0x00, 0x00, 0x00, 0x00,
  0x00, 0x00, 0x00, 0x00, 0x00, 0x00, 0x00, 0x00, 0x00, 0x00, 0x00, 0x00,
  0x00, 0x00, 0x00, 0x00, 0x00, 0x02, 0x03, 0x04, 0x05, 0x00, 0x2b, 0xb8,
  0xfd, 0xf8, 0xf7, 0xfc, 0xfd, 0xfe, 0xfe, 0xfe, 0xfe, 0xfe, 0xfd, 0xfd,
  0xfc, 0xfd, 0xfc, 0xfb, 0xfb, 0xfc, 0xfb, 0xfa, 0xfa, 0xfa, 0xfb, 0xfb,
  0xfa, 0xf9, 0xfa, 0xfb, 0xfb, 0xfa, 0xfb, 0xfa, 0xfb, 0xfc, 0xfc, 0xfd,
  0xfd, 0xfc, 0xfb, 0xfc, 0xfb, 0xff, 0x86, 0x09, 0x05, 0x0a, 0x03, 0x02,
  0x00, 0x00, 0x00, 0x00, 0x00, 0x00, 0x00, 0x00, 0x00, 0x00, 0x00, 0x00,
  0x00, 0x00, 0x00, 0x00, 0x00, 0x00, 0x00, 0x00, 0x00, 0x00, 0x00, 0x00,
  0x00, 0x00, 0x00, 0x00, 0x00, 0x00, 0x00, 0x00, 0x00, 0x00, 0x00, 0x00,
  0x00, 0x00, 0x00, 0x00, 0x00, 0x00, 0x00, 0x00, 0x00, 0x00, 0x00, 0x00,
  0x00, 0x00, 0x00, 0x00, 0x00, 0x00, 0x00, 0x01, 0x02, 0x02, 0x07, 0x00,
  0x21, 0xba, 0xff, 0xf9, 0xf7, 0xfa, 0xfc, 0xfe, 0xfc, 0xfc, 0xfc, 0xfb,
  0xfa, 0xfa, 0xfa, 0xfa, 0xfa, 0xfb, 0xfb, 0xfb, 0xfa, 0xfa, 0xfb, 0xfc,
  0xfc, 0xfb, 0xfb, 0xfb, 0xfb, 0xfc, 0xfb, 0xfb, 0xfc, 0xfb, 0xfb, 0xfc,
  0xfc, 0xfb, 0xfc, 0xfc, 0xfd, 0xfe, 0xfd, 0xfb, 0xfa, 0xf7, 0xff, 0xf1,
  0x7b, 0x0b, 0x02, 0x06, 0x04, 0x02, 0x00, 0x00, 0x00, 0x00, 0x00, 0x00,
  0x00, 0x01, 0x02, 0x03, 0x05, 0x02, 0x2d, 0xb8, 0xff, 0xf8, 0xf2, 0xf8,
  0xfb, 0xfc, 0xfd, 0xfc, 0xfc, 0xfc, 0xfc, 0xfd, 0xfe, 0xfd, 0xfc, 0xfc,
  0xfd, 0xfc, 0xfb, 0xfb, 0xfb, 0xfc, 0xfc, 0xfb, 0xfb, 0xfa, 0xfb, 0xfa,
  0xfa, 0xfb, 0xfa, 0xfa, 0xfb, 0xfa, 0xfa, 0xf9, 0xf9, 0xf9, 0xfa, 0xfa,
  0xf9, 0xfb, 0xfb, 0xf6, 0xf8, 0xfd, 0xb5, 0x2b, 0x00, 0x0e, 0x05, 0x05,
  0x04, 0x03, 0x02, 0x01, 0x01, 0x00, 0x00, 0x00, 0x00, 0x00, 0x00, 0x00,
  0x00, 0x00, 0x00, 0x00, 0x00, 0x00, 0x00, 0x00, 0x00, 0x00, 0x00, 0x00,
  0x00, 0x00, 0x00, 0x00, 0x00, 0x00, 0x00, 0x00, 0x00, 0x00, 0x00, 0x00,
  0x00, 0x00, 0x00, 0x00, 0x00, 0x00, 0x00, 0x00, 0x00, 0x00, 0x00, 0x00,
  0x00, 0x00, 0x00, 0x00, 0x00, 0x00, 0x00, 0x00, 0x00, 0x00, 0x00, 0x00,
  0x00, 0x01, 0x01, 0x00, 0x00, 0x00, 0x00, 0x00, 0x00, 0x00, 0x00, 0x00,
  0x00, 0x00, 0x00, 0x00, 0x00, 0x00, 0x00, 0x00, 0x00, 0x00, 0x00, 0x00,
  0x00, 0x00, 0x00, 0x00, 0x01, 0x00, 0x00, 0x00, 0x00, 0x00, 0x00, 0x00,
  0x00, 0x00, 0x00, 0x00, 0x00, 0x00, 0x00, 0x00, 0x00, 0x00, 0x00, 0x00,
  0x01, 0x01, 0x06, 0x01, 0x0c, 0x8e, 0xf8, 0xfb, 0xf1, 0xf7, 0xfc, 0xff,
  0xfe, 0xfc, 0xfc, 0xfc, 0xfb, 0xfb, 0xfa, 0xf9, 0xf9, 0xfa, 0xfb, 0xfb,
  0xfa, 0xf9, 0xfa, 0xfb, 0xfa, 0xfb, 0xfc, 0xfb, 0xfb, 0xfc, 0xfb, 0xfc,
  0xfd, 0xfc, 0xfc, 0xfd, 0xfd, 0xfc, 0xfc, 0xfd, 0xfe, 0xfe, 0xfd, 0xfd,
  0xfd, 0xfa, 0xfa, 0xff, 0xdd, 0x55, 0x00, 0x09, 0x08, 0x03, 0x00, 0x00,
  0x00, 0x00, 0x00, 0x00, 0x00, 0x00, 0x00, 0x01, 0x04, 0x06, 0x07, 0x00,
  0x3e, 0xd3, 0xff, 0xf8, 0xfd, 0xfd, 0xfc, 0xfd, 0xfd, 0xfc, 0xfc, 0xfc,
  0xfc, 0xfb, 0xfa, 0xfb, 0xfa, 0xfb, 0xfa, 0xfa, 0xfa, 0xfb, 0xfc, 0xfc,
  0xfb, 0xfb, 0xfc, 0xfb, 0xfa, 0xfb, 0xfb, 0xfb, 0xfb, 0xfb, 0xfb, 0xfb,
  0xfa, 0xfb, 0xfb, 0xfc, 0xfd, 0xfe, 0xfe, 0xfb, 0xf7, 0xf5, 0xfc, 0xfb,
  0x9c, 0x01, 0x02, 0x00, 0x00, 0x01, 0x00, 0x00, 0x00, 0x00, 0x00, 0x00,
  0x00, 0x00, 0x00, 0x00, 0x00, 0x00, 0x00, 0x00, 0x00, 0x00, 0x00, 0x00,
  0x00, 0x00, 0x00, 0x00, 0x00, 0x00, 0x00, 0x00, 0x00, 0x00, 0x00, 0x00,
  0x00, 0x00, 0x00, 0x00, 0x00, 0x00, 0x00, 0x00, 0x00, 0x00, 0x00, 0x00,
  0x00, 0x00, 0x00, 0x00, 0x00, 0x00, 0x00, 0x00, 0x00, 0x00, 0x00, 0x00,
  0x00, 0x00, 0x00, 0x00, 0x00, 0x00, 0x00, 0x00, 0x00, 0x01, 0x00, 0x01,
  0x01, 0x08, 0x00, 0x80, 0xf7, 0xff, 0xf5, 0xf8, 0xfa, 0xfb, 0xfc, 0xfb,
  0xfb, 0xfc, 0xfb, 0xfc, 0xfc, 0xfb, 0xfc, 0xfb, 0xfb, 0xfc, 0xfb, 0xfa,
  0xfb, 0xfc, 0xfb, 0xfc, 0xfb, 0xfc, 0xfb, 0xfa, 0xfb, 0xfb, 0xfa, 0xfb,
  0xfb, 0xfb, 0xfb, 0xfb, 0xfb, 0xfa, 0xfa, 0xf9, 0xf8, 0xf8, 0xf9, 0xfa,
  0xf9, 0xfa, 0xfb, 0xfb, 0xfb, 0xfb, 0xfb, 0xfb, 0xfa, 0xfb, 0xfc, 0xfb,
  0xfc, 0xfb, 0xf9, 0xfa, 0xfb, 0xfb, 0xfb, 0xfb, 0xfb, 0xfb, 0xfb, 0xfb,
  0xfa, 0xf9, 0xfa, 0xf9, 0xfa, 0xfb, 0xfb, 0xfa, 0xf9, 0xfa, 0xfa, 0xfb,
  0xfb, 0xfb, 0xfa, 0xfa, 0xfb, 0xfb, 0xfb, 0xfa, 0xfa, 0xfb, 0xfb, 0xfb,
  0xfb, 0xfb, 0xfb, 0xfb, 0xfb, 0xfb, 0xfa, 0xf9, 0xfa, 0xfa, 0xf9, 0xf8,
  0xf9, 0xfa, 0xfa, 0xfa, 0xfa, 0xf9, 0xf9, 0xf8, 0xf8, 0xf9, 0xfa, 0xfb,
  0xfc, 0xfc, 0xfd, 0xfe, 0xfe, 0xfe, 0xfd, 0xfe, 0xfe, 0xfc, 0xf6, 0xf5,
  0xfe, 0xda, 0x4c, 0x00, 0x09, 0x04, 0x01, 0x00, 0x00, 0x00, 0x00, 0x00,
  0x00, 0x00, 0x00, 0x00, 0x00, 0x00, 0x00, 0x00, 0x00, 0x00, 0x00, 0x00,
  0x00, 0x00, 0x00, 0x00, 0x00, 0x00, 0x00, 0x00, 0x00, 0x00, 0x00, 0x00,
  0x00, 0x00, 0x00, 0x00, 0x00, 0x00, 0x00, 0x00, 0x00, 0x00, 0x01, 0x00,
  0x00, 0x00, 0x00, 0x00, 0x00, 0x02, 0x06, 0x09, 0x00, 0x13, 0xcd, 0xfc,
  0xf9, 0xf9, 0xfa, 0xfa, 0xfb, 0xfc, 0xfb, 0xfb, 0xfc, 0xfb, 0xfb, 0xfb,
  0xfb, 0xfc, 0xfc, 0xfb, 0xfc, 0xfc, 0xfc, 0xfb, 0xfc, 0xfb, 0xfa, 0xfb,
  0xfc, 0xfb, 0xfb, 0xfc, 0xfc, 0xfc, 0xfd, 0xfc, 0xfd, 0xfe, 0xfe, 0xfd,
  0xfc, 0xfd, 0xfe, 0xfb, 0xff, 0xa4, 0x22, 0x00, 0x04, 0x05, 0x02, 0x00,
  0x00, 0x00, 0x00, 0x00, 0x00, 0x00, 0x00, 0x00, 0x00, 0x00, 0x00, 0x00,
  0x00, 0x00, 0x00, 0x00, 0x00, 0x00, 0x00, 0x00, 0x00, 0x00, 0x00, 0x00,
  0x00, 0x00, 0x00, 0x00, 0x00, 0x00, 0x00, 0x00, 0x00, 0x00, 0x00, 0x00,
  0x00, 0x00, 0x00, 0x00, 0x00, 0x00, 0x00, 0x00, 0x00, 0x00, 0x00, 0x00,
  0x00, 0x00, 0x00, 0x00, 0x00, 0x00, 0x00, 0x00, 0x00, 0x00, 0x00, 0x00,
  0x00, 0x00, 0x00, 0x00, 0x00, 0x00, 0x00, 0x00, 0x00, 0x00, 0x02, 0x04,
  0x04, 0x04, 0x00, 0x12, 0x91, 0xf7, 0xfa, 0xf2, 0xfa, 0xfd, 0xff, 0xfe,
  0xfe, 0xfd, 0xfd, 0xfe, 0xfd, 0xfd, 0xfd, 0xfd, 0xfc, 0xfb, 0xfc, 0xfb,
  0xfc, 0xfb, 0xfa, 0xfb, 0xfc, 0xfb, 0xfa, 0xfb, 0xfb, 0xfa, 0xfb, 0xfb,
  0xfb, 0xfa, 0xfb, 0xfc, 0xfc, 0xfd, 0xfc, 0xfb, 0xfa, 0xfb, 0xfd, 0xf8,
  0x63, 0x00, 0x0a, 0x04, 0x02, 0x01, 0x00, 0x00, 0x00, 0x00, 0x00, 0x00,
  0x00, 0x00, 0x00, 0x00, 0x00, 0x00, 0x00, 0x00, 0x00, 0x00, 0x00, 0x00,
  0x00, 0x00, 0x00, 0x00, 0x00, 0x00, 0x00, 0x00, 0x00, 0x00, 0x00, 0x00,
  0x00, 0x00, 0x00, 0x00, 0x00, 0x00, 0x00, 0x00, 0x00, 0x00, 0x00, 0x00,
  0x00, 0x00, 0x00, 0x00, 0x00, 0x00, 0x00, 0x00, 0x00, 0x00, 0x00, 0x00,
  0x00, 0x02, 0x03, 0x03, 0x06, 0x00, 0x7f, 0xf3, 0xfe, 0xf8, 0xf8, 0xfa,
  0xfc, 0xfd, 0xfc, 0xfd, 0xfc, 0xfc, 0xfb, 0xfa, 0xfb, 0xfb, 0xfb, 0xfb,
  0xfb, 0xfb, 0xfb, 0xfa, 0xfb, 0xfc, 0xfc, 0xfc, 0xfc, 0xfb, 0xfb, 0xfc,
  0xfb, 0xfa, 0xfb, 0xfb, 0xfb, 0xfc, 0xfb, 0xfa, 0xfb, 0xfb, 0xfc, 0xfd,
  0xfb, 0xfa, 0xf6, 0xf9, 0xfe, 0xbe, 0x26, 0x00, 0x04, 0x02, 0x02, 0x01,
  0x00, 0x00, 0x00, 0x00, 0x00, 0x00, 0x00, 0x00, 0x00, 0x01, 0x04, 0x08,
  0x00, 0x5f, 0xe6, 0xff, 0xf1, 0xf6, 0xfb, 0xfd, 0xfd, 0xfc, 0xfd, 0xfd,
  0xfd, 0xfc, 0xfd, 0xfd, 0xfd, 0xfc, 0xfb, 0xfc, 0xfb, 0xfb, 0xfb, 0xfb,
  0xfc, 0xfb, 0xfb, 0xfa, 0xfb, 0xfa, 0xfa, 0xfb, 0xfa, 0xfb, 0xfa, 0xf9,
  0xfa, 0xfa, 0xfa, 0xfa, 0xfa, 0xf9, 0xfa, 0xfc, 0xfd, 0xf9, 0xf2, 0xfe,
  0xf2, 0x7b, 0x01, 0x0c, 0x0a, 0x05, 0x04, 0x03, 0x02, 0x02, 0x01, 0x00,
  0x00, 0x00, 0x00, 0x00, 0x00, 0x00, 0x00, 0x00, 0x00, 0x00, 0x00, 0x00,
  0x00, 0x00, 0x00, 0x00, 0x00, 0x00, 0x00, 0x00, 0x00, 0x00, 0x00, 0x00,
  0x00, 0x00, 0x00, 0x00, 0x00, 0x00, 0x00, 0x00, 0x00, 0x00, 0x00, 0x00,
  0x00, 0x00, 0x00, 0x00, 0x00, 0x00, 0x00, 0x00, 0x00, 0x00, 0x00, 0x00,
  0x00, 0x00, 0x00, 0x00, 0x00, 0x00, 0x00, 0x00, 0x00, 0x00, 0x00, 0x00,
  0x00, 0x00, 0x00, 0x00, 0x00, 0x00, 0x00, 0x00, 0x00, 0x00, 0x00, 0x00,
  0x00, 0x00, 0x00, 0x00, 0x00, 0x00, 0x00, 0x00, 0x00, 0x00, 0x00, 0x00,
  0x00, 0x00, 0x00, 0x00, 0x00, 0x00, 0x00, 0x00, 0x00, 0x00, 0x00, 0x00,
  0x00, 0x00, 0x00, 0x00, 0x00, 0x01, 0x03, 0x03, 0x09, 0x00, 0x53, 0xdc,
  0xff, 0xf8, 0xf5, 0xf8, 0xfc, 0xff, 0xfe, 0xfc, 0xfc, 0xfb, 0xfa, 0xfb,
  0xfa, 0xf9, 0xfa, 0xfa, 0xfa, 0xfa, 0xfa, 0xfa, 0xf9, 0xfa, 0xfa, 0xfb,
  0xfb, 0xfa, 0xfb, 0xfa, 0xfb, 0xfc, 0xfc, 0xfb, 0xfc, 0xfd, 0xfc, 0xfc,
  0xfc, 0xfd, 0xfd, 0xfe, 0xfd, 0xfb, 0xfa, 0xf7, 0xfe, 0xf7, 0x8f, 0x07,
  0x02, 0x07, 0x06, 0x03, 0x00, 0x00, 0x00, 0x00, 0x00, 0x00, 0x00, 0x00,
  0x00, 0x01, 0x04, 0x05, 0x06, 0x02, 0x0b, 0x85, 0xf2, 0xfe, 0xf6, 0xf9,
  0xfa, 0xfc, 0xfd, 0xfc, 0xfc, 0xfc, 0xfb, 0xfa, 0xfb, 0xfa, 0xfa, 0xfb,
  0xfa, 0xfa, 0xfb, 0xfb, 0xfc, 0xfc, 0xfb, 0xfc, 0xfb, 0xfa, 0xfb, 0xfb,
  0xfb, 0xfb, 0xfb, 0xfa, 0xfb, 0xfc, 0xfb, 0xfb, 0xfb, 0xfc, 0xfd, 0xfe,
  0xfe, 0xfc, 0xfa, 0xf8, 0xf9, 0xff, 0xdf, 0x48, 0x00, 0x02, 0x03, 0x04,
  0x01, 0x00, 0x00, 0x00, 0x00, 0x00, 0x00, 0x00, 0x00, 0x00, 0x00, 0x00,
  0x00, 0x00, 0x00, 0x00, 0x00, 0x00, 0x00, 0x00, 0x00, 0x00, 0x00, 0x00,
  0x00, 0x00, 0x00, 0x00, 0x00, 0x00, 0x00, 0x00, 0x00, 0x00, 0x00, 0x00,
  0x00, 0x00, 0x00, 0x00, 0x00, 0x00, 0x00, 0x00, 0x00, 0x00, 0x00, 0x00,
  0x00, 0x00, 0x00, 0x00, 0x00, 0x00, 0x00, 0x00, 0x00, 0x00, 0x00, 0x00,
  0x00, 0x00, 0x01, 0x00, 0x00, 0x01, 0x01, 0x08, 0x00, 0x81, 0xf7, 0xff,
  0xf6, 0xf9, 0xfb, 0xfc, 0xfc, 0xfb, 0xfb, 0xfc, 0xfc, 0xfb, 0xfc, 0xfc,
  0xfc, 0xfb, 0xfa, 0xfa, 0xfb, 0xfc, 0xfb, 0xfc, 0xfc, 0xfb, 0xfc, 0xfc,
  0xfb, 0xfb, 0xfc, 0xfb, 0xfb, 0xfb, 0xfb, 0xfb, 0xfc, 0xfb, 0xfa, 0xfa,
  0xfb, 0xfa, 0xf9, 0xfa, 0xf9, 0xfa, 0xfb, 0xfb, 0xfc, 0xfb, 0xfb, 0xfb,
  0xfb, 0xfb, 0xfb, 0xfc, 0xfc, 0xfc, 0xfc, 0xfc, 0xfb, 0xfb, 0xfc, 0xfb,
  0xfb, 0xfb, 0xfb, 0xfb, 0xfc, 0xfb, 0xfa, 0xfb, 0xfa, 0xfb, 0xfa, 0xfb,
  0xfc, 0xfb, 0xfa, 0xfb, 0xfa, 0xfb, 0xfc, 0xfb, 0xfa, 0xfa, 0xfb, 0xfc,
  0xfb, 0xfa, 0xfa, 0xfb, 0xfc, 0xfb, 0xfb, 0xfb, 0xfb, 0xfb, 0xfc, 0xfb,
  0xfa, 0xfa, 0xfb, 0xfa, 0xf9, 0xf9, 0xfa, 0xfa, 0xfb, 0xfa, 0xfb, 0xfa,
  0xf9, 0xf8, 0xf9, 0xfa, 0xfb, 0xfc, 0xfd, 0xfd, 0xfd, 0xfe, 0xff, 0xff,
  0xff, 0xfe, 0xff, 0xfd, 0xf8, 0xf7, 0xff, 0xd9, 0x4e, 0x00, 0x09, 0x04,
  0x01, 0x00, 0x00, 0x00, 0x00, 0x00, 0x00, 0x00, 0x00, 0x00, 0x00, 0x00,
  0x00, 0x00, 0x00, 0x00, 0x00, 0x00, 0x00, 0x00, 0x00, 0x00, 0x00, 0x00,
  0x00, 0x00, 0x00, 0x00, 0x00, 0x00, 0x00, 0x00, 0x00, 0x00, 0x00, 0x00,
  0x00, 0x00, 0x00, 0x00, 0x00, 0x00, 0x00, 0x00, 0x00, 0x00, 0x00, 0x02,
  0x06, 0x09, 0x00, 0x13, 0xcd, 0xfc, 0xf9, 0xf9, 0xfa, 0xfb, 0xfc, 0xfb,
  0xfc, 0xfb, 0xfc, 0xfb, 0xfb, 0xfc, 0xfc, 0xfc, 0xfc, 0xfb, 0xfb, 0xfc,
  0xfb, 0xfc, 0xfb, 0xfa, 0xfa, 0xfb, 0xfc, 0xfb, 0xfc, 0xfc, 0xfb, 0xfc,
  0xfd, 0xfc, 0xfd, 0xfe, 0xfe, 0xfd, 0xfc, 0xfd, 0xfd, 0xfa, 0xff, 0xa3,
  0x21, 0x00, 0x08, 0x0a, 0x06, 0x02, 0x02, 0x02, 0x01, 0x02, 0x02, 0x02,
  0x02, 0x02, 0x02, 0x02, 0x02, 0x02, 0x02, 0x02, 0x02, 0x02, 0x02, 0x02,
  0x02, 0x02, 0x02, 0x02, 0x02, 0x02, 0x02, 0x02, 0x02, 0x02, 0x02, 0x02,
  0x02, 0x02, 0x02, 0x02, 0x02, 0x02, 0x02, 0x02, 0x02, 0x02, 0x02, 0x02,
  0x02, 0x02, 0x02, 0x02, 0x02, 0x02, 0x02, 0x02, 0x02, 0x02, 0x02, 0x02,
  0x02, 0x02, 0x02, 0x01, 0x02, 0x02, 0x01, 0x01, 0x01, 0x02, 0x03, 0x02,
  0x01, 0x02, 0x03, 0x02, 0x01, 0x02, 0x02, 0x00, 0x05, 0x6e, 0xef, 0xff,
  0xf5, 0xf8, 0xfb, 0xfd, 0xfe, 0xfe, 0xfd, 0xfd, 0xfc, 0xfd, 0xfc, 0xfd,
  0xfc, 0xfd, 0xfc, 0xfc, 0xfc, 0xfb, 0xfc, 0xfb, 0xfb, 0xfc, 0xfb, 0xfb,
  0xfa, 0xfb, 0xfb, 0xfb, 0xfa, 0xfb, 0xfa, 0xfa, 0xfb, 0xfb, 0xfc, 0xfd,
  0xfc, 0xf9, 0xf8, 0xf9, 0xfe, 0xdc, 0x41, 0x00, 0x0d, 0x02, 0x01, 0x01,
  0x00, 0x00, 0x00, 0x00, 0x00, 0x00, 0x00, 0x00, 0x00, 0x00, 0x00, 0x00,
  0x00, 0x00, 0x00, 0x00, 0x00, 0x00, 0x00, 0x00, 0x00, 0x00, 0x00, 0x00,
  0x00, 0x00, 0x00, 0x00, 0x00, 0x00, 0x00, 0x00, 0x00, 0x00, 0x00, 0x00,
  0x00, 0x00, 0x00, 0x00, 0x00, 0x00, 0x00, 0x00, 0x00, 0x00, 0x00, 0x00,
  0x00, 0x00, 0x00, 0x00, 0x00, 0x00, 0x00, 0x03, 0x04, 0x06, 0x00, 0x34,
  0xcb, 0xff, 0xfa, 0xf9, 0xfa, 0xfb, 0xfd, 0xfc, 0xfd, 0xfc, 0xfc, 0xfb,
  0xfb, 0xfb, 0xfb, 0xfb, 0xfb, 0xfb, 0xfb, 0xfb, 0xfb, 0xfb, 0xfb, 0xfc,
  0xfb, 0xfc, 0xfc, 0xfb, 0xfb, 0xfc, 0xfb, 0xfa, 0xfb, 0xfb, 0xfa, 0xfb,
  0xfb, 0xfb, 0xfa, 0xfb, 0xfc, 0xfc, 0xfa, 0xf9, 0xf2, 0xfe, 0xe6, 0x62,
  0x04, 0x04, 0x05, 0x02, 0x01, 0x00, 0x00, 0x00, 0x00, 0x00, 0x00, 0x00,
  0x00, 0x00, 0x00, 0x01, 0x04, 0x09, 0x04, 0x13, 0x9a, 0xf9, 0xfb, 0xf5,
  0xfc, 0xfd, 0xfe, 0xfd, 0xfd, 0xfd, 0xfd, 0xfd, 0xfc, 0xfc, 0xfd, 0xfc,
  0xfb, 0xfb, 0xfa, 0xfb, 0xfb, 0xfb, 0xfb, 0xfb, 0xfb, 0xfb, 0xfb, 0xfa,
  0xfa, 0xfb, 0xfa, 0xfb, 0xfa, 0xfa, 0xfb, 0xfa, 0xfb, 0xfb, 0xfa, 0xfa,
  0xfb, 0xfd, 0xfd, 0xfb, 0xf5, 0xf7, 0xff, 0xce, 0x44, 0x00, 0x0d, 0x05,
  0x03, 0x03, 0x02, 0x02, 0x01, 0x00, 0x00, 0x00, 0x00, 0x00, 0x00, 0x00,
  0x00, 0x00, 0x00, 0x00, 0x00, 0x00, 0x00, 0x00, 0x00, 0x00, 0x00, 0x00,
  0x00, 0x00, 0x00, 0x00, 0x00, 0x00, 0x00, 0x00, 0x00, 0x00, 0x00, 0x00,
  0x00, 0x00, 0x00, 0x00, 0x00, 0x00, 0x00, 0x00, 0x00, 0x00, 0x00, 0x00,
  0x00, 0x00, 0x00, 0x00, 0x00, 0x00, 0x00, 0x00, 0x00, 0x00, 0x00, 0x00,
  0x00, 0x00, 0x00, 0x00, 0x00, 0x00, 0x00, 0x00, 0x00, 0x00, 0x00, 0x00,
  0x00, 0x00, 0x00, 0x00, 0x00, 0x00, 0x00, 0x00, 0x00, 0x00, 0x00, 0x00,
  0x00, 0x00, 0x00, 0x00, 0x00, 0x00, 0x00, 0x00, 0x00, 0x00, 0x00, 0x01,
  0x00, 0x00, 0x00, 0x00, 0x00, 0x00, 0x00, 0x00, 0x00, 0x00, 0x00, 0x03,
  0x05, 0x0a, 0x02, 0x16, 0xa3, 0xfd, 0xfd, 0xfa, 0xfb, 0xfa, 0xfd, 0xfe,
  0xfe, 0xfc, 0xfc, 0xfa, 0xfa, 0xfb, 0xfa, 0xf9, 0xfa, 0xf9, 0xf9, 0xf9,
  0xf9, 0xf9, 0xf9, 0xf9, 0xfa, 0xfb, 0xfa, 0xfb, 0xfa, 0xfa, 0xfa, 0xfb,
  0xfb, 0xfc, 0xfd, 0xfc, 0xfd, 0xfd, 0xfd, 0xfc, 0xfe, 0xff, 0xfc, 0xf9,
  0xf6, 0xf9, 0xfe, 0xcd, 0x40, 0x00, 0x06, 0x02, 0x03, 0x01, 0x00, 0x00,
  0x00, 0x00, 0x00, 0x00, 0x00, 0x00, 0x00, 0x00, 0x02, 0x03, 0x04, 0x06,
  0x00, 0x2d, 0xc6, 0xff, 0xf1, 0xf5, 0xf9, 0xfa, 0xfc, 0xfc, 0xfb, 0xfb,
  0xfb, 0xfb, 0xfa, 0xfb, 0xfb, 0xfa, 0xfa, 0xf9, 0xfa, 0xfb, 0xfb, 0xfb,
  0xfc, 0xfc, 0xfb, 0xfa, 0xfa, 0xfa, 0xfa, 0xfa, 0xfb, 0xfa, 0xfb, 0xfc,
  0xfc, 0xfb, 0xfb, 0xfc, 0xfd, 0xfd, 0xfe, 0xfe, 0xfd, 0xfc, 0xf9, 0xfb,
  0xfa, 0xae, 0x0a, 0x03, 0x09, 0x06, 0x03, 0x00, 0x00, 0x00, 0x00, 0x00,
  0x00, 0x00, 0x00, 0x00, 0x00, 0x00, 0x00, 0x00, 0x00, 0x00, 0x00, 0x00,
  0x00, 0x00, 0x00, 0x00, 0x00, 0x00, 0x00, 0x00, 0x00, 0x00, 0x00, 0x00,
  0x00, 0x00, 0x00, 0x00, 0x00, 0x00, 0x00, 0x00, 0x00, 0x00, 0x00, 0x00,
  0x00, 0x00, 0x00, 0x00, 0x00, 0x00, 0x00, 0x00, 0x00, 0x00, 0x00, 0x00,
  0x00, 0x00, 0x00, 0x00, 0x00, 0x00, 0x00, 0x00, 0x01, 0x00, 0x00, 0x01,
  0x01, 0x08, 0x00, 0x81, 0xf7, 0xff, 0xf6, 0xf8, 0xfa, 0xfb, 0xfc, 0xfb,
  0xfa, 0xfb, 0xfc, 0xfc, 0xfc, 0xfc, 0xfc, 0xfb, 0xfa, 0xfa, 0xfb, 0xfc,
  0xfb, 0xfb, 0xfc, 0xfc, 0xfc, 0xfc, 0xfb, 0xfb, 0xfb, 0xfb, 0xfc, 0xfc,
  0xfc, 0xfb, 0xfb, 0xfb, 0xfb, 0xfb, 0xfb, 0xfb, 0xfb, 0xfa, 0xf9, 0xfa,
  0xfb, 0xfb, 0xfc, 0xfb, 0xfc, 0xfc, 0xfc, 0xfc, 0xfc, 0xfb, 0xfb, 0xfb,
  0xfb, 0xfb, 0xfb, 0xfc, 0xfb, 0xfc, 0xfc, 0xfc, 0xfc, 0xfb, 0xfb, 0xfa,
  0xf9, 0xfa, 0xfb, 0xfa, 0xfb, 0xfc, 0xfc, 0xfb, 0xfa, 0xfa, 0xfa, 0xfb,
  0xfc, 0xfb, 0xfa, 0xfb, 0xfc, 0xfb, 0xfa, 0xfb, 0xfb, 0xfa, 0xfb, 0xfc,
  0xfc, 0xfc, 0xfc, 0xfc, 0xfb, 0xfa, 0xfb, 0xfb, 0xfb, 0xfa, 0xf9, 0xf9,
  0xf9, 0xfa, 0xfa, 0xfb, 0xfa, 0xfb, 0xfa, 0xf9, 0xf9, 0xfa, 0xfb, 0xfc,
  0xfd, 0xfe, 0xfe, 0xfe, 0xfe, 0xfe, 0xfe, 0xfd, 0xfe, 0xfc, 0xf7, 0xf6,
  0xff, 0xda, 0x4f, 0x00, 0x0a, 0x05, 0x01, 0x00, 0x00, 0x00, 0x00, 0x00,
  0x00, 0x00, 0x00, 0x00, 0x00, 0x00, 0x00, 0x00, 0x00, 0x00, 0x00, 0x00,
  0x00, 0x00, 0x00, 0x00, 0x00, 0x00, 0x00, 0x00, 0x00, 0x01, 0x00, 0x00,
  0x00, 0x00, 0x00, 0x00, 0x00, 0x00, 0x00, 0x00, 0x01, 0x00, 0x00, 0x00,
  0x00, 0x00, 0x00, 0x00, 0x00, 0x02, 0x06, 0x09, 0x00, 0x12, 0xcd, 0xfc,
  0xf9, 0xf9, 0xfa, 0xfb, 0xfc, 0xfb, 0xfc, 0xfb, 0xfc, 0xfb, 0xfb, 0xfc,
  0xfb, 0xfc, 0xfb, 0xfb, 0xfc, 0xfc, 0xfc, 0xfb, 0xfc, 0xfb, 0xfa, 0xfb,
  0xfc, 0xfb, 0xfc, 0xfb, 0xfc, 0xfb, 0xfc, 0xfd, 0xfc, 0xfd, 0xfd, 0xfc,
  0xfc, 0xfd, 0xfd, 0xf9, 0xff, 0xa1, 0x1f, 0x00, 0x0a, 0x0d, 0x09, 0x06,
  0x05, 0x04, 0x05, 0x04, 0x04, 0x05, 0x05, 0x05, 0x04, 0x04, 0x04, 0x04,
  0x04, 0x04, 0x04, 0x04, 0x04, 0x04, 0x04, 0x04, 0x04, 0x04, 0x04, 0x04,
  0x04, 0x04, 0x04, 0x04, 0x04, 0x04, 0x04, 0x04, 0x04, 0x04, 0x04, 0x04,
  0x04, 0x04, 0x04, 0x04, 0x04, 0x04, 0x04, 0x05, 0x05, 0x05, 0x05, 0x05,
  0x05, 0x05, 0x05, 0x05, 0x05, 0x05, 0x05, 0x04, 0x04, 0x05, 0x04, 0x04,
  0x05, 0x05, 0x05, 0x04, 0x04, 0x05, 0x06, 0x07, 0x07, 0x05, 0x02, 0x02,
  0x00, 0x07, 0x68, 0xe7, 0xff, 0xf6, 0xf9, 0xfb, 0xfc, 0xfd, 0xfe, 0xfd,
  0xfd, 0xfd, 0xfd, 0xfd, 0xfd, 0xfd, 0xfd, 0xfd, 0xfc, 0xfc, 0xfd, 0xfc,
  0xfc, 0xfb, 0xfa, 0xfb, 0xfc, 0xfb, 0xfb, 0xfa, 0xf9, 0xfa, 0xfa, 0xfa,
  0xf9, 0xfa, 0xfb, 0xfb, 0xfc, 0xfd, 0xfb, 0xf8, 0xf6, 0xf9, 0xfe, 0xb5,
  0x28, 0x00, 0x0b, 0x02, 0x02, 0x01, 0x00, 0x00, 0x00, 0x00, 0x00, 0x00,
  0x00, 0x00, 0x00, 0x00, 0x00, 0x00, 0x00, 0x00, 0x00, 0x00, 0x00, 0x00,
  0x00, 0x00, 0x00, 0x00, 0x00, 0x00, 0x00, 0x00, 0x00, 0x00, 0x00, 0x00,
  0x00, 0x00, 0x00, 0x00, 0x00, 0x00, 0x00, 0x00, 0x00, 0x00, 0x00, 0x00,
  0x00, 0x00, 0x00, 0x00, 0x00, 0x00, 0x00, 0x00, 0x00, 0x00, 0x00, 0x00,
  0x01, 0x04, 0x06, 0x06, 0x00, 0x94, 0xf6, 0xf9, 0xf5, 0xf9, 0xfb, 0xfc,
  0xfd, 0xfd, 0xfc, 0xfb, 0xfb, 0xfc, 0xfb, 0xfb, 0xfb, 0xfb, 0xfb, 0xfb,
  0xfb, 0xfb, 0xfb, 0xfb, 0xfb, 0xfb, 0xfb, 0xfc, 0xfc, 0xfb, 0xfc, 0xfb,
  0xfa, 0xfb, 0xfa, 0xfa, 0xfa, 0xfb, 0xfa, 0xfa, 0xfa, 0xfb, 0xfc, 0xfc,
  0xfb, 0xf5, 0xf8, 0xff, 0xb1, 0x1c, 0x00, 0x0b, 0x04, 0x02, 0x00, 0x00,
  0x00, 0x00, 0x00, 0x00, 0x00, 0x00, 0x00, 0x00, 0x00, 0x01, 0x04, 0x04,
  0x07, 0x00, 0x4a, 0xd8, 0xfe, 0xf8, 0xfa, 0xfc, 0xfc, 0xfe, 0xfe, 0xfe,
  0xfe, 0xfd, 0xfd, 0xfc, 0xfc, 0xfc, 0xfc, 0xfc, 0xfb, 0xfa, 0xfb, 0xfa,
  0xfb, 0xfa, 0xfb, 0xfb, 0xfa, 0xfb, 0xfb, 0xfa, 0xfa, 0xfb, 0xfa, 0xfb,
  0xfa, 0xfa, 0xfa, 0xfa, 0xfa, 0xfb, 0xfc, 0xfd, 0xfc, 0xfa, 0xf9, 0xf6,
  0xfe, 0xf9, 0x94, 0x05, 0x07, 0x07, 0x04, 0x03, 0x02, 0x01, 0x00, 0x01,
  0x00, 0x00, 0x00, 0x00, 0x00, 0x00, 0x00, 0x00, 0x00, 0x00, 0x00, 0x00,
  0x00, 0x00, 0x00, 0x00, 0x00, 0x00, 0x00, 0x00, 0x00, 0x00, 0x00, 0x00,
  0x00, 0x00, 0x00, 0x00, 0x00, 0x00, 0x00, 0x00, 0x00, 0x00, 0x00, 0x00,
  0x00, 0x00, 0x00, 0x00, 0x00, 0x00, 0x00, 0x00, 0x00, 0x00, 0x00, 0x00,
  0x00, 0x00, 0x00, 0x00, 0x00, 0x00, 0x00, 0x00, 0x00, 0x00, 0x00, 0x00,
  0x00, 0x00, 0x00, 0x00, 0x00, 0x00, 0x00, 0x00, 0x00, 0x00, 0x00, 0x00,
  0x00, 0x00, 0x00, 0x00, 0x00, 0x01, 0x00, 0x00, 0x00, 0x00, 0x00, 0x00,
  0x00, 0x00, 0x00, 0x00, 0x00, 0x00, 0x00, 0x00, 0x00, 0x00, 0x00, 0x00,
  0x00, 0x00, 0x00, 0x00, 0x00, 0x03, 0x06, 0x0b, 0x00, 0x5d, 0xe5, 0xff,
  0xfb, 0xfd, 0xfe, 0xfd, 0xfd, 0xfd, 0xfc, 0xfc, 0xfb, 0xfb, 0xfb, 0xfa,
  0xfa, 0xf9, 0xf9, 0xfa, 0xfa, 0xfa, 0xfa, 0xfa, 0xfa, 0xfa, 0xfb, 0xfa,
  0xfb, 0xfa, 0xfa, 0xfb, 0xfa, 0xfb, 0xfc, 0xfb, 0xfc, 0xfd, 0xfc, 0xfd,
  0xfc, 0xfd, 0xfe, 0xfe, 0xfc, 0xf8, 0xf3, 0xfd, 0xf2, 0x7e, 0x04, 0x05,
  0x04, 0x00, 0x01, 0x00, 0x00, 0x00, 0x00, 0x00, 0x00, 0x00, 0x00, 0x00,
  0x00, 0x00, 0x00, 0x01, 0x01, 0x06, 0x02, 0x05, 0x74, 0xea, 0xfb, 0xee,
  0xf8, 0xfa, 0xfb, 0xfb, 0xfa, 0xfa, 0xfa, 0xfa, 0xfb, 0xfb, 0xfb, 0xfa,
  0xfb, 0xfa, 0xfa, 0xfb, 0xfa, 0xfa, 0xfb, 0xfb, 0xfb, 0xfb, 0xfb, 0xfb,
  0xfb, 0xfb, 0xfa, 0xfa, 0xfb, 0xfc, 0xfc, 0xfc, 0xfc, 0xfd, 0xfc, 0xfd,
  0xfe, 0xfe, 0xfe, 0xfd, 0xfa, 0xf7, 0xff, 0xe7, 0x5e, 0x00, 0x05, 0x07,
  0x03, 0x00, 0x00, 0x00, 0x00, 0x00, 0x00, 0x00, 0x00, 0x00, 0x00, 0x00,
  0x00, 0x00, 0x00, 0x00, 0x00, 0x00, 0x00, 0x00, 0x00, 0x00, 0x00, 0x00,
  0x00, 0x00, 0x00, 0x00, 0x00, 0x00, 0x00, 0x00, 0x00, 0x00, 0x00, 0x00,
  0x00, 0x00, 0x00, 0x00, 0x00, 0x00, 0x00, 0x00, 0x00, 0x00, 0x00, 0x00,
  0x00, 0x00, 0x00, 0x00, 0x00, 0x00, 0x00, 0x00, 0x00, 0x00, 0x00, 0x00,
  0x00, 0x00, 0x00, 0x01, 0x00, 0x01, 0x01, 0x08, 0x00, 0x82, 0xf7, 0xff,
  0xf6, 0xf8, 0xfa, 0xfb, 0xfd, 0xfb, 0xfa, 0xfa, 0xfb, 0xfb, 0xfc, 0xfb,
  0xfc, 0xfb, 0xfa, 0xfa, 0xfb, 0xfc, 0xfb, 0xfc, 0xfb, 0xfb, 0xfb, 0xfb,
  0xfc, 0xfc, 0xfc, 0xfc, 0xfb, 0xfb, 0xfc, 0xfc, 0xfc, 0xfc, 0xfc, 0xfc,
  0xfc, 0xfc, 0xfc, 0xfb, 0xfa, 0xfa, 0xfb, 0xfb, 0xfb, 0xfb, 0xfc, 0xfc,
  0xfb, 0xfb, 0xfc, 0xfb, 0xfa, 0xfa, 0xfa, 0xfa, 0xfb, 0xfc, 0xfc, 0xfb,
  0xfb, 0xfb, 0xfb, 0xfb, 0xfb, 0xfa, 0xfa, 0xfb, 0xfa, 0xfb, 0xfc, 0xfc,
  0xfc, 0xfb, 0xfb, 0xfb, 0xfb, 0xfb, 0xfb, 0xfb, 0xfb, 0xfb, 0xfc, 0xfb,
  0xfa, 0xfb, 0xfb, 0xfa, 0xfa, 0xfb, 0xfc, 0xfb, 0xfb, 0xfc, 0xfb, 0xfb,
  0xfa, 0xfa, 0xfb, 0xfa, 0xfa, 0xfa, 0xfa, 0xf9, 0xfa, 0xfa, 0xfb, 0xfc,
  0xfb, 0xfa, 0xfa, 0xfb, 0xfb, 0xfc, 0xfd, 0xfe, 0xfd, 0xfd, 0xfd, 0xfd,
  0xfc, 0xfd, 0xfe, 0xfb, 0xf6, 0xf6, 0xff, 0xda, 0x50, 0x00, 0x0b, 0x06,
  0x01, 0x00, 0x00, 0x00, 0x00, 0x00, 0x00, 0x00, 0x00, 0x00, 0x00, 0x00,
  0x00, 0x00, 0x00, 0x00, 0x00, 0x00, 0x00, 0x00, 0x00, 0x00, 0x00, 0x00,
  0x00, 0x00, 0x00, 0x00, 0x00, 0x00, 0x00, 0x00, 0x00, 0x00, 0x00, 0x00,
  0x00, 0x00, 0x00, 0x00, 0x00, 0x00, 0x00, 0x00, 0x00, 0x00, 0x00, 0x02,
  0x06, 0x09, 0x00, 0x12, 0xcd, 0xfc, 0xf9, 0xf9, 0xfa, 0xfb, 0xfc, 0xfb,
  0xfc, 0xfb, 0xfc, 0xfb, 0xfa, 0xfc, 0xfc, 0xfb, 0xfa, 0xfb, 0xfb, 0xfa,
  0xfb, 0xfb, 0xfb, 0xfb, 0xfb, 0xfc, 0xfb, 0xfc, 0xfc, 0xfc, 0xfc, 0xfb,
  0xfc, 0xfc, 0xfc, 0xfd, 0xfd, 0xfd, 0xfd, 0xfd, 0xfc, 0xf8, 0xff, 0xa4,
  0x21, 0x00, 0x0b, 0x0e, 0x0b, 0x09, 0x07, 0x07, 0x08, 0x07, 0x07, 0x07,
  0x07, 0x07, 0x07, 0x07, 0x07, 0x07, 0x07, 0x07, 0x07, 0x07, 0x07, 0x07,
  0x07, 0x07, 0x07, 0x07, 0x07, 0x07, 0x07, 0x07, 0x07, 0x07, 0x07, 0x07,
  0x07, 0x07, 0x07, 0x07, 0x07, 0x07, 0x07, 0x07, 0x07, 0x07, 0x07, 0x07,
  0x07, 0x07, 0x07, 0x07, 0x07, 0x07, 0x07, 0x07, 0x07, 0x07, 0x07, 0x07,
  0x07, 0x07, 0x07, 0x08, 0x08, 0x08, 0x08, 0x08, 0x08, 0x07, 0x07, 0x07,
  0x09, 0x0a, 0x09, 0x05, 0x00, 0x00, 0x1d, 0x8a, 0xed, 0xfd, 0xf7, 0xf9,
  0xfb, 0xfc, 0xfd, 0xfd, 0xfd, 0xfc, 0xfb, 0xfc, 0xfc, 0xfc, 0xfc, 0xfc,
  0xfc, 0xfc, 0xfc, 0xfc, 0xfd, 0xfc, 0xfb, 0xfb, 0xfb, 0xfb, 0xfc, 0xfa,
  0xfa, 0xfa, 0xfa, 0xfb, 0xfa, 0xf9, 0xfa, 0xfb, 0xfa, 0xfb, 0xfc, 0xfc,
  0xfa, 0xf7, 0xf4, 0xfa, 0xff, 0x8a, 0x0f, 0x01, 0x0a, 0x02, 0x03, 0x01,
  0x00, 0x00, 0x00, 0x00, 0x00, 0x00, 0x00, 0x00, 0x00, 0x00, 0x00, 0x00,
  0x00, 0x00, 0x00, 0x00, 0x00, 0x00, 0x00, 0x00, 0x00, 0x00, 0x00, 0x00,
  0x00, 0x00, 0x00, 0x00, 0x00, 0x00, 0x00, 0x00, 0x00, 0x00, 0x00, 0x00,
  0x00, 0x00, 0x00, 0x00, 0x00, 0x00, 0x00, 0x00, 0x00, 0x00, 0x00, 0x00,
  0x00, 0x00, 0x00, 0x00, 0x00, 0x00, 0x02, 0x04, 0x06, 0x01, 0x4c, 0xdb,
  0xff, 0xf5, 0xf6, 0xfa, 0xfc, 0xfd, 0xfc, 0xfb, 0xfc, 0xfc, 0xfc, 0xfb,
  0xfc, 0xfc, 0xfc, 0xfc, 0xfc, 0xfc, 0xfc, 0xfc, 0xfc, 0xfc, 0xfc, 0xfc,
  0xfc, 0xfc, 0xfc, 0xfc, 0xfb, 0xfa, 0xfb, 0xfb, 0xfb, 0xfa, 0xfb, 0xfa,
  0xfa, 0xf9, 0xfa, 0xfb, 0xfb, 0xfb, 0xfb, 0xf1, 0xfd, 0xdc, 0x51, 0x00,
  0x07, 0x0a, 0x04, 0x02, 0x00, 0x00, 0x00, 0x00, 0x00, 0x00, 0x00, 0x00,
  0x00, 0x00, 0x00, 0x00, 0x02, 0x02, 0x05, 0x02, 0x0b, 0x8f, 0xf6, 0xfd,
  0xf6, 0xfa, 0xfb, 0xfd, 0xff, 0xff, 0xff, 0xfd, 0xfc, 0xfb, 0xfc, 0xfb,
  0xfb, 0xfb, 0xfb, 0xfa, 0xfb, 0xfa, 0xfa, 0xfb, 0xfb, 0xfb, 0xfb, 0xfa,
  0xfb, 0xfb, 0xfb, 0xfa, 0xfb, 0xfb, 0xfa, 0xf9, 0xf9, 0xfa, 0xfa, 0xfb,
  0xfc, 0xfd, 0xfd, 0xfb, 0xfa, 0xf9, 0xfb, 0xff, 0xda, 0x4e, 0x00, 0x0b,
  0x04, 0x03, 0x03, 0x02, 0x01, 0x01, 0x00, 0x00, 0x00, 0x00, 0x00, 0x00,
  0x00, 0x00, 0x00, 0x00, 0x00, 0x00, 0x00, 0x00, 0x00, 0x00, 0x00, 0x00,
  0x00, 0x00, 0x00, 0x00, 0x00, 0x00, 0x00, 0x00, 0x00, 0x00, 0x00, 0x00,
  0x00, 0x00, 0x00, 0x00, 0x00, 0x00, 0x00, 0x00, 0x00, 0x00, 0x00, 0x00,
  0x00, 0x00, 0x00, 0x00, 0x00, 0x00, 0x00, 0x00, 0x00, 0x00, 0x00, 0x00,
  0x00, 0x00, 0x00, 0x00, 0x00, 0x00, 0x00, 0x00, 0x00, 0x00, 0x00, 0x00,
  0x00, 0x00, 0x00, 0x00, 0x00, 0x00, 0x00, 0x00, 0x00, 0x00, 0x00, 0x00,
  0x00, 0x00, 0x00, 0x00, 0x00, 0x00, 0x00, 0x00, 0x00, 0x00, 0x00, 0x00,
  0x00, 0x00, 0x00, 0x00, 0x00, 0x00, 0x00, 0x00, 0x00, 0x00, 0x00, 0x02,
  0x05, 0x04, 0x1f, 0xab, 0xfe, 0xfb, 0xf8, 0xfc, 0xfe, 0xfe, 0xfe, 0xfd,
  0xfd, 0xfd, 0xfc, 0xfc, 0xfb, 0xfc, 0xfa, 0xf9, 0xf9, 0xfa, 0xfb, 0xfa,
  0xfa, 0xfa, 0xfa, 0xfa, 0xfa, 0xfa, 0xfb, 0xfa, 0xf9, 0xfa, 0xfa, 0xfb,
  0xfc, 0xfc, 0xfc, 0xfc, 0xfd, 0xfd, 0xfd, 0xfe, 0xfe, 0xfe, 0xfc, 0xf8,
  0xfa, 0xff, 0xbf, 0x32, 0x00, 0x0b, 0x03, 0x01, 0x00, 0x00, 0x00, 0x00,
  0x00, 0x00, 0x00, 0x00, 0x00, 0x00, 0x00, 0x00, 0x00, 0x01, 0x02, 0x03,
  0x07, 0x00, 0x22, 0xb1, 0xff, 0xf2, 0xf7, 0xfa, 0xfa, 0xfa, 0xfa, 0xf9,
  0xf9, 0xfa, 0xfb, 0xfb, 0xfb, 0xfa, 0xfb, 0xfa, 0xfa, 0xfb, 0xfb, 0xfb,
  0xfa, 0xfb, 0xfc, 0xfb, 0xfb, 0xfc, 0xfc, 0xfb, 0xfa, 0xfa, 0xfb, 0xfc,
  0xfc, 0xfd, 0xfd, 0xfd, 0xfc, 0xfd, 0xfd, 0xfd, 0xfd, 0xfd, 0xfb, 0xf7,
  0xf9, 0xfd, 0xc3, 0x15, 0x01, 0x03, 0x02, 0x00, 0x00, 0x00, 0x00, 0x00,
  0x00, 0x00, 0x00, 0x00, 0x00, 0x00, 0x00, 0x00, 0x00, 0x00, 0x00, 0x00,
  0x00, 0x00, 0x00, 0x00, 0x00, 0x00, 0x00, 0x00, 0x00, 0x00, 0x00, 0x00,
  0x00, 0x00, 0x00, 0x00, 0x00, 0x00, 0x00, 0x00, 0x00, 0x00, 0x00, 0x00,
  0x00, 0x00, 0x00, 0x00, 0x00, 0x00, 0x00, 0x00, 0x00, 0x00, 0x00, 0x00,
  0x00, 0x00, 0x00, 0x00, 0x00, 0x00, 0x00, 0x00, 0x00, 0x00, 0x01, 0x01,
  0x01, 0x08, 0x00, 0x81, 0xf7, 0xff, 0xf6, 0xf8, 0xfa, 0xfb, 0xfd, 0xfb,
  0xfb, 0xfb, 0xfa, 0xfb, 0xfc, 0xfc, 0xfc, 0xfb, 0xfa, 0xfa, 0xfb, 0xfc,
  0xfc, 0xfc, 0xfc, 0xfa, 0xfb, 0xfb, 0xfc, 0xfd, 0xfd, 0xfc, 0xfb, 0xfb,
  0xfc, 0xfd, 0xfd, 0xfd, 0xfd, 0xfd, 0xfd, 0xfd, 0xfc, 0xfb, 0xfb, 0xfb,
  0xfb, 0xfc, 0xfc, 0xfc, 0xfb, 0xfb, 0xfb, 0xfb, 0xfb, 0xfb, 0xfa, 0xfb,
  0xfb, 0xfa, 0xfb, 0xfb, 0xfb, 0xfb, 0xfb, 0xfb, 0xfb, 0xfa, 0xfa, 0xfa,
  0xfb, 0xfa, 0xfa, 0xfb, 0xfb, 0xfb, 0xfb, 0xfc, 0xfc, 0xfc, 0xfc, 0xfc,
  0xfc, 0xfc, 0xfc, 0xfb, 0xfc, 0xfb, 0xfa, 0xfa, 0xfa, 0xfa, 0xfb, 0xfb,
  0xfb, 0xfb, 0xfc, 0xfc, 0xfb, 0xfa, 0xfa, 0xfa, 0xfb, 0xfb, 0xfb, 0xfb,
  0xfa, 0xfa, 0xfa, 0xfa, 0xfb, 0xfc, 0xfb, 0xfb, 0xfb, 0xfb, 0xfc, 0xfc,
  0xfd, 0xfd, 0xfc, 0xfc, 0xfd, 0xfd, 0xfc, 0xfc, 0xfc, 0xfa, 0xf5, 0xf6,
  0xff, 0xd9, 0x4f, 0x00, 0x0b, 0x05, 0x02, 0x00, 0x00, 0x00, 0x00, 0x00,
  0x00, 0x00, 0x00, 0x00, 0x00, 0x00, 0x00, 0x00, 0x00, 0x00, 0x00, 0x00,
  0x00, 0x00, 0x00, 0x00, 0x00, 0x00, 0x00, 0x00, 0x00, 0x00, 0x00, 0x00,
  0x00, 0x00, 0x00, 0x00, 0x00, 0x00, 0x00, 0x00, 0x00, 0x00, 0x00, 0x00,
  0x00, 0x00, 0x00, 0x00, 0x00, 0x02, 0x06, 0x09, 0x00, 0x12, 0xcd, 0xfc,
  0xf8, 0xf8, 0xfb, 0xfc, 0xfb, 0xfb, 0xfb, 0xfc, 0xfc, 0xfb, 0xfb, 0xfb,
  0xfb, 0xfa, 0xfa, 0xfb, 0xfb, 0xfb, 0xfa, 0xfb, 0xfa, 0xfa, 0xfb, 0xfb,
  0xfc, 0xfb, 0xfc, 0xfb, 0xfb, 0xfb, 0xfb, 0xfb, 0xfc, 0xfc, 0xfc, 0xfc,
  0xfc, 0xfc, 0xfb, 0xf7, 0xfe, 0xa3, 0x1d, 0x02, 0x06, 0x06, 0x05, 0x04,
  0x04, 0x04, 0x04, 0x04, 0x04, 0x04, 0x04, 0x04, 0x04, 0x04, 0x04, 0x04,
  0x04, 0x04, 0x04, 0x04, 0x04, 0x04, 0x04, 0x04, 0x04, 0x04, 0x04, 0x04,
  0x04, 0x04, 0x04, 0x04, 0x04, 0x04, 0x04, 0x04, 0x04, 0x04, 0x04, 0x04,
  0x04, 0x04, 0x04, 0x04, 0x04, 0x04, 0x04, 0x04, 0x04, 0x04, 0x04, 0x04,
  0x04, 0x04, 0x04, 0x04, 0x04, 0x04, 0x04, 0x04, 0x04, 0x04, 0x04, 0x04,
  0x05, 0x05, 0x05, 0x04, 0x04, 0x03, 0x02, 0x01, 0x00, 0x00, 0x1c, 0x68,
  0xc2, 0xf3, 0xfb, 0xf5, 0xf8, 0xfa, 0xfa, 0xfc, 0xfc, 0xfc, 0xfc, 0xfc,
  0xfc, 0xfb, 0xfb, 0xfb, 0xfc, 0xfc, 0xfb, 0xfb, 0xfc, 0xfd, 0xfc, 0xfc,
  0xfc, 0xfc, 0xfc, 0xfb, 0xfb, 0xfb, 0xfa, 0xfb, 0xfb, 0xfa, 0xfa, 0xfa,
  0xf9, 0xfa, 0xfb, 0xfa, 0xfb, 0xfb, 0xf9, 0xf6, 0xf3, 0xfc, 0xf3, 0x5b,
  0x01, 0x09, 0x07, 0x02, 0x02, 0x01, 0x01, 0x00, 0x00, 0x00, 0x00, 0x00,
  0x00, 0x01, 0x01, 0x01, 0x01, 0x00, 0x00, 0x00, 0x00, 0x00, 0x00, 0x00,
  0x00, 0x00, 0x00, 0x00, 0x00, 0x00, 0x00, 0x00, 0x00, 0x00, 0x00, 0x00,
  0x00, 0x00, 0x00, 0x00, 0x00, 0x00, 0x00, 0x00, 0x00, 0x00, 0x00, 0x00,
  0x00, 0x00, 0x00, 0x00, 0x00, 0x00, 0x00, 0x00, 0x00, 0x00, 0x01, 0x03,
  0x03, 0x03, 0x02, 0x0c, 0xad, 0xfa, 0xf9, 0xf5, 0xf7, 0xfa, 0xfc, 0xfd,
  0xfc, 0xfc, 0xfc, 0xfd, 0xfd, 0xfc, 0xfd, 0xfd, 0xfd, 0xfd, 0xfc, 0xfc,
  0xfd, 0xfd, 0xfd, 0xfd, 0xfc, 0xfd, 0xfd, 0xfd, 0xfc, 0xfc, 0xfb, 0xfb,
  0xfa, 0xfb, 0xfb, 0xfa, 0xfb, 0xfa, 0xf9, 0xfa, 0xf9, 0xfa, 0xf9, 0xfa,
  0xf5, 0xf8, 0xfd, 0x9c, 0x0f, 0x00, 0x08, 0x04, 0x04, 0x02, 0x00, 0x00,
  0x00, 0x00, 0x00, 0x00, 0x00, 0x00, 0x00, 0x00, 0x00, 0x00, 0x01, 0x02,
  0x02, 0x0b, 0x00, 0x40, 0xcd, 0xff, 0xf6, 0xf5, 0xfb, 0xfe, 0xfe, 0xfe,
  0xfe, 0xfd, 0xfc, 0xfc, 0xfc, 0xfb, 0xfa, 0xfb, 0xfb, 0xfa, 0xfb, 0xfa,
  0xfa, 0xfb, 0xfb, 0xfa, 0xfa, 0xfa, 0xfb, 0xfb, 0xfb, 0xfb, 0xfa, 0xfb,
  0xfa, 0xfa, 0xfa, 0xfa, 0xfb, 0xfb, 0xfd, 0xfe, 0xfd, 0xfd, 0xfc, 0xfc,
  0xf8, 0xfb, 0xfb, 0x9f, 0x0f, 0x05, 0x08, 0x04, 0x02, 0x01, 0x01, 0x00,
  0x00, 0x00, 0x00, 0x00, 0x00, 0x00, 0x00, 0x00, 0x00, 0x00, 0x00, 0x00,
  0x00, 0x00, 0x00, 0x00, 0x00, 0x00, 0x00, 0x00, 0x00, 0x00, 0x00, 0x00,
  0x00, 0x00, 0x00, 0x00, 0x00, 0x00, 0x00, 0x00, 0x00, 0x00, 0x00, 0x00,
  0x00, 0x00, 0x00, 0x00, 0x00, 0x00, 0x00, 0x00, 0x00, 0x00, 0x00, 0x00,
  0x00, 0x01, 0x00, 0x00, 0x00, 0x00, 0x00, 0x00, 0x00, 0x00, 0x00, 0x00,
  0x00, 0x00, 0x00, 0x00, 0x00, 0x00, 0x00, 0x00, 0x00, 0x00, 0x00, 0x00,
  0x00, 0x00, 0x00, 0x00, 0x00, 0x00, 0x00, 0x00, 0x00, 0x00, 0x00, 0x00,
  0x00, 0x00, 0x00, 0x00, 0x00, 0x00, 0x00, 0x00, 0x00, 0x00, 0x00, 0x00,
  0x00, 0x00, 0x00, 0x01, 0x01, 0x01, 0x02, 0x00, 0x6c, 0xea, 0xff, 0xf5,
  0xf7, 0xfb, 0xfd, 0xff, 0xfe, 0xfd, 0xfe, 0xfc, 0xfd, 0xfc, 0xfc, 0xfb,
  0xfa, 0xf9, 0xf9, 0xfa, 0xfb, 0xfb, 0xfb, 0xfb, 0xfb, 0xfb, 0xfb, 0xfb,
  0xfb, 0xfa, 0xf9, 0xfa, 0xfa, 0xfb, 0xfb, 0xfb, 0xfb, 0xfb, 0xfc, 0xfc,
  0xfe, 0xfe, 0xfd, 0xfd, 0xfd, 0xf9, 0xfe, 0xed, 0x6e, 0x05, 0x0b, 0x09,
  0x04, 0x02, 0x00, 0x00, 0x00, 0x00, 0x00, 0x00, 0x00, 0x00, 0x00, 0x00,
  0x00, 0x00, 0x01, 0x01, 0x03, 0x03, 0x06, 0x02, 0x00, 0x5d, 0xe0, 0xfb,
  0xf0, 0xfa, 0xf9, 0xf9, 0xf9, 0xfa, 0xf9, 0xfa, 0xfb, 0xfa, 0xfa, 0xfb,
  0xfb, 0xfb, 0xfb, 0xfa, 0xfa, 0xfa, 0xfb, 0xfc, 0xfb, 0xfc, 0xfc, 0xfc,
  0xfb, 0xfb, 0xfa, 0xfa, 0xfb, 0xfc, 0xfc, 0xfd, 0xfd, 0xfd, 0xfc, 0xfd,
  0xfc, 0xfc, 0xfc, 0xfb, 0xfa, 0xf9, 0xf7, 0xfc, 0xf0, 0x75, 0x01, 0x00,
  0x01, 0x01, 0x02, 0x00, 0x00, 0x00, 0x00, 0x00, 0x00, 0x00, 0x00, 0x00,
  0x00, 0x00, 0x00, 0x00, 0x00, 0x00, 0x00, 0x00, 0x00, 0x00, 0x00, 0x00,
  0x00, 0x00, 0x00, 0x00, 0x00, 0x00, 0x00, 0x00, 0x00, 0x00, 0x00, 0x00,
  0x00, 0x00, 0x00, 0x00, 0x00, 0x00, 0x00, 0x00, 0x00, 0x00, 0x00, 0x00,
  0x00, 0x00, 0x00, 0x00, 0x00, 0x00, 0x00, 0x00, 0x00, 0x00, 0x00, 0x00,
  0x00, 0x00, 0x00, 0x00, 0x01, 0x01, 0x01, 0x08, 0x00, 0x81, 0xf7, 0xff,
  0xf6, 0xf8, 0xfa, 0xfb, 0xfd, 0xfb, 0xfa, 0xfa, 0xfa, 0xfb, 0xfc, 0xfb,
  0xfb, 0xfb, 0xfa, 0xfa, 0xfa, 0xfb, 0xfb, 0xfc, 0xfb, 0xfa, 0xfb, 0xfb,
  0xfc, 0xfd, 0xfd, 0xfc, 0xfb, 0xfb, 0xfc, 0xfd, 0xfc, 0xfd, 0xfc, 0xfc,
  0xfc, 0xfc, 0xfc, 0xfc, 0xfc, 0xfc, 0xfb, 0xfb, 0xfb, 0xfc, 0xfc, 0xfa,
  0xfa, 0xfa, 0xfa, 0xfb, 0xfb, 0xfb, 0xfa, 0xfb, 0xfb, 0xfa, 0xfa, 0xfa,
  0xfa, 0xfa, 0xfa, 0xf9, 0xfa, 0xfb, 0xfa, 0xfb, 0xfb, 0xfc, 0xfb, 0xfa,
  0xfb, 0xfc, 0xfb, 0xfb, 0xfb, 0xfc, 0xfb, 0xfb, 0xfb, 0xfc, 0xfc, 0xfb,
  0xfb, 0xfb, 0xfb, 0xfb, 0xfc, 0xfc, 0xfc, 0xfb, 0xfb, 0xfc, 0xfb, 0xfa,
  0xfb, 0xfa, 0xfb, 0xfa, 0xfb, 0xfa, 0xf9, 0xf9, 0xf9, 0xfa, 0xfb, 0xfb,
  0xfc, 0xfc, 0xfb, 0xfb, 0xfb, 0xfc, 0xfc, 0xfd, 0xfd, 0xfd, 0xfc, 0xfc,
  0xfb, 0xfb, 0xfb, 0xfa, 0xf5, 0xf6, 0xff, 0xd8, 0x4e, 0x00, 0x0b, 0x06,
  0x02, 0x00, 0x00, 0x00, 0x00, 0x00, 0x00, 0x00, 0x00, 0x00, 0x00, 0x00,
  0x00, 0x00, 0x00, 0x00, 0x00, 0x00, 0x00, 0x00, 0x00, 0x00, 0x00, 0x00,
  0x00, 0x00, 0x00, 0x00, 0x00, 0x00, 0x00, 0x00, 0x00, 0x00, 0x00, 0x00,
  0x00, 0x00, 0x00, 0x00, 0x00, 0x00, 0x00, 0x00, 0x00, 0x00, 0x00, 0x03,
  0x07, 0x09, 0x00, 0x12, 0xcd, 0xfc, 0xf8, 0xf9, 0xfc, 0xfc, 0xfb, 0xfc,
  0xfc, 0xfb, 0xfb, 0xfc, 0xfb, 0xfa, 0xfa, 0xfb, 0xfa, 0xfb, 0xfc, 0xfc,
  0xfb, 0xfa, 0xfb, 0xfb, 0xfa, 0xfb, 0xfc, 0xfb, 0xfb, 0xfc, 0xfc, 0xfc,
  0xfb, 0xfc, 0xfc, 0xfc, 0xfb, 0xfb, 0xfb, 0xfb, 0xfa, 0xf6, 0xff, 0xa5,
  0x20, 0x00, 0x02, 0x02, 0x00, 0x00, 0x00, 0x00, 0x00, 0x00, 0x00, 0x00,
  0x00, 0x00, 0x00, 0x00, 0x00, 0x00, 0x00, 0x00, 0x00, 0x00, 0x00, 0x00,
  0x00, 0x00, 0x00, 0x00, 0x00, 0x00, 0x00, 0x00, 0x00, 0x00, 0x00, 0x00,
  0x00, 0x00, 0x00, 0x00, 0x00, 0x00, 0x00, 0x00, 0x00, 0x00, 0x00, 0x00,
  0x00, 0x00, 0x00, 0x00, 0x00, 0x00, 0x00, 0x00, 0x00, 0x00, 0x00, 0x00,
  0x00, 0x00, 0x00, 0x00, 0x00, 0x00, 0x00, 0x00, 0x00, 0x00, 0x00, 0x05,
  0x14, 0x2f, 0x53, 0x86, 0xc2, 0xea, 0xff, 0xfb, 0xf4, 0xf8, 0xfa, 0xfa,
  0xf9, 0xfa, 0xfb, 0xfa, 0xfa, 0xfb, 0xfb, 0xfc, 0xfc, 0xfc, 0xfb, 0xfb,
  0xfb, 0xfb, 0xfc, 0xfd, 0xfc, 0xfc, 0xfd, 0xfd, 0xfc, 0xfc, 0xfc, 0xfc,
  0xfb, 0xfb, 0xfa, 0xfb, 0xfb, 0xfa, 0xfa, 0xfa, 0xfb, 0xfa, 0xfa, 0xfa,
  0xf8, 0xf5, 0xf3, 0xfc, 0xd3, 0x35, 0x00, 0x0f, 0x06, 0x02, 0x00, 0x00,
  0x00, 0x00, 0x00, 0x00, 0x00, 0x00, 0x00, 0x01, 0x00, 0x00, 0x00, 0x00,
  0x00, 0x00, 0x00, 0x00, 0x00, 0x00, 0x00, 0x00, 0x00, 0x00, 0x00, 0x00,
  0x00, 0x00, 0x00, 0x00, 0x00, 0x00, 0x00, 0x00, 0x00, 0x00, 0x00, 0x00,
  0x00, 0x00, 0x00, 0x00, 0x00, 0x00, 0x00, 0x00, 0x00, 0x00, 0x00, 0x00,
  0x00, 0x00, 0x00, 0x00, 0x03, 0x05, 0x04, 0x01, 0x00, 0x5f, 0xe6, 0xfe,
  0xf6, 0xf7, 0xf9, 0xfa, 0xfb, 0xfc, 0xfd, 0xfd, 0xfc, 0xfc, 0xfc, 0xfc,
  0xfc, 0xfc, 0xfc, 0xfc, 0xfb, 0xfb, 0xfc, 0xfc, 0xfc, 0xfc, 0xfb, 0xfd,
  0xfd, 0xfc, 0xfd, 0xfc, 0xfc, 0xfb, 0xfb, 0xfa, 0xfa, 0xfb, 0xfb, 0xfa,
  0xf9, 0xf9, 0xfa, 0xf9, 0xf7, 0xf7, 0xee, 0xff, 0xd1, 0x3e, 0x00, 0x05,
  0x04, 0x02, 0x03, 0x02, 0x00, 0x00, 0x00, 0x00, 0x00, 0x00, 0x00, 0x00,
  0x00, 0x00, 0x00, 0x00, 0x00, 0x00, 0x02, 0x0b, 0x07, 0x08, 0x7e, 0xf2,
  0xfb, 0xf0, 0xf9, 0xfe, 0xff, 0xfe, 0xfd, 0xfc, 0xfd, 0xfc, 0xfc, 0xfb,
  0xfa, 0xfa, 0xfa, 0xfb, 0xfa, 0xfb, 0xfb, 0xfa, 0xfa, 0xfb, 0xfb, 0xfb,
  0xfa, 0xfb, 0xfb, 0xfa, 0xfb, 0xfa, 0xfb, 0xfb, 0xfa, 0xfb, 0xfc, 0xfb,
  0xfc, 0xfd, 0xfd, 0xfe, 0xfe, 0xfc, 0xf7, 0xf5, 0xff, 0xe7, 0x62, 0x00,
  0x09, 0x06, 0x02, 0x01, 0x01, 0x00, 0x00, 0x00, 0x00, 0x00, 0x00, 0x00,
  0x00, 0x00, 0x00, 0x00, 0x00, 0x00, 0x00, 0x00, 0x00, 0x00, 0x00, 0x00,
  0x00, 0x00, 0x00, 0x00, 0x00, 0x00, 0x00, 0x00, 0x00, 0x00, 0x00, 0x00,
  0x00, 0x00, 0x00, 0x00, 0x00, 0x00, 0x00, 0x00, 0x00, 0x00, 0x00, 0x00,
  0x00, 0x00, 0x00, 0x00, 0x00, 0x00, 0x00, 0x00, 0x00, 0x00, 0x00, 0x00,
  0x00, 0x00, 0x00, 0x00, 0x00, 0x00, 0x00, 0x00, 0x00, 0x00, 0x00, 0x00,
  0x00, 0x00, 0x00, 0x00, 0x00, 0x00, 0x00, 0x00, 0x00, 0x00, 0x00, 0x00,
  0x00, 0x00, 0x00, 0x00, 0x00, 0x00, 0x00, 0x00, 0x00, 0x00, 0x00, 0x00,
  0x00, 0x00, 0x00, 0x00, 0x00, 0x00, 0x00, 0x00, 0x01, 0x03, 0x02, 0x02,
  0x00, 0x2f, 0xc0, 0xff, 0xfb, 0xf5, 0xf9, 0xfb, 0xfe, 0xfe, 0xfe, 0xfd,
  0xfd, 0xfd, 0xfc, 0xfd, 0xfc, 0xfa, 0xfa, 0xfa, 0xf9, 0xfa, 0xfb, 0xfb,
  0xfb, 0xfb, 0xfb, 0xfb, 0xfb, 0xfb, 0xfa, 0xfa, 0xfa, 0xfa, 0xfa, 0xfb,
  0xfb, 0xfa, 0xfb, 0xfc, 0xfb, 0xfd, 0xfd, 0xfd, 0xfc, 0xfb, 0xf9, 0xfc,
  0xfd, 0xb4, 0x27, 0x00, 0x0e, 0x05, 0x04, 0x02, 0x00, 0x00, 0x00, 0x00,
  0x00, 0x00, 0x00, 0x00, 0x00, 0x00, 0x00, 0x01, 0x00, 0x00, 0x02, 0x03,
  0x03, 0x06, 0x00, 0x15, 0x98, 0xfe, 0xf5, 0xf5, 0xf8, 0xf8, 0xf9, 0xf9,
  0xfa, 0xfa, 0xfa, 0xfa, 0xfa, 0xfa, 0xfb, 0xfc, 0xfc, 0xfb, 0xfb, 0xfb,
  0xfc, 0xfc, 0xfb, 0xfc, 0xfd, 0xfc, 0xfc, 0xfb, 0xfb, 0xfb, 0xfb, 0xfb,
  0xfc, 0xfd, 0xfc, 0xfc, 0xfd, 0xfc, 0xfb, 0xfb, 0xfc, 0xfb, 0xfa, 0xf9,
  0xf8, 0xf7, 0xfa, 0xd9, 0x28, 0x00, 0x01, 0x03, 0x03, 0x00, 0x00, 0x00,
  0x00, 0x01, 0x01, 0x01, 0x00, 0x01, 0x00, 0x00, 0x00, 0x00, 0x00, 0x00,
  0x00, 0x00, 0x00, 0x00, 0x00, 0x00, 0x00, 0x00, 0x00, 0x00, 0x00, 0x00,
  0x00, 0x00, 0x00, 0x00, 0x00, 0x00, 0x00, 0x00, 0x00, 0x00, 0x00, 0x00,
  0x00, 0x00, 0x00, 0x00, 0x00, 0x00, 0x00, 0x00, 0x00, 0x00, 0x00, 0x00,
  0x00, 0x00, 0x00, 0x00, 0x00, 0x00, 0x00, 0x00, 0x00, 0x00, 0x01, 0x01,
  0x01, 0x08, 0x00, 0x81, 0xf7, 0xff, 0xf6, 0xf8, 0xfa, 0xfb, 0xfd, 0xfb,
  0xfb, 0xfb, 0xfb, 0xfc, 0xfb, 0xfa, 0xfb, 0xfb, 0xfb, 0xfb, 0xfb, 0xfb,
  0xfb, 0xfb, 0xfb, 0xfb, 0xfb, 0xfb, 0xfc, 0xfc, 0xfc, 0xfc, 0xfb, 0xfb,
  0xfc, 0xfd, 0xfc, 0xfc, 0xfc, 0xfb, 0xfb, 0xfb, 0xfc, 0xfd, 0xfc, 0xfc,
  0xfb, 0xfa, 0xfb, 0xfb, 0xfb, 0xfa, 0xf9, 0xf9, 0xfa, 0xfb, 0xfa, 0xfa,
  0xfb, 0xfa, 0xfa, 0xfa, 0xf9, 0xf9, 0xf9, 0xfa, 0xfa, 0xfa, 0xfb, 0xfb,
  0xfa, 0xfb, 0xfb, 0xfb, 0xfb, 0xfb, 0xfb, 0xfc, 0xfb, 0xfc, 0xfc, 0xfc,
  0xfb, 0xfa, 0xfb, 0xfb, 0xfb, 0xfb, 0xfc, 0xfc, 0xfb, 0xfb, 0xfb, 0xfb,
  0xfb, 0xfa, 0xfa, 0xfb, 0xfb, 0xfa, 0xfb, 0xfb, 0xfa, 0xfb, 0xfb, 0xfa,
  0xfa, 0xfa, 0xfa, 0xfb, 0xfa, 0xfb, 0xfc, 0xfc, 0xfc, 0xfc, 0xfc, 0xfb,
  0xfb, 0xfc, 0xfc, 0xfc, 0xfc, 0xfb, 0xfa, 0xfa, 0xfa, 0xf9, 0xf5, 0xf6,
  0xff, 0xd8, 0x4e, 0x00, 0x0a, 0x07, 0x02, 0x00, 0x00, 0x01, 0x00, 0x00,
  0x00, 0x00, 0x00, 0x00, 0x00, 0x00, 0x00, 0x00, 0x00, 0x00, 0x00, 0x00,
  0x00, 0x00, 0x00, 0x00, 0x00, 0x00, 0x00, 0x00, 0x00, 0x00, 0x00, 0x00,
  0x00, 0x00, 0x00, 0x00, 0x00, 0x00, 0x00, 0x00, 0x00, 0x00, 0x00, 0x00,
  0x00, 0x00, 0x00, 0x00, 0x00, 0x03, 0x07, 0x09, 0x00, 0x12, 0xcd, 0xfc,
  0xf8, 0xf9, 0xfc, 0xfc, 0xfb, 0xfc, 0xfb, 0xfc, 0xfc, 0xfb, 0xfb, 0xfa,
  0xfb, 0xfb, 0xfa, 0xfb, 0xfb, 0xfb, 0xfb, 0xfa, 0xfa, 0xfb, 0xfa, 0xfb,
  0xfc, 0xfb, 0xfb, 0xfc, 0xfd, 0xfc, 0xfb, 0xfb, 0xfb, 0xfb, 0xfb, 0xfa,
  0xfa, 0xfa, 0xfa, 0xf8, 0xfd, 0xda, 0xa9, 0x9a, 0x9d, 0x9e, 0x9e, 0x9e,
  0x9d, 0x9c, 0x9c, 0x9a, 0x9a, 0x9a, 0x9a, 0x9a, 0x9a, 0x9a, 0x9a, 0x9a,
  0x9a, 0x9a, 0x98, 0x97, 0x97, 0x97, 0x97, 0x97, 0x97, 0x98, 0x98, 0x99,
  0x99, 0x99, 0x99, 0x99, 0x99, 0x99, 0x99, 0x99, 0x98, 0x98, 0x97, 0x97,
  0x97, 0x97, 0x97, 0x97, 0x97, 0x97, 0x97, 0x96, 0x96, 0x95, 0x95, 0x96,
  0x96, 0x96, 0x95, 0x95, 0x95, 0x96, 0x96, 0x97, 0x98, 0x98, 0x99, 0x99,
  0x98, 0x97, 0x96, 0x94, 0x97, 0xa0, 0xb3, 0xca, 0xde, 0xf3, 0xff, 0xff,
  0xf5, 0xf5, 0xf9, 0xfa, 0xf9, 0xf9, 0xf9, 0xfa, 0xfa, 0xfa, 0xf9, 0xfa,
  0xfa, 0xfb, 0xfb, 0xfb, 0xfa, 0xfa, 0xfb, 0xfb, 0xfc, 0xfd, 0xfc, 0xfc,
  0xfd, 0xfd, 0xfd, 0xfd, 0xfd, 0xfb, 0xfb, 0xfb, 0xfb, 0xfb, 0xfb, 0xfb,
  0xfa, 0xfa, 0xfa, 0xfa, 0xf9, 0xf9, 0xf7, 0xf5, 0xf6, 0xfb, 0x9c, 0x18,
  0x00, 0x0d, 0x05, 0x02, 0x00, 0x00, 0x00, 0x00, 0x00, 0x00, 0x00, 0x00,
  0x00, 0x00, 0x00, 0x00, 0x00, 0x00, 0x00, 0x00, 0x00, 0x00, 0x00, 0x00,
  0x00, 0x00, 0x00, 0x00, 0x00, 0x00, 0x00, 0x00, 0x00, 0x00, 0x00, 0x00,
  0x00, 0x00, 0x00, 0x00, 0x00, 0x00, 0x00, 0x00, 0x00, 0x00, 0x00, 0x00,
  0x00, 0x00, 0x00, 0x00, 0x00, 0x00, 0x00, 0x00, 0x00, 0x00, 0x02, 0x04,
  0x03, 0x00, 0x1a, 0xc2, 0xfa, 0xf7, 0xf7, 0xf9, 0xfa, 0xfa, 0xfb, 0xfc,
  0xfd, 0xfd, 0xfc, 0xfb, 0xfb, 0xfb, 0xfc, 0xfc, 0xfc, 0xfc, 0xfc, 0xfc,
  0xfc, 0xfc, 0xfb, 0xfb, 0xfc, 0xfd, 0xfc, 0xfd, 0xfc, 0xfd, 0xfc, 0xfc,
  0xfb, 0xfb, 0xfb, 0xfa, 0xfa, 0xfa, 0xfa, 0xfa, 0xf9, 0xf8, 0xf7, 0xf0,
  0xf7, 0xf2, 0x82, 0x06, 0x02, 0x06, 0x02, 0x02, 0x02, 0x01, 0x01, 0x00,
  0x00, 0x00, 0x00, 0x00, 0x00, 0x00, 0x00, 0x00, 0x00, 0x00, 0x00, 0x00,
  0x03, 0x06, 0x0f, 0x00, 0x32, 0xc0, 0xff, 0xf6, 0xf7, 0xfd, 0xfe, 0xfd,
  0xfc, 0xfc, 0xfc, 0xfc, 0xfb, 0xfa, 0xfb, 0xfa, 0xfa, 0xfb, 0xfa, 0xfb,
  0xfc, 0xfb, 0xfb, 0xfa, 0xfa, 0xfa, 0xfb, 0xfa, 0xfa, 0xfb, 0xfb, 0xfa,
  0xfb, 0xfc, 0xfb, 0xfc, 0xfc, 0xfb, 0xfd, 0xfe, 0xfd, 0xfe, 0xff, 0xfd,
  0xf8, 0xf4, 0xfa, 0xff, 0xbe, 0x26, 0x04, 0x06, 0x04, 0x02, 0x01, 0x00,
  0x00, 0x00, 0x00, 0x00, 0x00, 0x00, 0x00, 0x00, 0x00, 0x00, 0x00, 0x00,
  0x00, 0x00, 0x00, 0x00, 0x00, 0x00, 0x00, 0x00, 0x00, 0x00, 0x00, 0x00,
  0x00, 0x00, 0x00, 0x00, 0x00, 0x00, 0x00, 0x00, 0x00, 0x00, 0x00, 0x00,
  0x00, 0x00, 0x00, 0x00, 0x00, 0x00, 0x00, 0x00, 0x00, 0x00, 0x00, 0x00,
  0x00, 0x00, 0x00, 0x00, 0x00, 0x00, 0x00, 0x00, 0x00, 0x00, 0x00, 0x00,
  0x00, 0x00, 0x00, 0x00, 0x00, 0x00, 0x00, 0x00, 0x00, 0x00, 0x00, 0x00,
  0x00, 0x00, 0x00, 0x00, 0x00, 0x00, 0x00, 0x00, 0x00, 0x00, 0x00, 0x00,
  0x00, 0x00, 0x00, 0x00, 0x00, 0x00, 0x00, 0x00, 0x00, 0x00, 0x00, 0x00,
  0x00, 0x00, 0x02, 0x06, 0x07, 0x02, 0x07, 0x8d, 0xf5, 0xfc, 0xf7, 0xfa,
  0xfb, 0xfd, 0xfe, 0xfe, 0xfd, 0xfe, 0xfe, 0xfe, 0xfd, 0xfc, 0xfc, 0xfb,
  0xfb, 0xfa, 0xfa, 0xfa, 0xfa, 0xfb, 0xfa, 0xfa, 0xfa, 0xfa, 0xfb, 0xfb,
  0xfb, 0xfa, 0xfa, 0xfb, 0xfb, 0xfa, 0xfa, 0xfb, 0xfb, 0xfb, 0xfc, 0xfd,
  0xfe, 0xfd, 0xfa, 0xf6, 0xf5, 0xff, 0xe9, 0x62, 0x04, 0x0a, 0x07, 0x04,
  0x03, 0x01, 0x01, 0x01, 0x00, 0x00, 0x00, 0x00, 0x00, 0x00, 0x00, 0x00,
  0x00, 0x01, 0x01, 0x01, 0x01, 0x01, 0x02, 0x06, 0x06, 0x00, 0x3d, 0xcd,
  0xff, 0xed, 0xf8, 0xf7, 0xf8, 0xf9, 0xf9, 0xf9, 0xf9, 0xfa, 0xfb, 0xfb,
  0xfb, 0xfb, 0xfb, 0xfb, 0xfc, 0xfc, 0xfb, 0xfb, 0xfb, 0xfc, 0xfc, 0xfc,
  0xfc, 0xfc, 0xfc, 0xfc, 0xfc, 0xfb, 0xfc, 0xfd, 0xfd, 0xfd, 0xfc, 0xfb,
  0xfc, 0xfc, 0xfc, 0xfb, 0xfa, 0xf9, 0xf8, 0xf5, 0xf8, 0xf7, 0x93, 0x07,
  0x00, 0x07, 0x04, 0x01, 0x00, 0x00, 0x00, 0x00, 0x00, 0x00, 0x00, 0x01,
  0x00, 0x00, 0x00, 0x00, 0x00, 0x00, 0x00, 0x00, 0x00, 0x00, 0x00, 0x00,
  0x00, 0x00, 0x00, 0x00, 0x00, 0x00, 0x00, 0x00, 0x00, 0x00, 0x00, 0x00,
  0x00, 0x00, 0x00, 0x00, 0x00, 0x00, 0x00, 0x00, 0x00, 0x00, 0x00, 0x00,
  0x00, 0x00, 0x00, 0x00, 0x00, 0x00, 0x00, 0x00, 0x00, 0x00, 0x00, 0x00,
  0x00, 0x00, 0x00, 0x00, 0x00, 0x01, 0x01, 0x07, 0x00, 0x81, 0xf7, 0xff,
  0xf6, 0xf8, 0xfa, 0xfb, 0xfc, 0xfb, 0xfc, 0xfb, 0xfc, 0xfc, 0xfb, 0xfb,
  0xfb, 0xfc, 0xfc, 0xfc, 0xfc, 0xfc, 0xfb, 0xfa, 0xfc, 0xfc, 0xfc, 0xfb,
  0xfc, 0xfb, 0xfc, 0xfc, 0xfb, 0xfb, 0xfc, 0xfd, 0xfd, 0xfd, 0xfd, 0xfc,
  0xfb, 0xfb, 0xfc, 0xfd, 0xfc, 0xfb, 0xfb, 0xfb, 0xfb, 0xfc, 0xfa, 0xfa,
  0xfa, 0xf9, 0xfa, 0xfb, 0xfb, 0xfb, 0xfb, 0xfa, 0xf9, 0xf9, 0xf9, 0xf9,
  0xfa, 0xfb, 0xfa, 0xfa, 0xfa, 0xfa, 0xfa, 0xfa, 0xfa, 0xfa, 0xfb, 0xfc,
  0xfc, 0xfb, 0xfc, 0xfc, 0xfb, 0xfb, 0xfa, 0xfa, 0xfa, 0xfa, 0xfa, 0xfa,
  0xfb, 0xfc, 0xfb, 0xfa, 0xfa, 0xfa, 0xfa, 0xfb, 0xfb, 0xfa, 0xfa, 0xfa,
  0xfb, 0xfb, 0xfa, 0xfb, 0xfb, 0xfb, 0xfa, 0xfa, 0xfb, 0xfa, 0xfa, 0xfb,
  0xfb, 0xfc, 0xfd, 0xfd, 0xfc, 0xfb, 0xfc, 0xfc, 0xfc, 0xfc, 0xfb, 0xfa,
  0xfa, 0xf9, 0xf9, 0xf8, 0xf4, 0xf6, 0xff, 0xd8, 0x4e, 0x00, 0x0a, 0x06,
  0x03, 0x01, 0x00, 0x01, 0x00, 0x00, 0x00, 0x00, 0x00, 0x00, 0x00, 0x00,
  0x00, 0x00, 0x00, 0x00, 0x00, 0x00, 0x00, 0x00, 0x00, 0x00, 0x00, 0x00,
  0x00, 0x00, 0x00, 0x00, 0x00, 0x00, 0x00, 0x00, 0x00, 0x00, 0x00, 0x00,
  0x00, 0x00, 0x00, 0x00, 0x00, 0x00, 0x00, 0x00, 0x00, 0x00, 0x00, 0x03,
  0x07, 0x09, 0x00, 0x12, 0xcd, 0xfc, 0xf8, 0xf9, 0xfc, 0xfc, 0xfb, 0xfc,
  0xfb, 0xfc, 0xfd, 0xfb, 0xfb, 0xfa, 0xfa, 0xfa, 0xfb, 0xfb, 0xfa, 0xfa,
  0xfb, 0xfb, 0xfb, 0xfa, 0xfa, 0xfb, 0xfc, 0xfb, 0xfb, 0xfc, 0xfd, 0xfc,
  0xfc, 0xfb, 0xfa, 0xfa, 0xfb, 0xfb, 0xfb, 0xfb, 0xf9, 0xf9, 0xf9, 0xfc,
  0xff, 0xff, 0xff, 0xff, 0xff, 0xff, 0xff, 0xff, 0xff, 0xff, 0xff, 0xff,
  0xff, 0xff, 0xff, 0xff, 0xff, 0xff, 0xff, 0xff, 0xff, 0xff, 0xff, 0xff,
  0xff, 0xff, 0xff, 0xff, 0xff, 0xff, 0xff, 0xff, 0xff, 0xff, 0xff, 0xff,
  0xff, 0xff, 0xff, 0xff, 0xff, 0xff, 0xff, 0xff, 0xff, 0xff, 0xff, 0xff,
  0xff, 0xff, 0xff, 0xff, 0xff, 0xff, 0xff, 0xff, 0xff, 0xff, 0xff, 0xff,
  0xff, 0xff, 0xff, 0xff, 0xff, 0xff, 0xff, 0xff, 0xff, 0xff, 0xff, 0xff,
  0xff, 0xff, 0xff, 0xf8, 0xf3, 0xf4, 0xf8, 0xfa, 0xfb, 0xfb, 0xfa, 0xfa,
  0xfa, 0xfa, 0xf9, 0xfa, 0xf9, 0xfa, 0xfb, 0xfa, 0xfa, 0xfb, 0xfb, 0xfb,
  0xfb, 0xfb, 0xfc, 0xfc, 0xfb, 0xfc, 0xfd, 0xfd, 0xfe, 0xfc, 0xfc, 0xfc,
  0xfc, 0xfc, 0xfc, 0xfc, 0xfc, 0xfb, 0xfb, 0xfb, 0xfa, 0xf9, 0xfa, 0xf8,
  0xf8, 0xf5, 0xfb, 0xf0, 0x56, 0x04, 0x04, 0x07, 0x03, 0x02, 0x00, 0x00,
  0x00, 0x00, 0x00, 0x00, 0x00, 0x00, 0x00, 0x00, 0x00, 0x00, 0x00, 0x00,
  0x00, 0x00, 0x01, 0x00, 0x00, 0x00, 0x00, 0x00, 0x00, 0x00, 0x00, 0x00,
  0x00, 0x00, 0x00, 0x00, 0x00, 0x00, 0x00, 0x00, 0x00, 0x00, 0x00, 0x00,
  0x00, 0x00, 0x00, 0x00, 0x00, 0x00, 0x00, 0x00, 0x00, 0x00, 0x00, 0x00,
  0x00, 0x00, 0x00, 0x00, 0x00, 0x01, 0x00, 0x02, 0x7e, 0xf1, 0xfa, 0xf5,
  0xf8, 0xfa, 0xfb, 0xfa, 0xfb, 0xfc, 0xfd, 0xfc, 0xfc, 0xfc, 0xfc, 0xfb,
  0xfd, 0xfd, 0xfc, 0xfc, 0xfd, 0xfd, 0xfd, 0xfc, 0xfb, 0xfc, 0xfc, 0xfd,
  0xfc, 0xfe, 0xfd, 0xfd, 0xfd, 0xfc, 0xfc, 0xfc, 0xfb, 0xfb, 0xfa, 0xf9,
  0xf9, 0xf9, 0xf8, 0xf8, 0xf6, 0xee, 0xff, 0xbb, 0x2d, 0x00, 0x06, 0x05,
  0x03, 0x01, 0x01, 0x02, 0x01, 0x00, 0x00, 0x00, 0x00, 0x00, 0x00, 0x00,
  0x00, 0x00, 0x00, 0x00, 0x00, 0x00, 0x02, 0x03, 0x09, 0x07, 0x07, 0x6b,
  0xee, 0xfd, 0xf6, 0xfb, 0xfb, 0xfc, 0xfd, 0xfd, 0xfc, 0xfb, 0xfa, 0xfb,
  0xfa, 0xfa, 0xfa, 0xfa, 0xfb, 0xfb, 0xfc, 0xfb, 0xfb, 0xf9, 0xf9, 0xfa,
  0xfb, 0xfb, 0xfb, 0xfa, 0xfa, 0xfa, 0xfb, 0xfc, 0xfc, 0xfb, 0xfb, 0xfb,
  0xfd, 0xfd, 0xfd, 0xfe, 0xfe, 0xfe, 0xfa, 0xf8, 0xf9, 0xfe, 0xf2, 0x83,
  0x00, 0x02, 0x07, 0x04, 0x02, 0x00, 0x00, 0x00, 0x00, 0x00, 0x00, 0x00,
  0x00, 0x00, 0x00, 0x00, 0x00, 0x00, 0x00, 0x00, 0x00, 0x00, 0x00, 0x00,
  0x00, 0x00, 0x00, 0x00, 0x00, 0x00, 0x00, 0x00, 0x00, 0x00, 0x00, 0x00,
  0x00, 0x00, 0x00, 0x00, 0x00, 0x00, 0x00, 0x00, 0x00, 0x00, 0x00, 0x00,
  0x00, 0x00, 0x00, 0x00, 0x00, 0x00, 0x00, 0x00, 0x00, 0x00, 0x00, 0x00,
  0x00, 0x00, 0x00, 0x00, 0x00, 0x00, 0x00, 0x00, 0x00, 0x00, 0x00, 0x00,
  0x00, 0x00, 0x00, 0x00, 0x00, 0x00, 0x00, 0x00, 0x00, 0x00, 0x00, 0x00,
  0x00, 0x00, 0x00, 0x00, 0x00, 0x00, 0x00, 0x00, 0x00, 0x00, 0x00, 0x00,
  0x00, 0x00, 0x00, 0x00, 0x00, 0x00, 0x00, 0x00, 0x03, 0x09, 0x07, 0x00,
  0x49, 0xd9, 0xff, 0xf6, 0xf8, 0xfc, 0xfd, 0xfe, 0xfe, 0xfd, 0xfd, 0xfd,
  0xfd, 0xfd, 0xfc, 0xfd, 0xfc, 0xfc, 0xfb, 0xfb, 0xfb, 0xfa, 0xfa, 0xfa,
  0xfa, 0xfb, 0xfb, 0xfb, 0xfa, 0xfa, 0xfa, 0xf9, 0xfa, 0xfb, 0xfa, 0xfb,
  0xfa, 0xfa, 0xfa, 0xfb, 0xfc, 0xfc, 0xfd, 0xfc, 0xf9, 0xf1, 0xf8, 0xfa,
  0xa2, 0x1b, 0x01, 0x0d, 0x03, 0x03, 0x02, 0x02, 0x00, 0x00, 0x01, 0x00,
  0x00, 0x00, 0x00, 0x00, 0x00, 0x00, 0x00, 0x00, 0x00, 0x00, 0x00, 0x00,
  0x01, 0x04, 0x09, 0x03, 0x06, 0x6e, 0xef, 0xf5, 0xf3, 0xf7, 0xf7, 0xf8,
  0xf8, 0xf9, 0xfa, 0xfa, 0xfb, 0xfc, 0xfb, 0xfb, 0xfb, 0xfb, 0xfc, 0xfc,
  0xfc, 0xfc, 0xfc, 0xfc, 0xfb, 0xfc, 0xfd, 0xfd, 0xfd, 0xfc, 0xfb, 0xfb,
  0xfc, 0xfc, 0xfc, 0xfc, 0xfb, 0xfb, 0xfb, 0xfb, 0xfb, 0xfb, 0xfa, 0xfa,
  0xf8, 0xf5, 0xf5, 0xf6, 0xeb, 0x3f, 0x02, 0x05, 0x07, 0x02, 0x01, 0x01,
  0x01, 0x01, 0x01, 0x00, 0x00, 0x00, 0x00, 0x00, 0x00, 0x00, 0x00, 0x00,
  0x00, 0x00, 0x00, 0x00, 0x00, 0x00, 0x00, 0x00, 0x00, 0x00, 0x00, 0x00,
  0x00, 0x00, 0x00, 0x00, 0x00, 0x00, 0x00, 0x00, 0x00, 0x00, 0x00, 0x00,
  0x00, 0x00, 0x00, 0x00, 0x00, 0x00, 0x00, 0x00, 0x00, 0x00, 0x00, 0x00,
  0x00, 0x00, 0x00, 0x00, 0x00, 0x00, 0x00, 0x00, 0x00, 0x01, 0x00, 0x01,
  0x01, 0x07, 0x00, 0x81, 0xf7, 0xff, 0xf6, 0xf8, 0xfa, 0xfb, 0xfd, 0xfc,
  0xfb, 0xfc, 0xfc, 0xfb, 0xfc, 0xfc, 0xfc, 0xfb, 0xfc, 0xfc, 0xfb, 0xfc,
  0xfb, 0xfb, 0xfb, 0xfb, 0xfb, 0xfc, 0xfb, 0xfb, 0xfb, 0xfc, 0xfc, 0xfc,
  0xfc, 0xfc, 0xfc, 0xfc, 0xfc, 0xfd, 0xfc, 0xfc, 0xfc, 0xfd, 0xfc, 0xfb,
  0xfa, 0xfa, 0xfa, 0xfb, 0xfa, 0xfa, 0xfa, 0xf9, 0xfa, 0xfa, 0xfa, 0xfa,
  0xfa, 0xfa, 0xfa, 0xfa, 0xfa, 0xfa, 0xfb, 0xfa, 0xfb, 0xfb, 0xfb, 0xfb,
  0xfb, 0xfb, 0xfb, 0xfa, 0xfb, 0xfc, 0xfb, 0xfc, 0xfc, 0xfc, 0xfb, 0xfa,
  0xfb, 0xfb, 0xfb, 0xfb, 0xfb, 0xfb, 0xfb, 0xfb, 0xfb, 0xfb, 0xfa, 0xf9,
  0xfa, 0xfb, 0xfb, 0xfb, 0xfb, 0xfb, 0xfa, 0xfa, 0xfb, 0xfb, 0xfa, 0xfb,
  0xfb, 0xfb, 0xfb, 0xfb, 0xfb, 0xfb, 0xfc, 0xfc, 0xfc, 0xfd, 0xfc, 0xfb,
  0xfb, 0xfb, 0xfb, 0xfb, 0xfb, 0xfa, 0xf9, 0xf9, 0xf8, 0xf8, 0xf5, 0xf6,
  0xff, 0xd8, 0x4e, 0x00, 0x0a, 0x06, 0x03, 0x01, 0x00, 0x01, 0x01, 0x00,
  0x00, 0x00, 0x00, 0x00, 0x00, 0x00, 0x00, 0x00, 0x00, 0x00, 0x00, 0x00,
  0x00, 0x00, 0x00, 0x00, 0x00, 0x00, 0x00, 0x00, 0x00, 0x00, 0x00, 0x00,
  0x00, 0x00, 0x00, 0x00, 0x00, 0x00, 0x00, 0x00, 0x00, 0x00, 0x00, 0x00,
  0x00, 0x00, 0x00, 0x00, 0x00, 0x02, 0x06, 0x09, 0x00, 0x12, 0xcd, 0xfc,
  0xf8, 0xf9, 0xfc, 0xfc, 0xfb, 0xfc, 0xfc, 0xfc, 0xfc, 0xfb, 0xfc, 0xfa,
  0xfa, 0xfb, 0xfa, 0xfa, 0xfa, 0xfa, 0xfb, 0xfc, 0xfb, 0xfa, 0xfa, 0xfb,
  0xfc, 0xfb, 0xfb, 0xfc, 0xfc, 0xfc, 0xfc, 0xfb, 0xfb, 0xfa, 0xfa, 0xfa,
  0xfb, 0xfa, 0xf9, 0xf8, 0xf7, 0xf6, 0xf3, 0xf4, 0xf6, 0xf6, 0xf6, 0xf6,
  0xf6, 0xf6, 0xf7, 0xf7, 0xf7, 0xf7, 0xf7, 0xf7, 0xf7, 0xf7, 0xf7, 0xf7,
  0xf7, 0xf8, 0xf8, 0xf8, 0xf7, 0xf7, 0xf7, 0xf7, 0xf7, 0xf7, 0xf7, 0xf8,
  0xf8, 0xf8, 0xf8, 0xf8, 0xf8, 0xf7, 0xf7, 0xf7, 0xf7, 0xf8, 0xf8, 0xf8,
  0xf7, 0xf7, 0xf8, 0xf7, 0xf7, 0xf8, 0xf8, 0xf8, 0xf7, 0xf8, 0xf7, 0xf6,
  0xf6, 0xf7, 0xf7, 0xf7, 0xf6, 0xf6, 0xf8, 0xf9, 0xf9, 0xf9, 0xf9, 0xf9,
  0xfa, 0xfa, 0xfa, 0xfa, 0xf9, 0xf6, 0xf3, 0xf0, 0xef, 0xf2, 0xf7, 0xf9,
  0xfa, 0xfb, 0xfc, 0xfc, 0xfb, 0xfb, 0xfb, 0xfa, 0xfa, 0xfa, 0xfa, 0xfa,
  0xfa, 0xfb, 0xfb, 0xfb, 0xfb, 0xfb, 0xfb, 0xfb, 0xfc, 0xfc, 0xfc, 0xfc,
  0xfd, 0xfd, 0xfd, 0xfc, 0xfd, 0xfd, 0xfd, 0xfd, 0xfd, 0xfc, 0xfc, 0xfc,
  0xfb, 0xfb, 0xfa, 0xfa, 0xf9, 0xf8, 0xf7, 0xf6, 0xfc, 0xc3, 0x24, 0x00,
  0x06, 0x02, 0x03, 0x01, 0x00, 0x00, 0x00, 0x00, 0x00, 0x00, 0x00, 0x00,
  0x00, 0x00, 0x00, 0x00, 0x00, 0x00, 0x00, 0x00, 0x00, 0x00, 0x00, 0x00,
  0x00, 0x00, 0x00, 0x00, 0x00, 0x00, 0x00, 0x00, 0x00, 0x00, 0x00, 0x00,
  0x00, 0x00, 0x00, 0x00, 0x00, 0x00, 0x00, 0x00, 0x00, 0x00, 0x00, 0x00,
  0x00, 0x01, 0x00, 0x00, 0x00, 0x00, 0x00, 0x00, 0x00, 0x00, 0x00, 0x00,
  0x01, 0x38, 0xde, 0xfa, 0xf6, 0xf6, 0xf8, 0xfa, 0xfb, 0xfa, 0xfb, 0xfc,
  0xfc, 0xfc, 0xfb, 0xfb, 0xfb, 0xfb, 0xfc, 0xfc, 0xfc, 0xfc, 0xfc, 0xfc,
  0xfc, 0xfc, 0xfc, 0xfb, 0xfc, 0xfc, 0xfc, 0xfd, 0xfd, 0xfd, 0xfc, 0xfd,
  0xfc, 0xfb, 0xfc, 0xfb, 0xfa, 0xf9, 0xf9, 0xf9, 0xf7, 0xf8, 0xf0, 0xf9,
  0xe8, 0x62, 0x01, 0x02, 0x08, 0x05, 0x03, 0x00, 0x00, 0x01, 0x01, 0x00,
  0x00, 0x00, 0x00, 0x00, 0x00, 0x00, 0x00, 0x00, 0x00, 0x00, 0x00, 0x00,
  0x01, 0x03, 0x02, 0x0c, 0x00, 0x23, 0xb0, 0xfe, 0xf8, 0xf7, 0xf9, 0xfb,
  0xfd, 0xfd, 0xfb, 0xfa, 0xfa, 0xfa, 0xf9, 0xfa, 0xfb, 0xfa, 0xfb, 0xfb,
  0xfb, 0xfa, 0xfa, 0xfa, 0xfa, 0xfa, 0xfa, 0xfb, 0xfb, 0xfb, 0xfb, 0xfb,
  0xfb, 0xfc, 0xfb, 0xfc, 0xfc, 0xfc, 0xfc, 0xfc, 0xfd, 0xfd, 0xfe, 0xfe,
  0xfc, 0xfc, 0xfd, 0xfd, 0xff, 0xd5, 0x39, 0x00, 0x05, 0x07, 0x03, 0x00,
  0x00, 0x00, 0x00, 0x00, 0x00, 0x00, 0x00, 0x00, 0x00, 0x00, 0x00, 0x00,
  0x00, 0x00, 0x00, 0x00, 0x00, 0x00, 0x00, 0x00, 0x00, 0x00, 0x00, 0x00,
  0x00, 0x00, 0x00, 0x00, 0x00, 0x00, 0x00, 0x00, 0x00, 0x00, 0x00, 0x00,
  0x00, 0x00, 0x00, 0x00, 0x00, 0x00, 0x00, 0x00, 0x00, 0x00, 0x00, 0x00,
  0x00, 0x00, 0x00, 0x00, 0x00, 0x00, 0x00, 0x00, 0x00, 0x00, 0x00, 0x00,
  0x00, 0x00, 0x00, 0x00, 0x00, 0x00, 0x00, 0x00, 0x00, 0x00, 0x00, 0x00,
  0x00, 0x00, 0x00, 0x00, 0x00, 0x00, 0x00, 0x00, 0x00, 0x00, 0x00, 0x00,
  0x00, 0x00, 0x00, 0x00, 0x00, 0x00, 0x00, 0x00, 0x00, 0x00, 0x00, 0x00,
  0x00, 0x01, 0x04, 0x07, 0x01, 0x18, 0xac, 0xfc, 0xf8, 0xf5, 0xfa, 0xfc,
  0xfd, 0xfd, 0xfd, 0xfd, 0xfd, 0xfc, 0xfc, 0xfc, 0xfd, 0xfd, 0xfc, 0xfb,
  0xfc, 0xfb, 0xfa, 0xfb, 0xfa, 0xf9, 0xfa, 0xfb, 0xfa, 0xfa, 0xfa, 0xf9,
  0xf9, 0xf9, 0xfa, 0xfa, 0xfb, 0xfb, 0xfa, 0xfa, 0xfa, 0xfb, 0xfb, 0xfc,
  0xfc, 0xfc, 0xf9, 0xf4, 0xff, 0xd7, 0x49, 0x00, 0x0a, 0x06, 0x03, 0x04,
  0x02, 0x02, 0x01, 0x01, 0x01, 0x00, 0x00, 0x00, 0x00, 0x00, 0x00, 0x00,
  0x00, 0x00, 0x00, 0x00, 0x00, 0x00, 0x00, 0x03, 0x06, 0x06, 0x00, 0x1e,
  0xa3, 0xff, 0xf0, 0xf6, 0xf8, 0xf8, 0xf8, 0xf9, 0xfa, 0xfb, 0xfb, 0xfb,
  0xfb, 0xfc, 0xfc, 0xfc, 0xfb, 0xfb, 0xfc, 0xfd, 0xfc, 0xfc, 0xfb, 0xfc,
  0xfd, 0xfd, 0xfd, 0xfc, 0xfb, 0xfb, 0xfc, 0xfd, 0xfb, 0xfb, 0xfc, 0xfc,
  0xfb, 0xfa, 0xfb, 0xfa, 0xf9, 0xf9, 0xf8, 0xf5, 0xf5, 0xf8, 0xfb, 0xae,
  0x16, 0x00, 0x08, 0x03, 0x02, 0x02, 0x02, 0x01, 0x00, 0x00, 0x00, 0x00,
  0x00, 0x00, 0x00, 0x00, 0x00, 0x00, 0x00, 0x00, 0x00, 0x00, 0x00, 0x00,
  0x00, 0x00, 0x00, 0x00, 0x00, 0x00, 0x00, 0x00, 0x00, 0x00, 0x00, 0x00,
  0x00, 0x00, 0x00, 0x00, 0x00, 0x00, 0x00, 0x00, 0x00, 0x00, 0x00, 0x00,
  0x00, 0x00, 0x00, 0x00, 0x00, 0x00, 0x00, 0x00, 0x00, 0x00, 0x00, 0x00,
  0x00, 0x00, 0x00, 0x00, 0x00, 0x01, 0x01, 0x07, 0x00, 0x81, 0xf7, 0xff,
  0xf6, 0xf8, 0xfa, 0xfc, 0xfd, 0xfc, 0xfc, 0xfc, 0xfc, 0xfc, 0xfc, 0xfb,
  0xfb, 0xfc, 0xfc, 0xfc, 0xfb, 0xfc, 0xfc, 0xfc, 0xfb, 0xfb, 0xfc, 0xfb,
  0xfb, 0xfb, 0xfb, 0xfc, 0xfd, 0xfd, 0xfc, 0xfb, 0xfb, 0xfb, 0xfb, 0xfc,
  0xfd, 0xfd, 0xfd, 0xfd, 0xfc, 0xfb, 0xfa, 0xf9, 0xfa, 0xfb, 0xfb, 0xfb,
  0xf9, 0xf9, 0xf9, 0xf9, 0xf9, 0xf9, 0xf9, 0xfa, 0xfa, 0xfb, 0xfb, 0xfb,
  0xfa, 0xfb, 0xfb, 0xfb, 0xfc, 0xfc, 0xfc, 0xfc, 0xfb, 0xfb, 0xfb, 0xfc,
  0xfc, 0xfb, 0xfc, 0xfc, 0xfc, 0xfb, 0xfb, 0xfb, 0xfb, 0xfb, 0xfc, 0xfb,
  0xfa, 0xfa, 0xfa, 0xfb, 0xfa, 0xfa, 0xfa, 0xfa, 0xfa, 0xfa, 0xfa, 0xfa,
  0xfb, 0xfb, 0xfb, 0xfb, 0xfa, 0xfb, 0xfc, 0xfc, 0xfc, 0xfc, 0xfc, 0xfb,
  0xfb, 0xfb, 0xfc, 0xfd, 0xfc, 0xfb, 0xfb, 0xfa, 0xfa, 0xfa, 0xfa, 0xfa,
  0xf9, 0xf9, 0xf8, 0xf7, 0xf5, 0xf6, 0xff, 0xd9, 0x4d, 0x00, 0x0a, 0x06,
  0x03, 0x02, 0x01, 0x01, 0x01, 0x01, 0x00, 0x00, 0x00, 0x00, 0x00, 0x00,
  0x00, 0x00, 0x00, 0x00, 0x01, 0x00, 0x00, 0x00, 0x00, 0x00, 0x00, 0x00,
  0x00, 0x00, 0x00, 0x00, 0x00, 0x00, 0x00, 0x00, 0x00, 0x00, 0x00, 0x00,
  0x00, 0x00, 0x00, 0x00, 0x00, 0x00, 0x00, 0x00, 0x00, 0x00, 0x00, 0x03,
  0x07, 0x09, 0x00, 0x12, 0xcd, 0xfc, 0xf9, 0xf9, 0xfc, 0xfc, 0xfc, 0xfb,
  0xfb, 0xfc, 0xfc, 0xfc, 0xfb, 0xfa, 0xfa, 0xfb, 0xfa, 0xf9, 0xfa, 0xfb,
  0xfb, 0xfc, 0xfb, 0xfb, 0xfa, 0xfb, 0xfc, 0xfb, 0xfb, 0xfd, 0xfc, 0xfb,
  0xfb, 0xfc, 0xfb, 0xfa, 0xf9, 0xfa, 0xfa, 0xf9, 0xf8, 0xf7, 0xf8, 0xf7,
  0xf5, 0xf6, 0xf7, 0xf8, 0xf9, 0xf9, 0xf9, 0xf9, 0xfa, 0xfa, 0xfa, 0xfa,
  0xfa, 0xfa, 0xfa, 0xfa, 0xf9, 0xfa, 0xfa, 0xfa, 0xf9, 0xf9, 0xf8, 0xf8,
  0xf8, 0xf8, 0xf8, 0xf8, 0xf8, 0xf9, 0xf9, 0xf9, 0xf9, 0xf9, 0xf9, 0xf8,
  0xf8, 0xf8, 0xf8, 0xf9, 0xf9, 0xf9, 0xf8, 0xf8, 0xf8, 0xf9, 0xf9, 0xf8,
  0xf8, 0xf8, 0xf9, 0xf8, 0xf8, 0xf8, 0xf8, 0xf7, 0xf7, 0xf7, 0xf8, 0xf7,
  0xf8, 0xf9, 0xf9, 0xf9, 0xf9, 0xf9, 0xf9, 0xf9, 0xfa, 0xf9, 0xf9, 0xf8,
  0xf8, 0xf8, 0xf8, 0xf9, 0xfa, 0xfa, 0xfb, 0xfd, 0xfd, 0xfc, 0xfc, 0xfb,
  0xfa, 0xfb, 0xfa, 0xfa, 0xfa, 0xf9, 0xf9, 0xfa, 0xfb, 0xfa, 0xfa, 0xfa,
  0xfb, 0xfb, 0xfc, 0xfd, 0xfd, 0xfd, 0xfc, 0xfc, 0xfc, 0xfd, 0xfd, 0xfc,
  0xfc, 0xfc, 0xfc, 0xfd, 0xfc, 0xfc, 0xfc, 0xfb, 0xfa, 0xfa, 0xf8, 0xf6,
  0xf4, 0xfa, 0xf5, 0x73, 0x0b, 0x01, 0x04, 0x01, 0x02, 0x00, 0x00, 0x00,
  0x00, 0x00, 0x00, 0x01, 0x00, 0x00, 0x00, 0x00, 0x00, 0x00, 0x00, 0x00,
  0x00, 0x00, 0x01, 0x00, 0x00, 0x00, 0x00, 0x00, 0x00, 0x00, 0x00, 0x00,
  0x00, 0x00, 0x00, 0x00, 0x00, 0x00, 0x00, 0x00, 0x00, 0x00, 0x00, 0x00,
  0x00, 0x00, 0x00, 0x00, 0x00, 0x00, 0x00, 0x00, 0x00, 0x00, 0x01, 0x01,
  0x01, 0x02, 0x03, 0x02, 0x03, 0x00, 0x0f, 0xa7, 0xfb, 0xf9, 0xf6, 0xf6,
  0xf8, 0xfa, 0xfb, 0xfa, 0xfb, 0xfc, 0xfb, 0xfc, 0xfb, 0xfa, 0xfc, 0xfc,
  0xfb, 0xfb, 0xfc, 0xfc, 0xfb, 0xfb, 0xfb, 0xfc, 0xfd, 0xfc, 0xfb, 0xfd,
  0xfd, 0xfc, 0xfc, 0xfd, 0xfd, 0xfd, 0xfc, 0xfb, 0xfc, 0xfb, 0xfb, 0xfa,
  0xfa, 0xf8, 0xf6, 0xf4, 0xef, 0xff, 0x9a, 0x17, 0x00, 0x05, 0x04, 0x04,
  0x01, 0x00, 0x00, 0x00, 0x01, 0x00, 0x00, 0x00, 0x00, 0x00, 0x00, 0x00,
  0x00, 0x00, 0x00, 0x00, 0x00, 0x01, 0x01, 0x02, 0x03, 0x07, 0x09, 0x05,
  0x58, 0xe3, 0xff, 0xf4, 0xf9, 0xfb, 0xfc, 0xfb, 0xfb, 0xfb, 0xfb, 0xfa,
  0xf9, 0xfa, 0xfa, 0xfb, 0xfa, 0xfb, 0xfc, 0xfa, 0xfb, 0xfb, 0xfb, 0xfb,
  0xfa, 0xfb, 0xfb, 0xfc, 0xfc, 0xfc, 0xfc, 0xfc, 0xfb, 0xfb, 0xfd, 0xfd,
  0xfc, 0xfd, 0xfc, 0xfd, 0xfd, 0xfe, 0xfe, 0xfd, 0xfd, 0xfb, 0xfa, 0xf9,
  0xa0, 0x0f, 0x00, 0x06, 0x02, 0x00, 0x00, 0x00, 0x00, 0x00, 0x00, 0x00,
  0x00, 0x00, 0x00, 0x00, 0x00, 0x00, 0x00, 0x00, 0x00, 0x00, 0x00, 0x00,
  0x00, 0x00, 0x00, 0x00, 0x00, 0x00, 0x00, 0x00, 0x00, 0x00, 0x00, 0x00,
  0x00, 0x00, 0x00, 0x00, 0x00, 0x00, 0x00, 0x00, 0x00, 0x00, 0x00, 0x00,
  0x00, 0x00, 0x00, 0x00, 0x00, 0x00, 0x00, 0x00, 0x00, 0x00, 0x00, 0x00,
  0x00, 0x00, 0x00, 0x00, 0x00, 0x00, 0x00, 0x00, 0x00, 0x00, 0x00, 0x00,
  0x00, 0x00, 0x00, 0x00, 0x00, 0x00, 0x00, 0x00, 0x00, 0x00, 0x00, 0x00,
  0x00, 0x00, 0x00, 0x00, 0x00, 0x00, 0x00, 0x00, 0x00, 0x00, 0x00, 0x00,
  0x00, 0x00, 0x00, 0x00, 0x01, 0x01, 0x03, 0x03, 0x06, 0x01, 0x01, 0x6c,
  0xea, 0xfc, 0xf5, 0xf8, 0xfa, 0xfb, 0xfc, 0xfc, 0xfc, 0xfd, 0xfd, 0xfc,
  0xfd, 0xfd, 0xfc, 0xfc, 0xfc, 0xfc, 0xfb, 0xfc, 0xfb, 0xfa, 0xfb, 0xfa,
  0xfa, 0xfb, 0xfa, 0xfb, 0xfb, 0xfa, 0xf9, 0xf9, 0xfa, 0xfa, 0xfb, 0xfb,
  0xfb, 0xfb, 0xfa, 0xfa, 0xfa, 0xfb, 0xfb, 0xfc, 0xf8, 0xfc, 0xf8, 0x8a,
  0x13, 0x03, 0x0c, 0x04, 0x04, 0x04, 0x02, 0x02, 0x01, 0x01, 0x01, 0x00,
  0x00, 0x00, 0x00, 0x00, 0x00, 0x00, 0x00, 0x00, 0x00, 0x00, 0x00, 0x00,
  0x00, 0x02, 0x03, 0x03, 0x01, 0x00, 0x4b, 0xe4, 0xf9, 0xf2, 0xf7, 0xf9,
  0xf9, 0xf9, 0xfa, 0xfb, 0xfc, 0xfc, 0xfc, 0xfc, 0xfc, 0xfb, 0xfc, 0xfc,
  0xfc, 0xfc, 0xfc, 0xfb, 0xfb, 0xfc, 0xfc, 0xfc, 0xfc, 0xfc, 0xfb, 0xfc,
  0xfc, 0xfc, 0xfc, 0xfc, 0xfb, 0xfb, 0xfb, 0xfa, 0xfb, 0xfa, 0xf9, 0xf8,
  0xf8, 0xf7, 0xf7, 0xf8, 0xf8, 0xf9, 0x5c, 0x03, 0x04, 0x06, 0x04, 0x04,
  0x02, 0x01, 0x01, 0x00, 0x00, 0x00, 0x00, 0x00, 0x00, 0x00, 0x00, 0x00,
  0x00, 0x00, 0x00, 0x00, 0x00, 0x00, 0x00, 0x00, 0x00, 0x00, 0x00, 0x00,
  0x00, 0x00, 0x00, 0x00, 0x00, 0x00, 0x00, 0x00, 0x00, 0x00, 0x00, 0x00,
  0x00, 0x00, 0x00, 0x00, 0x00, 0x00, 0x00, 0x00, 0x00, 0x00, 0x00, 0x00,
  0x00, 0x00, 0x00, 0x00, 0x00, 0x00, 0x00, 0x00, 0x00, 0x00, 0x01, 0x01,
  0x01, 0x07, 0x00, 0x81, 0xf7, 0xff, 0xf6, 0xf8, 0xfa, 0xfc, 0xfd, 0xfc,
  0xfb, 0xfb, 0xfc, 0xfb, 0xfb, 0xfb, 0xfb, 0xfb, 0xfb, 0xfb, 0xfb, 0xfb,
  0xfb, 0xfb, 0xfc, 0xfc, 0xfb, 0xfa, 0xfb, 0xfc, 0xfb, 0xfc, 0xfd, 0xfc,
  0xfc, 0xfc, 0xfc, 0xfb, 0xfb, 0xfc, 0xfc, 0xfc, 0xfc, 0xfd, 0xfc, 0xfb,
  0xfa, 0xf9, 0xfa, 0xfa, 0xfa, 0xfa, 0xfa, 0xfa, 0xfa, 0xfa, 0xfa, 0xfa,
  0xf9, 0xfa, 0xfa, 0xfa, 0xfa, 0xfb, 0xfb, 0xfa, 0xfa, 0xfa, 0xfb, 0xfb,
  0xfb, 0xfb, 0xfc, 0xfc, 0xfb, 0xfb, 0xfb, 0xfc, 0xfb, 0xfc, 0xfb, 0xfc,
  0xfb, 0xfa, 0xfb, 0xfb, 0xfc, 0xfb, 0xfa, 0xfb, 0xfb, 0xfa, 0xfa, 0xfb,
  0xfb, 0xfb, 0xfb, 0xfb, 0xfb, 0xfb, 0xfa, 0xfb, 0xfa, 0xfa, 0xfa, 0xfa,
  0xfb, 0xfb, 0xfc, 0xfc, 0xfb, 0xfc, 0xfc, 0xfb, 0xfc, 0xfd, 0xfc, 0xfb,
  0xfb, 0xfa, 0xfb, 0xfb, 0xf9, 0xfa, 0xf9, 0xf8, 0xf8, 0xf7, 0xf5, 0xf6,
  0xff, 0xd9, 0x4d, 0x00, 0x0a, 0x06, 0x04, 0x02, 0x01, 0x02, 0x01, 0x00,
  0x00, 0x00, 0x00, 0x00, 0x00, 0x00, 0x00, 0x00, 0x00, 0x00, 0x00, 0x00,
  0x00, 0x00, 0x00, 0x00, 0x00, 0x00, 0x00, 0x00, 0x00, 0x00, 0x00, 0x00,
  0x00, 0x00, 0x00, 0x00, 0x00, 0x00, 0x00, 0x00, 0x00, 0x00, 0x00, 0x00,
  0x00, 0x00, 0x00, 0x00, 0x00, 0x03, 0x07, 0x09, 0x00, 0x12, 0xcd, 0xfc,
  0xf8, 0xf9, 0xfc, 0xfb, 0xfc, 0xfb, 0xfa, 0xfb, 0xfb, 0xfb, 0xfa, 0xfb,
  0xfb, 0xfa, 0xfb, 0xfa, 0xfa, 0xfa, 0xfb, 0xfc, 0xfc, 0xfb, 0xfa, 0xfb,
  0xfc, 0xfb, 0xfb, 0xfc, 0xfc, 0xfc, 0xfc, 0xfc, 0xfb, 0xfb, 0xfa, 0xfa,
  0xfa, 0xf9, 0xf9, 0xf8, 0xf7, 0xf8, 0xf8, 0xf9, 0xf9, 0xfa, 0xfb, 0xfc,
  0xfd, 0xfd, 0xfd, 0xfd, 0xfd, 0xfd, 0xfd, 0xfd, 0xfd, 0xfd, 0xfc, 0xfc,
  0xfd, 0xfc, 0xfc, 0xfc, 0xfc, 0xfb, 0xfb, 0xfb, 0xfb, 0xfb, 0xfc, 0xfc,
  0xfc, 0xfc, 0xfc, 0xfc, 0xfc, 0xfc, 0xfb, 0xfb, 0xfb, 0xfc, 0xfc, 0xfc,
  0xfc, 0xfc, 0xfc, 0xfc, 0xfc, 0xfc, 0xfc, 0xfc, 0xfc, 0xfc, 0xfc, 0xfc,
  0xfb, 0xfb, 0xfb, 0xfb, 0xfb, 0xfb, 0xfb, 0xfc, 0xfc, 0xfc, 0xfd, 0xfd,
  0xfd, 0xfd, 0xfc, 0xfc, 0xfc, 0xfc, 0xfc, 0xfc, 0xfc, 0xfc, 0xfe, 0xfd,
  0xfd, 0xfd, 0xfc, 0xfd, 0xfc, 0xfc, 0xfb, 0xfa, 0xfa, 0xfb, 0xfa, 0xf9,
  0xfa, 0xf9, 0xfa, 0xfa, 0xfb, 0xfa, 0xfb, 0xfc, 0xfc, 0xfc, 0xfc, 0xfc,
  0xfd, 0xfc, 0xfc, 0xfd, 0xfc, 0xfc, 0xfd, 0xfd, 0xfc, 0xfd, 0xfd, 0xfc,
  0xfc, 0xfb, 0xfb, 0xfa, 0xf7, 0xf4, 0xf3, 0xfc, 0xd4, 0x2f, 0x00, 0x04,
  0x03, 0x00, 0x00, 0x00, 0x00, 0x00, 0x00, 0x00, 0x00, 0x00, 0x00, 0x00,
  0x00, 0x00, 0x00, 0x00, 0x00, 0x00, 0x00, 0x00, 0x00, 0x00, 0x00, 0x00,
  0x00, 0x00, 0x00, 0x00, 0x00, 0x00, 0x00, 0x00, 0x00, 0x00, 0x00, 0x00,
  0x00, 0x00, 0x00, 0x00, 0x00, 0x00, 0x00, 0x00, 0x00, 0x00, 0x00, 0x00,
  0x00, 0x01, 0x00, 0x00, 0x00, 0x01, 0x01, 0x04, 0x05, 0x07, 0x02, 0x01,
  0x52, 0xf1, 0xfa, 0xf8, 0xf8, 0xf8, 0xf9, 0xfa, 0xfb, 0xfa, 0xfb, 0xfc,
  0xfb, 0xfb, 0xfb, 0xfb, 0xfb, 0xfb, 0xfb, 0xfb, 0xfb, 0xfb, 0xfb, 0xfb,
  0xfc, 0xfc, 0xfc, 0xfd, 0xfc, 0xfc, 0xfc, 0xfc, 0xfc, 0xfc, 0xfc, 0xfc,
  0xfc, 0xfc, 0xfb, 0xfc, 0xfc, 0xfc, 0xfb, 0xf8, 0xf6, 0xed, 0xfe, 0xd5,
  0x44, 0x00, 0x03, 0x04, 0x01, 0x00, 0x00, 0x00, 0x00, 0x00, 0x01, 0x00,
  0x00, 0x00, 0x00, 0x00, 0x00, 0x00, 0x00, 0x00, 0x00, 0x00, 0x00, 0x00,
  0x01, 0x01, 0x03, 0x04, 0x0f, 0x01, 0x14, 0x9a, 0xfb, 0xf9, 0xf6, 0xfb,
  0xfb, 0xfb, 0xfa, 0xfa, 0xfa, 0xfa, 0xfa, 0xf9, 0xfa, 0xfb, 0xfa, 0xfb,
  0xfb, 0xfa, 0xfb, 0xfb, 0xfb, 0xfa, 0xfa, 0xfa, 0xfb, 0xfb, 0xfb, 0xfc,
  0xfc, 0xfb, 0xfb, 0xfc, 0xfc, 0xfd, 0xfd, 0xfd, 0xfc, 0xfd, 0xfe, 0xfe,
  0xff, 0xfe, 0xfc, 0xf9, 0xf4, 0xfc, 0xe6, 0x52, 0x01, 0x01, 0x03, 0x00,
  0x00, 0x00, 0x00, 0x00, 0x00, 0x00, 0x00, 0x00, 0x00, 0x00, 0x00, 0x00,
  0x00, 0x00, 0x00, 0x00, 0x00, 0x00, 0x00, 0x00, 0x00, 0x00, 0x00, 0x00,
  0x00, 0x00, 0x00, 0x00, 0x00, 0x00, 0x00, 0x00, 0x00, 0x00, 0x00, 0x00,
  0x00, 0x00, 0x00, 0x00, 0x00, 0x00, 0x00, 0x00, 0x00, 0x00, 0x00, 0x00,
  0x00, 0x00, 0x00, 0x01, 0x00, 0x00, 0x00, 0x00, 0x00, 0x00, 0x00, 0x00,
  0x00, 0x00, 0x00, 0x00, 0x00, 0x00, 0x00, 0x00, 0x00, 0x00, 0x00, 0x00,
  0x00, 0x00, 0x00, 0x00, 0x00, 0x00, 0x00, 0x00, 0x00, 0x00, 0x00, 0x00,
  0x00, 0x00, 0x00, 0x00, 0x00, 0x00, 0x00, 0x00, 0x00, 0x00, 0x00, 0x01,
  0x03, 0x05, 0x04, 0x00, 0x2c, 0xc8, 0xff, 0xf6, 0xf6, 0xf9, 0xfa, 0xfb,
  0xfb, 0xfb, 0xfc, 0xfc, 0xfc, 0xfc, 0xfd, 0xfc, 0xfc, 0xfb, 0xfc, 0xfd,
  0xfc, 0xfb, 0xfc, 0xfb, 0xfa, 0xfa, 0xfb, 0xfa, 0xfb, 0xfb, 0xfa, 0xfb,
  0xfa, 0xf9, 0xfa, 0xfb, 0xfa, 0xfa, 0xfa, 0xfa, 0xf9, 0xf9, 0xf9, 0xfa,
  0xfa, 0xfa, 0xf8, 0xff, 0xc7, 0x38, 0x00, 0x0a, 0x05, 0x03, 0x04, 0x03,
  0x03, 0x01, 0x00, 0x00, 0x00, 0x00, 0x00, 0x00, 0x00, 0x00, 0x00, 0x00,
  0x00, 0x00, 0x00, 0x00, 0x00, 0x00, 0x00, 0x00, 0x01, 0x01, 0x02, 0x01,
  0x15, 0x8c, 0xff, 0xf1, 0xf6, 0xf9, 0xfa, 0xfa, 0xfc, 0xfc, 0xfc, 0xfd,
  0xfd, 0xfd, 0xfc, 0xfc, 0xfd, 0xfd, 0xfd, 0xfc, 0xfd, 0xfc, 0xfb, 0xfb,
  0xfb, 0xfb, 0xfb, 0xfb, 0xfb, 0xfb, 0xfc, 0xfb, 0xfb, 0xfb, 0xfb, 0xfa,
  0xfa, 0xfa, 0xfb, 0xfa, 0xf9, 0xf9, 0xf9, 0xf9, 0xf9, 0xf9, 0xf7, 0xfd,
  0xc6, 0x27, 0x00, 0x08, 0x04, 0x04, 0x03, 0x01, 0x00, 0x00, 0x00, 0x00,
  0x00, 0x00, 0x00, 0x00, 0x00, 0x00, 0x00, 0x00, 0x00, 0x00, 0x00, 0x00,
  0x00, 0x00, 0x00, 0x00, 0x00, 0x00, 0x00, 0x00, 0x00, 0x00, 0x00, 0x00,
  0x00, 0x00, 0x00, 0x00, 0x00, 0x00, 0x00, 0x00, 0x00, 0x01, 0x00, 0x00,
  0x00, 0x00, 0x00, 0x00, 0x00, 0x00, 0x00, 0x00, 0x00, 0x00, 0x01, 0x00,
  0x00, 0x00, 0x00, 0x00, 0x01, 0x01, 0x01, 0x07, 0x00, 0x81, 0xf7, 0xff,
  0xf6, 0xf8, 0xfa, 0xfc, 0xfd, 0xfc, 0xfb, 0xfb, 0xfc, 0xfb, 0xfb, 0xfb,
  0xfa, 0xfa, 0xfa, 0xfa, 0xfa, 0xfa, 0xfb, 0xfc, 0xfc, 0xfc, 0xfb, 0xfb,
  0xfb, 0xfc, 0xfb, 0xfc, 0xfd, 0xfc, 0xfd, 0xfd, 0xfc, 0xfc, 0xfc, 0xfd,
  0xfd, 0xfc, 0xfd, 0xfc, 0xfc, 0xfb, 0xfa, 0xfa, 0xfa, 0xfa, 0xf9, 0xf9,
  0xfa, 0xfa, 0xfb, 0xfb, 0xfb, 0xfa, 0xfa, 0xf9, 0xfa, 0xfb, 0xfa, 0xfb,
  0xfc, 0xfb, 0xfb, 0xfb, 0xfa, 0xfb, 0xfc, 0xfb, 0xfb, 0xfc, 0xfb, 0xfa,
  0xfb, 0xfc, 0xfb, 0xfb, 0xfb, 0xfc, 0xfb, 0xfb, 0xfb, 0xfc, 0xfc, 0xfb,
  0xfa, 0xfb, 0xfa, 0xfb, 0xfb, 0xfc, 0xfc, 0xfc, 0xfc, 0xfc, 0xfc, 0xfb,
  0xfa, 0xfb, 0xfb, 0xfb, 0xfb, 0xfb, 0xfb, 0xfb, 0xfc, 0xfd, 0xfc, 0xfc,
  0xfc, 0xfb, 0xfc, 0xfd, 0xfc, 0xfb, 0xfb, 0xfb, 0xfb, 0xfa, 0xfa, 0xf9,
  0xf9, 0xf9, 0xf9, 0xf8, 0xf5, 0xf6, 0xff, 0xd9, 0x4d, 0x00, 0x0a, 0x07,
  0x04, 0x02, 0x01, 0x02, 0x01, 0x01, 0x00, 0x00, 0x00, 0x00, 0x00, 0x00,
  0x00, 0x00, 0x00, 0x00, 0x00, 0x00, 0x00, 0x00, 0x00, 0x00, 0x00, 0x00,
  0x00, 0x00, 0x00, 0x00, 0x00, 0x00, 0x00, 0x00, 0x00, 0x00, 0x00, 0x00,
  0x00, 0x00, 0x00, 0x00, 0x00, 0x00, 0x00, 0x00, 0x00, 0x00, 0x00, 0x03,
  0x07, 0x09, 0x00, 0x12, 0xcd, 0xfc, 0xf8, 0xf9, 0xfc, 0xfb, 0xfc, 0xfb,
  0xfb, 0xfb, 0xfa, 0xfa, 0xfa, 0xfb, 0xfb, 0xfa, 0xfb, 0xfa, 0xfb, 0xfb,
  0xfb, 0xfb, 0xfb, 0xfb, 0xfa, 0xfb, 0xfc, 0xfc, 0xfc, 0xfb, 0xfb, 0xfc,
  0xfd, 0xfc, 0xfc, 0xfb, 0xfa, 0xfa, 0xfa, 0xf9, 0xfa, 0xf9, 0xf8, 0xf8,
  0xf8, 0xf8, 0xf9, 0xfa, 0xfb, 0xfc, 0xfd, 0xfd, 0xfe, 0xfe, 0xfe, 0xfe,
  0xfd, 0xfe, 0xfd, 0xfc, 0xfd, 0xfc, 0xfd, 0xfc, 0xfb, 0xfc, 0xfb, 0xfa,
  0xfa, 0xfa, 0xfa, 0xfa, 0xfb, 0xfc, 0xfb, 0xfb, 0xfc, 0xfb, 0xfb, 0xfb,
  0xfa, 0xfa, 0xfa, 0xfb, 0xfb, 0xfb, 0xfb, 0xfb, 0xfb, 0xfb, 0xfb, 0xfb,
  0xfb, 0xfb, 0xfb, 0xfb, 0xfb, 0xfb, 0xfb, 0xfa, 0xfb, 0xfb, 0xfb, 0xfc,
  0xfb, 0xfb, 0xfb, 0xfc, 0xfc, 0xfc, 0xfc, 0xfc, 0xfb, 0xfb, 0xfb, 0xfc,
  0xfc, 0xfd, 0xfe, 0xff, 0xff, 0xff, 0xfe, 0xfe, 0xfd, 0xfc, 0xfd, 0xfc,
  0xfc, 0xfb, 0xfb, 0xfa, 0xfa, 0xf9, 0xfa, 0xfa, 0xf9, 0xf9, 0xfa, 0xfa,
  0xfb, 0xfc, 0xfb, 0xfc, 0xfd, 0xfc, 0xfd, 0xfc, 0xfb, 0xfd, 0xfd, 0xfd,
  0xfc, 0xfc, 0xfc, 0xfd, 0xfd, 0xfd, 0xfc, 0xfc, 0xfc, 0xfa, 0xf7, 0xf5,
  0xf8, 0xf4, 0x86, 0x0c, 0x01, 0x08, 0x01, 0x00, 0x00, 0x00, 0x00, 0x00,
  0x00, 0x00, 0x00, 0x00, 0x00, 0x00, 0x00, 0x01, 0x00, 0x00, 0x00, 0x00,
  0x00, 0x00, 0x00, 0x00, 0x00, 0x00, 0x00, 0x00, 0x00, 0x00, 0x00, 0x00,
  0x00, 0x00, 0x00, 0x00, 0x00, 0x00, 0x00, 0x00, 0x00, 0x00, 0x00, 0x00,
  0x00, 0x00, 0x00, 0x00, 0x00, 0x00, 0x00, 0x00, 0x00, 0x00, 0x00, 0x01,
  0x02, 0x04, 0x06, 0x09, 0x00, 0x1e, 0xbf, 0xfb, 0xf9, 0xf9, 0xf9, 0xfa,
  0xf9, 0xfa, 0xfb, 0xfa, 0xfb, 0xfb, 0xfa, 0xfa, 0xfa, 0xfb, 0xfb, 0xfa,
  0xfa, 0xfa, 0xfa, 0xfa, 0xfa, 0xfb, 0xfc, 0xfb, 0xfc, 0xfc, 0xfd, 0xfb,
  0xfb, 0xfb, 0xfb, 0xfb, 0xfb, 0xfc, 0xfd, 0xfc, 0xfb, 0xfc, 0xfd, 0xfc,
  0xfb, 0xf9, 0xf4, 0xf0, 0xfa, 0x7b, 0x09, 0x02, 0x06, 0x02, 0x00, 0x00,
  0x00, 0x00, 0x00, 0x00, 0x00, 0x00, 0x00, 0x00, 0x00, 0x00, 0x00, 0x00,
  0x00, 0x00, 0x00, 0x00, 0x00, 0x00, 0x02, 0x01, 0x03, 0x04, 0x08, 0x09,
  0x00, 0x43, 0xd2, 0xff, 0xf3, 0xf9, 0xfa, 0xfa, 0xf9, 0xf9, 0xf9, 0xfa,
  0xfa, 0xfa, 0xfb, 0xfa, 0xfb, 0xfb, 0xfa, 0xfa, 0xfa, 0xfc, 0xfc, 0xfb,
  0xfb, 0xfb, 0xfc, 0xfb, 0xfc, 0xfd, 0xfc, 0xfb, 0xfc, 0xfd, 0xfc, 0xfd,
  0xfe, 0xfd, 0xfc, 0xfd, 0xfd, 0xfe, 0xfe, 0xfe, 0xfc, 0xf8, 0xf5, 0xf5,
  0xfe, 0xb7, 0x1d, 0x00, 0x03, 0x01, 0x01, 0x00, 0x00, 0x00, 0x00, 0x00,
  0x00, 0x00, 0x00, 0x00, 0x00, 0x00, 0x00, 0x00, 0x00, 0x00, 0x00, 0x00,
  0x00, 0x00, 0x00, 0x00, 0x00, 0x00, 0x00, 0x01, 0x00, 0x00, 0x00, 0x00,
  0x00, 0x00, 0x00, 0x00, 0x00, 0x00, 0x00, 0x00, 0x00, 0x00, 0x00, 0x00,
  0x00, 0x00, 0x00, 0x00, 0x00, 0x00, 0x00, 0x00, 0x00, 0x00, 0x00, 0x00,
  0x00, 0x00, 0x00, 0x00, 0x00, 0x00, 0x00, 0x00, 0x00, 0x00, 0x00, 0x00,
  0x00, 0x00, 0x00, 0x00, 0x00, 0x00, 0x00, 0x00, 0x00, 0x00, 0x00, 0x00,
  0x00, 0x00, 0x00, 0x00, 0x00, 0x00, 0x00, 0x00, 0x00, 0x00, 0x00, 0x00,
  0x00, 0x00, 0x00, 0x00, 0x00, 0x01, 0x02, 0x07, 0x00, 0x10, 0x92, 0xf4,
  0xf9, 0xf5, 0xf7, 0xf9, 0xf9, 0xfa, 0xfa, 0xfb, 0xfc, 0xfc, 0xfd, 0xfc,
  0xfc, 0xfd, 0xfd, 0xfc, 0xfb, 0xfc, 0xfd, 0xfc, 0xfb, 0xfc, 0xfb, 0xfa,
  0xfa, 0xfb, 0xfb, 0xfb, 0xfb, 0xfa, 0xfb, 0xfa, 0xf9, 0xfa, 0xfa, 0xf9,
  0xf9, 0xf9, 0xfa, 0xfa, 0xfa, 0xf9, 0xf8, 0xf4, 0xfd, 0xf3, 0x79, 0x0d,
  0x02, 0x0b, 0x03, 0x04, 0x03, 0x02, 0x02, 0x00, 0x01, 0x00, 0x00, 0x00,
  0x00, 0x00, 0x00, 0x00, 0x00, 0x00, 0x00, 0x00, 0x00, 0x00, 0x00, 0x00,
  0x00, 0x00, 0x00, 0x01, 0x03, 0x02, 0x00, 0x3c, 0xd5, 0xfe, 0xf4, 0xf9,
  0xfb, 0xfc, 0xfd, 0xfd, 0xfc, 0xfc, 0xfc, 0xfd, 0xfc, 0xfc, 0xfd, 0xfc,
  0xfc, 0xfc, 0xfd, 0xfc, 0xfb, 0xfc, 0xfc, 0xfc, 0xfc, 0xfc, 0xfb, 0xfa,
  0xfb, 0xfb, 0xfb, 0xfa, 0xfb, 0xfb, 0xfb, 0xfb, 0xfb, 0xfa, 0xfa, 0xf9,
  0xf9, 0xfa, 0xfa, 0xf8, 0xf6, 0xf7, 0xff, 0x72, 0x05, 0x03, 0x07, 0x03,
  0x03, 0x01, 0x01, 0x00, 0x00, 0x00, 0x00, 0x00, 0x00, 0x00, 0x00, 0x00,
  0x00, 0x00, 0x00, 0x00, 0x00, 0x00, 0x00, 0x00, 0x00, 0x00, 0x00, 0x00,
  0x00, 0x00, 0x00, 0x00, 0x00, 0x00, 0x00, 0x00, 0x00, 0x00, 0x00, 0x00,
  0x00, 0x00, 0x00, 0x00, 0x00, 0x00, 0x00, 0x00, 0x00, 0x00, 0x00, 0x00,
  0x00, 0x00, 0x00, 0x00, 0x00, 0x00, 0x00, 0x00, 0x00, 0x00, 0x01, 0x01,
  0x01, 0x07, 0x00, 0x81, 0xf7, 0xff, 0xf6, 0xf8, 0xfa, 0xfc, 0xfd, 0xfc,
  0xfc, 0xfc, 0xfc, 0xfc, 0xfc, 0xfb, 0xfa, 0xfb, 0xfb, 0xfa, 0xfb, 0xfa,
  0xfb, 0xfc, 0xfb, 0xfb, 0xfc, 0xfc, 0xfc, 0xfc, 0xfb, 0xfc, 0xfd, 0xfd,
  0xfd, 0xfd, 0xfd, 0xfd, 0xfd, 0xfc, 0xfc, 0xfd, 0xfd, 0xfc, 0xfb, 0xfb,
  0xfa, 0xfb, 0xfb, 0xfa, 0xf9, 0xfa, 0xfa, 0xf9, 0xfa, 0xfa, 0xfa, 0xfb,
  0xfa, 0xf9, 0xfa, 0xfb, 0xfa, 0xfb, 0xfc, 0xfb, 0xfc, 0xfb, 0xfa, 0xfb,
  0xfc, 0xfc, 0xfb, 0xfb, 0xfb, 0xfc, 0xfc, 0xfb, 0xfc, 0xfc, 0xfc, 0xfb,
  0xfc, 0xfc, 0xfb, 0xfb, 0xfc, 0xfb, 0xfa, 0xfa, 0xfa, 0xfb, 0xfb, 0xfc,
  0xfc, 0xfc, 0xfb, 0xfc, 0xfb, 0xfa, 0xfb, 0xfa, 0xfb, 0xfc, 0xfc, 0xfc,
  0xfc, 0xfc, 0xfc, 0xfd, 0xfd, 0xfd, 0xfd, 0xfd, 0xfd, 0xfd, 0xfc, 0xfb,
  0xfa, 0xfa, 0xfa, 0xf9, 0xf9, 0xfa, 0xfa, 0xfa, 0xf9, 0xf8, 0xf5, 0xf6,
  0xff, 0xd9, 0x4d, 0x00, 0x0a, 0x07, 0x04, 0x02, 0x01, 0x02, 0x01, 0x00,
  0x00, 0x00, 0x00, 0x00, 0x00, 0x00, 0x00, 0x00, 0x00, 0x00, 0x00, 0x00,
  0x00, 0x00, 0x00, 0x00, 0x00, 0x00, 0x00, 0x00, 0x00, 0x00, 0x00, 0x00,
  0x00, 0x00, 0x00, 0x00, 0x00, 0x00, 0x00, 0x00, 0x00, 0x00, 0x00, 0x00,
  0x00, 0x00, 0x00, 0x00, 0x00, 0x03, 0x07, 0x09, 0x00, 0x13, 0xcd, 0xfc,
  0xf8, 0xf9, 0xfc, 0xfc, 0xfc, 0xfb, 0xfc, 0xfb, 0xfa, 0xfb, 0xfb, 0xfa,
  0xfb, 0xfa, 0xfa, 0xf9, 0xfa, 0xfa, 0xfa, 0xfa, 0xfb, 0xfb, 0xfa, 0xfb,
  0xfb, 0xfb, 0xfb, 0xfc, 0xfc, 0xfb, 0xfb, 0xfb, 0xfc, 0xfb, 0xfa, 0xfb,
  0xfa, 0xf9, 0xf9, 0xf9, 0xf9, 0xf9, 0xf9, 0xf9, 0xf9, 0xfa, 0xfb, 0xfc,
  0xfc, 0xfd, 0xfe, 0xfd, 0xfe, 0xfe, 0xfe, 0xfd, 0xfe, 0xfd, 0xfc, 0xfd,
  0xfd, 0xfc, 0xfb, 0xfc, 0xfb, 0xfb, 0xfa, 0xfa, 0xfa, 0xfa, 0xfb, 0xfb,
  0xfb, 0xfb, 0xfb, 0xfb, 0xfa, 0xfa, 0xfa, 0xfa, 0xfb, 0xfb, 0xfc, 0xfc,
  0xfb, 0xfc, 0xfb, 0xfb, 0xfb, 0xfc, 0xfc, 0xfb, 0xfb, 0xfb, 0xfb, 0xfb,
  0xfc, 0xfb, 0xfb, 0xfc, 0xfb, 0xfc, 0xfc, 0xfb, 0xfc, 0xfb, 0xfb, 0xfb,
  0xfb, 0xfb, 0xfb, 0xfa, 0xfb, 0xfb, 0xfc, 0xfd, 0xfe, 0xfe, 0xfe, 0xfe,
  0xfd, 0xfe, 0xfd, 0xfd, 0xfd, 0xfc, 0xfb, 0xfc, 0xfb, 0xfa, 0xf9, 0xf9,
  0xf9, 0xf9, 0xf9, 0xf9, 0xfa, 0xfb, 0xfa, 0xfb, 0xfb, 0xfc, 0xfd, 0xfd,
  0xfd, 0xfc, 0xfb, 0xfd, 0xfd, 0xfe, 0xfd, 0xfd, 0xfd, 0xfd, 0xfe, 0xfe,
  0xfd, 0xfd, 0xfd, 0xfb, 0xf9, 0xf8, 0xfe, 0xd7, 0x32, 0x00, 0x05, 0x06,
  0x02, 0x00, 0x00, 0x00, 0x00, 0x00, 0x00, 0x00, 0x00, 0x00, 0x00, 0x00,
  0x00, 0x00, 0x00, 0x00, 0x00, 0x00, 0x00, 0x00, 0x00, 0x00, 0x00, 0x00,
  0x00, 0x00, 0x00, 0x00, 0x00, 0x00, 0x00, 0x00, 0x00, 0x00, 0x00, 0x00,
  0x00, 0x00, 0x00, 0x00, 0x00, 0x00, 0x00, 0x00, 0x00, 0x00, 0x00, 0x00,
  0x00, 0x00, 0x01, 0x01, 0x01, 0x01, 0x03, 0x03, 0x08, 0x03, 0x05, 0x6e,
  0xfa, 0xfb, 0xf7, 0xf8, 0xf9, 0xfa, 0xfa, 0xfa, 0xfb, 0xfb, 0xfb, 0xfa,
  0xfb, 0xfb, 0xfa, 0xfb, 0xfc, 0xfb, 0xfa, 0xfb, 0xfb, 0xfb, 0xfb, 0xfb,
  0xfb, 0xfb, 0xfc, 0xfc, 0xfc, 0xfc, 0xfc, 0xfc, 0xfc, 0xfb, 0xfc, 0xfd,
  0xfd, 0xfd, 0xfd, 0xfd, 0xfc, 0xfb, 0xfa, 0xfa, 0xf4, 0xff, 0xbd, 0x2f,
  0x00, 0x05, 0x06, 0x02, 0x00, 0x00, 0x00, 0x00, 0x00, 0x00, 0x00, 0x00,
  0x00, 0x00, 0x00, 0x00, 0x00, 0x00, 0x00, 0x00, 0x00, 0x00, 0x00, 0x00,
  0x01, 0x02, 0x02, 0x04, 0x03, 0x0a, 0x01, 0x0e, 0x80, 0xf8, 0xfc, 0xf5,
  0xf8, 0xf9, 0xfa, 0xfa, 0xfa, 0xf9, 0xfa, 0xfb, 0xfb, 0xfb, 0xfb, 0xfc,
  0xfa, 0xfb, 0xfb, 0xfb, 0xfc, 0xfc, 0xfc, 0xfb, 0xfb, 0xfc, 0xfd, 0xfc,
  0xfb, 0xfc, 0xfd, 0xfc, 0xfc, 0xfc, 0xfc, 0xfc, 0xfd, 0xfc, 0xfd, 0xfe,
  0xfd, 0xfd, 0xfb, 0xf9, 0xf7, 0xf5, 0xfb, 0xeb, 0x66, 0x03, 0x00, 0x07,
  0x04, 0x02, 0x00, 0x00, 0x00, 0x00, 0x00, 0x00, 0x00, 0x00, 0x00, 0x00,
  0x00, 0x00, 0x00, 0x00, 0x00, 0x00, 0x00, 0x00, 0x00, 0x00, 0x00, 0x00,
  0x00, 0x00, 0x00, 0x00, 0x00, 0x00, 0x00, 0x00, 0x00, 0x00, 0x00, 0x00,
  0x00, 0x00, 0x00, 0x00, 0x00, 0x00, 0x00, 0x00, 0x00, 0x00, 0x00, 0x00,
  0x00, 0x00, 0x00, 0x00, 0x00, 0x00, 0x00, 0x00, 0x00, 0x00, 0x00, 0x00,
  0x00, 0x00, 0x00, 0x00, 0x00, 0x00, 0x00, 0x00, 0x00, 0x00, 0x00, 0x00,
  0x00, 0x00, 0x00, 0x00, 0x00, 0x00, 0x00, 0x00, 0x00, 0x00, 0x00, 0x00,
  0x00, 0x00, 0x00, 0x00, 0x00, 0x00, 0x00, 0x00, 0x01, 0x01, 0x01, 0x00,
  0x05, 0x01, 0x00, 0x51, 0xe2, 0xfd, 0xf2, 0xf5, 0xf7, 0xf9, 0xfa, 0xfa,
  0xfb, 0xfb, 0xfc, 0xfb, 0xfc, 0xfd, 0xfc, 0xfc, 0xfc, 0xfd, 0xfc, 0xfb,
  0xfb, 0xfb, 0xfc, 0xfb, 0xfc, 0xfb, 0xfa, 0xfa, 0xfb, 0xfb, 0xfb, 0xfb,
  0xfa, 0xfb, 0xfa, 0xfa, 0xfb, 0xfa, 0xf9, 0xfa, 0xf9, 0xf9, 0xf9, 0xf7,
  0xf4, 0xf4, 0xfe, 0xb1, 0x25, 0x00, 0x0a, 0x05, 0x03, 0x02, 0x02, 0x02,
  0x01, 0x01, 0x00, 0x00, 0x00, 0x00, 0x00, 0x00, 0x00, 0x00, 0x00, 0x00,
  0x00, 0x00, 0x00, 0x00, 0x00, 0x00, 0x00, 0x00, 0x00, 0x02, 0x06, 0x08,
  0x00, 0x09, 0x74, 0xfc, 0xf6, 0xf9, 0xfc, 0xfd, 0xfe, 0xfd, 0xfc, 0xfd,
  0xfd, 0xfd, 0xfc, 0xfc, 0xfd, 0xfc, 0xfd, 0xfc, 0xfd, 0xfc, 0xfb, 0xfc,
  0xfc, 0xfc, 0xfc, 0xfb, 0xfb, 0xfa, 0xfa, 0xfa, 0xfa, 0xfa, 0xfa, 0xfa,
  0xfa, 0xfa, 0xfb, 0xfa, 0xf9, 0xf9, 0xfa, 0xfb, 0xfb, 0xf9, 0xf6, 0xf4,
  0xfd, 0xd2, 0x37, 0x00, 0x0b, 0x04, 0x03, 0x02, 0x01, 0x00, 0x00, 0x00,
  0x00, 0x00, 0x00, 0x00, 0x00, 0x00, 0x00, 0x00, 0x00, 0x00, 0x00, 0x00,
  0x00, 0x00, 0x00, 0x00, 0x00, 0x00, 0x00, 0x00, 0x00, 0x00, 0x00, 0x00,
  0x00, 0x00, 0x00, 0x00, 0x00, 0x00, 0x00, 0x00, 0x00, 0x00, 0x00, 0x00,
  0x00, 0x00, 0x00, 0x00, 0x00, 0x00, 0x00, 0x00, 0x00, 0x00, 0x00, 0x00,
  0x00, 0x00, 0x00, 0x00, 0x01, 0x01, 0x01, 0x07, 0x00, 0x80, 0xf7, 0xff,
  0xf6, 0xf8, 0xfa, 0xfc, 0xfd, 0xfc, 0xfc, 0xfc, 0xfc, 0xfb, 0xfc, 0xfb,
  0xfa, 0xfb, 0xfb, 0xfb, 0xfb, 0xfa, 0xfb, 0xfc, 0xfb, 0xfc, 0xfb, 0xfc,
  0xfb, 0xfc, 0xfb, 0xfc, 0xfd, 0xfc, 0xfc, 0xfd, 0xfd, 0xfc, 0xfd, 0xfc,
  0xfb, 0xfc, 0xfc, 0xfc, 0xfb, 0xfa, 0xfb, 0xfa, 0xfb, 0xfa, 0xf9, 0xfa,
  0xfa, 0xfb, 0xfa, 0xf9, 0xfa, 0xfb, 0xfb, 0xfa, 0xfa, 0xfb, 0xfa, 0xfb,
  0xfb, 0xfb, 0xfb, 0xfb, 0xfa, 0xfb, 0xfb, 0xfc, 0xfb, 0xfa, 0xfb, 0xfc,
  0xfb, 0xfb, 0xfb, 0xfb, 0xfb, 0xfc, 0xfb, 0xfb, 0xfc, 0xfb, 0xfa, 0xfa,
  0xfb, 0xfb, 0xfb, 0xfb, 0xfb, 0xfb, 0xfb, 0xfb, 0xfb, 0xfc, 0xfb, 0xfa,
  0xfb, 0xfb, 0xfa, 0xfb, 0xfc, 0xfc, 0xfc, 0xfd, 0xfd, 0xfc, 0xfc, 0xfc,
  0xfc, 0xfc, 0xfc, 0xfd, 0xfc, 0xfb, 0xfa, 0xf9, 0xf9, 0xfa, 0xf9, 0xfb,
  0xfa, 0xfa, 0xf9, 0xf8, 0xf5, 0xf5, 0xff, 0xd9, 0x4d, 0x00, 0x09, 0x06,
  0x04, 0x02, 0x01, 0x02, 0x01, 0x00, 0x00, 0x00, 0x00, 0x00, 0x00, 0x00,
  0x00, 0x00, 0x00, 0x00, 0x00, 0x00, 0x00, 0x00, 0x00, 0x00, 0x00, 0x00,
  0x00, 0x00, 0x00, 0x00, 0x00, 0x00, 0x00, 0x00, 0x00, 0x00, 0x00, 0x00,
  0x00, 0x00, 0x00, 0x00, 0x00, 0x00, 0x00, 0x00, 0x00, 0x00, 0x01, 0x04,
  0x07, 0x09, 0x00, 0x13, 0xcd, 0xfc, 0xf9, 0xf9, 0xfb, 0xfc, 0xfc, 0xfb,
  0xfc, 0xfb, 0xfa, 0xfb, 0xfc, 0xfa, 0xfa, 0xfb, 0xfa, 0xfa, 0xfa, 0xf9,
  0xfa, 0xfb, 0xfb, 0xfb, 0xfa, 0xfb, 0xfa, 0xfb, 0xfb, 0xfc, 0xfb, 0xfc,
  0xfc, 0xfb, 0xfc, 0xfb, 0xfa, 0xfb, 0xfa, 0xfa, 0xfa, 0xfa, 0xfa, 0xfa,
  0xfa, 0xfa, 0xf9, 0xfa, 0xfa, 0xfb, 0xfc, 0xfd, 0xfd, 0xfd, 0xfd, 0xfd,
  0xfd, 0xfd, 0xfe, 0xfd, 0xfc, 0xfd, 0xfc, 0xfb, 0xfc, 0xfc, 0xfc, 0xfb,
  0xfb, 0xfb, 0xfb, 0xfa, 0xfa, 0xfa, 0xfa, 0xfa, 0xfa, 0xfa, 0xfb, 0xfa,
  0xf9, 0xfa, 0xfb, 0xfa, 0xfb, 0xfc, 0xfb, 0xfb, 0xfc, 0xfc, 0xfc, 0xfb,
  0xfc, 0xfb, 0xfa, 0xfb, 0xfb, 0xfb, 0xfb, 0xfa, 0xfb, 0xfc, 0xfb, 0xfc,
  0xfc, 0xfb, 0xfc, 0xfc, 0xfb, 0xfa, 0xfb, 0xfb, 0xfa, 0xfb, 0xfa, 0xfa,
  0xfb, 0xfc, 0xfd, 0xfd, 0xfd, 0xfd, 0xfd, 0xfd, 0xfc, 0xfc, 0xfd, 0xfc,
  0xfc, 0xfb, 0xfa, 0xfb, 0xfa, 0xf9, 0xfa, 0xfa, 0xfa, 0xfa, 0xfa, 0xfa,
  0xfa, 0xfa, 0xfb, 0xfb, 0xfc, 0xfd, 0xfc, 0xfc, 0xfc, 0xfd, 0xfc, 0xfd,
  0xfe, 0xfe, 0xfe, 0xfd, 0xfd, 0xfe, 0xfe, 0xfd, 0xfc, 0xfb, 0xfa, 0xff,
  0xf4, 0x83, 0x08, 0x00, 0x06, 0x04, 0x02, 0x00, 0x00, 0x00, 0x00, 0x00,
  0x00, 0x00, 0x00, 0x00, 0x00, 0x00, 0x00, 0x00, 0x00, 0x00, 0x00, 0x00,
  0x00, 0x00, 0x00, 0x00, 0x00, 0x00, 0x00, 0x00, 0x00, 0x00, 0x00, 0x00,
  0x00, 0x00, 0x00, 0x00, 0x00, 0x00, 0x00, 0x00, 0x00, 0x00, 0x00, 0x00,
  0x00, 0x00, 0x00, 0x00, 0x00, 0x00, 0x00, 0x00, 0x01, 0x01, 0x01, 0x02,
  0x03, 0x04, 0x07, 0x00, 0x31, 0xd6, 0xfd, 0xf9, 0xf8, 0xf7, 0xf9, 0xfa,
  0xfb, 0xfa, 0xfb, 0xfc, 0xfb, 0xfa, 0xfb, 0xfb, 0xfa, 0xfb, 0xfb, 0xfc,
  0xfb, 0xfb, 0xfc, 0xfc, 0xfb, 0xfa, 0xfa, 0xfb, 0xfc, 0xfb, 0xfc, 0xfc,
  0xfc, 0xfd, 0xfc, 0xfb, 0xfc, 0xfc, 0xfd, 0xfe, 0xfe, 0xfe, 0xfc, 0xfa,
  0xfa, 0xf9, 0xfa, 0xf9, 0x61, 0x03, 0x00, 0x04, 0x04, 0x02, 0x00, 0x00,
  0x00, 0x00, 0x00, 0x00, 0x00, 0x00, 0x00, 0x00, 0x00, 0x00, 0x00, 0x00,
  0x00, 0x00, 0x00, 0x00, 0x00, 0x00, 0x00, 0x01, 0x02, 0x03, 0x03, 0x04,
  0x04, 0x00, 0x2b, 0xbc, 0xff, 0xf4, 0xf6, 0xf7, 0xf9, 0xfa, 0xf9, 0xfa,
  0xfb, 0xfa, 0xfb, 0xfc, 0xfb, 0xfb, 0xfa, 0xfb, 0xfc, 0xfc, 0xfb, 0xfc,
  0xfc, 0xfb, 0xfc, 0xfd, 0xfc, 0xfb, 0xfc, 0xfd, 0xfc, 0xfd, 0xfd, 0xfd,
  0xfd, 0xfd, 0xfc, 0xfc, 0xfd, 0xfd, 0xfc, 0xfd, 0xfc, 0xfa, 0xfa, 0xf8,
  0xf5, 0xff, 0xc3, 0x28, 0x00, 0x0a, 0x08, 0x03, 0x01, 0x00, 0x00, 0x00,
  0x00, 0x00, 0x00, 0x00, 0x00, 0x00, 0x00, 0x00, 0x00, 0x00, 0x00, 0x00,
  0x00, 0x00, 0x00, 0x00, 0x00, 0x00, 0x00, 0x00, 0x00, 0x00, 0x00, 0x00,
  0x00, 0x00, 0x00, 0x00, 0x00, 0x00, 0x00, 0x00, 0x00, 0x00, 0x00, 0x00,
  0x00, 0x00, 0x00, 0x00, 0x00, 0x00, 0x00, 0x00, 0x00, 0x00, 0x00, 0x00,
  0x00, 0x00, 0x00, 0x00, 0x00, 0x00, 0x00, 0x00, 0x00, 0x00, 0x00, 0x00,
  0x00, 0x00, 0x00, 0x00, 0x00, 0x00, 0x00, 0x00, 0x00, 0x00, 0x00, 0x00,
  0x00, 0x00, 0x00, 0x00, 0x00, 0x00, 0x00, 0x00, 0x00, 0x00, 0x00, 0x00,
  0x00, 0x00, 0x00, 0x01, 0x02, 0x02, 0x08, 0x00, 0x21, 0xb7, 0xff, 0xf7,
  0xf5, 0xf6, 0xf8, 0xf9, 0xf9, 0xfa, 0xfb, 0xfa, 0xfb, 0xfc, 0xfc, 0xfd,
  0xfc, 0xfd, 0xfd, 0xfc, 0xfc, 0xfd, 0xfc, 0xfb, 0xfc, 0xfb, 0xfb, 0xfc,
  0xfb, 0xfa, 0xfb, 0xfb, 0xfb, 0xfb, 0xfa, 0xfb, 0xfa, 0xf9, 0xf9, 0xf9,
  0xfa, 0xf9, 0xf8, 0xf9, 0xf8, 0xf6, 0xf0, 0xfe, 0xdc, 0x54, 0x03, 0x04,
  0x08, 0x02, 0x02, 0x01, 0x01, 0x02, 0x01, 0x01, 0x00, 0x00, 0x00, 0x00,
  0x00, 0x00, 0x00, 0x00, 0x00, 0x00, 0x00, 0x00, 0x00, 0x00, 0x00, 0x00,
  0x00, 0x00, 0x00, 0x01, 0x04, 0x07, 0x03, 0x00, 0x2a, 0xc1, 0xff, 0xf8,
  0xf9, 0xfb, 0xfc, 0xfd, 0xfe, 0xfe, 0xfd, 0xfc, 0xfd, 0xfd, 0xfd, 0xfd,
  0xfd, 0xfc, 0xfd, 0xfc, 0xfc, 0xfc, 0xfb, 0xfc, 0xfb, 0xfc, 0xfb, 0xfa,
  0xfb, 0xfa, 0xfa, 0xf9, 0xf9, 0xf9, 0xf9, 0xf9, 0xf9, 0xfa, 0xf9, 0xfa,
  0xfb, 0xfc, 0xfb, 0xfa, 0xf7, 0xf6, 0xf9, 0xff, 0x8b, 0x10, 0x02, 0x08,
  0x03, 0x03, 0x01, 0x00, 0x00, 0x00, 0x00, 0x00, 0x00, 0x00, 0x00, 0x00,
  0x00, 0x00, 0x00, 0x00, 0x00, 0x00, 0x00, 0x00, 0x00, 0x00, 0x00, 0x00,
  0x00, 0x00, 0x00, 0x00, 0x00, 0x00, 0x00, 0x00, 0x00, 0x00, 0x00, 0x00,
  0x00, 0x00, 0x00, 0x00, 0x00, 0x00, 0x00, 0x00, 0x00, 0x00, 0x00, 0x00,
  0x00, 0x00, 0x00, 0x00, 0x00, 0x00, 0x00, 0x00, 0x00, 0x00, 0x01, 0x01,
  0x01, 0x07, 0x00, 0x80, 0xf6, 0xff, 0xf6, 0xf8, 0xfa, 0xfc, 0xfd, 0xfc,
  0xfb, 0xfb, 0xfc, 0xfb, 0xfc, 0xfb, 0xfa, 0xfa, 0xfb, 0xfb, 0xfa, 0xfa,
  0xfb, 0xfc, 0xfb, 0xfc, 0xfb, 0xfc, 0xfb, 0xfb, 0xfc, 0xfb, 0xfc, 0xfb,
  0xfc, 0xfd, 0xfc, 0xfc, 0xfc, 0xfc, 0xfb, 0xfb, 0xfc, 0xfb, 0xfb, 0xfc,
  0xfb, 0xfa, 0xfb, 0xfa, 0xf9, 0xfa, 0xf9, 0xfa, 0xfa, 0xfa, 0xfb, 0xfa,
  0xfb, 0xfb, 0xfb, 0xfb, 0xfa, 0xfb, 0xfc, 0xfb, 0xfc, 0xfc, 0xfc, 0xfb,
  0xfa, 0xfa, 0xfb, 0xfa, 0xfb, 0xfc, 0xfc, 0xfb, 0xfa, 0xfa, 0xfb, 0xfc,
  0xfc, 0xfb, 0xfc, 0xfb, 0xfa, 0xfa, 0xfb, 0xfc, 0xfc, 0xfc, 0xfc, 0xfa,
  0xfa, 0xfa, 0xfb, 0xfb, 0xfa, 0xfb, 0xfa, 0xfb, 0xfa, 0xfb, 0xfc, 0xfb,
  0xfb, 0xfc, 0xfd, 0xfc, 0xfb, 0xfc, 0xfb, 0xfb, 0xfb, 0xfb, 0xfc, 0xfb,
  0xfa, 0xfa, 0xfa, 0xf9, 0xfa, 0xfb, 0xfa, 0xfb, 0xfa, 0xf9, 0xf5, 0xf5,
  0xff, 0xdb, 0x4f, 0x00, 0x09, 0x07, 0x04, 0x02, 0x01, 0x02, 0x01, 0x00,
  0x00, 0x00, 0x00, 0x00, 0x00, 0x00, 0x00, 0x00, 0x00, 0x00, 0x00, 0x00,
  0x00, 0x00, 0x00, 0x00, 0x00, 0x00, 0x00, 0x00, 0x00, 0x00, 0x00, 0x00,
  0x00, 0x00, 0x00, 0x00, 0x00, 0x00, 0x00, 0x00, 0x00, 0x00, 0x00, 0x00,
  0x00, 0x00, 0x00, 0x00, 0x00, 0x03, 0x07, 0x09, 0x00, 0x13, 0xcd, 0xfc,
  0xf8, 0xf9, 0xfc, 0xfc, 0xfb, 0xfb, 0xfc, 0xfb, 0xfa, 0xfb, 0xfb, 0xfa,
  0xfa, 0xfa, 0xfb, 0xfb, 0xfb, 0xfb, 0xfb, 0xfb, 0xfa, 0xfb, 0xfc, 0xfb,
  0xfc, 0xfc, 0xfc, 0xfb, 0xfc, 0xfb, 0xfc, 0xfb, 0xfa, 0xfb, 0xfb, 0xfa,
  0xfb, 0xfb, 0xfb, 0xfb, 0xfb, 0xfb, 0xfb, 0xfb, 0xfb, 0xfb, 0xfa, 0xfb,
  0xfc, 0xfd, 0xfc, 0xfc, 0xfc, 0xfc, 0xfc, 0xfc, 0xfc, 0xfd, 0xfd, 0xfc,
  0xfd, 0xfd, 0xfd, 0xfc, 0xfb, 0xfc, 0xfc, 0xfc, 0xfc, 0xfb, 0xfa, 0xfb,
  0xfb, 0xfb, 0xfb, 0xfb, 0xfb, 0xfb, 0xfb, 0xfb, 0xfb, 0xfa, 0xfb, 0xfc,
  0xfc, 0xfb, 0xfc, 0xfd, 0xfc, 0xfb, 0xfc, 0xfb, 0xfc, 0xfc, 0xfc, 0xfc,
  0xfc, 0xfc, 0xfb, 0xfb, 0xfc, 0xfb, 0xfb, 0xfc, 0xfb, 0xfc, 0xfb, 0xfb,
  0xfa, 0xfb, 0xfa, 0xfa, 0xfb, 0xfa, 0xfb, 0xfc, 0xfc, 0xfd, 0xfc, 0xfc,
  0xfc, 0xfc, 0xfd, 0xfc, 0xfd, 0xfc, 0xfc, 0xfb, 0xfa, 0xfb, 0xfa, 0xfb,
  0xfb, 0xfb, 0xfb, 0xfb, 0xfb, 0xfa, 0xf9, 0xfa, 0xfa, 0xfb, 0xfc, 0xfb,
  0xfb, 0xfc, 0xfd, 0xfc, 0xfd, 0xfd, 0xfd, 0xfe, 0xfe, 0xfd, 0xfd, 0xfe,
  0xfe, 0xfc, 0xfa, 0xf9, 0xfc, 0xff, 0xc7, 0x1f, 0x00, 0x02, 0x03, 0x04,
  0x02, 0x00, 0x00, 0x00, 0x00, 0x00, 0x00, 0x00, 0x00, 0x00, 0x00, 0x00,
  0x00, 0x00, 0x00, 0x00, 0x00, 0x00, 0x00, 0x00, 0x00, 0x00, 0x00, 0x00,
  0x00, 0x00, 0x00, 0x00, 0x00, 0x00, 0x00, 0x00, 0x00, 0x00, 0x00, 0x00,
  0x00, 0x00, 0x00, 0x00, 0x00, 0x00, 0x00, 0x00, 0x00, 0x00, 0x00, 0x00,
  0x00, 0x00, 0x00, 0x01, 0x02, 0x03, 0x04, 0x08, 0x00, 0x0f, 0x85, 0xff,
  0xf9, 0xf9, 0xf9, 0xf9, 0xfa, 0xfb, 0xfa, 0xfb, 0xfa, 0xfa, 0xfa, 0xfb,
  0xfa, 0xfa, 0xfa, 0xfb, 0xfb, 0xfc, 0xfb, 0xfa, 0xfa, 0xfa, 0xfa, 0xfb,
  0xfb, 0xfa, 0xfb, 0xfc, 0xfb, 0xfb, 0xfb, 0xfc, 0xfb, 0xfc, 0xfd, 0xfc,
  0xfd, 0xfe, 0xff, 0xfe, 0xfd, 0xfa, 0xf8, 0xf6, 0xff, 0xa2, 0x1e, 0x00,
  0x04, 0x04, 0x02, 0x01, 0x00, 0x00, 0x00, 0x00, 0x00, 0x00, 0x00, 0x00,
  0x00, 0x00, 0x00, 0x00, 0x00, 0x00, 0x00, 0x00, 0x00, 0x00, 0x00, 0x00,
  0x01, 0x00, 0x01, 0x02, 0x01, 0x01, 0x06, 0x01, 0x07, 0x61, 0xe6, 0xfe,
  0xf2, 0xf6, 0xf7, 0xf8, 0xf9, 0xf9, 0xfa, 0xfb, 0xfa, 0xfa, 0xfa, 0xfa,
  0xfa, 0xfb, 0xfb, 0xfc, 0xfb, 0xfc, 0xfd, 0xfd, 0xfc, 0xfb, 0xfc, 0xfd,
  0xfc, 0xfc, 0xfd, 0xfe, 0xfe, 0xfe, 0xfd, 0xfd, 0xfc, 0xfc, 0xfd, 0xfc,
  0xfd, 0xfc, 0xfb, 0xfb, 0xfa, 0xf9, 0xf5, 0xfb, 0xef, 0x78, 0x0b, 0x01,
  0x0a, 0x02, 0x01, 0x00, 0x00, 0x00, 0x00, 0x00, 0x00, 0x00, 0x00, 0x00,
  0x00, 0x00, 0x00, 0x00, 0x00, 0x00, 0x00, 0x00, 0x00, 0x00, 0x00, 0x00,
  0x00, 0x00, 0x00, 0x00, 0x00, 0x00, 0x00, 0x00, 0x00, 0x00, 0x00, 0x00,
  0x00, 0x00, 0x00, 0x00, 0x00, 0x00, 0x00, 0x00, 0x00, 0x00, 0x00, 0x00,
  0x00, 0x00, 0x00, 0x00, 0x00, 0x00, 0x00, 0x00, 0x00, 0x00, 0x00, 0x00,
  0x00, 0x00, 0x00, 0x00, 0x00, 0x00, 0x00, 0x00, 0x00, 0x00, 0x00, 0x00,
  0x00, 0x00, 0x00, 0x00, 0x00, 0x00, 0x00, 0x00, 0x00, 0x00, 0x00, 0x00,
  0x00, 0x00, 0x00, 0x00, 0x00, 0x00, 0x00, 0x00, 0x00, 0x03, 0x04, 0x09,
  0x00, 0x0a, 0x74, 0xf2, 0xfc, 0xf8, 0xf9, 0xf9, 0xf9, 0xf9, 0xfa, 0xfb,
  0xfa, 0xfb, 0xfa, 0xfb, 0xfc, 0xfd, 0xfd, 0xfd, 0xfc, 0xfd, 0xfc, 0xfd,
  0xfc, 0xfb, 0xfc, 0xfb, 0xfb, 0xfb, 0xfc, 0xfb, 0xfa, 0xfb, 0xfb, 0xfb,
  0xfb, 0xfb, 0xfa, 0xf9, 0xf9, 0xfa, 0xf9, 0xf8, 0xf8, 0xf9, 0xf8, 0xf5,
  0xf6, 0xf8, 0x8f, 0x12, 0x00, 0x06, 0x04, 0x03, 0x01, 0x00, 0x01, 0x02,
  0x01, 0x01, 0x01, 0x00, 0x00, 0x00, 0x00, 0x00, 0x00, 0x00, 0x00, 0x00,
  0x00, 0x00, 0x00, 0x00, 0x00, 0x00, 0x00, 0x00, 0x00, 0x00, 0x02, 0x03,
  0x03, 0x00, 0x04, 0x64, 0xfb, 0xfb, 0xf5, 0xf7, 0xfa, 0xfd, 0xfe, 0xfe,
  0xfd, 0xfc, 0xfd, 0xfd, 0xfd, 0xfd, 0xfd, 0xfd, 0xfd, 0xfc, 0xfd, 0xfc,
  0xfb, 0xfb, 0xfc, 0xfb, 0xfa, 0xfb, 0xfa, 0xfb, 0xfa, 0xfb, 0xfa, 0xf9,
  0xfa, 0xf9, 0xf9, 0xfa, 0xf9, 0xfa, 0xfb, 0xfc, 0xfb, 0xfb, 0xfa, 0xfa,
  0xfb, 0xff, 0xed, 0x56, 0x00, 0x0c, 0x05, 0x04, 0x02, 0x00, 0x00, 0x00,
  0x00, 0x00, 0x00, 0x00, 0x00, 0x00, 0x00, 0x00, 0x00, 0x00, 0x00, 0x00,
  0x00, 0x00, 0x00, 0x00, 0x00, 0x00, 0x00, 0x00, 0x00, 0x00, 0x00, 0x00,
  0x00, 0x00, 0x00, 0x00, 0x00, 0x00, 0x00, 0x00, 0x00, 0x00, 0x00, 0x00,
  0x00, 0x00, 0x00, 0x00, 0x00, 0x00, 0x00, 0x00, 0x00, 0x00, 0x00, 0x00,
  0x00, 0x00, 0x00, 0x00, 0x01, 0x01, 0x01, 0x07, 0x00, 0x7f, 0xf6, 0xff,
  0xf6, 0xf8, 0xfa, 0xfc, 0xfd, 0xfc, 0xfb, 0xfb, 0xfc, 0xfc, 0xfb, 0xfa,
  0xfb, 0xfa, 0xfb, 0xfb, 0xfa, 0xfa, 0xfb, 0xfc, 0xfb, 0xfb, 0xfc, 0xfb,
  0xfa, 0xfb, 0xfc, 0xfb, 0xfc, 0xfc, 0xfc, 0xfc, 0xfc, 0xfc, 0xfc, 0xfb,
  0xfc, 0xfc, 0xfb, 0xfc, 0xfb, 0xfc, 0xfb, 0xfa, 0xfb, 0xfa, 0xf9, 0xfa,
  0xf9, 0xfa, 0xf9, 0xfa, 0xf9, 0xfa, 0xfb, 0xfa, 0xfb, 0xfa, 0xfa, 0xfa,
  0xfa, 0xfb, 0xfb, 0xfc, 0xfc, 0xfb, 0xfa, 0xfb, 0xfb, 0xfa, 0xfb, 0xfc,
  0xfc, 0xfb, 0xfa, 0xfa, 0xfb, 0xfb, 0xfc, 0xfc, 0xfc, 0xfb, 0xfa, 0xfb,
  0xfa, 0xfb, 0xfc, 0xfc, 0xfb, 0xfa, 0xfa, 0xfa, 0xfb, 0xfa, 0xfa, 0xfa,
  0xfa, 0xfa, 0xfa, 0xfb, 0xfc, 0xfc, 0xfb, 0xfb, 0xfc, 0xfc, 0xfb, 0xfc,
  0xfb, 0xfc, 0xfb, 0xfa, 0xfb, 0xfb, 0xfb, 0xfb, 0xfa, 0xfb, 0xfa, 0xf9,
  0xfa, 0xfa, 0xfb, 0xfa, 0xf5, 0xf5, 0xff, 0xdd, 0x51, 0x00, 0x09, 0x07,
  0x04, 0x03, 0x02, 0x02, 0x01, 0x00, 0x00, 0x00, 0x01, 0x00, 0x00, 0x00,
  0x00, 0x00, 0x00, 0x00, 0x00, 0x00, 0x00, 0x00, 0x00, 0x00, 0x00, 0x00,
  0x00, 0x00, 0x00, 0x00, 0x00, 0x00, 0x00, 0x00, 0x00, 0x00, 0x00, 0x00,
  0x00, 0x00, 0x00, 0x00, 0x00, 0x00, 0x00, 0x00, 0x00, 0x00, 0x00, 0x03,
  0x07, 0x09, 0x00, 0x12, 0xcd, 0xfc, 0xf9, 0xf9, 0xfa, 0xfb, 0xfc, 0xfb,
  0xfc, 0xfb, 0xfa, 0xfb, 0xfb, 0xfa, 0xfa, 0xfa, 0xfa, 0xfa, 0xfa, 0xfa,
  0xfa, 0xfb, 0xfa, 0xfb, 0xfc, 0xfb, 0xfb, 0xfb, 0xfc, 0xfb, 0xfc, 0xfc,
  0xfc, 0xfb, 0xfa, 0xfb, 0xfb, 0xfa, 0xfa, 0xfa, 0xfa, 0xfa, 0xfb, 0xfb,
  0xfb, 0xfb, 0xfa, 0xfb, 0xfa, 0xfb, 0xfc, 0xfc, 0xfd, 0xfc, 0xfd, 0xfd,
  0xfd, 0xfd, 0xfd, 0xfd, 0xfd, 0xfc, 0xfd, 0xfc, 0xfd, 0xfc, 0xfb, 0xfc,
  0xfc, 0xfc, 0xfc, 0xfc, 0xfb, 0xfc, 0xfb, 0xfc, 0xfb, 0xfa, 0xfb, 0xfb,
  0xfb, 0xfb, 0xfb, 0xfb, 0xfa, 0xfb, 0xfc, 0xfb, 0xfc, 0xfc, 0xfb, 0xfb,
  0xfb, 0xfb, 0xfb, 0xfb, 0xfb, 0xfb, 0xfc, 0xfb, 0xfa, 0xfb, 0xfc, 0xfb,
  0xfc, 0xfb, 0xfc, 0xfc, 0xfc, 0xfb, 0xfc, 0xfb, 0xfa, 0xfa, 0xfb, 0xfa,
  0xfb, 0xfc, 0xfc, 0xfd, 0xfc, 0xfd, 0xfd, 0xfd, 0xfd, 0xfc, 0xfd, 0xfc,
  0xfc, 0xfb, 0xfa, 0xfb, 0xfa, 0xfa, 0xfa, 0xfa, 0xfb, 0xfa, 0xfb, 0xfa,
  0xf9, 0xfa, 0xfb, 0xfa, 0xfb, 0xfc, 0xfb, 0xfc, 0xfd, 0xfd, 0xfd, 0xfc,
  0xfd, 0xff, 0xfe, 0xfd, 0xfe, 0xfe, 0xfe, 0xfb, 0xf7, 0xf6, 0xfe, 0xeb,
  0x6c, 0x03, 0x02, 0x04, 0x02, 0x01, 0x00, 0x00, 0x00, 0x00, 0x00, 0x00,
  0x00, 0x00, 0x00, 0x00, 0x00, 0x00, 0x00, 0x00, 0x00, 0x00, 0x00, 0x00,
  0x00, 0x00, 0x00, 0x00, 0x00, 0x00, 0x00, 0x00, 0x00, 0x00, 0x00, 0x00,
  0x00, 0x00, 0x00, 0x00, 0x00, 0x00, 0x00, 0x00, 0x00, 0x00, 0x00, 0x00,
  0x00, 0x00, 0x00, 0x00, 0x00, 0x00, 0x00, 0x00, 0x01, 0x00, 0x02, 0x05,
  0x06, 0x0a, 0x00, 0x4b, 0xe3, 0xfb, 0xf7, 0xfa, 0xfb, 0xfb, 0xfb, 0xfa,
  0xfb, 0xfb, 0xfb, 0xfa, 0xfa, 0xfb, 0xfa, 0xfa, 0xfb, 0xfb, 0xfb, 0xfc,
  0xfb, 0xfa, 0xfb, 0xfb, 0xfa, 0xfb, 0xfb, 0xfa, 0xfb, 0xfc, 0xfc, 0xfc,
  0xfc, 0xfc, 0xfb, 0xfc, 0xfd, 0xfc, 0xfd, 0xfe, 0xff, 0xfe, 0xfc, 0xf8,
  0xf5, 0xfb, 0xec, 0x4f, 0x00, 0x01, 0x05, 0x02, 0x00, 0x00, 0x00, 0x00,
  0x00, 0x00, 0x00, 0x00, 0x00, 0x00, 0x00, 0x00, 0x00, 0x00, 0x00, 0x00,
  0x00, 0x00, 0x00, 0x00, 0x00, 0x00, 0x01, 0x01, 0x00, 0x00, 0x00, 0x02,
  0x05, 0x08, 0x00, 0x10, 0x98, 0xff, 0xf6, 0xf5, 0xf7, 0xf7, 0xf9, 0xfa,
  0xf9, 0xf9, 0xfa, 0xfb, 0xfa, 0xfa, 0xfa, 0xfb, 0xfb, 0xfc, 0xfb, 0xfc,
  0xfd, 0xfd, 0xfc, 0xfb, 0xfc, 0xfd, 0xfc, 0xfc, 0xfd, 0xfe, 0xfe, 0xfe,
  0xfd, 0xfd, 0xfc, 0xfc, 0xfd, 0xfd, 0xfc, 0xfb, 0xfa, 0xfa, 0xf9, 0xf9,
  0xf7, 0xf3, 0xff, 0xcf, 0x32, 0x00, 0x05, 0x00, 0x01, 0x01, 0x00, 0x00,
  0x00, 0x00, 0x00, 0x00, 0x00, 0x00, 0x00, 0x00, 0x00, 0x00, 0x00, 0x00,
  0x00, 0x00, 0x00, 0x00, 0x00, 0x00, 0x00, 0x00, 0x00, 0x00, 0x00, 0x00,
  0x00, 0x00, 0x00, 0x00, 0x00, 0x00, 0x00, 0x00, 0x00, 0x00, 0x00, 0x00,
  0x00, 0x00, 0x00, 0x00, 0x00, 0x00, 0x00, 0x00, 0x00, 0x00, 0x00, 0x00,
  0x00, 0x00, 0x00, 0x00, 0x00, 0x00, 0x00, 0x00, 0x00, 0x00, 0x00, 0x00,
  0x00, 0x00, 0x00, 0x00, 0x00, 0x00, 0x00, 0x00, 0x00, 0x00, 0x00, 0x00,
  0x00, 0x00, 0x00, 0x00, 0x01, 0x00, 0x00, 0x00, 0x00, 0x00, 0x00, 0x00,
  0x00, 0x00, 0x00, 0x02, 0x06, 0x0a, 0x00, 0x35, 0xcc, 0xff, 0xfa, 0xfa,
  0xfb, 0xfb, 0xfa, 0xfa, 0xfa, 0xfa, 0xfb, 0xfa, 0xfa, 0xfb, 0xfc, 0xfc,
  0xfc, 0xfc, 0xfd, 0xfd, 0xfc, 0xfc, 0xfd, 0xfc, 0xfb, 0xfc, 0xfd, 0xfc,
  0xfc, 0xfb, 0xfb, 0xfa, 0xfb, 0xfa, 0xf9, 0xfa, 0xfa, 0xf9, 0xfa, 0xf9,
  0xf8, 0xf9, 0xf8, 0xf8, 0xf6, 0xf4, 0xff, 0xc2, 0x2e, 0x00, 0x02, 0x02,
  0x02, 0x02, 0x00, 0x00, 0x01, 0x01, 0x01, 0x01, 0x00, 0x00, 0x00, 0x00,
  0x00, 0x00, 0x00, 0x00, 0x00, 0x00, 0x00, 0x00, 0x00, 0x00, 0x00, 0x00,
  0x00, 0x00, 0x00, 0x00, 0x00, 0x00, 0x00, 0x00, 0x00, 0x1e, 0xad, 0xfc,
  0xf6, 0xf4, 0xf9, 0xfd, 0xff, 0xfe, 0xfd, 0xfc, 0xfd, 0xfc, 0xfd, 0xfc,
  0xfc, 0xfb, 0xfc, 0xfd, 0xfd, 0xfc, 0xfb, 0xfc, 0xfb, 0xfb, 0xfc, 0xfb,
  0xfb, 0xfa, 0xfa, 0xfb, 0xfa, 0xf9, 0xf9, 0xfa, 0xfb, 0xfa, 0xf9, 0xfa,
  0xfb, 0xfc, 0xfc, 0xfc, 0xfd, 0xfd, 0xfd, 0xfb, 0xff, 0xae, 0x24, 0x02,
  0x0b, 0x05, 0x02, 0x00, 0x00, 0x00, 0x00, 0x00, 0x00, 0x00, 0x00, 0x00,
  0x00, 0x00, 0x00, 0x00, 0x00, 0x00, 0x00, 0x00, 0x00, 0x00, 0x00, 0x01,
  0x00, 0x00, 0x00, 0x00, 0x00, 0x00, 0x00, 0x00, 0x00, 0x00, 0x00, 0x00,
  0x00, 0x00, 0x00, 0x00, 0x00, 0x00, 0x00, 0x00, 0x00, 0x00, 0x00, 0x00,
  0x00, 0x00, 0x00, 0x00, 0x00, 0x00, 0x00, 0x00, 0x00, 0x00, 0x01, 0x01,
  0x01, 0x07, 0x00, 0x7e, 0xf6, 0xff, 0xf6, 0xf8, 0xfa, 0xfc, 0xfd, 0xfc,
  0xfb, 0xfc, 0xfb, 0xfa, 0xfb, 0xfb, 0xfb, 0xfc, 0xfb, 0xfa, 0xfb, 0xfb,
  0xfa, 0xfb, 0xfc, 0xfc, 0xfc, 0xfb, 0xfb, 0xfc, 0xfb, 0xfa, 0xfb, 0xfb,
  0xfb, 0xfb, 0xfb, 0xfc, 0xfb, 0xfc, 0xfd, 0xfc, 0xfb, 0xfc, 0xfc, 0xfb,
  0xfb, 0xfa, 0xfb, 0xfa, 0xf9, 0xf9, 0xfa, 0xfa, 0xfa, 0xfb, 0xfa, 0xf9,
  0xfa, 0xfa, 0xfb, 0xfc, 0xfb, 0xfb, 0xfb, 0xfb, 0xfb, 0xfa, 0xfb, 0xfb,
  0xfc, 0xfb, 0xfa, 0xfa, 0xfb, 0xfc, 0xfb, 0xfb, 0xfb, 0xfb, 0xfb, 0xfb,
  0xfc, 0xfc, 0xfb, 0xfa, 0xfb, 0xfc, 0xfb, 0xfb, 0xfb, 0xfb, 0xfb, 0xfb,
  0xfb, 0xfb, 0xfb, 0xfb, 0xfb, 0xfb, 0xfb, 0xfc, 0xfb, 0xfa, 0xfb, 0xfb,
  0xfb, 0xfb, 0xfc, 0xfb, 0xfc, 0xfb, 0xfa, 0xfb, 0xfb, 0xfa, 0xfa, 0xfb,
  0xfa, 0xfa, 0xfb, 0xfb, 0xfa, 0xf9, 0xfa, 0xfb, 0xfc, 0xfb, 0xf6, 0xf5,
  0xff, 0xde, 0x53, 0x00, 0x0a, 0x06, 0x04, 0x02, 0x02, 0x01, 0x00, 0x01,
  0x00, 0x00, 0x00, 0x00, 0x00, 0x00, 0x00, 0x00, 0x00, 0x00, 0x00, 0x00,
  0x00, 0x00, 0x00, 0x00, 0x00, 0x00, 0x00, 0x00, 0x00, 0x00, 0x00, 0x00,
  0x00, 0x00, 0x00, 0x00, 0x00, 0x00, 0x00, 0x00, 0x00, 0x00, 0x00, 0x00,
  0x00, 0x00, 0x00, 0x00, 0x00, 0x03, 0x07, 0x09, 0x00, 0x12, 0xcd, 0xfc,
  0xf9, 0xf9, 0xfa, 0xfb, 0xfa, 0xfb, 0xfc, 0xfb, 0xfb, 0xfb, 0xfc, 0xfb,
  0xfb, 0xfb, 0xfb, 0xfb, 0xfb, 0xfc, 0xfb, 0xfa, 0xfa, 0xfb, 0xfc, 0xfc,
  0xfd, 0xfc, 0xfc, 0xfb, 0xfc, 0xfc, 0xfc, 0xfb, 0xfa, 0xfb, 0xfc, 0xfb,
  0xfb, 0xfb, 0xfb, 0xfb, 0xfa, 0xfa, 0xfb, 0xfa, 0xfb, 0xfc, 0xfb, 0xfb,
  0xfc, 0xfb, 0xfc, 0xfc, 0xfc, 0xfc, 0xfc, 0xfc, 0xfc, 0xfb, 0xfc, 0xfd,
  0xfc, 0xfc, 0xfd, 0xfc, 0xfb, 0xfb, 0xfc, 0xfc, 0xfb, 0xfb, 0xfb, 0xfb,
  0xfb, 0xfb, 0xfb, 0xfa, 0xfb, 0xfa, 0xfa, 0xfb, 0xfb, 0xfb, 0xfa, 0xfa,
  0xfb, 0xfc, 0xfb, 0xfc, 0xfc, 0xfc, 0xfc, 0xfc, 0xfc, 0xfc, 0xfc, 0xfc,
  0xfb, 0xfc, 0xfb, 0xfa, 0xfb, 0xfb, 0xfb, 0xfc, 0xfb, 0xfb, 0xfc, 0xfc,
  0xfc, 0xfa, 0xfb, 0xfc, 0xfb, 0xfb, 0xfc, 0xfb, 0xfb, 0xfc, 0xfc, 0xfb,
  0xfc, 0xfc, 0xfc, 0xfc, 0xfc, 0xfc, 0xfc, 0xfb, 0xfb, 0xfb, 0xfb, 0xfb,
  0xfb, 0xfb, 0xfa, 0xfb, 0xfb, 0xfa, 0xfa, 0xfa, 0xfa, 0xfa, 0xfb, 0xfb,
  0xfc, 0xfc, 0xfc, 0xfc, 0xfc, 0xfc, 0xfe, 0xfe, 0xfe, 0xfe, 0xfe, 0xff,
  0xfe, 0xfa, 0xf6, 0xfa, 0xf9, 0xab, 0x0d, 0x06, 0x08, 0x04, 0x00, 0x00,
  0x00, 0x00, 0x00, 0x00, 0x00, 0x00, 0x00, 0x00, 0x00, 0x00, 0x00, 0x00,
  0x00, 0x00, 0x00, 0x00, 0x00, 0x00, 0x00, 0x00, 0x00, 0x00, 0x00, 0x00,
  0x00, 0x00, 0x00, 0x00, 0x00, 0x00, 0x00, 0x00, 0x00, 0x00, 0x00, 0x00,
  0x00, 0x00, 0x00, 0x00, 0x00, 0x00, 0x00, 0x00, 0x00, 0x00, 0x00, 0x00,
  0x00, 0x00, 0x01, 0x00, 0x02, 0x05, 0x0c, 0x01, 0x20, 0xa4, 0xff, 0xf7,
  0xf6, 0xfb, 0xfc, 0xfc, 0xfc, 0xfb, 0xfb, 0xfa, 0xfa, 0xfb, 0xfa, 0xfb,
  0xfa, 0xfa, 0xfa, 0xfb, 0xfc, 0xfb, 0xfa, 0xfb, 0xfb, 0xfb, 0xfa, 0xfb,
  0xfb, 0xfa, 0xfb, 0xfb, 0xfb, 0xfb, 0xfb, 0xfb, 0xfb, 0xfc, 0xfc, 0xfd,
  0xfc, 0xfd, 0xfe, 0xfe, 0xfc, 0xf6, 0xf5, 0xff, 0x8b, 0x15, 0x00, 0x09,
  0x05, 0x00, 0x00, 0x00, 0x00, 0x00, 0x00, 0x00, 0x00, 0x00, 0x00, 0x00,
  0x00, 0x00, 0x00, 0x00, 0x00, 0x00, 0x00, 0x00, 0x00, 0x00, 0x00, 0x01,
  0x01, 0x00, 0x00, 0x00, 0x00, 0x01, 0x03, 0x07, 0x04, 0x00, 0x3d, 0xcd,
  0xfe, 0xf4, 0xf6, 0xf8, 0xf9, 0xf9, 0xfa, 0xf9, 0xfa, 0xfb, 0xfa, 0xfb,
  0xfa, 0xfb, 0xfc, 0xfc, 0xfb, 0xfc, 0xfd, 0xfc, 0xfc, 0xfc, 0xfc, 0xfc,
  0xfd, 0xfd, 0xfc, 0xfd, 0xfe, 0xfe, 0xfd, 0xfd, 0xfc, 0xfb, 0xfc, 0xfc,
  0xfc, 0xfb, 0xfa, 0xfa, 0xf9, 0xf9, 0xf8, 0xf3, 0xfa, 0xf9, 0x8d, 0x17,
  0x01, 0x05, 0x01, 0x02, 0x01, 0x00, 0x00, 0x00, 0x00, 0x00, 0x00, 0x00,
  0x00, 0x00, 0x00, 0x00, 0x00, 0x00, 0x00, 0x00, 0x00, 0x00, 0x00, 0x00,
  0x00, 0x00, 0x00, 0x00, 0x00, 0x00, 0x00, 0x00, 0x00, 0x00, 0x00, 0x00,
  0x00, 0x00, 0x00, 0x00, 0x00, 0x00, 0x00, 0x00, 0x00, 0x00, 0x00, 0x00,
  0x00, 0x00, 0x00, 0x00, 0x00, 0x00, 0x00, 0x00, 0x00, 0x00, 0x00, 0x00,
  0x00, 0x00, 0x00, 0x00, 0x00, 0x00, 0x00, 0x00, 0x00, 0x00, 0x00, 0x00,
  0x00, 0x00, 0x00, 0x00, 0x00, 0x00, 0x00, 0x00, 0x00, 0x00, 0x00, 0x00,
  0x00, 0x00, 0x00, 0x00, 0x00, 0x00, 0x00, 0x00, 0x00, 0x00, 0x08, 0x02,
  0x16, 0x8e, 0xfa, 0xfc, 0xf7, 0xfb, 0xfd, 0xfb, 0xfb, 0xfb, 0xfb, 0xfb,
  0xfb, 0xfa, 0xfa, 0xfb, 0xfb, 0xfb, 0xfc, 0xfb, 0xfc, 0xfd, 0xfd, 0xfc,
  0xfd, 0xfd, 0xfc, 0xfb, 0xfc, 0xfd, 0xfc, 0xfb, 0xfb, 0xfa, 0xfa, 0xfa,
  0xfa, 0xf9, 0xfa, 0xf9, 0xfa, 0xf9, 0xf8, 0xf9, 0xf9, 0xf7, 0xf4, 0xfb,
  0xe3, 0x64, 0x05, 0x00, 0x04, 0x00, 0x01, 0x00, 0x00, 0x00, 0x00, 0x00,
  0x00, 0x00, 0x00, 0x00, 0x00, 0x00, 0x00, 0x00, 0x00, 0x00, 0x00, 0x00,
  0x00, 0x00, 0x00, 0x00, 0x00, 0x00, 0x00, 0x00, 0x00, 0x00, 0x00, 0x00,
  0x00, 0x03, 0x01, 0x00, 0x47, 0xeb, 0xfd, 0xf8, 0xfa, 0xfc, 0xfd, 0xfd,
  0xfc, 0xfd, 0xfd, 0xfd, 0xfd, 0xfd, 0xfc, 0xfc, 0xfd, 0xfc, 0xfc, 0xfc,
  0xfb, 0xfc, 0xfb, 0xfb, 0xfc, 0xfb, 0xfb, 0xfb, 0xfb, 0xfb, 0xfa, 0xfa,
  0xf9, 0xfa, 0xfb, 0xfb, 0xfa, 0xfa, 0xfb, 0xfc, 0xfd, 0xfc, 0xfd, 0xfe,
  0xfc, 0xf9, 0xfc, 0xf8, 0x73, 0x00, 0x08, 0x04, 0x01, 0x00, 0x00, 0x00,
  0x00, 0x00, 0x00, 0x00, 0x00, 0x00, 0x00, 0x00, 0x00, 0x00, 0x00, 0x00,
  0x00, 0x00, 0x00, 0x00, 0x00, 0x00, 0x00, 0x00, 0x00, 0x00, 0x00, 0x00,
  0x00, 0x00, 0x00, 0x00, 0x00, 0x00, 0x00, 0x00, 0x00, 0x00, 0x00, 0x00,
  0x00, 0x00, 0x00, 0x00, 0x00, 0x00, 0x00, 0x00, 0x00, 0x00, 0x00, 0x00,
  0x00, 0x00, 0x00, 0x00, 0x01, 0x01, 0x01, 0x08, 0x00, 0x7e, 0xf6, 0xff,
  0xf5, 0xf8, 0xfa, 0xfc, 0xfd, 0xfc, 0xfb, 0xfc, 0xfa, 0xfb, 0xfc, 0xfc,
  0xfc, 0xfc, 0xfb, 0xfa, 0xfb, 0xfb, 0xfa, 0xfb, 0xfc, 0xfc, 0xfc, 0xfb,
  0xfb, 0xfc, 0xfb, 0xfa, 0xfb, 0xfa, 0xfa, 0xfa, 0xfb, 0xfc, 0xfc, 0xfc,
  0xfd, 0xfc, 0xfb, 0xfc, 0xfc, 0xfb, 0xfc, 0xfb, 0xfa, 0xfb, 0xfa, 0xfa,
  0xfb, 0xfb, 0xfb, 0xfb, 0xfa, 0xfa, 0xfa, 0xfb, 0xfc, 0xfc, 0xfc, 0xfb,
  0xfb, 0xfc, 0xfa, 0xfa, 0xfa, 0xfb, 0xfc, 0xfb, 0xfa, 0xfa, 0xfb, 0xfc,
  0xfb, 0xfc, 0xfc, 0xfc, 0xfc, 0xfc, 0xfb, 0xfc, 0xfb, 0xfb, 0xfc, 0xfc,
  0xfc, 0xfb, 0xfa, 0xfa, 0xfb, 0xfc, 0xfc, 0xfc, 0xfc, 0xfc, 0xfc, 0xfc,
  0xfc, 0xfb, 0xfb, 0xfb, 0xfa, 0xfb, 0xfc, 0xfc, 0xfb, 0xfb, 0xfc, 0xfb,
  0xfa, 0xfa, 0xfb, 0xfa, 0xf9, 0xfb, 0xfa, 0xfa, 0xfb, 0xfa, 0xfa, 0xfa,
  0xfb, 0xfc, 0xfd, 0xfb, 0xf6, 0xf5, 0xff, 0xdf, 0x53, 0x00, 0x0b, 0x05,
  0x04, 0x02, 0x01, 0x01, 0x00, 0x00, 0x00, 0x00, 0x00, 0x00, 0x00, 0x00,
  0x00, 0x00, 0x00, 0x00, 0x00, 0x00, 0x00, 0x00, 0x00, 0x00, 0x00, 0x00,
  0x00, 0x00, 0x00, 0x00, 0x00, 0x00, 0x00, 0x00, 0x00, 0x00, 0x00, 0x00,
  0x00, 0x00, 0x00, 0x00, 0x00, 0x00, 0x00, 0x00, 0x00, 0x00, 0x00, 0x03,
  0x07, 0x09, 0x00, 0x13, 0xcd, 0xfc, 0xf9, 0xf9, 0xfa, 0xfb, 0xfa, 0xfb,
  0xfc, 0xfb, 0xfc, 0xfc, 0xfb, 0xfb, 0xfb, 0xfb, 0xfc, 0xfc, 0xfc, 0xfb,
  0xfb, 0xfb, 0xfb, 0xfb, 0xfc, 0xfc, 0xfc, 0xfc, 0xfb, 0xfb, 0xfb, 0xfb,
  0xfc, 0xfb, 0xfb, 0xfb, 0xfc, 0xfc, 0xfc, 0xfc, 0xfc, 0xfc, 0xfb, 0xfb,
  0xfb, 0xfa, 0xfb, 0xfc, 0xfb, 0xfa, 0xfb, 0xfc, 0xfb, 0xfc, 0xfc, 0xfb,
  0xfb, 0xfb, 0xfb, 0xfb, 0xfc, 0xfd, 0xfc, 0xfd, 0xfd, 0xfd, 0xfc, 0xfc,
  0xfb, 0xfc, 0xfa, 0xfa, 0xfa, 0xfa, 0xfa, 0xfa, 0xfa, 0xfa, 0xfb, 0xfb,
  0xfb, 0xfa, 0xfb, 0xfa, 0xfb, 0xfb, 0xfb, 0xfc, 0xfb, 0xfc, 0xfd, 0xfc,
  0xfc, 0xfc, 0xfc, 0xfc, 0xfc, 0xfc, 0xfc, 0xfc, 0xfb, 0xfb, 0xfb, 0xfb,
  0xfb, 0xfb, 0xfc, 0xfc, 0xfb, 0xfc, 0xfc, 0xfb, 0xfc, 0xfc, 0xfb, 0xfb,
  0xfc, 0xfb, 0xfb, 0xfc, 0xfc, 0xfc, 0xfc, 0xfc, 0xfc, 0xfb, 0xfb, 0xfb,
  0xfb, 0xfc, 0xfc, 0xfc, 0xfc, 0xfc, 0xfc, 0xfc, 0xfb, 0xfc, 0xfb, 0xfb,
  0xfa, 0xfa, 0xf9, 0xfa, 0xfb, 0xfa, 0xfb, 0xfb, 0xfb, 0xfc, 0xfc, 0xfc,
  0xfd, 0xfd, 0xfe, 0xff, 0xfd, 0xfb, 0xfb, 0xf8, 0xfa, 0xff, 0xce, 0x36,
  0x00, 0x06, 0x05, 0x01, 0x00, 0x00, 0x00, 0x00, 0x00, 0x00, 0x00, 0x00,
  0x00, 0x00, 0x00, 0x00, 0x00, 0x00, 0x00, 0x00, 0x00, 0x00, 0x00, 0x00,
  0x00, 0x00, 0x00, 0x00, 0x00, 0x00, 0x00, 0x00, 0x00, 0x00, 0x00, 0x00,
  0x00, 0x00, 0x00, 0x00, 0x00, 0x00, 0x00, 0x00, 0x00, 0x00, 0x00, 0x00,
  0x00, 0x00, 0x00, 0x00, 0x00, 0x00, 0x00, 0x00, 0x00, 0x02, 0x03, 0x05,
  0x09, 0x00, 0x66, 0xf7, 0xfc, 0xf6, 0xf7, 0xfb, 0xfd, 0xfe, 0xfc, 0xfb,
  0xfb, 0xfa, 0xfa, 0xfb, 0xfa, 0xfb, 0xfa, 0xfa, 0xfb, 0xfb, 0xfb, 0xfa,
  0xfb, 0xfb, 0xfb, 0xfb, 0xfb, 0xfa, 0xfb, 0xfb, 0xfa, 0xfa, 0xfa, 0xfb,
  0xfa, 0xfa, 0xfb, 0xfb, 0xfb, 0xfc, 0xfd, 0xfc, 0xfc, 0xfb, 0xfa, 0xf8,
  0xfc, 0xd5, 0x37, 0x00, 0x04, 0x07, 0x04, 0x00, 0x00, 0x00, 0x00, 0x00,
  0x00, 0x00, 0x00, 0x00, 0x00, 0x00, 0x00, 0x00, 0x00, 0x00, 0x00, 0x00,
  0x00, 0x00, 0x00, 0x00, 0x00, 0x00, 0x00, 0x00, 0x00, 0x00, 0x00, 0x00,
  0x03, 0x04, 0x05, 0x00, 0x09, 0x79, 0xef, 0xf9, 0xf4, 0xf7, 0xf8, 0xf8,
  0xf9, 0xfa, 0xfa, 0xfb, 0xfb, 0xfa, 0xfb, 0xfb, 0xfb, 0xfb, 0xfc, 0xfc,
  0xfd, 0xfe, 0xfd, 0xfc, 0xfd, 0xfc, 0xfd, 0xfd, 0xfd, 0xfd, 0xfd, 0xfd,
  0xfc, 0xfd, 0xfc, 0xfb, 0xfb, 0xfc, 0xfb, 0xfb, 0xfa, 0xf9, 0xfa, 0xf9,
  0xf8, 0xf6, 0xf2, 0xff, 0xdd, 0x46, 0x00, 0x07, 0x06, 0x04, 0x03, 0x01,
  0x00, 0x00, 0x00, 0x00, 0x00, 0x00, 0x00, 0x00, 0x00, 0x00, 0x00, 0x00,
  0x00, 0x00, 0x00, 0x00, 0x00, 0x00, 0x00, 0x00, 0x00, 0x00, 0x00, 0x00,
  0x00, 0x00, 0x00, 0x00, 0x00, 0x00, 0x00, 0x00, 0x00, 0x00, 0x00, 0x00,
  0x00, 0x00, 0x00, 0x00, 0x00, 0x00, 0x00, 0x00, 0x00, 0x00, 0x00, 0x00,
  0x00, 0x00, 0x00, 0x00, 0x00, 0x00, 0x00, 0x00, 0x00, 0x00, 0x00, 0x00,
  0x00, 0x00, 0x00, 0x00, 0x00, 0x00, 0x00, 0x00, 0x00, 0x00, 0x00, 0x00,
  0x00, 0x00, 0x00, 0x00, 0x00, 0x00, 0x00, 0x00, 0x00, 0x00, 0x00, 0x00,
  0x00, 0x00, 0x00, 0x01, 0x04, 0x00, 0x4d, 0xde, 0xff, 0xf3, 0xf7, 0xfa,
  0xfc, 0xfc, 0xfc, 0xfb, 0xfc, 0xfb, 0xfb, 0xfa, 0xf9, 0xfa, 0xfa, 0xfb,
  0xfb, 0xfc, 0xfb, 0xfc, 0xfc, 0xfd, 0xfc, 0xfd, 0xfc, 0xfc, 0xfc, 0xfd,
  0xfc, 0xfc, 0xfc, 0xfb, 0xfb, 0xfb, 0xfa, 0xfa, 0xfa, 0xf9, 0xfa, 0xf9,
  0xf8, 0xf8, 0xf8, 0xf5, 0xf7, 0xfb, 0x9b, 0x13, 0x00, 0x09, 0x06, 0x01,
  0x00, 0x00, 0x00, 0x00, 0x00, 0x00, 0x00, 0x00, 0x00, 0x00, 0x00, 0x00,
  0x00, 0x00, 0x00, 0x00, 0x00, 0x00, 0x00, 0x00, 0x00, 0x00, 0x00, 0x00,
  0x00, 0x00, 0x00, 0x00, 0x00, 0x00, 0x01, 0x04, 0x05, 0x00, 0x11, 0x8f,
  0xf9, 0xfd, 0xfb, 0xfd, 0xfc, 0xfc, 0xfc, 0xfc, 0xfc, 0xfc, 0xfc, 0xfc,
  0xfd, 0xfd, 0xfd, 0xfc, 0xfb, 0xfc, 0xfc, 0xfb, 0xfc, 0xfd, 0xfc, 0xfb,
  0xfa, 0xfa, 0xfa, 0xfa, 0xfa, 0xf9, 0xfa, 0xfb, 0xfa, 0xfb, 0xfa, 0xfa,
  0xfb, 0xfc, 0xfc, 0xfd, 0xfe, 0xfd, 0xfb, 0xf8, 0xf6, 0xff, 0xc8, 0x34,
  0x02, 0x06, 0x00, 0x00, 0x00, 0x00, 0x00, 0x00, 0x00, 0x00, 0x00, 0x00,
  0x00, 0x00, 0x00, 0x00, 0x00, 0x00, 0x00, 0x00, 0x00, 0x00, 0x00, 0x00,
  0x00, 0x00, 0x00, 0x00, 0x00, 0x00, 0x00, 0x00, 0x00, 0x00, 0x00, 0x00,
  0x00, 0x00, 0x00, 0x00, 0x00, 0x00, 0x00, 0x00, 0x00, 0x00, 0x00, 0x00,
  0x00, 0x00, 0x00, 0x00, 0x01, 0x00, 0x00, 0x00, 0x00, 0x00, 0x01, 0x01,
  0x02, 0x08, 0x00, 0x7e, 0xf6, 0xff, 0xf5, 0xf8, 0xfa, 0xfc, 0xfd, 0xfc,
  0xfb, 0xfb, 0xfb, 0xfc, 0xfc, 0xfb, 0xfb, 0xfc, 0xfb, 0xfa, 0xfb, 0xfa,
  0xfa, 0xfa, 0xfc, 0xfc, 0xfb, 0xfc, 0xfc, 0xfb, 0xfb, 0xfb, 0xfa, 0xfb,
  0xfb, 0xfa, 0xfb, 0xfc, 0xfc, 0xfc, 0xfd, 0xfc, 0xfc, 0xfc, 0xfc, 0xfb,
  0xfb, 0xfb, 0xfb, 0xfa, 0xfa, 0xfa, 0xfa, 0xfa, 0xfa, 0xfa, 0xfa, 0xfa,
  0xfa, 0xfb, 0xfb, 0xfb, 0xfc, 0xfb, 0xfa, 0xfb, 0xfb, 0xfb, 0xfb, 0xfc,
  0xfc, 0xfb, 0xfa, 0xfa, 0xfb, 0xfc, 0xfb, 0xfc, 0xfb, 0xfb, 0xfb, 0xfb,
  0xfb, 0xfb, 0xfa, 0xfb, 0xfc, 0xfb, 0xfb, 0xfc, 0xfb, 0xfa, 0xfa, 0xfb,
  0xfc, 0xfb, 0xfb, 0xfb, 0xfb, 0xfc, 0xfb, 0xfa, 0xfa, 0xfa, 0xfa, 0xfa,
  0xfb, 0xfb, 0xfc, 0xfc, 0xfc, 0xfb, 0xfa, 0xfb, 0xfa, 0xfa, 0xfb, 0xfb,
  0xfb, 0xfb, 0xfa, 0xf9, 0xfa, 0xfb, 0xfc, 0xfd, 0xfe, 0xfc, 0xf6, 0xf5,
  0xff, 0xdf, 0x54, 0x00, 0x0b, 0x06, 0x03, 0x01, 0x01, 0x00, 0x00, 0x00,
  0x00, 0x00, 0x00, 0x00, 0x00, 0x00, 0x00, 0x00, 0x00, 0x00, 0x00, 0x00,
  0x00, 0x00, 0x00, 0x00, 0x00, 0x00, 0x00, 0x00, 0x00, 0x00, 0x00, 0x00,
  0x00, 0x00, 0x00, 0x00, 0x00, 0x00, 0x00, 0x00, 0x00, 0x00, 0x00, 0x00,
  0x00, 0x00, 0x00, 0x00, 0x00, 0x03, 0x07, 0x09, 0x00, 0x13, 0xce, 0xfc,
  0xf9, 0xf9, 0xfa, 0xfb, 0xfa, 0xfb, 0xfc, 0xfb, 0xfb, 0xfc, 0xfb, 0xfa,
  0xfa, 0xfb, 0xfc, 0xfc, 0xfb, 0xfc, 0xfc, 0xfb, 0xfc, 0xfb, 0xfb, 0xfb,
  0xfb, 0xfb, 0xfc, 0xfc, 0xfc, 0xfc, 0xfb, 0xfb, 0xfc, 0xfc, 0xfb, 0xfb,
  0xfb, 0xfb, 0xfb, 0xfb, 0xfc, 0xfb, 0xfa, 0xfb, 0xfb, 0xfb, 0xfc, 0xfb,
  0xfb, 0xfc, 0xfb, 0xfb, 0xfb, 0xfc, 0xfb, 0xfc, 0xfc, 0xfc, 0xfd, 0xfd,
  0xfd, 0xfc, 0xfc, 0xfc, 0xfc, 0xfc, 0xfb, 0xfb, 0xfb, 0xfb, 0xfa, 0xfa,
  0xfa, 0xfa, 0xfa, 0xfb, 0xfa, 0xfa, 0xfa, 0xfb, 0xfb, 0xfa, 0xfb, 0xfc,
  0xfb, 0xfb, 0xfb, 0xfc, 0xfc, 0xfc, 0xfb, 0xfb, 0xfb, 0xfb, 0xfb, 0xfd,
  0xfc, 0xfb, 0xfc, 0xfc, 0xfb, 0xfb, 0xfc, 0xfb, 0xfc, 0xfd, 0xfb, 0xfc,
  0xfc, 0xfb, 0xfa, 0xfb, 0xfc, 0xfc, 0xfc, 0xfc, 0xfc, 0xfc, 0xfb, 0xfc,
  0xfd, 0xfc, 0xfc, 0xfc, 0xfc, 0xfc, 0xfc, 0xfb, 0xfb, 0xfb, 0xfb, 0xfb,
  0xfb, 0xfb, 0xfb, 0xfb, 0xfc, 0xfb, 0xfb, 0xfa, 0xfa, 0xfa, 0xfb, 0xfa,
  0xfa, 0xfa, 0xfa, 0xfb, 0xfb, 0xfb, 0xfc, 0xfd, 0xfe, 0xff, 0xfd, 0xf9,
  0xf6, 0xf8, 0xfd, 0xea, 0x70, 0x00, 0x08, 0x04, 0x03, 0x01, 0x00, 0x00,
  0x00, 0x00, 0x00, 0x00, 0x00, 0x00, 0x00, 0x00, 0x00, 0x00, 0x00, 0x00,
  0x00, 0x00, 0x00, 0x00, 0x00, 0x00, 0x00, 0x00, 0x00, 0x00, 0x00, 0x00,
  0x00, 0x00, 0x00, 0x00, 0x00, 0x00, 0x00, 0x00, 0x00, 0x00, 0x00, 0x00,
  0x00, 0x00, 0x00, 0x00, 0x00, 0x00, 0x00, 0x00, 0x00, 0x00, 0x00, 0x00,
  0x00, 0x00, 0x01, 0x03, 0x03, 0x08, 0x02, 0x2e, 0xbe, 0xff, 0xfa, 0xf9,
  0xf9, 0xfb, 0xfe, 0xfd, 0xfc, 0xfc, 0xfb, 0xfb, 0xfa, 0xfb, 0xfb, 0xfb,
  0xfa, 0xfa, 0xfa, 0xfa, 0xfa, 0xfa, 0xfa, 0xfa, 0xfa, 0xfa, 0xfa, 0xfa,
  0xfb, 0xfb, 0xfa, 0xfb, 0xfa, 0xfa, 0xfa, 0xfb, 0xfa, 0xfa, 0xfb, 0xfc,
  0xfd, 0xfb, 0xf9, 0xf8, 0xf7, 0xfd, 0xfd, 0x71, 0x08, 0x00, 0x04, 0x03,
  0x02, 0x00, 0x00, 0x00, 0x00, 0x00, 0x00, 0x00, 0x00, 0x00, 0x00, 0x00,
  0x00, 0x00, 0x00, 0x00, 0x00, 0x00, 0x01, 0x00, 0x00, 0x00, 0x00, 0x00,
  0x00, 0x00, 0x00, 0x00, 0x00, 0x00, 0x00, 0x01, 0x05, 0x05, 0x00, 0x24,
  0xb5, 0xff, 0xf5, 0xf3, 0xf7, 0xf9, 0xfa, 0xf9, 0xfa, 0xfa, 0xfa, 0xfb,
  0xfa, 0xfa, 0xfb, 0xfc, 0xfb, 0xfc, 0xfd, 0xfd, 0xfd, 0xfc, 0xfc, 0xfd,
  0xfc, 0xfc, 0xfc, 0xfc, 0xfc, 0xfd, 0xfd, 0xfd, 0xfc, 0xfb, 0xfc, 0xfb,
  0xfb, 0xfa, 0xfa, 0xf9, 0xf9, 0xf9, 0xf8, 0xf7, 0xf3, 0xf7, 0xfd, 0xa2,
  0x20, 0x02, 0x0f, 0x05, 0x04, 0x01, 0x01, 0x01, 0x00, 0x00, 0x00, 0x00,
  0x00, 0x00, 0x00, 0x00, 0x00, 0x00, 0x00, 0x00, 0x00, 0x00, 0x00, 0x00,
  0x00, 0x00, 0x00, 0x00, 0x00, 0x00, 0x00, 0x00, 0x00, 0x00, 0x00, 0x00,
  0x00, 0x00, 0x00, 0x00, 0x00, 0x00, 0x00, 0x00, 0x00, 0x00, 0x00, 0x00,
  0x00, 0x00, 0x00, 0x00, 0x00, 0x00, 0x00, 0x00, 0x00, 0x00, 0x00, 0x00,
  0x00, 0x00, 0x00, 0x00, 0x00, 0x00, 0x00, 0x00, 0x00, 0x00, 0x00, 0x00,
  0x00, 0x00, 0x00, 0x00, 0x00, 0x00, 0x00, 0x00, 0x00, 0x00, 0x00, 0x00,
  0x00, 0x00, 0x00, 0x00, 0x00, 0x00, 0x01, 0x03, 0x00, 0x06, 0x01, 0x1e,
  0xa1, 0xfe, 0xf8, 0xf3, 0xf8, 0xf9, 0xfb, 0xfd, 0xfc, 0xfb, 0xfc, 0xfb,
  0xfa, 0xfa, 0xfa, 0xfa, 0xfa, 0xfb, 0xfa, 0xfb, 0xfc, 0xfb, 0xfc, 0xfd,
  0xfc, 0xfc, 0xfd, 0xfd, 0xfd, 0xfc, 0xfd, 0xfd, 0xfc, 0xfa, 0xfa, 0xfa,
  0xfa, 0xfa, 0xfa, 0xf9, 0xfa, 0xf9, 0xf9, 0xf9, 0xf6, 0xf5, 0xfd, 0xd2,
  0x44, 0x00, 0x03, 0x09, 0x05, 0x02, 0x00, 0x00, 0x00, 0x00, 0x00, 0x00,
  0x00, 0x00, 0x00, 0x00, 0x00, 0x00, 0x01, 0x00, 0x00, 0x00, 0x00, 0x00,
  0x00, 0x00, 0x00, 0x00, 0x00, 0x00, 0x00, 0x00, 0x00, 0x00, 0x00, 0x00,
  0x01, 0x04, 0x06, 0x05, 0x00, 0x35, 0xd8, 0xff, 0xfb, 0xfb, 0xfa, 0xfa,
  0xfa, 0xfb, 0xfb, 0xfb, 0xfb, 0xfc, 0xfc, 0xfc, 0xfc, 0xfc, 0xfc, 0xfb,
  0xfb, 0xfc, 0xfb, 0xfc, 0xfd, 0xfb, 0xfb, 0xfa, 0xfa, 0xfb, 0xfa, 0xfa,
  0xfb, 0xfb, 0xfb, 0xfb, 0xfb, 0xfb, 0xfb, 0xfc, 0xfc, 0xfe, 0xfe, 0xfd,
  0xfa, 0xf8, 0xf6, 0xfa, 0xf9, 0x88, 0x00, 0x03, 0x02, 0x02, 0x02, 0x00,
  0x00, 0x00, 0x00, 0x00, 0x00, 0x00, 0x00, 0x00, 0x00, 0x00, 0x00, 0x00,
  0x00, 0x00, 0x00, 0x00, 0x00, 0x00, 0x00, 0x00, 0x00, 0x00, 0x00, 0x00,
  0x00, 0x00, 0x00, 0x00, 0x00, 0x00, 0x00, 0x00, 0x00, 0x00, 0x00, 0x00,
  0x00, 0x00, 0x00, 0x00, 0x00, 0x00, 0x00, 0x00, 0x00, 0x00, 0x00, 0x00,
  0x00, 0x00, 0x00, 0x00, 0x01, 0x01, 0x02, 0x08, 0x00, 0x7e, 0xf6, 0xff,
  0xf6, 0xf8, 0xfa, 0xfc, 0xfc, 0xfc, 0xfb, 0xfb, 0xfb, 0xfb, 0xfc, 0xfb,
  0xfb, 0xfc, 0xfb, 0xfa, 0xfb, 0xfb, 0xfb, 0xfb, 0xfc, 0xfc, 0xfb, 0xfc,
  0xfc, 0xfb, 0xfc, 0xfb, 0xfa, 0xfb, 0xfb, 0xfa, 0xfb, 0xfc, 0xfc, 0xfd,
  0xfd, 0xfc, 0xfc, 0xfc, 0xfb, 0xfc, 0xfd, 0xfc, 0xfb, 0xfb, 0xfb, 0xfb,
  0xfb, 0xfb, 0xfb, 0xfb, 0xfb, 0xfb, 0xfb, 0xfb, 0xfa, 0xfb, 0xfc, 0xfb,
  0xfb, 0xfb, 0xfc, 0xfa, 0xfb, 0xfb, 0xfb, 0xfb, 0xfb, 0xfa, 0xfb, 0xfc,
  0xfb, 0xfc, 0xfc, 0xfb, 0xfa, 0xfb, 0xfb, 0xfa, 0xfa, 0xfb, 0xfc, 0xfb,
  0xfc, 0xfb, 0xfb, 0xfa, 0xfb, 0xfc, 0xfb, 0xfc, 0xfc, 0xfc, 0xfc, 0xfc,
  0xfb, 0xfb, 0xfb, 0xfb, 0xfb, 0xfb, 0xfa, 0xfa, 0xfb, 0xfb, 0xfb, 0xfb,
  0xfa, 0xfb, 0xfa, 0xf9, 0xfa, 0xfa, 0xfa, 0xfa, 0xfa, 0xfa, 0xfb, 0xfc,
  0xfd, 0xfe, 0xfe, 0xfc, 0xf6, 0xf5, 0xff, 0xdf, 0x55, 0x00, 0x0b, 0x06,
  0x02, 0x00, 0x00, 0x00, 0x00, 0x00, 0x00, 0x00, 0x00, 0x00, 0x00, 0x00,
  0x00, 0x00, 0x00, 0x00, 0x00, 0x00, 0x00, 0x00, 0x00, 0x00, 0x00, 0x00,
  0x00, 0x00, 0x00, 0x00, 0x00, 0x00, 0x00, 0x00, 0x00, 0x00, 0x00, 0x00,
  0x00, 0x00, 0x00, 0x00, 0x00, 0x00, 0x00, 0x00, 0x00, 0x00, 0x00, 0x03,
  0x07, 0x09, 0x00, 0x13, 0xce, 0xfc, 0xf8, 0xf8, 0xfb, 0xfa, 0xfa, 0xfb,
  0xfc, 0xfb, 0xfb, 0xfc, 0xfc, 0xfa, 0xfb, 0xfc, 0xfc, 0xfb, 0xfb, 0xfc,
  0xfc, 0xfb, 0xfc, 0xfb, 0xfb, 0xfb, 0xfb, 0xfb, 0xfb, 0xfb, 0xfb, 0xfb,
  0xfa, 0xfb, 0xfc, 0xfb, 0xfc, 0xfc, 0xfc, 0xfc, 0xfc, 0xfc, 0xfb, 0xfb,
  0xfb, 0xfb, 0xfc, 0xfc, 0xfb, 0xfc, 0xfb, 0xfb, 0xfb, 0xfa, 0xfa, 0xfb,
  0xfb, 0xfc, 0xfc, 0xfc, 0xfc, 0xfc, 0xfc, 0xfc, 0xfb, 0xfb, 0xfb, 0xfb,
  0xfc, 0xfb, 0xfc, 0xfb, 0xfb, 0xfb, 0xfb, 0xfb, 0xfb, 0xfa, 0xfa, 0xfa,
  0xfa, 0xfb, 0xfa, 0xfb, 0xfc, 0xfb, 0xfc, 0xfc, 0xfc, 0xfb, 0xfb, 0xfc,
  0xfc, 0xfc, 0xfc, 0xfb, 0xfc, 0xfc, 0xfc, 0xfb, 0xfb, 0xfb, 0xfc, 0xfc,
  0xfb, 0xfb, 0xfc, 0xfc, 0xfb, 0xfc, 0xfc, 0xfb, 0xfb, 0xfc, 0xfb, 0xfb,
  0xfb, 0xfb, 0xfb, 0xfb, 0xfc, 0xfb, 0xfc, 0xfb, 0xfb, 0xfc, 0xfc, 0xfc,
  0xfb, 0xfc, 0xfc, 0xfc, 0xfc, 0xfc, 0xfc, 0xfc, 0xfc, 0xfc, 0xfc, 0xfc,
  0xfb, 0xfb, 0xfa, 0xfa, 0xfb, 0xfa, 0xfb, 0xfb, 0xfb, 0xfa, 0xfa, 0xfb,
  0xfd, 0xfd, 0xfd, 0xfd, 0xfc, 0xf8, 0xf6, 0xfb, 0xfd, 0xa6, 0x0f, 0x06,
  0x06, 0x03, 0x02, 0x01, 0x00, 0x00, 0x00, 0x00, 0x00, 0x00, 0x00, 0x00,
  0x00, 0x00, 0x00, 0x00, 0x00, 0x00, 0x00, 0x00, 0x00, 0x00, 0x00, 0x00,
  0x00, 0x00, 0x00, 0x00, 0x00, 0x00, 0x00, 0x00, 0x00, 0x00, 0x00, 0x00,
  0x00, 0x00, 0x00, 0x00, 0x00, 0x00, 0x00, 0x00, 0x00, 0x00, 0x00, 0x00,
  0x00, 0x00, 0x00, 0x00, 0x00, 0x00, 0x00, 0x00, 0x01, 0x03, 0x05, 0x06,
  0x00, 0x7c, 0xf8, 0xfa, 0xfa, 0xfb, 0xfb, 0xfc, 0xfd, 0xfd, 0xfc, 0xfc,
  0xfc, 0xfb, 0xfa, 0xfa, 0xfa, 0xfa, 0xfb, 0xfa, 0xfa, 0xfa, 0xfa, 0xfb,
  0xfb, 0xfb, 0xfb, 0xfb, 0xfb, 0xfb, 0xfb, 0xfb, 0xfa, 0xfb, 0xfa, 0xfa,
  0xfb, 0xfa, 0xf9, 0xfa, 0xfa, 0xfb, 0xfb, 0xfa, 0xf9, 0xf6, 0xf8, 0xfd,
  0xc7, 0x29, 0x00, 0x04, 0x04, 0x02, 0x01, 0x01, 0x00, 0x00, 0x00, 0x00,
  0x00, 0x00, 0x00, 0x00, 0x00, 0x00, 0x00, 0x00, 0x00, 0x00, 0x00, 0x00,
  0x00, 0x00, 0x00, 0x00, 0x00, 0x00, 0x00, 0x00, 0x00, 0x00, 0x00, 0x00,
  0x00, 0x00, 0x03, 0x07, 0x05, 0x01, 0x60, 0xe3, 0xfb, 0xf4, 0xf6, 0xf8,
  0xfa, 0xfa, 0xfa, 0xfa, 0xfa, 0xfa, 0xfa, 0xfb, 0xfc, 0xfb, 0xfc, 0xfd,
  0xfc, 0xfd, 0xfd, 0xfd, 0xfd, 0xfd, 0xfc, 0xfb, 0xfc, 0xfc, 0xfd, 0xfc,
  0xfc, 0xfc, 0xfc, 0xfc, 0xfb, 0xfb, 0xfb, 0xfa, 0xf9, 0xfa, 0xf9, 0xf8,
  0xf7, 0xf7, 0xf6, 0xf3, 0xfe, 0xea, 0x62, 0x00, 0x0a, 0x09, 0x04, 0x02,
  0x01, 0x01, 0x01, 0x00, 0x00, 0x00, 0x00, 0x00, 0x00, 0x00, 0x00, 0x00,
  0x00, 0x00, 0x00, 0x00, 0x00, 0x00, 0x00, 0x00, 0x00, 0x00, 0x00, 0x00,
  0x00, 0x00, 0x00, 0x00, 0x00, 0x00, 0x00, 0x00, 0x00, 0x00, 0x00, 0x00,
  0x00, 0x00, 0x00, 0x00, 0x00, 0x00, 0x00, 0x00, 0x00, 0x00, 0x00, 0x00,
  0x00, 0x00, 0x00, 0x00, 0x00, 0x00, 0x00, 0x00, 0x00, 0x00, 0x00, 0x00,
  0x00, 0x00, 0x00, 0x00, 0x00, 0x00, 0x00, 0x00, 0x00, 0x00, 0x00, 0x00,
  0x00, 0x00, 0x00, 0x00, 0x00, 0x00, 0x00, 0x00, 0x00, 0x00, 0x00, 0x00,
  0x02, 0x05, 0x06, 0x06, 0x01, 0x5f, 0xe6, 0xfe, 0xf4, 0xf8, 0xf9, 0xfa,
  0xfc, 0xfc, 0xfc, 0xfb, 0xfc, 0xfb, 0xfa, 0xfa, 0xfa, 0xfb, 0xfb, 0xfa,
  0xfb, 0xfb, 0xfc, 0xfb, 0xfc, 0xfd, 0xfd, 0xfd, 0xfd, 0xfc, 0xfd, 0xfd,
  0xfc, 0xfc, 0xfb, 0xfb, 0xfb, 0xfb, 0xfb, 0xfb, 0xfa, 0xfa, 0xfa, 0xfa,
  0xf8, 0xf7, 0xf4, 0xfa, 0xfa, 0x8d, 0x0c, 0x00, 0x03, 0x04, 0x03, 0x01,
  0x00, 0x00, 0x00, 0x00, 0x00, 0x00, 0x00, 0x00, 0x00, 0x00, 0x01, 0x01,
  0x01, 0x00, 0x00, 0x00, 0x00, 0x00, 0x00, 0x00, 0x00, 0x00, 0x00, 0x00,
  0x00, 0x00, 0x00, 0x00, 0x00, 0x00, 0x01, 0x04, 0x04, 0x05, 0x01, 0x0a,
  0x7b, 0xf7, 0xfd, 0xf2, 0xf8, 0xf9, 0xfa, 0xfb, 0xfa, 0xfb, 0xfb, 0xfb,
  0xfb, 0xfb, 0xfb, 0xfc, 0xfc, 0xfb, 0xfb, 0xfc, 0xfb, 0xfc, 0xfc, 0xfb,
  0xfb, 0xfb, 0xfb, 0xfa, 0xfa, 0xfb, 0xfa, 0xfa, 0xfa, 0xfa, 0xfa, 0xfa,
  0xfa, 0xfc, 0xfd, 0xfe, 0xfe, 0xfd, 0xfc, 0xfb, 0xfa, 0xf7, 0xff, 0xd2,
  0x3b, 0x00, 0x07, 0x05, 0x04, 0x01, 0x00, 0x00, 0x00, 0x00, 0x00, 0x00,
  0x00, 0x00, 0x00, 0x00, 0x00, 0x00, 0x00, 0x00, 0x00, 0x00, 0x00, 0x00,
  0x00, 0x00, 0x00, 0x00, 0x00, 0x00, 0x00, 0x00, 0x00, 0x00, 0x00, 0x00,
  0x00, 0x00, 0x00, 0x00, 0x00, 0x01, 0x00, 0x00, 0x00, 0x00, 0x00, 0x00,
  0x00, 0x00, 0x00, 0x00, 0x00, 0x00, 0x00, 0x00, 0x00, 0x00, 0x01, 0x01,
  0x02, 0x08, 0x00, 0x7d, 0xf6, 0xff, 0xf6, 0xf8, 0xfa, 0xfc, 0xfb, 0xfc,
  0xfc, 0xfc, 0xfa, 0xfb, 0xfc, 0xfc, 0xfc, 0xfc, 0xfb, 0xfa, 0xfb, 0xfc,
  0xfc, 0xfb, 0xfc, 0xfb, 0xfc, 0xfb, 0xfb, 0xfc, 0xfb, 0xfb, 0xfb, 0xfa,
  0xfa, 0xfa, 0xfb, 0xfc, 0xfc, 0xfc, 0xfc, 0xfb, 0xfc, 0xfc, 0xfb, 0xfc,
  0xfc, 0xfc, 0xfb, 0xfc, 0xfc, 0xfc, 0xfc, 0xfc, 0xfc, 0xfc, 0xfc, 0xfb,
  0xfb, 0xfb, 0xfb, 0xfb, 0xfc, 0xfc, 0xfc, 0xfc, 0xfc, 0xfb, 0xfb, 0xfa,
  0xfa, 0xfa, 0xfa, 0xfa, 0xfb, 0xfc, 0xfb, 0xfc, 0xfb, 0xfb, 0xfb, 0xfc,
  0xfb, 0xfa, 0xfb, 0xfb, 0xfb, 0xfb, 0xfc, 0xfb, 0xfa, 0xfb, 0xfc, 0xfb,
  0xfc, 0xfd, 0xfd, 0xfd, 0xfc, 0xfc, 0xfb, 0xfb, 0xfc, 0xfc, 0xfc, 0xfb,
  0xfb, 0xfb, 0xfb, 0xfb, 0xfa, 0xfb, 0xfb, 0xfb, 0xfa, 0xf9, 0xfa, 0xf9,
  0xf9, 0xfa, 0xfb, 0xfb, 0xfc, 0xfd, 0xfd, 0xfe, 0xfe, 0xfc, 0xf6, 0xf5,
  0xff, 0xdf, 0x54, 0x00, 0x0b, 0x05, 0x01, 0x00, 0x00, 0x00, 0x00, 0x00,
  0x00, 0x00, 0x00, 0x00, 0x00, 0x00, 0x00, 0x00, 0x00, 0x00, 0x00, 0x00,
  0x00, 0x00, 0x00, 0x00, 0x00, 0x00, 0x00, 0x00, 0x00, 0x00, 0x00, 0x00,
  0x00, 0x00, 0x00, 0x00, 0x00, 0x00, 0x00, 0x00, 0x00, 0x00, 0x00, 0x00,
  0x00, 0x00, 0x00, 0x00, 0x00, 0x03, 0x07, 0x09, 0x00, 0x13, 0xce, 0xfc,
  0xf8, 0xf8, 0xfa, 0xfb, 0xfb, 0xfb, 0xfc, 0xfc, 0xfc, 0xfb, 0xfb, 0xfb,
  0xfa, 0xfb, 0xfc, 0xfc, 0xfc, 0xfb, 0xfc, 0xfc, 0xfb, 0xfb, 0xfc, 0xfc,
  0xfc, 0xfc, 0xfb, 0xfa, 0xfa, 0xfa, 0xfa, 0xfb, 0xfc, 0xfb, 0xfc, 0xfd,
  0xfd, 0xfd, 0xfc, 0xfb, 0xfc, 0xfc, 0xfc, 0xfc, 0xfc, 0xfc, 0xfb, 0xfc,
  0xfc, 0xfb, 0xfa, 0xfb, 0xfb, 0xfc, 0xfc, 0xfc, 0xfc, 0xfc, 0xfc, 0xfc,
  0xfc, 0xfc, 0xfc, 0xfc, 0xfc, 0xfc, 0xfc, 0xfc, 0xfb, 0xfb, 0xfb, 0xfb,
  0xfb, 0xfc, 0xfb, 0xfb, 0xfb, 0xfb, 0xfa, 0xfa, 0xfb, 0xfc, 0xfb, 0xfc,
  0xfd, 0xfc, 0xfc, 0xfb, 0xfc, 0xfd, 0xfd, 0xfd, 0xfd, 0xfb, 0xfb, 0xfc,
  0xfc, 0xfc, 0xfc, 0xfb, 0xfc, 0xfc, 0xfb, 0xfc, 0xfc, 0xfc, 0xfc, 0xfc,
  0xfb, 0xfc, 0xfc, 0xfc, 0xfb, 0xfa, 0xfa, 0xfb, 0xfb, 0xfb, 0xfb, 0xfc,
  0xfc, 0xfc, 0xfc, 0xfb, 0xfb, 0xfc, 0xfb, 0xfc, 0xfd, 0xfd, 0xfc, 0xfc,
  0xfc, 0xfd, 0xfd, 0xfc, 0xfb, 0xfb, 0xfc, 0xfb, 0xfb, 0xfa, 0xfa, 0xfb,
  0xfa, 0xfb, 0xfa, 0xfb, 0xfb, 0xfc, 0xfc, 0xfc, 0xfc, 0xfb, 0xfb, 0xf9,
  0xfa, 0xff, 0xcb, 0x33, 0x00, 0x0c, 0x04, 0x03, 0x02, 0x01, 0x00, 0x00,
  0x00, 0x00, 0x00, 0x00, 0x00, 0x00, 0x00, 0x00, 0x00, 0x00, 0x00, 0x00,
  0x00, 0x00, 0x00, 0x00, 0x00, 0x00, 0x00, 0x00, 0x00, 0x00, 0x00, 0x00,
  0x00, 0x00, 0x00, 0x00, 0x00, 0x00, 0x00, 0x00, 0x00, 0x00, 0x00, 0x00,
  0x00, 0x00, 0x00, 0x00, 0x00, 0x00, 0x00, 0x00, 0x00, 0x00, 0x00, 0x00,
  0x00, 0x00, 0x02, 0x03, 0x0a, 0x00, 0x37, 0xcb, 0xff, 0xf5, 0xfa, 0xfd,
  0xfd, 0xfd, 0xfd, 0xfc, 0xfb, 0xfb, 0xfb, 0xfb, 0xfb, 0xfa, 0xf9, 0xfa,
  0xfa, 0xfb, 0xfb, 0xfa, 0xfb, 0xfc, 0xfc, 0xfb, 0xfb, 0xfb, 0xfb, 0xfc,
  0xfc, 0xfb, 0xfa, 0xfa, 0xfa, 0xfb, 0xfb, 0xf9, 0xf9, 0xfa, 0xf9, 0xfa,
  0xfa, 0xfa, 0xf9, 0xf6, 0xfd, 0xf3, 0x61, 0x08, 0x05, 0x07, 0x05, 0x02,
  0x02, 0x02, 0x01, 0x00, 0x00, 0x00, 0x00, 0x00, 0x00, 0x00, 0x00, 0x00,
  0x00, 0x00, 0x00, 0x00, 0x00, 0x00, 0x00, 0x00, 0x00, 0x00, 0x00, 0x00,
  0x00, 0x00, 0x00, 0x00, 0x00, 0x00, 0x00, 0x00, 0x01, 0x05, 0x06, 0x00,
  0x13, 0xa3, 0xfe, 0xf9, 0xf5, 0xfa, 0xfa, 0xfb, 0xfb, 0xfb, 0xfb, 0xfb,
  0xfb, 0xfb, 0xfb, 0xfc, 0xfc, 0xfc, 0xfc, 0xfd, 0xfd, 0xfe, 0xfd, 0xfc,
  0xfc, 0xfc, 0xfd, 0xfd, 0xfd, 0xfc, 0xfb, 0xfb, 0xfc, 0xfb, 0xfb, 0xfa,
  0xfa, 0xfa, 0xf9, 0xf9, 0xf9, 0xf9, 0xf8, 0xf8, 0xf8, 0xf6, 0xf8, 0xff,
  0xbc, 0x2d, 0x00, 0x0e, 0x03, 0x03, 0x02, 0x02, 0x02, 0x01, 0x01, 0x00,
  0x00, 0x00, 0x00, 0x00, 0x00, 0x00, 0x00, 0x00, 0x00, 0x00, 0x00, 0x00,
  0x00, 0x00, 0x00, 0x00, 0x00, 0x00, 0x00, 0x00, 0x00, 0x00, 0x00, 0x00,
  0x00, 0x01, 0x00, 0x00, 0x00, 0x00, 0x00, 0x00, 0x00, 0x00, 0x00, 0x00,
  0x00, 0x00, 0x00, 0x00, 0x00, 0x00, 0x00, 0x00, 0x00, 0x00, 0x00, 0x00,
  0x00, 0x00, 0x00, 0x00, 0x00, 0x00, 0x00, 0x00, 0x00, 0x00, 0x00, 0x00,
  0x00, 0x00, 0x00, 0x00, 0x00, 0x00, 0x00, 0x00, 0x00, 0x00, 0x00, 0x00,
  0x00, 0x00, 0x00, 0x00, 0x00, 0x00, 0x02, 0x07, 0x0e, 0x00, 0x26, 0xb2,
  0xfe, 0xf7, 0xf5, 0xfa, 0xfa, 0xfb, 0xfb, 0xfb, 0xfb, 0xfc, 0xfc, 0xfb,
  0xfb, 0xfb, 0xfb, 0xfb, 0xfa, 0xfa, 0xfb, 0xfb, 0xfb, 0xfb, 0xfc, 0xfc,
  0xfc, 0xfc, 0xfc, 0xfd, 0xfc, 0xfd, 0xfc, 0xfb, 0xfc, 0xfc, 0xfc, 0xfc,
  0xfc, 0xfb, 0xfb, 0xfb, 0xfb, 0xfa, 0xf8, 0xf4, 0xf5, 0xfe, 0xd0, 0x3e,
  0x00, 0x00, 0x01, 0x01, 0x01, 0x00, 0x00, 0x00, 0x00, 0x00, 0x00, 0x00,
  0x00, 0x00, 0x00, 0x00, 0x00, 0x00, 0x01, 0x00, 0x00, 0x00, 0x00, 0x00,
  0x00, 0x00, 0x00, 0x00, 0x00, 0x00, 0x00, 0x00, 0x00, 0x00, 0x00, 0x00,
  0x02, 0x03, 0x03, 0x04, 0x06, 0x00, 0x23, 0xc1, 0xfe, 0xf3, 0xf2, 0xf8,
  0xfa, 0xfa, 0xfa, 0xfa, 0xfa, 0xfa, 0xfa, 0xfa, 0xfb, 0xfb, 0xfc, 0xfb,
  0xfb, 0xfb, 0xfb, 0xfb, 0xfc, 0xfc, 0xfc, 0xfc, 0xfc, 0xfb, 0xfb, 0xfb,
  0xfb, 0xfb, 0xfb, 0xfb, 0xfb, 0xfa, 0xfb, 0xfc, 0xfd, 0xfd, 0xfd, 0xfd,
  0xfd, 0xfd, 0xfc, 0xf8, 0xf8, 0xf9, 0x97, 0x03, 0x08, 0x08, 0x05, 0x02,
  0x00, 0x00, 0x00, 0x00, 0x00, 0x00, 0x00, 0x00, 0x00, 0x00, 0x00, 0x00,
  0x00, 0x00, 0x00, 0x00, 0x00, 0x00, 0x00, 0x00, 0x00, 0x00, 0x00, 0x00,
  0x00, 0x00, 0x00, 0x00, 0x00, 0x00, 0x00, 0x00, 0x00, 0x00, 0x00, 0x00,
  0x00, 0x00, 0x00, 0x00, 0x00, 0x00, 0x00, 0x00, 0x00, 0x00, 0x00, 0x00,
  0x00, 0x00, 0x00, 0x00, 0x01, 0x01, 0x02, 0x08, 0x00, 0x7d, 0xf6, 0xff,
  0xf5, 0xf8, 0xfa, 0xfb, 0xfb, 0xfb, 0xfb, 0xfb, 0xfb, 0xfb, 0xfb, 0xfb,
  0xfb, 0xfb, 0xfb, 0xfa, 0xfb, 0xfc, 0xfc, 0xfc, 0xfc, 0xfc, 0xfb, 0xfb,
  0xfc, 0xfc, 0xfb, 0xfb, 0xfa, 0xfb, 0xfb, 0xfb, 0xfb, 0xfc, 0xfb, 0xfb,
  0xfb, 0xfb, 0xfc, 0xfc, 0xfb, 0xfb, 0xfc, 0xfc, 0xfb, 0xfc, 0xfc, 0xfd,
  0xfd, 0xfd, 0xfd, 0xfd, 0xfc, 0xfb, 0xfa, 0xfa, 0xfb, 0xfc, 0xfb, 0xfb,
  0xfb, 0xfb, 0xfb, 0xfb, 0xfb, 0xfa, 0xfb, 0xfb, 0xfb, 0xfa, 0xfb, 0xfc,
  0xfb, 0xfc, 0xfb, 0xfa, 0xfb, 0xfc, 0xfb, 0xfb, 0xfb, 0xfb, 0xfc, 0xfb,
  0xfc, 0xfb, 0xfb, 0xfc, 0xfb, 0xfc, 0xfc, 0xfc, 0xfc, 0xfc, 0xfc, 0xfc,
  0xfb, 0xfb, 0xfc, 0xfb, 0xfc, 0xfc, 0xfa, 0xfb, 0xfb, 0xfb, 0xfa, 0xfa,
  0xfa, 0xfa, 0xfa, 0xfa, 0xf9, 0xf9, 0xfa, 0xfb, 0xfa, 0xfc, 0xfc, 0xfd,
  0xfe, 0xfe, 0xfe, 0xfc, 0xf6, 0xf6, 0xff, 0xdd, 0x52, 0x00, 0x0b, 0x05,
  0x01, 0x00, 0x00, 0x00, 0x00, 0x00, 0x00, 0x00, 0x00, 0x00, 0x00, 0x00,
  0x00, 0x00, 0x00, 0x00, 0x00, 0x00, 0x00, 0x00, 0x00, 0x00, 0x00, 0x00,
  0x00, 0x00, 0x00, 0x00, 0x00, 0x00, 0x00, 0x00, 0x00, 0x00, 0x00, 0x00,
  0x00, 0x00, 0x00, 0x00, 0x00, 0x00, 0x00, 0x00, 0x00, 0x00, 0x00, 0x03,
  0x07, 0x09, 0x00, 0x13, 0xce, 0xfc, 0xf8, 0xf8, 0xfb, 0xfb, 0xfb, 0xfb,
  0xfb, 0xfb, 0xfb, 0xfb, 0xfa, 0xfc, 0xfb, 0xfa, 0xfb, 0xfb, 0xfc, 0xfb,
  0xfc, 0xfc, 0xfc, 0xfc, 0xfb, 0xfb, 0xfb, 0xfb, 0xfc, 0xfb, 0xfb, 0xfb,
  0xfa, 0xfb, 0xfc, 0xfb, 0xfc, 0xfc, 0xfd, 0xfc, 0xfb, 0xfc, 0xfd, 0xfd,
  0xfd, 0xfd, 0xfc, 0xfc, 0xfc, 0xfc, 0xfc, 0xfb, 0xfa, 0xfa, 0xfa, 0xfb,
  0xfb, 0xfb, 0xfb, 0xfb, 0xfb, 0xfb, 0xfb, 0xfb, 0xfb, 0xfb, 0xfc, 0xfb,
  0xfc, 0xfc, 0xfb, 0xfc, 0xfc, 0xfc, 0xfc, 0xfc, 0xfc, 0xfc, 0xfc, 0xfb,
  0xfb, 0xfb, 0xfc, 0xfb, 0xfc, 0xfd, 0xfc, 0xfb, 0xfb, 0xfb, 0xfc, 0xfc,
  0xfc, 0xfd, 0xfc, 0xfb, 0xfc, 0xfb, 0xfb, 0xfb, 0xfb, 0xfb, 0xfc, 0xfc,
  0xfb, 0xfb, 0xfb, 0xfb, 0xfc, 0xfb, 0xfb, 0xfb, 0xfb, 0xfc, 0xfb, 0xfa,
  0xfa, 0xfa, 0xfa, 0xfa, 0xfb, 0xfb, 0xfb, 0xfb, 0xfb, 0xfc, 0xfc, 0xfc,
  0xfb, 0xfc, 0xfd, 0xfd, 0xfd, 0xfd, 0xfd, 0xfc, 0xfc, 0xfc, 0xfc, 0xfc,
  0xfc, 0xfc, 0xfb, 0xfb, 0xfb, 0xfa, 0xfb, 0xfb, 0xfa, 0xfb, 0xfb, 0xfb,
  0xfb, 0xfb, 0xfa, 0xf9, 0xf9, 0xf9, 0xff, 0xe5, 0x5d, 0x00, 0x0d, 0x07,
  0x05, 0x04, 0x02, 0x01, 0x00, 0x00, 0x00, 0x00, 0x00, 0x00, 0x00, 0x00,
  0x00, 0x00, 0x00, 0x00, 0x00, 0x00, 0x00, 0x00, 0x00, 0x00, 0x00, 0x00,
  0x00, 0x00, 0x00, 0x00, 0x00, 0x00, 0x00, 0x00, 0x00, 0x00, 0x00, 0x00,
  0x00, 0x00, 0x01, 0x00, 0x00, 0x00, 0x00, 0x00, 0x00, 0x00, 0x00, 0x00,
  0x00, 0x00, 0x00, 0x00, 0x00, 0x00, 0x00, 0x00, 0x02, 0x06, 0x07, 0x09,
  0x91, 0xf9, 0xf6, 0xf3, 0xf9, 0xfd, 0xfe, 0xfd, 0xfc, 0xfb, 0xfc, 0xfb,
  0xfa, 0xfa, 0xfa, 0xfa, 0xf9, 0xf9, 0xfa, 0xfb, 0xfa, 0xfb, 0xfc, 0xfb,
  0xfc, 0xfc, 0xfc, 0xfc, 0xfc, 0xfc, 0xfb, 0xfb, 0xfb, 0xfb, 0xfb, 0xfa,
  0xfb, 0xfa, 0xf9, 0xf9, 0xf9, 0xf9, 0xf8, 0xfa, 0xf6, 0xfa, 0xfc, 0xaf,
  0x18, 0x00, 0x08, 0x07, 0x05, 0x03, 0x02, 0x02, 0x02, 0x01, 0x00, 0x00,
  0x00, 0x00, 0x00, 0x00, 0x00, 0x00, 0x00, 0x00, 0x00, 0x00, 0x00, 0x00,
  0x00, 0x00, 0x00, 0x00, 0x00, 0x00, 0x00, 0x00, 0x00, 0x00, 0x00, 0x00,
  0x00, 0x00, 0x02, 0x04, 0x03, 0x01, 0x00, 0x55, 0xe0, 0xfe, 0xf6, 0xf9,
  0xfb, 0xfb, 0xfc, 0xfc, 0xfc, 0xfc, 0xfc, 0xfc, 0xfc, 0xfd, 0xfd, 0xfd,
  0xfd, 0xfc, 0xfd, 0xfd, 0xfd, 0xfc, 0xfd, 0xfd, 0xfc, 0xfc, 0xfc, 0xfd,
  0xfc, 0xfb, 0xfb, 0xfb, 0xfb, 0xfa, 0xf9, 0xfa, 0xfa, 0xfa, 0xfa, 0xfa,
  0xf9, 0xf9, 0xf9, 0xf9, 0xf7, 0xfd, 0xf6, 0x7b, 0x08, 0x07, 0x05, 0x03,
  0x03, 0x03, 0x02, 0x01, 0x01, 0x00, 0x00, 0x00, 0x00, 0x00, 0x00, 0x00,
  0x00, 0x00, 0x00, 0x00, 0x00, 0x00, 0x00, 0x00, 0x00, 0x00, 0x00, 0x00,
  0x00, 0x00, 0x00, 0x00, 0x00, 0x00, 0x00, 0x00, 0x00, 0x00, 0x00, 0x00,
  0x00, 0x00, 0x00, 0x00, 0x00, 0x00, 0x00, 0x00, 0x00, 0x00, 0x00, 0x00,
  0x00, 0x00, 0x00, 0x00, 0x00, 0x00, 0x00, 0x00, 0x00, 0x00, 0x00, 0x00,
  0x00, 0x00, 0x00, 0x00, 0x00, 0x00, 0x00, 0x00, 0x00, 0x00, 0x00, 0x00,
  0x00, 0x00, 0x00, 0x00, 0x00, 0x00, 0x00, 0x00, 0x00, 0x00, 0x00, 0x00,
  0x02, 0x09, 0x09, 0x0b, 0x79, 0xf0, 0xfd, 0xf3, 0xf8, 0xfa, 0xfb, 0xfa,
  0xfa, 0xfb, 0xfb, 0xfc, 0xfc, 0xfb, 0xfb, 0xfc, 0xfc, 0xfb, 0xfa, 0xfb,
  0xfb, 0xfa, 0xfc, 0xfc, 0xfb, 0xfb, 0xfb, 0xfc, 0xfc, 0xfd, 0xfd, 0xfc,
  0xfc, 0xfc, 0xfd, 0xfd, 0xfd, 0xfd, 0xfc, 0xfc, 0xfc, 0xfb, 0xfb, 0xfa,
  0xf8, 0xf5, 0xfb, 0xf8, 0x89, 0x09, 0x01, 0x02, 0x00, 0x00, 0x00, 0x00,
  0x00, 0x00, 0x00, 0x00, 0x00, 0x00, 0x00, 0x00, 0x00, 0x00, 0x00, 0x00,
  0x00, 0x00, 0x00, 0x00, 0x00, 0x00, 0x00, 0x00, 0x00, 0x00, 0x00, 0x00,
  0x00, 0x00, 0x00, 0x00, 0x00, 0x01, 0x02, 0x03, 0x04, 0x04, 0x05, 0x03,
  0x03, 0x5a, 0xe9, 0xfe, 0xef, 0xf8, 0xf9, 0xf9, 0xfa, 0xf9, 0xf9, 0xf9,
  0xfa, 0xfb, 0xfa, 0xfb, 0xfc, 0xfb, 0xfa, 0xfa, 0xfb, 0xfc, 0xfc, 0xfc,
  0xfc, 0xfb, 0xfb, 0xfc, 0xfc, 0xfc, 0xfc, 0xfc, 0xfc, 0xfc, 0xfb, 0xfb,
  0xfc, 0xfd, 0xfc, 0xfc, 0xfc, 0xfc, 0xfd, 0xfe, 0xfd, 0xf9, 0xf4, 0xff,
  0xd9, 0x43, 0x00, 0x08, 0x03, 0x01, 0x00, 0x00, 0x00, 0x00, 0x00, 0x00,
  0x00, 0x00, 0x00, 0x00, 0x00, 0x00, 0x00, 0x00, 0x00, 0x00, 0x00, 0x00,
  0x00, 0x00, 0x00, 0x00, 0x00, 0x00, 0x00, 0x00, 0x00, 0x00, 0x00, 0x00,
  0x00, 0x00, 0x00, 0x00, 0x00, 0x00, 0x00, 0x00, 0x00, 0x00, 0x00, 0x00,
  0x00, 0x00, 0x00, 0x00, 0x00, 0x00, 0x00, 0x00, 0x00, 0x00, 0x01, 0x01,
  0x02, 0x08, 0x00, 0x7e, 0xf6, 0xff, 0xf5, 0xf8, 0xfa, 0xfb, 0xfb, 0xfa,
  0xfa, 0xfa, 0xfa, 0xfa, 0xfa, 0xfa, 0xfa, 0xfa, 0xfa, 0xfa, 0xfb, 0xfc,
  0xfc, 0xfd, 0xfb, 0xfc, 0xfb, 0xfb, 0xfc, 0xfc, 0xfb, 0xfb, 0xfb, 0xfb,
  0xfc, 0xfc, 0xfc, 0xfb, 0xfc, 0xfc, 0xfb, 0xfb, 0xfb, 0xfb, 0xfc, 0xfb,
  0xfc, 0xfd, 0xfb, 0xfc, 0xfd, 0xfc, 0xfc, 0xfd, 0xfd, 0xfd, 0xfc, 0xfb,
  0xfb, 0xfb, 0xfb, 0xfb, 0xfa, 0xfa, 0xfa, 0xfa, 0xfa, 0xfa, 0xfb, 0xfa,
  0xfb, 0xfc, 0xfb, 0xfa, 0xfb, 0xfb, 0xfc, 0xfc, 0xfb, 0xfb, 0xfb, 0xfb,
  0xfc, 0xfb, 0xfb, 0xfb, 0xfb, 0xfc, 0xfc, 0xfb, 0xfb, 0xfc, 0xfc, 0xfc,
  0xfb, 0xfb, 0xfb, 0xfb, 0xfb, 0xfb, 0xfc, 0xfc, 0xfb, 0xfc, 0xfb, 0xfb,
  0xfa, 0xfa, 0xfa, 0xfb, 0xfa, 0xf9, 0xf9, 0xf9, 0xf9, 0xf8, 0xf8, 0xf9,
  0xf9, 0xfa, 0xfb, 0xfb, 0xfc, 0xfd, 0xfd, 0xfe, 0xfe, 0xfc, 0xf6, 0xf5,
  0xff, 0xdb, 0x50, 0x00, 0x0a, 0x05, 0x01, 0x00, 0x00, 0x00, 0x00, 0x00,
  0x00, 0x00, 0x00, 0x00, 0x00, 0x00, 0x00, 0x00, 0x00, 0x00, 0x00, 0x00,
  0x00, 0x00, 0x00, 0x00, 0x00, 0x00, 0x00, 0x00, 0x00, 0x00, 0x00, 0x00,
  0x00, 0x00, 0x00, 0x00, 0x00, 0x00, 0x00, 0x00, 0x00, 0x00, 0x00, 0x00,
  0x00, 0x00, 0x00, 0x00, 0x01, 0x04, 0x07, 0x09, 0x00, 0x13, 0xce, 0xfc,
  0xf8, 0xf9, 0xfa, 0xfa, 0xfa, 0xfb, 0xfb, 0xfa, 0xfa, 0xfa, 0xfb, 0xfc,
  0xfb, 0xfb, 0xfb, 0xfb, 0xfc, 0xfb, 0xfc, 0xfd, 0xfd, 0xfc, 0xfb, 0xfc,
  0xfc, 0xfc, 0xfc, 0xfb, 0xfb, 0xfb, 0xfa, 0xfb, 0xfc, 0xfc, 0xfb, 0xfb,
  0xfc, 0xfc, 0xfc, 0xfd, 0xfd, 0xfc, 0xfe, 0xfd, 0xfc, 0xfd, 0xfd, 0xfc,
  0xfb, 0xfb, 0xfa, 0xfb, 0xfb, 0xfa, 0xfa, 0xfa, 0xfa, 0xfa, 0xfb, 0xfb,
  0xfb, 0xfa, 0xfa, 0xfb, 0xfc, 0xfb, 0xfc, 0xfc, 0xfb, 0xfc, 0xfd, 0xfd,
  0xfc, 0xfd, 0xfd, 0xfd, 0xfc, 0xfb, 0xfc, 0xfc, 0xfb, 0xfc, 0xfd, 0xfd,
  0xfc, 0xfc, 0xfc, 0xfc, 0xfc, 0xfc, 0xfc, 0xfd, 0xfc, 0xfb, 0xfc, 0xfb,
  0xfa, 0xfa, 0xfa, 0xfb, 0xfc, 0xfb, 0xfc, 0xfb, 0xfb, 0xfb, 0xfc, 0xfc,
  0xfc, 0xfc, 0xfb, 0xfc, 0xfb, 0xfb, 0xfa, 0xf9, 0xf9, 0xfa, 0xfb, 0xfa,
  0xfa, 0xfa, 0xfa, 0xfb, 0xfb, 0xfc, 0xfb, 0xfc, 0xfc, 0xfd, 0xfe, 0xfe,
  0xfe, 0xfc, 0xfd, 0xfd, 0xfd, 0xfd, 0xfc, 0xfb, 0xfc, 0xfc, 0xfb, 0xfa,
  0xfb, 0xfa, 0xfb, 0xfb, 0xfa, 0xfa, 0xfa, 0xfa, 0xf9, 0xf7, 0xf6, 0xff,
  0xf1, 0x7d, 0x09, 0x09, 0x09, 0x04, 0x04, 0x04, 0x02, 0x01, 0x01, 0x00,
  0x00, 0x00, 0x00, 0x00, 0x00, 0x00, 0x00, 0x00, 0x00, 0x00, 0x00, 0x00,
  0x00, 0x00, 0x00, 0x00, 0x00, 0x00, 0x00, 0x00, 0x00, 0x00, 0x00, 0x00,
  0x00, 0x00, 0x00, 0x00, 0x00, 0x00, 0x00, 0x00, 0x00, 0x00, 0x00, 0x00,
  0x00, 0x00, 0x00, 0x00, 0x00, 0x00, 0x00, 0x00, 0x00, 0x00, 0x00, 0x00,
  0x01, 0x02, 0x02, 0x07, 0x00, 0x4d, 0xdc, 0xff, 0xf4, 0xf6, 0xfa, 0xfd,
  0xfe, 0xfd, 0xfb, 0xfb, 0xfc, 0xfb, 0xfb, 0xfa, 0xf9, 0xf9, 0xfa, 0xfa,
  0xfa, 0xfa, 0xfb, 0xfb, 0xfb, 0xfb, 0xfc, 0xfd, 0xfd, 0xfc, 0xfd, 0xfc,
  0xfb, 0xfb, 0xfc, 0xfc, 0xfc, 0xfa, 0xfb, 0xfa, 0xfa, 0xf9, 0xf8, 0xf7,
  0xf7, 0xf7, 0xf4, 0xff, 0xe1, 0x46, 0x03, 0x02, 0x05, 0x05, 0x04, 0x03,
  0x02, 0x03, 0x02, 0x01, 0x00, 0x00, 0x00, 0x00, 0x00, 0x00, 0x00, 0x00,
  0x00, 0x00, 0x00, 0x00, 0x00, 0x00, 0x00, 0x00, 0x00, 0x00, 0x00, 0x00,
  0x00, 0x00, 0x00, 0x00, 0x00, 0x00, 0x00, 0x00, 0x01, 0x02, 0x02, 0x03,
  0x03, 0x14, 0x9a, 0xfd, 0xfb, 0xf5, 0xfa, 0xfc, 0xfd, 0xfd, 0xfd, 0xfd,
  0xfd, 0xfd, 0xfd, 0xfc, 0xfd, 0xfe, 0xfd, 0xfd, 0xfc, 0xfc, 0xfd, 0xfd,
  0xfc, 0xfc, 0xfc, 0xfc, 0xfc, 0xfd, 0xfc, 0xfc, 0xfb, 0xfa, 0xfb, 0xfa,
  0xfa, 0xfb, 0xfb, 0xfb, 0xfa, 0xf9, 0xfa, 0xfa, 0xfa, 0xfb, 0xf9, 0xf8,
  0xff, 0xcc, 0x3d, 0x00, 0x0c, 0x03, 0x04, 0x02, 0x01, 0x01, 0x01, 0x00,
  0x00, 0x00, 0x00, 0x00, 0x00, 0x00, 0x00, 0x00, 0x00, 0x00, 0x00, 0x00,
  0x00, 0x00, 0x00, 0x00, 0x00, 0x00, 0x00, 0x00, 0x00, 0x00, 0x00, 0x00,
  0x00, 0x00, 0x00, 0x00, 0x00, 0x00, 0x00, 0x00, 0x00, 0x00, 0x00, 0x00,
  0x00, 0x00, 0x00, 0x00, 0x00, 0x00, 0x00, 0x00, 0x00, 0x00, 0x00, 0x00,
  0x00, 0x00, 0x00, 0x00, 0x00, 0x00, 0x00, 0x00, 0x00, 0x00, 0x00, 0x00,
  0x00, 0x00, 0x00, 0x00, 0x00, 0x00, 0x00, 0x00, 0x00, 0x00, 0x00, 0x00,
  0x00, 0x00, 0x00, 0x01, 0x01, 0x01, 0x02, 0x08, 0x00, 0x46, 0xcf, 0xff,
  0xf7, 0xf6, 0xfa, 0xfa, 0xfb, 0xfa, 0xfb, 0xfc, 0xfc, 0xfb, 0xfc, 0xfb,
  0xfb, 0xfb, 0xfb, 0xfa, 0xfa, 0xfa, 0xfa, 0xfb, 0xfb, 0xfb, 0xfc, 0xfc,
  0xfb, 0xfc, 0xfd, 0xfd, 0xfd, 0xfc, 0xfc, 0xfc, 0xfd, 0xfc, 0xfc, 0xfc,
  0xfc, 0xfd, 0xfc, 0xfc, 0xfc, 0xfc, 0xf7, 0xfa, 0xff, 0xc8, 0x36, 0x00,
  0x05, 0x04, 0x01, 0x00, 0x00, 0x00, 0x00, 0x00, 0x00, 0x00, 0x00, 0x00,
  0x00, 0x00, 0x00, 0x00, 0x00, 0x00, 0x00, 0x00, 0x00, 0x00, 0x00, 0x00,
  0x00, 0x00, 0x00, 0x00, 0x00, 0x00, 0x00, 0x00, 0x00, 0x00, 0x01, 0x02,
  0x02, 0x03, 0x03, 0x03, 0x03, 0x05, 0x00, 0x0d, 0x9f, 0xfa, 0xf6, 0xf3,
  0xf9, 0xf8, 0xf9, 0xfa, 0xfa, 0xfa, 0xfb, 0xfb, 0xfa, 0xfb, 0xfc, 0xfb,
  0xfa, 0xfa, 0xfb, 0xfc, 0xfb, 0xfb, 0xfb, 0xfc, 0xfc, 0xfb, 0xfb, 0xfb,
  0xfb, 0xfb, 0xfb, 0xfb, 0xfb, 0xfb, 0xfc, 0xfd, 0xfd, 0xfd, 0xfd, 0xfc,
  0xfd, 0xfd, 0xfc, 0xfa, 0xf7, 0xf9, 0xfa, 0xa9, 0x0b, 0x04, 0x01, 0x00,
  0x01, 0x00, 0x00, 0x00, 0x00, 0x00, 0x00, 0x00, 0x00, 0x00, 0x00, 0x00,
  0x00, 0x00, 0x00, 0x00, 0x00, 0x00, 0x00, 0x00, 0x00, 0x00, 0x00, 0x00,
  0x00, 0x00, 0x00, 0x00, 0x00, 0x00, 0x00, 0x00, 0x00, 0x00, 0x00, 0x00,
  0x00, 0x00, 0x00, 0x00, 0x00, 0x00, 0x00, 0x00, 0x00, 0x00, 0x00, 0x00,
  0x00, 0x00, 0x00, 0x00, 0x01, 0x01, 0x02, 0x08, 0x00, 0x7e, 0xf6, 0xff,
  0xf5, 0xf8, 0xfa, 0xfb, 0xfb, 0xfa, 0xfb, 0xfb, 0xfb, 0xfb, 0xfb, 0xfb,
  0xfb, 0xfb, 0xfb, 0xfa, 0xfb, 0xfc, 0xfc, 0xfc, 0xfc, 0xfb, 0xfc, 0xfc,
  0xfb, 0xfc, 0xfb, 0xfb, 0xfc, 0xfb, 0xfc, 0xfb, 0xfc, 0xfc, 0xfc, 0xfd,
  0xfc, 0xfc, 0xfc, 0xfb, 0xfc, 0xfb, 0xfc, 0xfc, 0xfb, 0xfc, 0xfd, 0xfd,
  0xfd, 0xfc, 0xfc, 0xfd, 0xfc, 0xfc, 0xfc, 0xfc, 0xfb, 0xfb, 0xfa, 0xfb,
  0xfb, 0xfa, 0xfa, 0xfb, 0xfb, 0xfa, 0xfb, 0xfc, 0xfb, 0xfb, 0xfa, 0xfb,
  0xfc, 0xfb, 0xfb, 0xfc, 0xfc, 0xfb, 0xfc, 0xfb, 0xfa, 0xfa, 0xfb, 0xfc,
  0xfb, 0xfc, 0xfc, 0xfb, 0xfb, 0xfb, 0xfc, 0xfc, 0xfc, 0xfc, 0xfb, 0xfb,
  0xfb, 0xfb, 0xfb, 0xfc, 0xfb, 0xfa, 0xfa, 0xfb, 0xfb, 0xfa, 0xfa, 0xf9,
  0xf8, 0xf8, 0xf8, 0xf7, 0xf8, 0xf8, 0xf8, 0xfa, 0xfa, 0xfc, 0xfc, 0xfc,
  0xfc, 0xfd, 0xfd, 0xfa, 0xf5, 0xf4, 0xff, 0xda, 0x4e, 0x00, 0x09, 0x05,
  0x01, 0x00, 0x00, 0x00, 0x00, 0x00, 0x00, 0x00, 0x00, 0x00, 0x00, 0x00,
  0x00, 0x00, 0x00, 0x00, 0x00, 0x00, 0x00, 0x00, 0x00, 0x00, 0x00, 0x00,
  0x00, 0x00, 0x00, 0x00, 0x00, 0x00, 0x00, 0x00, 0x00, 0x00, 0x00, 0x00,
  0x00, 0x00, 0x00, 0x00, 0x00, 0x00, 0x00, 0x00, 0x00, 0x00, 0x01, 0x04,
  0x07, 0x09, 0x00, 0x13, 0xce, 0xfc, 0xf8, 0xf8, 0xf9, 0xfa, 0xfa, 0xfb,
  0xfb, 0xfb, 0xfa, 0xfb, 0xfb, 0xfb, 0xfa, 0xfc, 0xfc, 0xfc, 0xfc, 0xfb,
  0xfc, 0xfc, 0xfc, 0xfc, 0xfb, 0xfb, 0xfb, 0xfb, 0xfc, 0xfb, 0xfa, 0xfb,
  0xfb, 0xfb, 0xfb, 0xfb, 0xfb, 0xfb, 0xfc, 0xfd, 0xfd, 0xfc, 0xfc, 0xfc,
  0xfd, 0xfd, 0xfc, 0xfc, 0xfd, 0xfc, 0xfb, 0xfb, 0xfa, 0xfb, 0xfc, 0xfb,
  0xfb, 0xfb, 0xfb, 0xfa, 0xfb, 0xfb, 0xfb, 0xfb, 0xfa, 0xfb, 0xfc, 0xfb,
  0xfb, 0xfb, 0xfb, 0xfc, 0xfd, 0xfd, 0xfd, 0xfd, 0xfc, 0xfd, 0xfc, 0xfb,
  0xfb, 0xfb, 0xfb, 0xfc, 0xfd, 0xfd, 0xfd, 0xfd, 0xfd, 0xfd, 0xfd, 0xfc,
  0xfc, 0xfc, 0xfd, 0xfb, 0xfb, 0xfc, 0xfb, 0xfb, 0xfb, 0xfb, 0xfb, 0xfc,
  0xfb, 0xfc, 0xfc, 0xfc, 0xfc, 0xfb, 0xfb, 0xfb, 0xfb, 0xfc, 0xfb, 0xfb,
  0xfa, 0xf9, 0xf9, 0xfa, 0xfb, 0xfb, 0xfb, 0xfb, 0xfb, 0xfa, 0xfa, 0xfb,
  0xfb, 0xfc, 0xfd, 0xfd, 0xfd, 0xfe, 0xfd, 0xfc, 0xfd, 0xfc, 0xfc, 0xfd,
  0xfc, 0xfb, 0xfb, 0xfb, 0xfb, 0xfb, 0xfb, 0xfb, 0xfa, 0xfa, 0xf9, 0xf9,
  0xf9, 0xf9, 0xf7, 0xf5, 0xff, 0xf3, 0x8c, 0x16, 0x05, 0x0e, 0x05, 0x05,
  0x03, 0x03, 0x02, 0x02, 0x01, 0x01, 0x00, 0x00, 0x00, 0x00, 0x00, 0x00,
  0x00, 0x00, 0x00, 0x00, 0x00, 0x00, 0x00, 0x00, 0x00, 0x00, 0x00, 0x00,
  0x00, 0x00, 0x00, 0x00, 0x00, 0x00, 0x00, 0x00, 0x00, 0x00, 0x00, 0x00,
  0x00, 0x00, 0x00, 0x00, 0x00, 0x00, 0x00, 0x00, 0x00, 0x00, 0x00, 0x00,
  0x00, 0x00, 0x00, 0x00, 0x00, 0x01, 0x03, 0x04, 0x03, 0x04, 0x12, 0xab,
  0xff, 0xfa, 0xf9, 0xfb, 0xfc, 0xfd, 0xfd, 0xfd, 0xfc, 0xfb, 0xfc, 0xfb,
  0xfb, 0xfa, 0xf9, 0xf9, 0xfa, 0xfb, 0xfb, 0xfb, 0xfa, 0xfa, 0xfb, 0xfb,
  0xfc, 0xfd, 0xfc, 0xfc, 0xfc, 0xfc, 0xfc, 0xfc, 0xfb, 0xfc, 0xfb, 0xfa,
  0xfb, 0xfa, 0xf9, 0xf9, 0xf8, 0xf7, 0xf7, 0xf0, 0xfa, 0xf9, 0x8e, 0x09,
  0x00, 0x02, 0x02, 0x03, 0x02, 0x02, 0x03, 0x02, 0x02, 0x01, 0x01, 0x01,
  0x00, 0x00, 0x00, 0x00, 0x00, 0x00, 0x00, 0x00, 0x00, 0x00, 0x00, 0x00,
  0x00, 0x00, 0x00, 0x00, 0x00, 0x00, 0x00, 0x00, 0x00, 0x00, 0x00, 0x00,
  0x00, 0x00, 0x00, 0x00, 0x01, 0x04, 0x07, 0x00, 0x4c, 0xdc, 0xff, 0xf5,
  0xf6, 0xfc, 0xfd, 0xfe, 0xfe, 0xfd, 0xfe, 0xfd, 0xfc, 0xfd, 0xfc, 0xfd,
  0xfe, 0xfd, 0xfc, 0xfc, 0xfc, 0xfc, 0xfd, 0xfd, 0xfd, 0xfd, 0xfd, 0xfd,
  0xfc, 0xfc, 0xfb, 0xfa, 0xfb, 0xfb, 0xfb, 0xfa, 0xfb, 0xfa, 0xfa, 0xfa,
  0xfb, 0xfb, 0xfc, 0xfd, 0xfa, 0xf3, 0xfb, 0xfb, 0x94, 0x11, 0x08, 0x08,
  0x03, 0x02, 0x01, 0x00, 0x01, 0x00, 0x00, 0x00, 0x00, 0x00, 0x00, 0x00,
  0x00, 0x00, 0x00, 0x00, 0x00, 0x00, 0x00, 0x00, 0x00, 0x00, 0x00, 0x00,
  0x00, 0x00, 0x00, 0x00, 0x00, 0x00, 0x00, 0x00, 0x00, 0x00, 0x00, 0x00,
  0x00, 0x00, 0x00, 0x00, 0x00, 0x00, 0x00, 0x00, 0x00, 0x00, 0x00, 0x00,
  0x00, 0x00, 0x00, 0x00, 0x00, 0x00, 0x00, 0x00, 0x00, 0x00, 0x00, 0x00,
  0x00, 0x00, 0x00, 0x00, 0x00, 0x00, 0x00, 0x00, 0x00, 0x00, 0x00, 0x00,
  0x00, 0x00, 0x00, 0x00, 0x00, 0x00, 0x00, 0x00, 0x00, 0x01, 0x03, 0x03,
  0x06, 0x00, 0x11, 0x9d, 0xfc, 0xfb, 0xf4, 0xf9, 0xf9, 0xfa, 0xfa, 0xfb,
  0xfb, 0xfc, 0xfc, 0xfb, 0xfc, 0xfb, 0xfa, 0xfa, 0xfa, 0xfb, 0xfa, 0xf9,
  0xf9, 0xfa, 0xfa, 0xfb, 0xfc, 0xfc, 0xfb, 0xfc, 0xfc, 0xfd, 0xfd, 0xfd,
  0xfd, 0xfd, 0xfc, 0xfd, 0xfd, 0xfd, 0xfd, 0xfd, 0xfd, 0xfc, 0xfb, 0xfa,
  0xf8, 0xff, 0xf0, 0x75, 0x00, 0x03, 0x07, 0x05, 0x02, 0x00, 0x00, 0x00,
  0x00, 0x00, 0x00, 0x00, 0x00, 0x00, 0x00, 0x00, 0x00, 0x00, 0x00, 0x00,
  0x00, 0x00, 0x00, 0x00, 0x00, 0x00, 0x00, 0x00, 0x00, 0x00, 0x00, 0x01,
  0x01, 0x01, 0x01, 0x01, 0x01, 0x02, 0x02, 0x02, 0x03, 0x04, 0x04, 0x04,
  0x04, 0x00, 0x38, 0xd0, 0xff, 0xf1, 0xf8, 0xf8, 0xf9, 0xfa, 0xf9, 0xfa,
  0xfb, 0xfb, 0xfb, 0xfa, 0xfb, 0xfb, 0xfb, 0xfb, 0xfb, 0xfc, 0xfb, 0xfc,
  0xfc, 0xfc, 0xfc, 0xfb, 0xfc, 0xfc, 0xfc, 0xfc, 0xfb, 0xfc, 0xfc, 0xfc,
  0xfc, 0xfc, 0xfc, 0xfc, 0xfc, 0xfb, 0xfc, 0xfc, 0xfb, 0xfa, 0xf9, 0xf5,
  0xfd, 0xe6, 0x5b, 0x00, 0x02, 0x01, 0x03, 0x01, 0x00, 0x00, 0x00, 0x00,
  0x00, 0x00, 0x00, 0x00, 0x00, 0x00, 0x00, 0x00, 0x00, 0x00, 0x00, 0x00,
  0x00, 0x00, 0x00, 0x00, 0x00, 0x00, 0x00, 0x00, 0x00, 0x00, 0x00, 0x00,
  0x00, 0x00, 0x00, 0x00, 0x00, 0x00, 0x00, 0x00, 0x00, 0x00, 0x00, 0x00,
  0x00, 0x00, 0x00, 0x00, 0x00, 0x00, 0x00, 0x00, 0x00, 0x00, 0x01, 0x01,
  0x02, 0x08, 0x00, 0x7e, 0xf6, 0xff, 0xf5, 0xf8, 0xfa, 0xfb, 0xfb, 0xfa,
  0xfb, 0xfa, 0xfb, 0xfc, 0xfb, 0xfa, 0xfa, 0xfa, 0xfb, 0xfa, 0xfb, 0xfc,
  0xfc, 0xfd, 0xfd, 0xfc, 0xfb, 0xfb, 0xfc, 0xfc, 0xfc, 0xfc, 0xfb, 0xfb,
  0xfc, 0xfb, 0xfc, 0xfc, 0xfb, 0xfc, 0xfc, 0xfc, 0xfc, 0xfb, 0xfb, 0xfb,
  0xfc, 0xfc, 0xfc, 0xfd, 0xfc, 0xfc, 0xfc, 0xfd, 0xfd, 0xfd, 0xfd, 0xfd,
  0xfc, 0xfb, 0xfc, 0xfc, 0xfb, 0xfa, 0xfb, 0xfb, 0xfb, 0xfb, 0xfb, 0xfb,
  0xfb, 0xfb, 0xfb, 0xfb, 0xfa, 0xfb, 0xfc, 0xfc, 0xfc, 0xfc, 0xfc, 0xfc,
  0xfc, 0xfb, 0xfb, 0xfa, 0xfb, 0xfc, 0xfc, 0xfb, 0xfb, 0xfc, 0xfc, 0xfc,
  0xfc, 0xfc, 0xfc, 0xfc, 0xfc, 0xfc, 0xfc, 0xfc, 0xfc, 0xfc, 0xfb, 0xfb,
  0xfb, 0xfb, 0xfb, 0xfa, 0xf9, 0xf9, 0xf8, 0xf7, 0xf7, 0xf7, 0xf7, 0xf8,
  0xf9, 0xfb, 0xfb, 0xfc, 0xfd, 0xfd, 0xfd, 0xfd, 0xfd, 0xfa, 0xf5, 0xf5,
  0xff, 0xd9, 0x4d, 0x00, 0x09, 0x04, 0x01, 0x00, 0x00, 0x00, 0x00, 0x00,
  0x00, 0x00, 0x00, 0x00, 0x00, 0x00, 0x00, 0x00, 0x00, 0x00, 0x00, 0x00,
  0x00, 0x00, 0x00, 0x00, 0x00, 0x00, 0x00, 0x00, 0x00, 0x00, 0x00, 0x00,
  0x00, 0x00, 0x00, 0x00, 0x00, 0x00, 0x00, 0x00, 0x00, 0x00, 0x00, 0x00,
  0x00, 0x00, 0x00, 0x00, 0x01, 0x04, 0x07, 0x09, 0x00, 0x13, 0xce, 0xfc,
  0xf8, 0xf8, 0xf9, 0xfa, 0xfa, 0xfb, 0xfc, 0xfb, 0xfa, 0xfb, 0xfa, 0xfa,
  0xfb, 0xfb, 0xfc, 0xfb, 0xfc, 0xfc, 0xfb, 0xfc, 0xfc, 0xfb, 0xfc, 0xfb,
  0xfb, 0xfb, 0xfc, 0xfb, 0xfb, 0xfb, 0xfb, 0xfb, 0xfb, 0xfa, 0xfb, 0xfc,
  0xfc, 0xfc, 0xfc, 0xfd, 0xfd, 0xfd, 0xfc, 0xfd, 0xfd, 0xfd, 0xfd, 0xfc,
  0xfb, 0xfb, 0xfb, 0xfb, 0xfb, 0xfb, 0xfa, 0xfb, 0xfa, 0xfa, 0xfa, 0xfa,
  0xfb, 0xfb, 0xfa, 0xfb, 0xfc, 0xfc, 0xfc, 0xfc, 0xfc, 0xfc, 0xfc, 0xfd,
  0xfe, 0xfd, 0xfd, 0xfd, 0xfc, 0xfb, 0xfc, 0xfc, 0xfc, 0xfc, 0xfc, 0xfc,
  0xfc, 0xfc, 0xfc, 0xfc, 0xfc, 0xfb, 0xfb, 0xfc, 0xfc, 0xfb, 0xfb, 0xfc,
  0xfb, 0xfb, 0xfc, 0xfb, 0xfb, 0xfc, 0xfb, 0xfb, 0xfb, 0xfb, 0xfc, 0xfb,
  0xfb, 0xfa, 0xfb, 0xfc, 0xfb, 0xfb, 0xfa, 0xfa, 0xfa, 0xfa, 0xfb, 0xfa,
  0xfb, 0xfb, 0xfa, 0xfa, 0xf9, 0xfa, 0xfb, 0xfc, 0xfc, 0xfc, 0xfd, 0xfd,
  0xfc, 0xfc, 0xfd, 0xfd, 0xfc, 0xfc, 0xfc, 0xfc, 0xfc, 0xfc, 0xfc, 0xfb,
  0xfb, 0xfc, 0xfa, 0xf9, 0xf8, 0xf8, 0xf9, 0xf6, 0xf5, 0xff, 0xf2, 0x8c,
  0x15, 0x01, 0x0f, 0x05, 0x05, 0x04, 0x03, 0x02, 0x02, 0x02, 0x01, 0x01,
  0x00, 0x00, 0x00, 0x00, 0x00, 0x00, 0x00, 0x00, 0x00, 0x00, 0x00, 0x00,
  0x00, 0x00, 0x00, 0x00, 0x00, 0x00, 0x00, 0x00, 0x00, 0x00, 0x00, 0x00,
  0x00, 0x00, 0x00, 0x00, 0x00, 0x00, 0x00, 0x00, 0x00, 0x00, 0x00, 0x00,
  0x00, 0x00, 0x00, 0x00, 0x00, 0x00, 0x00, 0x00, 0x00, 0x00, 0x00, 0x01,
  0x04, 0x05, 0x04, 0x00, 0x6a, 0xe8, 0xfc, 0xf8, 0xfb, 0xfc, 0xfd, 0xfd,
  0xfc, 0xfc, 0xfc, 0xfc, 0xfb, 0xfb, 0xfb, 0xfa, 0xfa, 0xfa, 0xfa, 0xfa,
  0xfb, 0xfc, 0xfb, 0xfb, 0xfc, 0xfb, 0xfc, 0xfd, 0xfc, 0xfb, 0xfc, 0xfc,
  0xfc, 0xfc, 0xfb, 0xfc, 0xfb, 0xfa, 0xfb, 0xfa, 0xf9, 0xf9, 0xf8, 0xf8,
  0xf5, 0xf1, 0xff, 0xc9, 0x29, 0x00, 0x01, 0x00, 0x00, 0x01, 0x01, 0x02,
  0x03, 0x02, 0x01, 0x02, 0x01, 0x01, 0x01, 0x01, 0x01, 0x00, 0x00, 0x00,
  0x00, 0x00, 0x00, 0x00, 0x00, 0x00, 0x00, 0x00, 0x00, 0x00, 0x00, 0x00,
  0x00, 0x00, 0x00, 0x00, 0x00, 0x00, 0x00, 0x00, 0x00, 0x00, 0x01, 0x04,
  0x0b, 0x06, 0x13, 0x8e, 0xf8, 0xfb, 0xf3, 0xfb, 0xfe, 0xfe, 0xfe, 0xfe,
  0xfd, 0xfe, 0xfd, 0xfd, 0xfd, 0xfc, 0xfd, 0xfd, 0xfd, 0xfc, 0xfb, 0xfc,
  0xfc, 0xfc, 0xfc, 0xfc, 0xfc, 0xfc, 0xfc, 0xfc, 0xfb, 0xfb, 0xfa, 0xfa,
  0xfa, 0xfb, 0xfa, 0xfb, 0xfb, 0xfb, 0xfa, 0xfb, 0xfd, 0xfd, 0xfa, 0xf4,
  0xf4, 0xfd, 0xe0, 0x5d, 0x00, 0x0b, 0x04, 0x03, 0x02, 0x01, 0x00, 0x00,
  0x00, 0x00, 0x00, 0x00, 0x00, 0x00, 0x00, 0x00, 0x00, 0x00, 0x00, 0x00,
  0x00, 0x00, 0x00, 0x00, 0x00, 0x00, 0x00, 0x00, 0x00, 0x00, 0x00, 0x00,
  0x00, 0x00, 0x00, 0x00, 0x00, 0x00, 0x00, 0x00, 0x00, 0x00, 0x00, 0x00,
  0x00, 0x00, 0x00, 0x00, 0x00, 0x00, 0x00, 0x00, 0x00, 0x00, 0x00, 0x00,
  0x00, 0x00, 0x01, 0x00, 0x00, 0x00, 0x00, 0x00, 0x00, 0x00, 0x00, 0x00,
  0x00, 0x00, 0x00, 0x00, 0x00, 0x00, 0x00, 0x00, 0x00, 0x00, 0x00, 0x00,
  0x00, 0x00, 0x01, 0x02, 0x02, 0x04, 0x08, 0x01, 0x6a, 0xe5, 0xfd, 0xf3,
  0xf7, 0xf9, 0xf9, 0xf9, 0xfa, 0xfa, 0xfa, 0xfb, 0xfc, 0xfc, 0xfc, 0xfb,
  0xfa, 0xfb, 0xfb, 0xfa, 0xfb, 0xfb, 0xfa, 0xf9, 0xfa, 0xfb, 0xfb, 0xfc,
  0xfc, 0xfb, 0xfc, 0xfc, 0xfc, 0xfc, 0xfc, 0xfc, 0xfc, 0xfc, 0xfe, 0xfe,
  0xfd, 0xfe, 0xfd, 0xfb, 0xf9, 0xf4, 0xfa, 0xfe, 0xb7, 0x29, 0x01, 0x07,
  0x04, 0x04, 0x03, 0x00, 0x00, 0x00, 0x00, 0x00, 0x00, 0x00, 0x00, 0x00,
  0x00, 0x00, 0x00, 0x00, 0x00, 0x00, 0x00, 0x00, 0x00, 0x00, 0x00, 0x00,
  0x01, 0x01, 0x01, 0x01, 0x01, 0x01, 0x01, 0x01, 0x00, 0x00, 0x01, 0x01,
  0x02, 0x03, 0x04, 0x03, 0x04, 0x03, 0x06, 0x04, 0x01, 0x79, 0xf5, 0xfc,
  0xf1, 0xf9, 0xf9, 0xfa, 0xfa, 0xf9, 0xfa, 0xfb, 0xfa, 0xfa, 0xfa, 0xfa,
  0xfb, 0xfc, 0xfb, 0xfb, 0xfb, 0xfb, 0xfb, 0xfc, 0xfb, 0xfc, 0xfb, 0xfb,
  0xfb, 0xfc, 0xfb, 0xfc, 0xfd, 0xfc, 0xfb, 0xfb, 0xfb, 0xfb, 0xfb, 0xfc,
  0xfb, 0xfb, 0xfb, 0xfa, 0xf9, 0xf6, 0xf6, 0xfd, 0xbf, 0x0f, 0x00, 0x03,
  0x04, 0x02, 0x00, 0x00, 0x00, 0x00, 0x00, 0x00, 0x00, 0x00, 0x00, 0x00,
  0x00, 0x00, 0x00, 0x00, 0x00, 0x00, 0x00, 0x00, 0x00, 0x00, 0x00, 0x00,
  0x00, 0x00, 0x00, 0x00, 0x00, 0x00, 0x00, 0x00, 0x00, 0x00, 0x00, 0x00,
  0x00, 0x00, 0x00, 0x00, 0x00, 0x00, 0x00, 0x00, 0x00, 0x00, 0x00, 0x00,
  0x00, 0x00, 0x00, 0x00, 0x01, 0x01, 0x02, 0x08, 0x00, 0x7f, 0xf7, 0xff,
  0xf5, 0xf8, 0xfa, 0xfb, 0xfb, 0xfa, 0xfb, 0xfb, 0xfa, 0xfb, 0xfb, 0xfa,
  0xfb, 0xfb, 0xfa, 0xfa, 0xfb, 0xfc, 0xfc, 0xfd, 0xfc, 0xfd, 0xfc, 0xfb,
  0xfd, 0xfc, 0xfb, 0xfb, 0xfc, 0xfc, 0xfb, 0xfc, 0xfc, 0xfb, 0xfc, 0xfb,
  0xfb, 0xfb, 0xfb, 0xfc, 0xfc, 0xfb, 0xfb, 0xfc, 0xfc, 0xfc, 0xfc, 0xfc,
  0xfc, 0xfc, 0xfc, 0xfc, 0xfc, 0xfc, 0xfb, 0xfa, 0xfb, 0xfb, 0xfa, 0xfa,
  0xfa, 0xf9, 0xf9, 0xfa, 0xfa, 0xfa, 0xf9, 0xf9, 0xf9, 0xfa, 0xfa, 0xfa,
  0xfb, 0xfb, 0xfb, 0xfb, 0xfb, 0xfb, 0xfb, 0xfa, 0xfa, 0xfa, 0xfa, 0xfb,
  0xfb, 0xfa, 0xf9, 0xfb, 0xfb, 0xfb, 0xfb, 0xfa, 0xfa, 0xfb, 0xfb, 0xfb,
  0xfb, 0xfb, 0xfb, 0xfa, 0xf9, 0xfa, 0xfa, 0xfa, 0xf9, 0xf9, 0xf8, 0xf8,
  0xf7, 0xf7, 0xf6, 0xf5, 0xf6, 0xf7, 0xf9, 0xfa, 0xfb, 0xfc, 0xfd, 0xfd,
  0xfd, 0xfd, 0xfe, 0xfc, 0xf7, 0xf8, 0xfe, 0xd5, 0x4a, 0x00, 0x09, 0x04,
  0x01, 0x00, 0x00, 0x00, 0x00, 0x00, 0x00, 0x00, 0x00, 0x00, 0x00, 0x00,
  0x00, 0x00, 0x00, 0x00, 0x00, 0x00, 0x00, 0x00, 0x00, 0x00, 0x00, 0x00,
  0x00, 0x00, 0x00, 0x00, 0x00, 0x00, 0x00, 0x00, 0x00, 0x00, 0x00, 0x00,
  0x00, 0x00, 0x00, 0x00, 0x00, 0x00, 0x00, 0x00, 0x00, 0x00, 0x01, 0x04,
  0x07, 0x09, 0x00, 0x14, 0xcf, 0xfc, 0xf8, 0xf9, 0xfa, 0xfa, 0xfa, 0xfb,
  0xfc, 0xfb, 0xfa, 0xfb, 0xfb, 0xfb, 0xfa, 0xfb, 0xfc, 0xfc, 0xfb, 0xfb,
  0xfc, 0xfc, 0xfc, 0xfc, 0xfc, 0xfb, 0xfc, 0xfc, 0xfc, 0xfa, 0xfb, 0xfb,
  0xfa, 0xfa, 0xfb, 0xfa, 0xfb, 0xfc, 0xfb, 0xfb, 0xfd, 0xfd, 0xfe, 0xfe,
  0xfd, 0xfd, 0xfe, 0xfd, 0xfc, 0xfc, 0xfb, 0xfb, 0xfc, 0xfb, 0xfa, 0xfa,
  0xfb, 0xfa, 0xfb, 0xfb, 0xfb, 0xfb, 0xfa, 0xfa, 0xfa, 0xfb, 0xfc, 0xfc,
  0xfd, 0xfd, 0xfd, 0xfc, 0xfc, 0xfd, 0xfd, 0xfd, 0xfd, 0xfc, 0xfc, 0xfc,
  0xfd, 0xfd, 0xfd, 0xfd, 0xfc, 0xfb, 0xfb, 0xfb, 0xfb, 0xfb, 0xfc, 0xfc,
  0xfc, 0xfc, 0xfb, 0xfc, 0xfc, 0xfc, 0xfb, 0xfb, 0xfc, 0xfc, 0xfc, 0xfb,
  0xfc, 0xfc, 0xfc, 0xfb, 0xfc, 0xfc, 0xfc, 0xfb, 0xfb, 0xfc, 0xfb, 0xfa,
  0xfb, 0xfb, 0xfb, 0xfb, 0xfa, 0xfb, 0xfb, 0xfb, 0xf9, 0xf9, 0xf9, 0xfa,
  0xfb, 0xfb, 0xfc, 0xfd, 0xfd, 0xfc, 0xfd, 0xfd, 0xfc, 0xfc, 0xfd, 0xfd,
  0xfd, 0xfd, 0xfd, 0xfd, 0xfc, 0xfc, 0xfc, 0xfb, 0xfa, 0xf8, 0xf7, 0xf7,
  0xf6, 0xf6, 0xff, 0xe9, 0x81, 0x10, 0x02, 0x0e, 0x03, 0x04, 0x03, 0x03,
  0x02, 0x01, 0x02, 0x01, 0x01, 0x00, 0x00, 0x00, 0x00, 0x00, 0x00, 0x00,
  0x00, 0x00, 0x00, 0x00, 0x00, 0x00, 0x00, 0x00, 0x00, 0x00, 0x00, 0x00,
  0x00, 0x00, 0x00, 0x00, 0x00, 0x00, 0x00, 0x00, 0x00, 0x00, 0x00, 0x00,
  0x00, 0x00, 0x00, 0x00, 0x00, 0x00, 0x00, 0x00, 0x00, 0x00, 0x00, 0x00,
  0x00, 0x00, 0x00, 0x00, 0x00, 0x00, 0x03, 0x03, 0x00, 0x1e, 0xc5, 0xff,
  0xf6, 0xf7, 0xfa, 0xfc, 0xfc, 0xfc, 0xfc, 0xfb, 0xfb, 0xfb, 0xfa, 0xfa,
  0xfa, 0xfb, 0xfb, 0xfb, 0xfb, 0xfa, 0xfb, 0xfc, 0xfc, 0xfc, 0xfb, 0xfb,
  0xfc, 0xfc, 0xfc, 0xfb, 0xfc, 0xfc, 0xfb, 0xfb, 0xfc, 0xfc, 0xfb, 0xfa,
  0xfb, 0xfa, 0xf9, 0xfa, 0xf9, 0xf9, 0xf0, 0xfd, 0xec, 0x6b, 0x01, 0x03,
  0x02, 0x01, 0x00, 0x00, 0x00, 0x01, 0x01, 0x01, 0x02, 0x01, 0x02, 0x02,
  0x02, 0x02, 0x02, 0x01, 0x01, 0x01, 0x01, 0x00, 0x00, 0x00, 0x00, 0x00,
  0x00, 0x00, 0x00, 0x00, 0x00, 0x00, 0x00, 0x00, 0x00, 0x00, 0x00, 0x00,
  0x00, 0x00, 0x00, 0x00, 0x01, 0x03, 0x05, 0x0c, 0x00, 0x39, 0xcb, 0xff,
  0xf8, 0xf8, 0xfc, 0xfc, 0xfe, 0xff, 0xfe, 0xfd, 0xfd, 0xfc, 0xfd, 0xfd,
  0xfc, 0xfc, 0xfd, 0xfc, 0xfc, 0xfc, 0xfb, 0xfb, 0xfc, 0xfc, 0xfb, 0xfb,
  0xfc, 0xfc, 0xfc, 0xfb, 0xfa, 0xfb, 0xfb, 0xfb, 0xfa, 0xfa, 0xfa, 0xfa,
  0xfa, 0xfb, 0xfd, 0xfd, 0xfb, 0xf9, 0xf5, 0xfb, 0xff, 0xb3, 0x1c, 0x02,
  0x07, 0x04, 0x03, 0x01, 0x00, 0x00, 0x00, 0x00, 0x00, 0x00, 0x00, 0x00,
  0x00, 0x00, 0x00, 0x00, 0x00, 0x00, 0x00, 0x00, 0x00, 0x00, 0x00, 0x00,
  0x00, 0x00, 0x00, 0x00, 0x00, 0x00, 0x00, 0x00, 0x00, 0x00, 0x00, 0x00,
  0x00, 0x00, 0x00, 0x00, 0x00, 0x00, 0x00, 0x00, 0x00, 0x00, 0x00, 0x00,
  0x00, 0x00, 0x00, 0x00, 0x00, 0x00, 0x00, 0x00, 0x00, 0x00, 0x00, 0x00,
  0x00, 0x00, 0x00, 0x00, 0x00, 0x00, 0x00, 0x00, 0x00, 0x00, 0x00, 0x00,
  0x00, 0x00, 0x00, 0x00, 0x00, 0x00, 0x00, 0x01, 0x01, 0x02, 0x03, 0x08,
  0x00, 0x31, 0xbf, 0xff, 0xf7, 0xf2, 0xf7, 0xf8, 0xf8, 0xf9, 0xfa, 0xf9,
  0xfb, 0xfa, 0xfb, 0xfb, 0xfb, 0xfb, 0xfb, 0xfb, 0xfa, 0xfb, 0xfb, 0xfb,
  0xfa, 0xfa, 0xfb, 0xfa, 0xfb, 0xfb, 0xfb, 0xfb, 0xfb, 0xfb, 0xfb, 0xfc,
  0xfd, 0xfc, 0xfc, 0xfd, 0xfd, 0xfe, 0xfd, 0xfe, 0xfe, 0xfa, 0xf5, 0xf3,
  0xff, 0xe7, 0x61, 0x00, 0x05, 0x04, 0x02, 0x02, 0x02, 0x02, 0x00, 0x00,
  0x00, 0x00, 0x00, 0x00, 0x00, 0x00, 0x00, 0x00, 0x00, 0x00, 0x00, 0x00,
  0x00, 0x00, 0x01, 0x00, 0x00, 0x01, 0x01, 0x02, 0x02, 0x02, 0x02, 0x02,
  0x02, 0x01, 0x01, 0x01, 0x00, 0x01, 0x02, 0x03, 0x04, 0x03, 0x04, 0x04,
  0x08, 0x09, 0x01, 0x1b, 0xb3, 0xfe, 0xf1, 0xf8, 0xfa, 0xfb, 0xfa, 0xfa,
  0xfa, 0xfa, 0xfb, 0xfb, 0xfa, 0xfb, 0xfc, 0xfb, 0xfc, 0xfc, 0xfc, 0xfc,
  0xfc, 0xfb, 0xfb, 0xfc, 0xfb, 0xfa, 0xfb, 0xfc, 0xfb, 0xfc, 0xfd, 0xfc,
  0xfb, 0xfc, 0xfc, 0xfc, 0xfb, 0xfb, 0xfb, 0xfa, 0xfa, 0xf9, 0xf8, 0xf7,
  0xf4, 0xfa, 0xed, 0x7f, 0x00, 0x05, 0x06, 0x03, 0x00, 0x00, 0x00, 0x01,
  0x01, 0x00, 0x00, 0x00, 0x00, 0x00, 0x00, 0x00, 0x00, 0x00, 0x00, 0x00,
  0x00, 0x00, 0x00, 0x00, 0x00, 0x00, 0x00, 0x00, 0x00, 0x00, 0x00, 0x00,
  0x00, 0x00, 0x00, 0x00, 0x00, 0x00, 0x00, 0x00, 0x00, 0x00, 0x00, 0x00,
  0x00, 0x00, 0x00, 0x00, 0x00, 0x00, 0x00, 0x00, 0x00, 0x00, 0x01, 0x01,
  0x01, 0x08, 0x00, 0x80, 0xf7, 0xff, 0xf6, 0xf8, 0xfa, 0xfb, 0xfb, 0xfb,
  0xfb, 0xfb, 0xfa, 0xfb, 0xfc, 0xfb, 0xfb, 0xfb, 0xfa, 0xfb, 0xfb, 0xfc,
  0xfc, 0xfd, 0xfc, 0xfc, 0xfd, 0xfc, 0xfc, 0xfc, 0xfb, 0xfc, 0xfb, 0xfb,
  0xfc, 0xfb, 0xfb, 0xfb, 0xfb, 0xfb, 0xfb, 0xfb, 0xfb, 0xfc, 0xfd, 0xfe,
  0xff, 0xff, 0xff, 0xff, 0xff, 0xff, 0xff, 0xff, 0xff, 0xff, 0xff, 0xff,
  0xfe, 0xfe, 0xfe, 0xfe, 0xfe, 0xfe, 0xfe, 0xfc, 0xfc, 0xfd, 0xfd, 0xfd,
  0xfd, 0xfd, 0xfd, 0xfe, 0xfe, 0xfe, 0xfe, 0xfe, 0xfe, 0xfe, 0xfe, 0xfe,
  0xfe, 0xfe, 0xfd, 0xfd, 0xfe, 0xfe, 0xfe, 0xfe, 0xfd, 0xfe, 0xfe, 0xfe,
  0xfe, 0xfd, 0xfe, 0xfe, 0xfe, 0xfe, 0xfe, 0xfe, 0xfe, 0xfd, 0xfd, 0xfd,
  0xfd, 0xfd, 0xfc, 0xfc, 0xfc, 0xfc, 0xfa, 0xfa, 0xfa, 0xfb, 0xfb, 0xfc,
  0xfe, 0xff, 0xff, 0xff, 0xff, 0xff, 0xff, 0xff, 0xff, 0xff, 0xfe, 0xfe,
  0xff, 0xd7, 0x49, 0x00, 0x09, 0x05, 0x01, 0x00, 0x00, 0x00, 0x00, 0x00,
  0x00, 0x00, 0x00, 0x00, 0x00, 0x00, 0x00, 0x00, 0x00, 0x00, 0x00, 0x00,
  0x00, 0x00, 0x00, 0x00, 0x00, 0x00, 0x00, 0x00, 0x00, 0x00, 0x00, 0x00,
  0x00, 0x00, 0x00, 0x00, 0x00, 0x00, 0x00, 0x00, 0x00, 0x00, 0x00, 0x00,
  0x00, 0x00, 0x00, 0x00, 0x00, 0x03, 0x07, 0x09, 0x00, 0x14, 0xcf, 0xfc,
  0xf8, 0xf8, 0xfb, 0xfb, 0xfa, 0xfb, 0xfc, 0xfb, 0xfa, 0xfb, 0xfb, 0xfa,
  0xfa, 0xfb, 0xfc, 0xfb, 0xfc, 0xfc, 0xfc, 0xfc, 0xfb, 0xfc, 0xfd, 0xfc,
  0xfb, 0xfb, 0xfc, 0xfb, 0xfb, 0xfb, 0xfa, 0xfa, 0xfa, 0xfa, 0xfb, 0xfb,
  0xfb, 0xfc, 0xfc, 0xfc, 0xfd, 0xfd, 0xfd, 0xfc, 0xfd, 0xfd, 0xfc, 0xfc,
  0xfc, 0xfc, 0xfc, 0xfb, 0xfb, 0xfa, 0xfb, 0xfa, 0xfb, 0xfc, 0xfb, 0xfa,
  0xfb, 0xfb, 0xfa, 0xfb, 0xfc, 0xfc, 0xfc, 0xfc, 0xfd, 0xfd, 0xfc, 0xfd,
  0xfd, 0xfc, 0xfc, 0xfd, 0xfc, 0xfb, 0xfc, 0xfc, 0xfc, 0xfc, 0xfc, 0xfb,
  0xfb, 0xfb, 0xfb, 0xfb, 0xfb, 0xfb, 0xfb, 0xfb, 0xfb, 0xfb, 0xfb, 0xfb,
  0xfb, 0xfb, 0xfb, 0xfb, 0xfc, 0xfc, 0xfb, 0xfb, 0xfb, 0xfc, 0xfb, 0xfc,
  0xfc, 0xfb, 0xfb, 0xfc, 0xfb, 0xfb, 0xfb, 0xfa, 0xfb, 0xfa, 0xf9, 0xfb,
  0xfb, 0xfb, 0xfa, 0xfa, 0xfa, 0xfa, 0xfa, 0xfb, 0xfb, 0xfc, 0xfc, 0xfc,
  0xfd, 0xfd, 0xfd, 0xfd, 0xfe, 0xfe, 0xfe, 0xfe, 0xfe, 0xfe, 0xfd, 0xfc,
  0xfb, 0xfb, 0xfa, 0xf7, 0xf6, 0xf5, 0xf8, 0xfd, 0xde, 0x69, 0x05, 0x01,
  0x0d, 0x04, 0x03, 0x01, 0x01, 0x02, 0x01, 0x02, 0x02, 0x01, 0x01, 0x00,
  0x00, 0x00, 0x00, 0x00, 0x00, 0x00, 0x00, 0x00, 0x00, 0x00, 0x00, 0x00,
  0x00, 0x00, 0x00, 0x00, 0x00, 0x00, 0x00, 0x00, 0x00, 0x00, 0x00, 0x00,
  0x00, 0x00, 0x00, 0x00, 0x00, 0x00, 0x00, 0x00, 0x00, 0x00, 0x00, 0x00,
  0x00, 0x00, 0x00, 0x00, 0x00, 0x00, 0x01, 0x01, 0x00, 0x00, 0x00, 0x00,
  0x00, 0x01, 0x00, 0x8d, 0xf1, 0xf9, 0xf4, 0xf8, 0xf9, 0xfb, 0xfb, 0xfb,
  0xfb, 0xfb, 0xfb, 0xfb, 0xfb, 0xfb, 0xfb, 0xfb, 0xfb, 0xfb, 0xfb, 0xfb,
  0xfb, 0xfc, 0xfb, 0xfc, 0xfc, 0xfc, 0xfc, 0xfc, 0xfb, 0xfc, 0xfc, 0xfb,
  0xfc, 0xfb, 0xfb, 0xfb, 0xfb, 0xfa, 0xfa, 0xfa, 0xfa, 0xfa, 0xfb, 0xf7,
  0xf3, 0xfd, 0xae, 0x16, 0x01, 0x04, 0x05, 0x03, 0x00, 0x00, 0x00, 0x00,
  0x00, 0x01, 0x02, 0x01, 0x02, 0x03, 0x03, 0x03, 0x03, 0x03, 0x02, 0x02,
  0x01, 0x00, 0x00, 0x00, 0x00, 0x00, 0x00, 0x00, 0x00, 0x00, 0x00, 0x00,
  0x00, 0x00, 0x00, 0x00, 0x00, 0x00, 0x00, 0x00, 0x00, 0x00, 0x00, 0x01,
  0x03, 0x06, 0x05, 0x05, 0x77, 0xef, 0xff, 0xf6, 0xf8, 0xfa, 0xfd, 0xff,
  0xff, 0xfd, 0xfd, 0xfd, 0xfc, 0xfc, 0xfc, 0xfc, 0xfc, 0xfc, 0xfc, 0xfb,
  0xfb, 0xfc, 0xfd, 0xfc, 0xfb, 0xfb, 0xfb, 0xfb, 0xfb, 0xfb, 0xfa, 0xfb,
  0xfb, 0xfa, 0xfb, 0xfb, 0xfb, 0xfb, 0xfb, 0xfb, 0xfc, 0xfd, 0xfc, 0xfb,
  0xfb, 0xfa, 0xfd, 0xf0, 0x7b, 0x01, 0x09, 0x05, 0x04, 0x02, 0x00, 0x00,
  0x00, 0x00, 0x00, 0x00, 0x00, 0x00, 0x00, 0x00, 0x00, 0x00, 0x00, 0x00,
  0x00, 0x00, 0x00, 0x00, 0x00, 0x00, 0x00, 0x00, 0x00, 0x00, 0x00, 0x00,
  0x00, 0x00, 0x00, 0x00, 0x00, 0x00, 0x00, 0x00, 0x00, 0x00, 0x00, 0x00,
  0x00, 0x00, 0x00, 0x00, 0x00, 0x00, 0x00, 0x00, 0x00, 0x00, 0x00, 0x00,
  0x00, 0x00, 0x00, 0x00, 0x00, 0x00, 0x00, 0x00, 0x00, 0x00, 0x00, 0x00,
  0x00, 0x00, 0x00, 0x00, 0x00, 0x00, 0x00, 0x00, 0x00, 0x00, 0x00, 0x00,
  0x01, 0x02, 0x03, 0x04, 0x05, 0x06, 0x07, 0x92, 0xf8, 0xfd, 0xf3, 0xf6,
  0xf8, 0xf9, 0xf9, 0xfa, 0xf9, 0xfa, 0xfb, 0xfb, 0xfa, 0xfa, 0xfa, 0xfb,
  0xfc, 0xfb, 0xfa, 0xfb, 0xfb, 0xfa, 0xfa, 0xfb, 0xfa, 0xfa, 0xfa, 0xfa,
  0xfb, 0xfb, 0xfa, 0xfb, 0xfc, 0xfc, 0xfd, 0xfc, 0xfd, 0xfd, 0xfe, 0xfd,
  0xfe, 0xfe, 0xfd, 0xfb, 0xf3, 0xfa, 0xfd, 0xa4, 0x20, 0x01, 0x0a, 0x04,
  0x03, 0x02, 0x02, 0x03, 0x01, 0x00, 0x01, 0x01, 0x01, 0x01, 0x01, 0x01,
  0x01, 0x01, 0x01, 0x01, 0x01, 0x01, 0x01, 0x01, 0x02, 0x02, 0x02, 0x02,
  0x02, 0x03, 0x03, 0x03, 0x03, 0x03, 0x02, 0x01, 0x02, 0x02, 0x02, 0x02,
  0x03, 0x03, 0x04, 0x03, 0x03, 0x04, 0x08, 0x0b, 0x05, 0x00, 0x5b, 0xe2,
  0xff, 0xf3, 0xfa, 0xf9, 0xf9, 0xfb, 0xfb, 0xfb, 0xfb, 0xfc, 0xfb, 0xfb,
  0xfc, 0xfc, 0xfd, 0xfd, 0xfd, 0xfd, 0xfc, 0xfb, 0xfb, 0xfc, 0xfc, 0xfc,
  0xfc, 0xfc, 0xfb, 0xfc, 0xfd, 0xfc, 0xfb, 0xfb, 0xfc, 0xfc, 0xfb, 0xfa,
  0xfb, 0xfa, 0xf9, 0xf9, 0xf8, 0xf7, 0xf5, 0xf4, 0xfe, 0xdf, 0x2e, 0x01,
  0x05, 0x04, 0x02, 0x01, 0x01, 0x02, 0x01, 0x00, 0x00, 0x00, 0x00, 0x00,
  0x00, 0x00, 0x00, 0x00, 0x00, 0x00, 0x00, 0x00, 0x00, 0x00, 0x00, 0x00,
  0x00, 0x00, 0x00, 0x00, 0x00, 0x00, 0x00, 0x00, 0x00, 0x00, 0x00, 0x00,
  0x00, 0x00, 0x00, 0x00, 0x00, 0x00, 0x00, 0x00, 0x00, 0x00, 0x00, 0x00,
  0x00, 0x00, 0x00, 0x00, 0x01, 0x01, 0x01, 0x08, 0x00, 0x81, 0xf7, 0xff,
  0xf5, 0xf8, 0xfa, 0xfb, 0xfc, 0xfb, 0xfa, 0xfb, 0xfa, 0xfb, 0xfb, 0xfa,
  0xfa, 0xfa, 0xfb, 0xfc, 0xfc, 0xfb, 0xfc, 0xfd, 0xfd, 0xfd, 0xfc, 0xfb,
  0xfb, 0xfb, 0xfc, 0xfb, 0xfb, 0xfb, 0xfc, 0xfb, 0xfa, 0xfa, 0xfa, 0xfa,
  0xfa, 0xfa, 0xfa, 0xfb, 0xfc, 0xfa, 0xf7, 0xf8, 0xf9, 0xf9, 0xf9, 0xfa,
  0xfa, 0xfa, 0xfa, 0xfa, 0xf9, 0xf8, 0xf8, 0xf8, 0xf8, 0xf8, 0xf8, 0xf8,
  0xf8, 0xf6, 0xf6, 0xf6, 0xf7, 0xf7, 0xf7, 0xf7, 0xf8, 0xf8, 0xf8, 0xf8,
  0xf8, 0xf8, 0xf8, 0xf8, 0xf8, 0xf8, 0xf8, 0xf7, 0xf7, 0xf7, 0xf7, 0xf8,
  0xf8, 0xf7, 0xf7, 0xf7, 0xf8, 0xf8, 0xf7, 0xf7, 0xf8, 0xf8, 0xf8, 0xf8,
  0xf8, 0xf8, 0xf7, 0xf7, 0xf7, 0xf7, 0xf7, 0xf7, 0xf6, 0xf6, 0xf5, 0xf5,
  0xf4, 0xf3, 0xf4, 0xf4, 0xf5, 0xf6, 0xf6, 0xf7, 0xf9, 0xf9, 0xf9, 0xfa,
  0xfa, 0xfa, 0xfa, 0xfa, 0xf9, 0xfa, 0xfc, 0xd2, 0x47, 0x00, 0x09, 0x04,
  0x02, 0x00, 0x00, 0x00, 0x00, 0x00, 0x00, 0x00, 0x00, 0x00, 0x00, 0x00,
  0x01, 0x00, 0x00, 0x00, 0x00, 0x00, 0x00, 0x00, 0x00, 0x00, 0x00, 0x00,
  0x00, 0x01, 0x00, 0x00, 0x00, 0x00, 0x00, 0x00, 0x00, 0x00, 0x00, 0x00,
  0x00, 0x00, 0x00, 0x00, 0x00, 0x00, 0x00, 0x00, 0x00, 0x00, 0x00, 0x03,
  0x07, 0x09, 0x00, 0x14, 0xcf, 0xfc, 0xf8, 0xf8, 0xfa, 0xfb, 0xfa, 0xfb,
  0xfc, 0xfb, 0xfa, 0xfb, 0xfb, 0xfa, 0xfa, 0xfb, 0xfc, 0xfb, 0xfc, 0xfd,
  0xfc, 0xfd, 0xfc, 0xfc, 0xfd, 0xfc, 0xfb, 0xfc, 0xfb, 0xfb, 0xfb, 0xfb,
  0xfb, 0xfa, 0xfa, 0xfb, 0xfa, 0xfa, 0xfb, 0xfc, 0xfb, 0xfd, 0xfc, 0xfc,
  0xfd, 0xfe, 0xfe, 0xfd, 0xfc, 0xfd, 0xfd, 0xfd, 0xfc, 0xfb, 0xfa, 0xfa,
  0xfb, 0xfb, 0xfa, 0xfa, 0xfb, 0xfa, 0xfa, 0xfa, 0xfa, 0xfb, 0xfc, 0xfc,
  0xfd, 0xfc, 0xfd, 0xfe, 0xfd, 0xfc, 0xfd, 0xfd, 0xfc, 0xfd, 0xfc, 0xfb,
  0xfc, 0xfb, 0xfb, 0xfb, 0xfb, 0xfc, 0xfb, 0xfa, 0xfa, 0xfa, 0xfa, 0xfa,
  0xfa, 0xfa, 0xfa, 0xfa, 0xfa, 0xfa, 0xfb, 0xfa, 0xfa, 0xfb, 0xfc, 0xfc,
  0xfb, 0xfa, 0xfb, 0xfc, 0xfb, 0xfc, 0xfb, 0xfb, 0xfa, 0xfb, 0xfc, 0xfc,
  0xfb, 0xfa, 0xfa, 0xf9, 0xfa, 0xfb, 0xfb, 0xfb, 0xfa, 0xfa, 0xfb, 0xfa,
  0xfb, 0xfa, 0xfb, 0xfc, 0xfc, 0xfd, 0xfc, 0xfd, 0xfe, 0xfe, 0xfd, 0xfd,
  0xfe, 0xff, 0xff, 0xfe, 0xfd, 0xfc, 0xfa, 0xf9, 0xf8, 0xf6, 0xf5, 0xf7,
  0xfb, 0xd2, 0x51, 0x01, 0x02, 0x09, 0x04, 0x03, 0x01, 0x00, 0x00, 0x01,
  0x01, 0x01, 0x00, 0x00, 0x01, 0x00, 0x00, 0x00, 0x00, 0x00, 0x00, 0x00,
  0x00, 0x00, 0x00, 0x00, 0x00, 0x00, 0x00, 0x00, 0x00, 0x00, 0x00, 0x00,
  0x00, 0x00, 0x00, 0x00, 0x00, 0x00, 0x00, 0x00, 0x00, 0x00, 0x00, 0x00,
  0x00, 0x00, 0x00, 0x00, 0x00, 0x00, 0x00, 0x00, 0x00, 0x00, 0x00, 0x00,
  0x00, 0x01, 0x02, 0x02, 0x02, 0x01, 0x00, 0x00, 0x2f, 0xd5, 0xfe, 0xf5,
  0xf5, 0xf8, 0xf9, 0xfa, 0xfb, 0xfa, 0xfa, 0xfa, 0xfa, 0xfc, 0xfc, 0xfc,
  0xfc, 0xfc, 0xfc, 0xfc, 0xfc, 0xfb, 0xfb, 0xfc, 0xfc, 0xfd, 0xfd, 0xfd,
  0xfd, 0xfd, 0xfc, 0xfc, 0xfd, 0xfc, 0xfb, 0xfb, 0xfa, 0xfb, 0xfc, 0xfb,
  0xfb, 0xfb, 0xfa, 0xfa, 0xfa, 0xf2, 0xff, 0xdb, 0x50, 0x00, 0x03, 0x05,
  0x05, 0x03, 0x01, 0x00, 0x00, 0x00, 0x01, 0x02, 0x02, 0x03, 0x03, 0x04,
  0x03, 0x04, 0x03, 0x03, 0x03, 0x03, 0x02, 0x01, 0x01, 0x01, 0x01, 0x01,
  0x01, 0x01, 0x01, 0x01, 0x01, 0x01, 0x01, 0x01, 0x01, 0x01, 0x01, 0x01,
  0x01, 0x00, 0x00, 0x00, 0x01, 0x00, 0x02, 0x03, 0x0b, 0x01, 0x30, 0xbe,
  0xfe, 0xf9, 0xf6, 0xfb, 0xfd, 0xfe, 0xfe, 0xfd, 0xfe, 0xfe, 0xfc, 0xfb,
  0xfb, 0xfb, 0xfb, 0xfb, 0xfc, 0xfb, 0xfa, 0xfb, 0xfb, 0xfb, 0xfb, 0xfa,
  0xfa, 0xfa, 0xfa, 0xfa, 0xfb, 0xfb, 0xfb, 0xfa, 0xfb, 0xfc, 0xfc, 0xfc,
  0xfc, 0xfb, 0xfc, 0xfd, 0xfd, 0xfd, 0xfd, 0xfb, 0xfc, 0xff, 0xc6, 0x2e,
  0x00, 0x08, 0x04, 0x02, 0x00, 0x00, 0x00, 0x00, 0x00, 0x00, 0x00, 0x00,
  0x00, 0x00, 0x00, 0x01, 0x00, 0x00, 0x00, 0x00, 0x00, 0x00, 0x00, 0x00,
  0x00, 0x00, 0x00, 0x00, 0x00, 0x00, 0x00, 0x00, 0x00, 0x00, 0x00, 0x00,
  0x00, 0x00, 0x00, 0x00, 0x00, 0x00, 0x00, 0x00, 0x00, 0x00, 0x00, 0x00,
  0x00, 0x00, 0x00, 0x00, 0x00, 0x00, 0x00, 0x00, 0x00, 0x00, 0x00, 0x00,
  0x00, 0x00, 0x00, 0x00, 0x00, 0x00, 0x00, 0x00, 0x00, 0x00, 0x00, 0x00,
  0x00, 0x00, 0x00, 0x00, 0x00, 0x00, 0x01, 0x02, 0x04, 0x05, 0x08, 0x00,
  0x50, 0xd9, 0xfe, 0xfa, 0xf8, 0xf9, 0xf9, 0xfa, 0xfa, 0xfb, 0xfb, 0xfb,
  0xfb, 0xfb, 0xfb, 0xfb, 0xfa, 0xfb, 0xfc, 0xfb, 0xfa, 0xfb, 0xfb, 0xfa,
  0xfb, 0xfb, 0xfb, 0xfb, 0xfb, 0xfa, 0xfb, 0xfc, 0xfc, 0xfc, 0xfb, 0xfc,
  0xfd, 0xfc, 0xfc, 0xfc, 0xfd, 0xfe, 0xfe, 0xfd, 0xfd, 0xfb, 0xf6, 0xff,
  0xdf, 0x52, 0x00, 0x0b, 0x08, 0x06, 0x04, 0x03, 0x02, 0x03, 0x03, 0x02,
  0x03, 0x03, 0x03, 0x03, 0x03, 0x03, 0x03, 0x03, 0x03, 0x03, 0x03, 0x03,
  0x03, 0x03, 0x03, 0x03, 0x03, 0x03, 0x03, 0x04, 0x04, 0x04, 0x04, 0x04,
  0x03, 0x03, 0x03, 0x03, 0x03, 0x03, 0x03, 0x04, 0x04, 0x04, 0x04, 0x03,
  0x06, 0x07, 0x07, 0x00, 0x11, 0x9f, 0xfe, 0xf4, 0xf7, 0xf9, 0xf9, 0xfb,
  0xfc, 0xfc, 0xfb, 0xfc, 0xfb, 0xfb, 0xfc, 0xfc, 0xfd, 0xfd, 0xfc, 0xfb,
  0xfb, 0xfc, 0xfc, 0xfc, 0xfb, 0xfb, 0xfc, 0xfc, 0xfb, 0xfc, 0xfd, 0xfd,
  0xfc, 0xfb, 0xfc, 0xfc, 0xfc, 0xfb, 0xfb, 0xfa, 0xf9, 0xf9, 0xf8, 0xf7,
  0xf7, 0xf6, 0xf9, 0xf6, 0xa3, 0x06, 0x00, 0x04, 0x04, 0x03, 0x02, 0x02,
  0x01, 0x00, 0x00, 0x00, 0x00, 0x00, 0x00, 0x00, 0x00, 0x00, 0x00, 0x00,
  0x00, 0x00, 0x00, 0x00, 0x00, 0x00, 0x00, 0x00, 0x00, 0x00, 0x00, 0x00,
  0x00, 0x00, 0x00, 0x00, 0x00, 0x00, 0x00, 0x00, 0x00, 0x00, 0x00, 0x00,
  0x00, 0x00, 0x00, 0x00, 0x00, 0x00, 0x00, 0x00, 0x00, 0x00, 0x01, 0x01,
  0x01, 0x08, 0x00, 0x81, 0xf7, 0xff, 0xf5, 0xf8, 0xfa, 0xfc, 0xfc, 0xfb,
  0xfb, 0xfa, 0xfb, 0xfb, 0xfb, 0xfb, 0xfb, 0xfa, 0xfb, 0xfc, 0xfb, 0xfb,
  0xfc, 0xfd, 0xfd, 0xfd, 0xfc, 0xfb, 0xfc, 0xfc, 0xfb, 0xfc, 0xfc, 0xfb,
  0xfc, 0xfb, 0xfa, 0xfb, 0xfb, 0xfa, 0xf9, 0xfa, 0xf6, 0xfd, 0xfa, 0xc5,
  0x8f, 0x8b, 0x94, 0x93, 0x94, 0x96, 0x97, 0x96, 0x95, 0x95, 0x96, 0x96,
  0x96, 0x96, 0x96, 0x96, 0x96, 0x96, 0x95, 0x94, 0x95, 0x95, 0x96, 0x96,
  0x96, 0x96, 0x96, 0x97, 0x97, 0x97, 0x97, 0x96, 0x96, 0x96, 0x96, 0x96,
  0x96, 0x95, 0x95, 0x95, 0x96, 0x96, 0x96, 0x96, 0x95, 0x95, 0x95, 0x95,
  0x95, 0x95, 0x95, 0x95, 0x95, 0x95, 0x95, 0x95, 0x95, 0x95, 0x95, 0x94,
  0x93, 0x93, 0x92, 0x92, 0x91, 0x90, 0x8f, 0x8e, 0x8d, 0x8d, 0x8e, 0x8e,
  0x8e, 0x8f, 0x90, 0x92, 0x94, 0x98, 0x9b, 0x9d, 0x9c, 0x9b, 0x9a, 0x9d,
  0xa1, 0x7e, 0x26, 0x00, 0x04, 0x03, 0x01, 0x00, 0x00, 0x00, 0x00, 0x00,
  0x00, 0x00, 0x00, 0x00, 0x00, 0x00, 0x00, 0x00, 0x00, 0x00, 0x00, 0x00,
  0x00, 0x00, 0x00, 0x00, 0x00, 0x00, 0x00, 0x00, 0x00, 0x00, 0x00, 0x00,
  0x00, 0x00, 0x00, 0x00, 0x00, 0x00, 0x00, 0x00, 0x00, 0x00, 0x00, 0x00,
  0x00, 0x00, 0x00, 0x00, 0x00, 0x03, 0x07, 0x09, 0x00, 0x14, 0xcf, 0xfc,
  0xf8, 0xf8, 0xfb, 0xfb, 0xfa, 0xfb, 0xfc, 0xfb, 0xfa, 0xfb, 0xfb, 0xfb,
  0xfa, 0xfb, 0xfc, 0xfb, 0xfc, 0xfd, 0xfc, 0xfc, 0xfc, 0xfc, 0xfd, 0xfc,
  0xfb, 0xfb, 0xfb, 0xfa, 0xfb, 0xfa, 0xfb, 0xfa, 0xf9, 0xfa, 0xfb, 0xfa,
  0xfb, 0xfc, 0xfc, 0xfc, 0xfd, 0xfc, 0xfd, 0xfe, 0xfd, 0xfc, 0xfd, 0xfc,
  0xfd, 0xfc, 0xfb, 0xfb, 0xfa, 0xfa, 0xfb, 0xfa, 0xfa, 0xfa, 0xfb, 0xfa,
  0xf9, 0xfa, 0xfb, 0xfb, 0xfc, 0xfc, 0xfd, 0xfd, 0xfc, 0xfd, 0xfd, 0xfc,
  0xfc, 0xfc, 0xfc, 0xfc, 0xfd, 0xfc, 0xfb, 0xfb, 0xfb, 0xfb, 0xfb, 0xfc,
  0xfb, 0xfa, 0xfb, 0xfb, 0xfb, 0xfa, 0xfb, 0xfb, 0xfb, 0xfb, 0xfb, 0xfb,
  0xfa, 0xfa, 0xfb, 0xfa, 0xfb, 0xfc, 0xfb, 0xfa, 0xfb, 0xfc, 0xfc, 0xfb,
  0xfb, 0xfa, 0xfb, 0xfc, 0xfb, 0xfc, 0xfb, 0xfb, 0xfa, 0xfa, 0xfb, 0xfa,
  0xfb, 0xfb, 0xfa, 0xfa, 0xfa, 0xfb, 0xfa, 0xfb, 0xfc, 0xfc, 0xfd, 0xfc,
  0xfc, 0xfd, 0xfe, 0xfe, 0xfd, 0xfe, 0xff, 0xfe, 0xff, 0xfe, 0xfb, 0xfa,
  0xf8, 0xf6, 0xf5, 0xf5, 0xfa, 0xf6, 0xba, 0x37, 0x00, 0x04, 0x06, 0x02,
  0x02, 0x01, 0x00, 0x00, 0x00, 0x01, 0x00, 0x00, 0x00, 0x00, 0x00, 0x00,
  0x00, 0x00, 0x00, 0x00, 0x00, 0x00, 0x00, 0x00, 0x00, 0x00, 0x00, 0x00,
  0x00, 0x00, 0x00, 0x00, 0x00, 0x00, 0x00, 0x00, 0x00, 0x00, 0x00, 0x00,
  0x00, 0x00, 0x00, 0x00, 0x00, 0x00, 0x00, 0x00, 0x00, 0x00, 0x00, 0x00,
  0x00, 0x00, 0x00, 0x00, 0x00, 0x00, 0x01, 0x01, 0x02, 0x04, 0x05, 0x04,
  0x00, 0x00, 0x9d, 0xf6, 0xfa, 0xf5, 0xf7, 0xf8, 0xf9, 0xfa, 0xfb, 0xfa,
  0xfb, 0xfa, 0xfb, 0xfb, 0xfc, 0xfb, 0xfc, 0xfc, 0xfb, 0xfc, 0xfb, 0xfa,
  0xfb, 0xfc, 0xfc, 0xfd, 0xfd, 0xfc, 0xfc, 0xfd, 0xfc, 0xfb, 0xfc, 0xfc,
  0xfb, 0xfc, 0xfb, 0xfb, 0xfc, 0xfc, 0xfc, 0xfc, 0xfa, 0xf9, 0xf5, 0xf5,
  0xfe, 0x9c, 0x10, 0x01, 0x08, 0x04, 0x04, 0x04, 0x03, 0x03, 0x03, 0x03,
  0x03, 0x04, 0x04, 0x04, 0x04, 0x04, 0x04, 0x04, 0x04, 0x04, 0x04, 0x04,
  0x03, 0x03, 0x03, 0x03, 0x03, 0x03, 0x03, 0x03, 0x03, 0x03, 0x03, 0x03,
  0x03, 0x03, 0x03, 0x03, 0x03, 0x03, 0x03, 0x02, 0x02, 0x02, 0x02, 0x02,
  0x04, 0x05, 0x0a, 0x09, 0x05, 0x6f, 0xea, 0xff, 0xf6, 0xfb, 0xfd, 0xfd,
  0xfd, 0xfe, 0xfd, 0xfe, 0xfc, 0xfb, 0xfc, 0xfb, 0xfb, 0xfc, 0xfb, 0xfa,
  0xfb, 0xfa, 0xfb, 0xfc, 0xfc, 0xfb, 0xfa, 0xfa, 0xfa, 0xfb, 0xfa, 0xfa,
  0xfb, 0xfb, 0xfa, 0xfb, 0xfc, 0xfc, 0xfc, 0xfb, 0xfc, 0xfc, 0xfd, 0xfe,
  0xfd, 0xfb, 0xf6, 0xfe, 0xf8, 0x8b, 0x00, 0x04, 0x03, 0x00, 0x00, 0x00,
  0x00, 0x00, 0x00, 0x00, 0x00, 0x00, 0x00, 0x00, 0x00, 0x00, 0x00, 0x00,
  0x00, 0x00, 0x00, 0x00, 0x00, 0x00, 0x00, 0x00, 0x00, 0x00, 0x00, 0x00,
  0x00, 0x00, 0x00, 0x00, 0x00, 0x00, 0x00, 0x00, 0x00, 0x00, 0x00, 0x00,
  0x00, 0x00, 0x00, 0x00, 0x00, 0x00, 0x00, 0x00, 0x00, 0x00, 0x00, 0x00,
  0x00, 0x00, 0x00, 0x00, 0x00, 0x00, 0x00, 0x00, 0x00, 0x00, 0x00, 0x00,
  0x00, 0x00, 0x00, 0x00, 0x00, 0x00, 0x00, 0x00, 0x00, 0x00, 0x00, 0x00,
  0x00, 0x03, 0x05, 0x07, 0x04, 0x0d, 0xa5, 0xfb, 0xff, 0xfb, 0xfc, 0xfb,
  0xfa, 0xfa, 0xfb, 0xfb, 0xfc, 0xfb, 0xfa, 0xfa, 0xfb, 0xfb, 0xfa, 0xfb,
  0xfc, 0xfb, 0xfc, 0xfb, 0xfb, 0xfc, 0xfb, 0xfb, 0xfb, 0xfc, 0xfb, 0xfa,
  0xfb, 0xfc, 0xfb, 0xfc, 0xfc, 0xfb, 0xfc, 0xfd, 0xfc, 0xfd, 0xfd, 0xfe,
  0xfd, 0xfb, 0xfb, 0xf9, 0xfe, 0xf7, 0x94, 0x13, 0x02, 0x0e, 0x0a, 0x09,
  0x06, 0x05, 0x05, 0x06, 0x06, 0x06, 0x05, 0x05, 0x05, 0x06, 0x06, 0x06,
  0x06, 0x06, 0x06, 0x06, 0x06, 0x05, 0x05, 0x05, 0x05, 0x05, 0x05, 0x05,
  0x05, 0x05, 0x05, 0x05, 0x05, 0x05, 0x05, 0x05, 0x05, 0x05, 0x05, 0x05,
  0x05, 0x05, 0x05, 0x05, 0x05, 0x06, 0x07, 0x07, 0x08, 0x04, 0x00, 0x4c,
  0xd3, 0xfe, 0xf2, 0xf8, 0xf9, 0xfc, 0xfc, 0xfd, 0xfc, 0xfb, 0xfb, 0xfc,
  0xfb, 0xfc, 0xfd, 0xfd, 0xfc, 0xfb, 0xfc, 0xfc, 0xfc, 0xfc, 0xfc, 0xfc,
  0xfc, 0xfb, 0xfc, 0xfc, 0xfb, 0xfc, 0xfd, 0xfc, 0xfb, 0xfb, 0xfc, 0xfb,
  0xfb, 0xfa, 0xf9, 0xf9, 0xf8, 0xf7, 0xf8, 0xf8, 0xf7, 0xff, 0xed, 0x47,
  0x02, 0x02, 0x05, 0x05, 0x03, 0x02, 0x01, 0x01, 0x00, 0x00, 0x00, 0x00,
  0x00, 0x00, 0x00, 0x00, 0x00, 0x00, 0x00, 0x00, 0x00, 0x00, 0x00, 0x00,
  0x01, 0x00, 0x00, 0x00, 0x01, 0x00, 0x00, 0x00, 0x00, 0x00, 0x00, 0x00,
  0x00, 0x00, 0x00, 0x00, 0x00, 0x00, 0x00, 0x00, 0x00, 0x00, 0x00, 0x00,
  0x00, 0x00, 0x00, 0x00, 0x01, 0x01, 0x01, 0x08, 0x00, 0x81, 0xf7, 0xff,
  0xf5, 0xf8, 0xfa, 0xfc, 0xfc, 0xfb, 0xfb, 0xfb, 0xfb, 0xfc, 0xfb, 0xfc,
  0xfb, 0xfb, 0xfc, 0xfb, 0xfc, 0xfb, 0xfc, 0xfd, 0xfd, 0xfd, 0xfc, 0xfb,
  0xfc, 0xfc, 0xfb, 0xfc, 0xfc, 0xfb, 0xfc, 0xfc, 0xfb, 0xfa, 0xfb, 0xfb,
  0xf9, 0xf9, 0xf3, 0xfc, 0xf5, 0x84, 0x0f, 0x03, 0x09, 0x05, 0x05, 0x04,
  0x03, 0x02, 0x02, 0x02, 0x02, 0x02, 0x02, 0x02, 0x02, 0x02, 0x02, 0x02,
  0x02, 0x02, 0x02, 0x02, 0x02, 0x02, 0x02, 0x02, 0x02, 0x02, 0x02, 0x02,
  0x02, 0x02, 0x02, 0x02, 0x02, 0x02, 0x02, 0x02, 0x02, 0x02, 0x02, 0x02,
  0x02, 0x02, 0x02, 0x02, 0x02, 0x02, 0x02, 0x02, 0x02, 0x02, 0x02, 0x02,
  0x02, 0x02, 0x02, 0x02, 0x02, 0x02, 0x02, 0x02, 0x02, 0x02, 0x02, 0x02,
  0x02, 0x02, 0x02, 0x02, 0x02, 0x02, 0x02, 0x03, 0x04, 0x05, 0x05, 0x05,
  0x05, 0x05, 0x04, 0x03, 0x02, 0x03, 0x03, 0x02, 0x00, 0x00, 0x01, 0x01,
  0x00, 0x00, 0x00, 0x00, 0x00, 0x00, 0x00, 0x00, 0x00, 0x00, 0x00, 0x00,
  0x00, 0x00, 0x00, 0x00, 0x00, 0x00, 0x00, 0x00, 0x00, 0x00, 0x00, 0x00,
  0x00, 0x00, 0x00, 0x00, 0x00, 0x00, 0x00, 0x00, 0x00, 0x00, 0x00, 0x00,
  0x00, 0x00, 0x00, 0x00, 0x00, 0x00, 0x00, 0x00, 0x00, 0x00, 0x00, 0x03,
  0x07, 0x09, 0x00, 0x14, 0xcf, 0xfc, 0xf8, 0xf8, 0xfb, 0xfb, 0xfa, 0xfb,
  0xfc, 0xfb, 0xfa, 0xfa, 0xfb, 0xfb, 0xfb, 0xfb, 0xfc, 0xfb, 0xfc, 0xfd,
  0xfd, 0xfc, 0xfb, 0xfc, 0xfd, 0xfc, 0xfb, 0xfc, 0xfc, 0xfa, 0xfb, 0xfb,
  0xfb, 0xfa, 0xf9, 0xf9, 0xfa, 0xfb, 0xfb, 0xfc, 0xfb, 0xfc, 0xfc, 0xfc,
  0xfd, 0xfe, 0xfd, 0xfc, 0xfd, 0xfc, 0xfd, 0xfc, 0xfb, 0xfc, 0xfb, 0xfb,
  0xfb, 0xfa, 0xf9, 0xfa, 0xfa, 0xf9, 0xfa, 0xfb, 0xfa, 0xfb, 0xfc, 0xfc,
  0xfd, 0xfd, 0xfc, 0xfd, 0xfd, 0xfc, 0xfc, 0xfd, 0xfc, 0xfd, 0xfd, 0xfc,
  0xfb, 0xfb, 0xfb, 0xfb, 0xfb, 0xfb, 0xfb, 0xfb, 0xfa, 0xfb, 0xfa, 0xfa,
  0xfb, 0xfb, 0xfc, 0xfb, 0xfb, 0xfb, 0xfa, 0xfa, 0xfb, 0xfb, 0xfa, 0xfb,
  0xfc, 0xfb, 0xfb, 0xfc, 0xfc, 0xfc, 0xfb, 0xfc, 0xfb, 0xfa, 0xfb, 0xfc,
  0xfb, 0xfb, 0xfa, 0xfa, 0xfb, 0xfa, 0xfb, 0xfb, 0xfa, 0xfa, 0xfa, 0xfb,
  0xfb, 0xfa, 0xfb, 0xfc, 0xfc, 0xfb, 0xfc, 0xfd, 0xfe, 0xfd, 0xfe, 0xfe,
  0xfe, 0xff, 0xff, 0xfd, 0xfa, 0xf9, 0xf7, 0xf3, 0xf3, 0xfb, 0xf4, 0x9c,
  0x18, 0x00, 0x03, 0x07, 0x05, 0x02, 0x00, 0x00, 0x00, 0x00, 0x00, 0x00,
  0x00, 0x00, 0x00, 0x00, 0x00, 0x00, 0x00, 0x00, 0x00, 0x00, 0x00, 0x00,
  0x00, 0x00, 0x00, 0x00, 0x00, 0x00, 0x00, 0x00, 0x00, 0x00, 0x00, 0x00,
  0x00, 0x00, 0x00, 0x00, 0x00, 0x00, 0x00, 0x00, 0x00, 0x00, 0x00, 0x00,
  0x00, 0x00, 0x00, 0x00, 0x00, 0x00, 0x00, 0x00, 0x00, 0x00, 0x00, 0x00,
  0x01, 0x01, 0x02, 0x05, 0x07, 0x04, 0x02, 0x3f, 0xe2, 0xff, 0xf7, 0xf8,
  0xf8, 0xf9, 0xfa, 0xfa, 0xfb, 0xfb, 0xfb, 0xfb, 0xfb, 0xfc, 0xfc, 0xfb,
  0xfc, 0xfc, 0xfb, 0xfc, 0xfb, 0xfa, 0xfb, 0xfc, 0xfb, 0xfc, 0xfd, 0xfd,
  0xfc, 0xfc, 0xfd, 0xfc, 0xfc, 0xfc, 0xfb, 0xfb, 0xfa, 0xfa, 0xfb, 0xfc,
  0xfc, 0xfc, 0xfb, 0xf9, 0xf0, 0xff, 0xcc, 0x41, 0x02, 0x0e, 0x0d, 0x08,
  0x05, 0x05, 0x06, 0x06, 0x06, 0x06, 0x06, 0x06, 0x06, 0x06, 0x06, 0x05,
  0x05, 0x05, 0x05, 0x05, 0x05, 0x05, 0x05, 0x05, 0x05, 0x05, 0x05, 0x05,
  0x05, 0x05, 0x05, 0x05, 0x05, 0x05, 0x05, 0x05, 0x05, 0x05, 0x05, 0x05,
  0x05, 0x05, 0x05, 0x05, 0x05, 0x05, 0x05, 0x09, 0x0c, 0x14, 0x00, 0x27,
  0xaf, 0xff, 0xfb, 0xfa, 0xfe, 0xfd, 0xfe, 0xfd, 0xfd, 0xfe, 0xfc, 0xfb,
  0xfb, 0xfa, 0xfb, 0xfc, 0xfb, 0xfa, 0xfb, 0xfa, 0xfa, 0xfb, 0xfb, 0xfb,
  0xfa, 0xf9, 0xfa, 0xfb, 0xfa, 0xfa, 0xfb, 0xfb, 0xfa, 0xfb, 0xfc, 0xfd,
  0xfc, 0xfc, 0xfd, 0xfc, 0xfd, 0xfe, 0xfd, 0xfa, 0xf4, 0xf7, 0xff, 0xd1,
  0x3e, 0x01, 0x02, 0x00, 0x00, 0x01, 0x00, 0x00, 0x00, 0x00, 0x00, 0x00,
  0x00, 0x01, 0x00, 0x00, 0x00, 0x00, 0x00, 0x00, 0x00, 0x00, 0x00, 0x00,
  0x00, 0x00, 0x00, 0x00, 0x00, 0x00, 0x00, 0x00, 0x00, 0x00, 0x00, 0x00,
  0x00, 0x00, 0x00, 0x00, 0x00, 0x00, 0x00, 0x00, 0x00, 0x00, 0x00, 0x00,
  0x00, 0x00, 0x00, 0x00, 0x00, 0x00, 0x00, 0x00, 0x00, 0x00, 0x00, 0x00,
  0x00, 0x00, 0x00, 0x00, 0x00, 0x00, 0x00, 0x00, 0x00, 0x00, 0x00, 0x00,
  0x00, 0x00, 0x00, 0x00, 0x00, 0x00, 0x01, 0x02, 0x05, 0x05, 0x00, 0x61,
  0xe6, 0xff, 0xfb, 0xfb, 0xfd, 0xfc, 0xfb, 0xfa, 0xfb, 0xfc, 0xfc, 0xfc,
  0xfb, 0xfa, 0xfb, 0xfb, 0xfa, 0xfb, 0xfc, 0xfc, 0xfb, 0xfa, 0xfb, 0xfc,
  0xfb, 0xfc, 0xfc, 0xfc, 0xfb, 0xfa, 0xfa, 0xfb, 0xfc, 0xfc, 0xfb, 0xfc,
  0xfd, 0xfc, 0xfc, 0xfd, 0xfd, 0xfe, 0xfd, 0xfb, 0xf9, 0xf9, 0xff, 0xc7,
  0x37, 0x00, 0x09, 0x04, 0x05, 0x03, 0x01, 0x01, 0x01, 0x01, 0x01, 0x01,
  0x01, 0x01, 0x00, 0x01, 0x01, 0x00, 0x00, 0x00, 0x00, 0x00, 0x00, 0x00,
  0x00, 0x01, 0x01, 0x01, 0x01, 0x01, 0x01, 0x01, 0x01, 0x00, 0x00, 0x00,
  0x00, 0x00, 0x00, 0x00, 0x00, 0x00, 0x00, 0x00, 0x01, 0x00, 0x01, 0x00,
  0x01, 0x02, 0x02, 0x03, 0x00, 0x00, 0x7b, 0xff, 0xf7, 0xf5, 0xfb, 0xfc,
  0xfc, 0xfd, 0xfd, 0xfc, 0xfb, 0xfc, 0xfb, 0xfb, 0xfc, 0xfc, 0xfc, 0xfb,
  0xfc, 0xfc, 0xfc, 0xfc, 0xfb, 0xfb, 0xfc, 0xfb, 0xfc, 0xfc, 0xfb, 0xfb,
  0xfc, 0xfc, 0xfb, 0xfb, 0xfc, 0xfb, 0xfa, 0xfb, 0xfa, 0xf9, 0xf8, 0xf8,
  0xf9, 0xf8, 0xf6, 0xf8, 0xfb, 0xbf, 0x14, 0x00, 0x06, 0x04, 0x03, 0x02,
  0x01, 0x01, 0x00, 0x00, 0x00, 0x00, 0x00, 0x00, 0x00, 0x00, 0x00, 0x00,
  0x00, 0x00, 0x00, 0x00, 0x00, 0x00, 0x00, 0x00, 0x00, 0x00, 0x01, 0x00,
  0x00, 0x00, 0x00, 0x00, 0x00, 0x00, 0x00, 0x00, 0x00, 0x00, 0x00, 0x00,
  0x00, 0x00, 0x00, 0x00, 0x00, 0x00, 0x00, 0x00, 0x00, 0x00, 0x01, 0x01,
  0x02, 0x08, 0x00, 0x81, 0xf7, 0xff, 0xf5, 0xf8, 0xfa, 0xfc, 0xfc, 0xfb,
  0xfb, 0xfb, 0xfb, 0xfb, 0xfc, 0xfc, 0xfb, 0xfb, 0xfc, 0xfb, 0xfc, 0xfb,
  0xfc, 0xfd, 0xfc, 0xfd, 0xfc, 0xfb, 0xfc, 0xfc, 0xfb, 0xfc, 0xfd, 0xfc,
  0xfb, 0xfc, 0xfc, 0xfb, 0xfa, 0xfa, 0xf9, 0xf8, 0xf2, 0xfc, 0xf3, 0x7f,
  0x09, 0x00, 0x06, 0x00, 0x01, 0x01, 0x00, 0x00, 0x00, 0x00, 0x00, 0x00,
  0x00, 0x00, 0x00, 0x00, 0x00, 0x00, 0x00, 0x00, 0x00, 0x00, 0x00, 0x00,
  0x00, 0x00, 0x00, 0x00, 0x00, 0x00, 0x00, 0x00, 0x00, 0x00, 0x00, 0x00,
  0x00, 0x00, 0x00, 0x00, 0x00, 0x00, 0x00, 0x00, 0x00, 0x00, 0x00, 0x00,
  0x00, 0x00, 0x00, 0x00, 0x00, 0x00, 0x00, 0x00, 0x00, 0x00, 0x00, 0x00,
  0x00, 0x00, 0x00, 0x00, 0x00, 0x00, 0x00, 0x00, 0x00, 0x00, 0x00, 0x00,
  0x00, 0x00, 0x00, 0x01, 0x01, 0x01, 0x00, 0x00, 0x00, 0x00, 0x00, 0x00,
  0x00, 0x00, 0x00, 0x00, 0x00, 0x00, 0x00, 0x00, 0x00, 0x00, 0x00, 0x00,
  0x00, 0x00, 0x00, 0x00, 0x00, 0x00, 0x00, 0x00, 0x00, 0x00, 0x00, 0x00,
  0x00, 0x00, 0x00, 0x00, 0x00, 0x00, 0x00, 0x00, 0x00, 0x00, 0x00, 0x00,
  0x00, 0x00, 0x00, 0x00, 0x00, 0x00, 0x00, 0x00, 0x00, 0x00, 0x00, 0x00,
  0x00, 0x00, 0x00, 0x00, 0x00, 0x03, 0x07, 0x09, 0x00, 0x14, 0xcf, 0xfc,
  0xf8, 0xf8, 0xfb, 0xfb, 0xfa, 0xfb, 0xfc, 0xfb, 0xfb, 0xfc, 0xfc, 0xfc,
  0xfb, 0xfb, 0xfc, 0xfb, 0xfc, 0xfc, 0xfc, 0xfc, 0xfb, 0xfc, 0xfc, 0xfc,
  0xfb, 0xfc, 0xfc, 0xfb, 0xfc, 0xfb, 0xfa, 0xfa, 0xfa, 0xfa, 0xfa, 0xfa,
  0xfb, 0xfc, 0xfb, 0xfb, 0xfc, 0xfc, 0xfd, 0xfe, 0xfd, 0xfd, 0xfd, 0xfe,
  0xfd, 0xfc, 0xfc, 0xfb, 0xfc, 0xfb, 0xfb, 0xfa, 0xf9, 0xfa, 0xf9, 0xfa,
  0xfb, 0xfb, 0xfa, 0xfb, 0xfc, 0xfc, 0xfc, 0xfc, 0xfc, 0xfd, 0xfe, 0xfd,
  0xfd, 0xfe, 0xfd, 0xfc, 0xfd, 0xfc, 0xfb, 0xfa, 0xfa, 0xfa, 0xfa, 0xfa,
  0xfa, 0xfa, 0xfb, 0xfa, 0xf9, 0xf9, 0xfa, 0xfb, 0xfb, 0xfb, 0xfb, 0xfa,
  0xf9, 0xfa, 0xfb, 0xfa, 0xfb, 0xfc, 0xfb, 0xfc, 0xfc, 0xfc, 0xfc, 0xfc,
  0xfc, 0xfb, 0xfa, 0xfa, 0xfb, 0xfb, 0xfb, 0xfb, 0xfa, 0xfa, 0xfb, 0xfb,
  0xfa, 0xfa, 0xfa, 0xfa, 0xfb, 0xfc, 0xfc, 0xfb, 0xfb, 0xfc, 0xfb, 0xfb,
  0xfc, 0xfd, 0xfd, 0xfe, 0xfe, 0xfd, 0xfc, 0xfb, 0xfa, 0xfa, 0xfb, 0xfa,
  0xf6, 0xf7, 0xff, 0xe1, 0x6e, 0x0b, 0x00, 0x00, 0x03, 0x04, 0x03, 0x02,
  0x00, 0x00, 0x00, 0x00, 0x00, 0x00, 0x00, 0x00, 0x00, 0x00, 0x00, 0x00,
  0x00, 0x00, 0x00, 0x00, 0x00, 0x00, 0x00, 0x00, 0x00, 0x00, 0x00, 0x00,
  0x00, 0x00, 0x00, 0x00, 0x00, 0x00, 0x00, 0x00, 0x00, 0x00, 0x00, 0x00,
  0x00, 0x00, 0x00, 0x00, 0x00, 0x00, 0x00, 0x00, 0x00, 0x00, 0x00, 0x00,
  0x00, 0x00, 0x00, 0x00, 0x00, 0x00, 0x01, 0x02, 0x03, 0x05, 0x07, 0x03,
  0x0f, 0xaf, 0xf9, 0xf9, 0xf7, 0xf9, 0xf9, 0xfa, 0xf9, 0xfa, 0xfb, 0xfb,
  0xfc, 0xfa, 0xfc, 0xfc, 0xfb, 0xfb, 0xfc, 0xfc, 0xfc, 0xfc, 0xfc, 0xfb,
  0xfb, 0xfc, 0xfb, 0xfb, 0xfc, 0xfd, 0xfd, 0xfc, 0xfd, 0xfc, 0xfb, 0xfc,
  0xfb, 0xfa, 0xfa, 0xfa, 0xfb, 0xfc, 0xfc, 0xfc, 0xfb, 0xf4, 0xfc, 0xef,
  0x70, 0x00, 0x00, 0x09, 0x04, 0x02, 0x00, 0x01, 0x02, 0x01, 0x00, 0x00,
  0x00, 0x00, 0x00, 0x00, 0x00, 0x00, 0x01, 0x01, 0x01, 0x01, 0x01, 0x01,
  0x01, 0x01, 0x01, 0x01, 0x01, 0x01, 0x00, 0x00, 0x00, 0x00, 0x00, 0x00,
  0x00, 0x00, 0x00, 0x00, 0x00, 0x00, 0x00, 0x00, 0x00, 0x00, 0x01, 0x01,
  0x01, 0x03, 0x05, 0x08, 0x0a, 0x00, 0x43, 0xd4, 0xfe, 0xf8, 0xfd, 0xfc,
  0xfd, 0xfe, 0xfe, 0xfd, 0xfc, 0xfc, 0xfb, 0xfa, 0xfb, 0xfb, 0xfb, 0xfa,
  0xfb, 0xfb, 0xfb, 0xfa, 0xfa, 0xfb, 0xfa, 0xfa, 0xfb, 0xfa, 0xfb, 0xfb,
  0xfa, 0xfb, 0xfa, 0xfb, 0xfc, 0xfc, 0xfb, 0xfc, 0xfd, 0xfc, 0xfc, 0xfd,
  0xfc, 0xfa, 0xf7, 0xf4, 0xfc, 0xfb, 0x9a, 0x00, 0x00, 0x04, 0x03, 0x02,
  0x00, 0x00, 0x00, 0x00, 0x00, 0x00, 0x00, 0x01, 0x01, 0x00, 0x00, 0x00,
  0x00, 0x00, 0x00, 0x00, 0x00, 0x00, 0x00, 0x00, 0x00, 0x00, 0x00, 0x00,
  0x00, 0x00, 0x00, 0x00, 0x00, 0x00, 0x00, 0x00, 0x00, 0x00, 0x00, 0x00,
  0x00, 0x00, 0x00, 0x00, 0x00, 0x00, 0x00, 0x00, 0x00, 0x00, 0x00, 0x00,
  0x00, 0x00, 0x00, 0x00, 0x00, 0x00, 0x00, 0x00, 0x00, 0x00, 0x00, 0x00,
  0x00, 0x00, 0x00, 0x00, 0x00, 0x00, 0x00, 0x00, 0x00, 0x00, 0x00, 0x00,
  0x01, 0x01, 0x02, 0x01, 0x1e, 0xb9, 0xfe, 0xfa, 0xf6, 0xfa, 0xfd, 0xfd,
  0xfc, 0xfb, 0xfc, 0xfb, 0xfa, 0xfb, 0xfa, 0xfa, 0xfb, 0xfb, 0xfa, 0xfb,
  0xfc, 0xfc, 0xfb, 0xfa, 0xfb, 0xfc, 0xfc, 0xfb, 0xfb, 0xfc, 0xfb, 0xfa,
  0xfa, 0xfb, 0xfb, 0xfb, 0xfc, 0xfc, 0xfd, 0xfc, 0xfd, 0xfd, 0xfe, 0xfe,
  0xfc, 0xfb, 0xf8, 0xfd, 0xfa, 0xba, 0x66, 0x5b, 0x63, 0x55, 0x4e, 0x4c,
  0x4b, 0x4a, 0x48, 0x47, 0x48, 0x48, 0x46, 0x45, 0x44, 0x42, 0x42, 0x42,
  0x41, 0x41, 0x41, 0x41, 0x42, 0x43, 0x44, 0x45, 0x47, 0x48, 0x48, 0x49,
  0x4a, 0x4a, 0x4a, 0x4a, 0x4a, 0x4a, 0x49, 0x49, 0x49, 0x49, 0x49, 0x4a,
  0x4b, 0x4d, 0x4f, 0x4f, 0x4e, 0x51, 0x51, 0x4f, 0x4e, 0x4f, 0x51, 0x56,
  0x95, 0xec, 0xfe, 0xf6, 0xfc, 0xfc, 0xfd, 0xfd, 0xfc, 0xfb, 0xfc, 0xfb,
  0xfc, 0xfc, 0xfb, 0xfb, 0xfb, 0xfc, 0xfc, 0xfc, 0xfc, 0xfb, 0xfc, 0xfc,
  0xfc, 0xfc, 0xfb, 0xfb, 0xfc, 0xfc, 0xfc, 0xfc, 0xfc, 0xfc, 0xfc, 0xfb,
  0xfa, 0xfb, 0xfa, 0xf9, 0xf8, 0xf9, 0xf9, 0xf8, 0xf6, 0xf5, 0xf9, 0xfa,
  0x62, 0x09, 0x02, 0x05, 0x03, 0x03, 0x01, 0x00, 0x00, 0x00, 0x00, 0x00,
  0x00, 0x00, 0x00, 0x00, 0x00, 0x00, 0x00, 0x00, 0x00, 0x00, 0x00, 0x00,
  0x00, 0x00, 0x00, 0x00, 0x00, 0x00, 0x00, 0x00, 0x00, 0x00, 0x00, 0x00,
  0x00, 0x00, 0x00, 0x00, 0x00, 0x00, 0x00, 0x00, 0x00, 0x00, 0x00, 0x00,
  0x00, 0x00, 0x00, 0x00, 0x00, 0x01, 0x02, 0x08, 0x00, 0x81, 0xf7, 0xff,
  0xf5, 0xf8, 0xfa, 0xfb, 0xfc, 0xfb, 0xfa, 0xfa, 0xfa, 0xfb, 0xfc, 0xfb,
  0xfc, 0xfc, 0xfb, 0xfb, 0xfb, 0xfb, 0xfc, 0xfd, 0xfd, 0xfd, 0xfc, 0xfb,
  0xfc, 0xfc, 0xfb, 0xfb, 0xfc, 0xfc, 0xfb, 0xfb, 0xfb, 0xfb, 0xfb, 0xfb,
  0xf9, 0xf7, 0xf1, 0xfc, 0xf1, 0x7e, 0x0c, 0x02, 0x09, 0x06, 0x06, 0x06,
  0x04, 0x04, 0x04, 0x04, 0x04, 0x04, 0x04, 0x04, 0x04, 0x04, 0x04, 0x04,
  0x04, 0x04, 0x04, 0x04, 0x04, 0x04, 0x04, 0x04, 0x04, 0x04, 0x04, 0x04,
  0x04, 0x04, 0x04, 0x04, 0x04, 0x04, 0x04, 0x04, 0x04, 0x04, 0x04, 0x04,
  0x04, 0x04, 0x04, 0x04, 0x04, 0x04, 0x04, 0x04, 0x04, 0x04, 0x04, 0x04,
  0x04, 0x04, 0x04, 0x04, 0x04, 0x04, 0x04, 0x04, 0x04, 0x04, 0x04, 0x04,
  0x04, 0x04, 0x04, 0x04, 0x04, 0x04, 0x04, 0x04, 0x04, 0x04, 0x05, 0x05,
  0x05, 0x05, 0x05, 0x05, 0x05, 0x05, 0x04, 0x02, 0x01, 0x00, 0x00, 0x00,
  0x00, 0x00, 0x00, 0x00, 0x00, 0x00, 0x00, 0x00, 0x00, 0x00, 0x00, 0x00,
  0x00, 0x00, 0x00, 0x00, 0x00, 0x00, 0x00, 0x00, 0x00, 0x00, 0x00, 0x00,
  0x00, 0x00, 0x00, 0x00, 0x00, 0x00, 0x00, 0x00, 0x00, 0x00, 0x00, 0x00,
  0x00, 0x00, 0x00, 0x00, 0x00, 0x00, 0x00, 0x00, 0x00, 0x00, 0x00, 0x03,
  0x07, 0x09, 0x00, 0x14, 0xcf, 0xfc, 0xf8, 0xf8, 0xfb, 0xfb, 0xfa, 0xfb,
  0xfc, 0xfb, 0xfa, 0xfb, 0xfb, 0xfb, 0xfa, 0xfc, 0xfb, 0xfc, 0xfc, 0xfb,
  0xfc, 0xfc, 0xfc, 0xfb, 0xfb, 0xfc, 0xfb, 0xfb, 0xfb, 0xfc, 0xfc, 0xfb,
  0xfa, 0xfa, 0xfa, 0xfa, 0xfa, 0xfa, 0xfb, 0xfc, 0xfb, 0xfc, 0xfc, 0xfc,
  0xfd, 0xfe, 0xfe, 0xfe, 0xfe, 0xfe, 0xfe, 0xfd, 0xfc, 0xfc, 0xfb, 0xfb,
  0xfb, 0xfa, 0xf9, 0xf9, 0xfa, 0xfb, 0xfa, 0xfa, 0xfa, 0xfb, 0xfc, 0xfd,
  0xfd, 0xfd, 0xfd, 0xfd, 0xfd, 0xfd, 0xfe, 0xfe, 0xfd, 0xfc, 0xfc, 0xfc,
  0xfc, 0xfb, 0xfb, 0xfb, 0xfb, 0xfa, 0xfb, 0xfb, 0xfb, 0xfb, 0xfa, 0xfa,
  0xfa, 0xfa, 0xfa, 0xfa, 0xfb, 0xf9, 0xf9, 0xfa, 0xfa, 0xfb, 0xfc, 0xfc,
  0xfb, 0xfb, 0xfb, 0xfc, 0xfc, 0xfc, 0xfc, 0xfb, 0xfa, 0xfb, 0xfa, 0xfa,
  0xfa, 0xfb, 0xfa, 0xfa, 0xfa, 0xfb, 0xfb, 0xfb, 0xfb, 0xfb, 0xfb, 0xfb,
  0xfc, 0xfb, 0xfa, 0xfb, 0xfb, 0xfb, 0xfb, 0xfc, 0xfd, 0xfd, 0xfb, 0xfa,
  0xf8, 0xf6, 0xf5, 0xf6, 0xf8, 0xf9, 0xff, 0xfb, 0xa8, 0x3c, 0x06, 0x00,
  0x03, 0x04, 0x02, 0x01, 0x00, 0x00, 0x00, 0x00, 0x00, 0x00, 0x00, 0x00,
  0x00, 0x00, 0x00, 0x00, 0x00, 0x00, 0x00, 0x00, 0x00, 0x00, 0x00, 0x00,
  0x00, 0x00, 0x00, 0x00, 0x00, 0x00, 0x00, 0x00, 0x00, 0x00, 0x01, 0x00,
  0x00, 0x00, 0x00, 0x00, 0x00, 0x00, 0x00, 0x00, 0x00, 0x00, 0x00, 0x00,
  0x00, 0x00, 0x00, 0x00, 0x00, 0x00, 0x00, 0x00, 0x00, 0x00, 0x00, 0x01,
  0x02, 0x03, 0x03, 0x05, 0x02, 0x06, 0x64, 0xf0, 0xfe, 0xf7, 0xf8, 0xf9,
  0xf9, 0xf9, 0xf9, 0xfa, 0xfb, 0xfa, 0xfb, 0xfb, 0xfc, 0xfc, 0xfb, 0xfc,
  0xfb, 0xfc, 0xfb, 0xfa, 0xfb, 0xfc, 0xfc, 0xfb, 0xfc, 0xfc, 0xfb, 0xfc,
  0xfc, 0xfd, 0xfd, 0xfc, 0xfb, 0xfb, 0xfa, 0xfb, 0xfb, 0xfa, 0xfb, 0xfb,
  0xfb, 0xfb, 0xfb, 0xf5, 0xff, 0xde, 0x7f, 0x4e, 0x56, 0x53, 0x4d, 0x4c,
  0x4a, 0x45, 0x41, 0x40, 0x3f, 0x3f, 0x3f, 0x3f, 0x40, 0x41, 0x44, 0x46,
  0x47, 0x48, 0x49, 0x4c, 0x4c, 0x4c, 0x4b, 0x4a, 0x49, 0x48, 0x48, 0x47,
  0x46, 0x45, 0x45, 0x44, 0x44, 0x45, 0x45, 0x46, 0x47, 0x48, 0x49, 0x4b,
  0x4d, 0x4f, 0x50, 0x52, 0x53, 0x57, 0x59, 0x58, 0x5e, 0x65, 0x6d, 0x59,
  0x71, 0xce, 0xff, 0xfc, 0xfc, 0xfd, 0xfd, 0xfe, 0xfd, 0xfe, 0xfc, 0xfb,
  0xfc, 0xfb, 0xfa, 0xfa, 0xfa, 0xfb, 0xfa, 0xfa, 0xfb, 0xfb, 0xfa, 0xfa,
  0xfa, 0xfb, 0xfb, 0xfa, 0xfb, 0xfb, 0xfa, 0xfa, 0xfa, 0xfb, 0xfc, 0xfb,
  0xfb, 0xfc, 0xfd, 0xfd, 0xfc, 0xfd, 0xfc, 0xfb, 0xfa, 0xf8, 0xf9, 0xff,
  0xdc, 0x4f, 0x03, 0x05, 0x07, 0x04, 0x01, 0x00, 0x00, 0x00, 0x00, 0x00,
  0x00, 0x01, 0x01, 0x01, 0x00, 0x00, 0x00, 0x00, 0x00, 0x00, 0x00, 0x00,
  0x00, 0x00, 0x00, 0x00, 0x00, 0x00, 0x00, 0x00, 0x00, 0x00, 0x00, 0x00,
  0x00, 0x00, 0x00, 0x00, 0x00, 0x00, 0x00, 0x00, 0x00, 0x00, 0x00, 0x00,
  0x00, 0x00, 0x00, 0x00, 0x00, 0x00, 0x00, 0x00, 0x00, 0x00, 0x00, 0x00,
  0x00, 0x00, 0x00, 0x00, 0x00, 0x00, 0x00, 0x00, 0x00, 0x00, 0x00, 0x00,
  0x00, 0x00, 0x00, 0x00, 0x00, 0x00, 0x01, 0x03, 0x00, 0x02, 0x75, 0xf1,
  0xff, 0xf5, 0xf5, 0xfa, 0xfd, 0xfd, 0xfc, 0xfc, 0xfb, 0xfc, 0xfb, 0xfb,
  0xfb, 0xfb, 0xfa, 0xfb, 0xfa, 0xfb, 0xfc, 0xfc, 0xfb, 0xfa, 0xfb, 0xfb,
  0xfb, 0xfc, 0xfc, 0xfc, 0xfb, 0xfa, 0xfb, 0xfb, 0xfa, 0xfb, 0xfc, 0xfc,
  0xfd, 0xfc, 0xfc, 0xfc, 0xfd, 0xfd, 0xfc, 0xfb, 0xfb, 0xfd, 0xfd, 0xf2,
  0xe9, 0xea, 0xeb, 0xe5, 0xe2, 0xe2, 0xe2, 0xe1, 0xe0, 0xe0, 0xe1, 0xe1,
  0xe0, 0xdf, 0xdf, 0xdd, 0xdc, 0xdc, 0xdb, 0xdb, 0xdb, 0xdc, 0xdd, 0xdd,
  0xde, 0xe0, 0xe0, 0xe1, 0xe2, 0xe2, 0xe2, 0xe2, 0xe1, 0xe1, 0xe0, 0xe0,
  0xdf, 0xdf, 0xde, 0xde, 0xde, 0xdf, 0xe1, 0xe3, 0xe5, 0xe6, 0xe6, 0xe7,
  0xe7, 0xe6, 0xe6, 0xe6, 0xe7, 0xea, 0xf0, 0xf9, 0xfe, 0xfa, 0xfd, 0xfd,
  0xfe, 0xfd, 0xfc, 0xfc, 0xfb, 0xfb, 0xfc, 0xfc, 0xfb, 0xfc, 0xfc, 0xfb,
  0xfb, 0xfb, 0xfb, 0xfc, 0xfb, 0xfa, 0xfb, 0xfb, 0xfc, 0xfc, 0xfb, 0xfb,
  0xfb, 0xfb, 0xfb, 0xfb, 0xfb, 0xfa, 0xfa, 0xfb, 0xfa, 0xf9, 0xf9, 0xf9,
  0xfa, 0xf9, 0xf7, 0xf6, 0xf7, 0xff, 0xd9, 0x26, 0x00, 0x06, 0x03, 0x03,
  0x03, 0x01, 0x00, 0x00, 0x00, 0x00, 0x00, 0x00, 0x00, 0x00, 0x00, 0x00,
  0x00, 0x00, 0x00, 0x00, 0x00, 0x00, 0x00, 0x00, 0x00, 0x00, 0x00, 0x00,
  0x00, 0x00, 0x00, 0x00, 0x00, 0x00, 0x00, 0x00, 0x00, 0x00, 0x00, 0x00,
  0x00, 0x00, 0x00, 0x00, 0x00, 0x00, 0x00, 0x00, 0x00, 0x01, 0x00, 0x01,
  0x02, 0x08, 0x00, 0x82, 0xf7, 0xff, 0xf5, 0xf8, 0xfa, 0xfb, 0xfc, 0xfb,
  0xfb, 0xfb, 0xfb, 0xfb, 0xfc, 0xfb, 0xfb, 0xfb, 0xfb, 0xfc, 0xfc, 0xfc,
  0xfb, 0xfc, 0xfc, 0xfc, 0xfb, 0xfb, 0xfc, 0xfb, 0xfc, 0xfc, 0xfb, 0xfc,
  0xfc, 0xfc, 0xfc, 0xfc, 0xfb, 0xfc, 0xf9, 0xf7, 0xf1, 0xfc, 0xf0, 0x7a,
  0x0a, 0x01, 0x07, 0x04, 0x04, 0x04, 0x04, 0x04, 0x04, 0x04, 0x04, 0x04,
  0x04, 0x04, 0x04, 0x04, 0x04, 0x04, 0x04, 0x04, 0x04, 0x04, 0x04, 0x04,
  0x04, 0x04, 0x04, 0x04, 0x04, 0x04, 0x04, 0x04, 0x04, 0x04, 0x04, 0x04,
  0x04, 0x04, 0x04, 0x04, 0x04, 0x04, 0x04, 0x04, 0x04, 0x04, 0x04, 0x04,
  0x04, 0x04, 0x04, 0x04, 0x04, 0x04, 0x04, 0x04, 0x04, 0x04, 0x04, 0x04,
  0x04, 0x04, 0x04, 0x04, 0x04, 0x04, 0x04, 0x04, 0x04, 0x04, 0x04, 0x04,
  0x04, 0x04, 0x04, 0x04, 0x04, 0x04, 0x04, 0x04, 0x04, 0x04, 0x04, 0x04,
  0x04, 0x03, 0x02, 0x01, 0x00, 0x00, 0x00, 0x00, 0x00, 0x00, 0x00, 0x00,
  0x00, 0x00, 0x00, 0x00, 0x00, 0x00, 0x00, 0x00, 0x00, 0x00, 0x00, 0x00,
  0x00, 0x00, 0x00, 0x00, 0x00, 0x01, 0x00, 0x00, 0x00, 0x00, 0x00, 0x00,
  0x00, 0x00, 0x00, 0x00, 0x00, 0x00, 0x00, 0x00, 0x00, 0x00, 0x00, 0x00,
  0x00, 0x00, 0x00, 0x00, 0x00, 0x03, 0x07, 0x09, 0x00, 0x14, 0xcf, 0xfc,
  0xf8, 0xf8, 0xfb, 0xfb, 0xfa, 0xfa, 0xfb, 0xfc, 0xfb, 0xfa, 0xfa, 0xfa,
  0xfb, 0xfb, 0xfb, 0xfc, 0xfc, 0xfc, 0xfb, 0xfb, 0xfc, 0xfc, 0xfb, 0xfb,
  0xfc, 0xfc, 0xfc, 0xfc, 0xfb, 0xfb, 0xfb, 0xfb, 0xfb, 0xfb, 0xfb, 0xfa,
  0xfb, 0xfc, 0xfb, 0xfc, 0xfd, 0xfd, 0xfd, 0xfd, 0xfd, 0xfd, 0xfd, 0xfd,
  0xfd, 0xfd, 0xfd, 0xfd, 0xfb, 0xfa, 0xfa, 0xfa, 0xfa, 0xfa, 0xfb, 0xfa,
  0xfb, 0xfb, 0xfb, 0xfb, 0xfc, 0xfd, 0xfc, 0xfe, 0xfe, 0xfd, 0xfc, 0xfc,
  0xfd, 0xfd, 0xfd, 0xfc, 0xfc, 0xfb, 0xfb, 0xfb, 0xfb, 0xfb, 0xfa, 0xfb,
  0xfa, 0xfa, 0xfa, 0xfa, 0xfa, 0xfa, 0xfb, 0xfa, 0xfb, 0xfb, 0xfb, 0xfa,
  0xfa, 0xfb, 0xfb, 0xfc, 0xfc, 0xfb, 0xfc, 0xfc, 0xfc, 0xfb, 0xfc, 0xfc,
  0xfc, 0xfb, 0xfa, 0xfb, 0xfb, 0xfb, 0xfb, 0xfa, 0xfb, 0xfb, 0xfb, 0xfb,
  0xfc, 0xfc, 0xfc, 0xfc, 0xfc, 0xfc, 0xfb, 0xfb, 0xfa, 0xfa, 0xfa, 0xfa,
  0xfa, 0xfb, 0xfc, 0xfd, 0xfb, 0xfa, 0xf6, 0xf3, 0xf0, 0xf6, 0xff, 0xff,
  0xc1, 0x5e, 0x1b, 0x00, 0x00, 0x02, 0x04, 0x04, 0x02, 0x00, 0x00, 0x00,
  0x00, 0x00, 0x00, 0x00, 0x00, 0x00, 0x00, 0x00, 0x00, 0x00, 0x00, 0x00,
  0x00, 0x00, 0x00, 0x00, 0x00, 0x00, 0x00, 0x00, 0x00, 0x00, 0x00, 0x00,
  0x00, 0x00, 0x00, 0x00, 0x00, 0x00, 0x00, 0x00, 0x00, 0x00, 0x00, 0x00,
  0x00, 0x00, 0x00, 0x00, 0x00, 0x00, 0x00, 0x00, 0x00, 0x00, 0x00, 0x00,
  0x00, 0x00, 0x00, 0x00, 0x00, 0x01, 0x02, 0x03, 0x04, 0x04, 0x02, 0x2c,
  0xd2, 0xfe, 0xfa, 0xf8, 0xf8, 0xf9, 0xfa, 0xfa, 0xfa, 0xfa, 0xfb, 0xfb,
  0xfb, 0xfb, 0xfb, 0xfb, 0xfc, 0xfc, 0xfc, 0xfc, 0xfb, 0xfb, 0xfb, 0xfc,
  0xfb, 0xfc, 0xfc, 0xfc, 0xfc, 0xfb, 0xfc, 0xfc, 0xfc, 0xfc, 0xfc, 0xfb,
  0xfa, 0xfa, 0xfa, 0xfb, 0xfa, 0xfa, 0xfa, 0xfa, 0xfb, 0xf9, 0xfc, 0xf5,
  0xe9, 0xe5, 0xe5, 0xe4, 0xe3, 0xe3, 0xe2, 0xe0, 0xdd, 0xdc, 0xdc, 0xdb,
  0xdb, 0xdb, 0xdc, 0xdd, 0xde, 0xdf, 0xe0, 0xe2, 0xe3, 0xe4, 0xe4, 0xe4,
  0xe4, 0xe3, 0xe3, 0xe3, 0xe2, 0xe0, 0xde, 0xdd, 0xdd, 0xdc, 0xdc, 0xdb,
  0xdc, 0xdc, 0xdc, 0xdd, 0xde, 0xe0, 0xe1, 0xe2, 0xe4, 0xe6, 0xe7, 0xe8,
  0xe9, 0xe9, 0xea, 0xec, 0xed, 0xea, 0xec, 0xf7, 0xfe, 0xfe, 0xfe, 0xfc,
  0xfd, 0xfe, 0xfe, 0xfc, 0xfc, 0xfb, 0xfc, 0xfb, 0xfa, 0xfb, 0xfa, 0xfb,
  0xfb, 0xfb, 0xfa, 0xfa, 0xfb, 0xfb, 0xfb, 0xfa, 0xfb, 0xfb, 0xfc, 0xfb,
  0xfb, 0xfb, 0xfb, 0xfb, 0xfb, 0xfc, 0xfc, 0xfc, 0xfc, 0xfc, 0xfc, 0xfc,
  0xfc, 0xfb, 0xfc, 0xfb, 0xf7, 0xf9, 0xfc, 0xae, 0x0d, 0x01, 0x0a, 0x06,
  0x01, 0x00, 0x00, 0x00, 0x00, 0x00, 0x00, 0x00, 0x00, 0x00, 0x00, 0x00,
  0x00, 0x00, 0x00, 0x00, 0x00, 0x00, 0x00, 0x00, 0x00, 0x00, 0x00, 0x00,
  0x00, 0x00, 0x00, 0x00, 0x00, 0x00, 0x00, 0x00, 0x00, 0x00, 0x00, 0x00,
  0x00, 0x00, 0x00, 0x00, 0x00, 0x00, 0x00, 0x00, 0x00, 0x00, 0x00, 0x00,
  0x00, 0x00, 0x00, 0x00, 0x00, 0x00, 0x00, 0x00, 0x00, 0x00, 0x00, 0x00,
  0x00, 0x00, 0x00, 0x00, 0x00, 0x00, 0x00, 0x00, 0x00, 0x00, 0x01, 0x03,
  0x05, 0x03, 0x01, 0x2c, 0xc8, 0xff, 0xfb, 0xf7, 0xf9, 0xfb, 0xfd, 0xfe,
  0xfd, 0xfc, 0xfc, 0xfb, 0xfc, 0xfc, 0xfb, 0xfb, 0xfa, 0xfb, 0xfb, 0xfa,
  0xfb, 0xfc, 0xfb, 0xfa, 0xfb, 0xfa, 0xfb, 0xfc, 0xfc, 0xfc, 0xfb, 0xfa,
  0xfa, 0xfa, 0xfa, 0xfb, 0xfc, 0xfc, 0xfd, 0xfd, 0xfc, 0xfc, 0xfd, 0xfc,
  0xfd, 0xfc, 0xfc, 0xfd, 0xfe, 0xff, 0xff, 0xff, 0xff, 0xff, 0xff, 0xff,
  0xff, 0xff, 0xff, 0xff, 0xff, 0xff, 0xff, 0xff, 0xff, 0xff, 0xff, 0xff,
  0xff, 0xff, 0xff, 0xff, 0xff, 0xff, 0xff, 0xff, 0xff, 0xff, 0xff, 0xff,
  0xff, 0xff, 0xff, 0xff, 0xff, 0xff, 0xff, 0xff, 0xff, 0xff, 0xff, 0xff,
  0xff, 0xff, 0xff, 0xff, 0xff, 0xff, 0xff, 0xff, 0xff, 0xff, 0xff, 0xff,
  0xff, 0xfe, 0xfc, 0xfd, 0xfd, 0xfe, 0xfe, 0xfd, 0xfd, 0xfc, 0xfb, 0xfc,
  0xfc, 0xfb, 0xfc, 0xfb, 0xfc, 0xfc, 0xfc, 0xfc, 0xfc, 0xfc, 0xfb, 0xfb,
  0xfb, 0xfb, 0xfc, 0xfc, 0xfb, 0xfb, 0xfa, 0xfa, 0xfa, 0xfa, 0xfa, 0xfb,
  0xfb, 0xfb, 0xfa, 0xf9, 0xf9, 0xfa, 0xfa, 0xfa, 0xf9, 0xf9, 0xf9, 0xfc,
  0xff, 0x85, 0x0f, 0x02, 0x07, 0x05, 0x03, 0x01, 0x00, 0x00, 0x00, 0x00,
  0x00, 0x00, 0x00, 0x00, 0x00, 0x00, 0x00, 0x00, 0x00, 0x00, 0x00, 0x00,
  0x00, 0x00, 0x00, 0x00, 0x00, 0x00, 0x00, 0x00, 0x00, 0x00, 0x00, 0x00,
  0x00, 0x00, 0x00, 0x00, 0x00, 0x00, 0x00, 0x00, 0x00, 0x00, 0x00, 0x00,
  0x00, 0x00, 0x00, 0x00, 0x01, 0x01, 0x02, 0x07, 0x00, 0x81, 0xf7, 0xff,
  0xf6, 0xf8, 0xfa, 0xfc, 0xfc, 0xfb, 0xfa, 0xfc, 0xfc, 0xfc, 0xfb, 0xfc,
  0xfc, 0xfc, 0xfc, 0xfb, 0xfb, 0xfb, 0xfc, 0xfc, 0xfc, 0xfc, 0xfc, 0xfc,
  0xfc, 0xfb, 0xfc, 0xfd, 0xfc, 0xfc, 0xfd, 0xfd, 0xfd, 0xfc, 0xfc, 0xfc,
  0xfa, 0xf8, 0xf0, 0xfc, 0xf0, 0x7a, 0x09, 0x01, 0x06, 0x02, 0x02, 0x02,
  0x01, 0x01, 0x02, 0x02, 0x02, 0x02, 0x02, 0x02, 0x02, 0x02, 0x02, 0x02,
  0x02, 0x02, 0x02, 0x02, 0x02, 0x02, 0x02, 0x02, 0x02, 0x02, 0x02, 0x02,
  0x02, 0x02, 0x02, 0x02, 0x02, 0x02, 0x02, 0x02, 0x02, 0x02, 0x02, 0x02,
  0x02, 0x02, 0x02, 0x02, 0x02, 0x02, 0x02, 0x02, 0x02, 0x02, 0x02, 0x02,
  0x02, 0x02, 0x02, 0x02, 0x02, 0x02, 0x02, 0x02, 0x02, 0x02, 0x02, 0x02,
  0x03, 0x03, 0x03, 0x03, 0x02, 0x02, 0x02, 0x02, 0x02, 0x02, 0x01, 0x01,
  0x02, 0x02, 0x02, 0x02, 0x02, 0x02, 0x02, 0x01, 0x01, 0x00, 0x00, 0x00,
  0x00, 0x00, 0x00, 0x00, 0x00, 0x00, 0x00, 0x00, 0x00, 0x00, 0x00, 0x00,
  0x00, 0x00, 0x00, 0x00, 0x00, 0x00, 0x00, 0x00, 0x00, 0x00, 0x00, 0x00,
  0x00, 0x00, 0x00, 0x00, 0x00, 0x00, 0x00, 0x00, 0x00, 0x00, 0x00, 0x00,
  0x00, 0x00, 0x00, 0x00, 0x00, 0x00, 0x00, 0x00, 0x00, 0x00, 0x00, 0x03,
  0x06, 0x09, 0x00, 0x15, 0xd0, 0xfc, 0xf8, 0xf8, 0xfb, 0xfb, 0xfa, 0xfb,
  0xfb, 0xfb, 0xfb, 0xfb, 0xfb, 0xfa, 0xfa, 0xfb, 0xfb, 0xfb, 0xfb, 0xfb,
  0xfb, 0xfb, 0xfc, 0xfc, 0xfb, 0xfb, 0xfc, 0xfc, 0xfd, 0xfc, 0xfb, 0xfb,
  0xfb, 0xfc, 0xfc, 0xfb, 0xfb, 0xfa, 0xfa, 0xfb, 0xfc, 0xfb, 0xfc, 0xfc,
  0xfc, 0xfc, 0xfc, 0xfc, 0xfd, 0xfc, 0xfd, 0xfc, 0xfd, 0xfc, 0xfb, 0xfb,
  0xfb, 0xfa, 0xfa, 0xfa, 0xfa, 0xfb, 0xfb, 0xfc, 0xfc, 0xfc, 0xfc, 0xfc,
  0xfd, 0xfd, 0xfd, 0xfd, 0xfd, 0xfd, 0xfd, 0xfc, 0xfc, 0xfb, 0xfc, 0xfb,
  0xfa, 0xfa, 0xfa, 0xfa, 0xfb, 0xfb, 0xfa, 0xf9, 0xf9, 0xf9, 0xf9, 0xfa,
  0xfb, 0xfa, 0xfa, 0xfa, 0xfa, 0xfa, 0xfa, 0xfb, 0xfb, 0xfb, 0xfc, 0xfc,
  0xfb, 0xfb, 0xfb, 0xfc, 0xfc, 0xfc, 0xfc, 0xfb, 0xfa, 0xfb, 0xfb, 0xfa,
  0xfb, 0xfb, 0xfb, 0xfb, 0xfc, 0xfc, 0xfc, 0xfc, 0xfc, 0xfc, 0xfd, 0xfb,
  0xfa, 0xf9, 0xf8, 0xf7, 0xf7, 0xf8, 0xf8, 0xf9, 0xfb, 0xfb, 0xf9, 0xf7,
  0xf6, 0xfc, 0xff, 0xff, 0xc2, 0x6c, 0x2a, 0x05, 0x00, 0x01, 0x01, 0x00,
  0x02, 0x03, 0x00, 0x00, 0x00, 0x00, 0x00, 0x00, 0x00, 0x00, 0x00, 0x00,
  0x00, 0x00, 0x00, 0x00, 0x00, 0x00, 0x00, 0x00, 0x00, 0x00, 0x00, 0x00,
  0x00, 0x00, 0x00, 0x00, 0x00, 0x00, 0x00, 0x00, 0x00, 0x00, 0x00, 0x00,
  0x00, 0x00, 0x00, 0x00, 0x00, 0x00, 0x00, 0x00, 0x00, 0x00, 0x00, 0x00,
  0x00, 0x00, 0x00, 0x00, 0x00, 0x00, 0x00, 0x00, 0x00, 0x00, 0x00, 0x01,
  0x03, 0x04, 0x07, 0x00, 0x0f, 0x91, 0xfc, 0xfa, 0xf8, 0xfa, 0xfa, 0xfa,
  0xfa, 0xfb, 0xfb, 0xfb, 0xfa, 0xfb, 0xfc, 0xfa, 0xfa, 0xfb, 0xfc, 0xfb,
  0xfb, 0xfb, 0xfc, 0xfc, 0xfc, 0xfb, 0xfc, 0xfc, 0xfc, 0xfc, 0xfc, 0xfb,
  0xfc, 0xfc, 0xfc, 0xfb, 0xfc, 0xfb, 0xfb, 0xfa, 0xfa, 0xfb, 0xfa, 0xfb,
  0xfb, 0xfb, 0xfa, 0xfb, 0xfb, 0xfc, 0xff, 0xff, 0xff, 0xff, 0xff, 0xff,
  0xff, 0xff, 0xff, 0xff, 0xff, 0xff, 0xff, 0xff, 0xff, 0xff, 0xff, 0xff,
  0xff, 0xff, 0xff, 0xff, 0xff, 0xff, 0xff, 0xff, 0xff, 0xff, 0xff, 0xff,
  0xff, 0xff, 0xff, 0xff, 0xff, 0xfe, 0xfe, 0xfe, 0xfe, 0xff, 0xff, 0xff,
  0xff, 0xff, 0xff, 0xff, 0xff, 0xff, 0xff, 0xff, 0xff, 0xff, 0xff, 0xff,
  0xff, 0xff, 0xfe, 0xfe, 0xfe, 0xfd, 0xfd, 0xfd, 0xfd, 0xfb, 0xfb, 0xfc,
  0xfb, 0xfb, 0xfb, 0xfa, 0xfb, 0xfb, 0xfc, 0xfc, 0xfa, 0xfb, 0xfa, 0xfa,
  0xfa, 0xfa, 0xfb, 0xfb, 0xfb, 0xfb, 0xfc, 0xfc, 0xfc, 0xfb, 0xfa, 0xfb,
  0xfc, 0xfb, 0xfb, 0xfb, 0xfb, 0xfb, 0xfc, 0xfc, 0xfc, 0xfb, 0xf7, 0xf6,
  0xfe, 0xef, 0x6d, 0x04, 0x03, 0x07, 0x01, 0x01, 0x00, 0x00, 0x00, 0x00,
  0x00, 0x00, 0x00, 0x00, 0x00, 0x00, 0x00, 0x00, 0x00, 0x00, 0x00, 0x00,
  0x00, 0x00, 0x00, 0x00, 0x00, 0x00, 0x00, 0x01, 0x00, 0x00, 0x00, 0x00,
  0x00, 0x00, 0x00, 0x00, 0x00, 0x00, 0x00, 0x00, 0x00, 0x00, 0x00, 0x00,
  0x00, 0x00, 0x00, 0x00, 0x00, 0x00, 0x00, 0x00, 0x00, 0x00, 0x00, 0x00,
  0x00, 0x00, 0x00, 0x00, 0x00, 0x00, 0x00, 0x00, 0x00, 0x00, 0x00, 0x00,
  0x00, 0x00, 0x00, 0x00, 0x02, 0x06, 0x0b, 0x00, 0x03, 0x85, 0xf7, 0xfd,
  0xf9, 0xfb, 0xfc, 0xfc, 0xfc, 0xfe, 0xfd, 0xfc, 0xfd, 0xfc, 0xfb, 0xfb,
  0xfa, 0xfb, 0xfb, 0xfb, 0xfa, 0xfb, 0xfb, 0xfb, 0xfb, 0xfa, 0xfb, 0xfa,
  0xfb, 0xfc, 0xfc, 0xfc, 0xfb, 0xfa, 0xfb, 0xfb, 0xfa, 0xfb, 0xfc, 0xfc,
  0xfc, 0xfc, 0xfc, 0xfc, 0xfc, 0xfd, 0xfd, 0xfc, 0xfd, 0xfe, 0xfd, 0xfa,
  0xf6, 0xf3, 0xf3, 0xf3, 0xf3, 0xf3, 0xf3, 0xf3, 0xf3, 0xf2, 0xf3, 0xf3,
  0xf2, 0xf2, 0xf2, 0xf2, 0xf2, 0xf2, 0xf2, 0xf2, 0xf2, 0xf2, 0xf2, 0xf2,
  0xf3, 0xf2, 0xf2, 0xf2, 0xf2, 0xf3, 0xf3, 0xf3, 0xf3, 0xf2, 0xf3, 0xf2,
  0xf2, 0xf2, 0xf2, 0xf2, 0xf2, 0xf2, 0xf2, 0xf2, 0xf3, 0xf2, 0xf2, 0xf2,
  0xf3, 0xf3, 0xf2, 0xf2, 0xf3, 0xf6, 0xf8, 0xfb, 0xfe, 0xfe, 0xfe, 0xfe,
  0xfd, 0xfd, 0xfc, 0xfc, 0xfb, 0xfc, 0xfc, 0xfb, 0xfc, 0xfc, 0xfb, 0xfb,
  0xfb, 0xfb, 0xfb, 0xfc, 0xfc, 0xfc, 0xfc, 0xfb, 0xfc, 0xfc, 0xfc, 0xfb,
  0xfb, 0xfb, 0xfb, 0xfb, 0xfb, 0xfa, 0xfa, 0xfa, 0xfa, 0xf9, 0xfa, 0xfa,
  0xfb, 0xfb, 0xfc, 0xfd, 0xfd, 0xfc, 0xfd, 0xea, 0x41, 0x00, 0x07, 0x07,
  0x04, 0x00, 0x00, 0x00, 0x00, 0x00, 0x00, 0x00, 0x00, 0x00, 0x00, 0x00,
  0x00, 0x00, 0x00, 0x00, 0x00, 0x00, 0x00, 0x00, 0x00, 0x00, 0x00, 0x00,
  0x00, 0x00, 0x00, 0x00, 0x00, 0x00, 0x00, 0x00, 0x00, 0x00, 0x00, 0x00,
  0x00, 0x00, 0x00, 0x00, 0x00, 0x00, 0x00, 0x00, 0x00, 0x00, 0x01, 0x01,
  0x01, 0x06, 0x00, 0x82, 0xf7, 0xff, 0xf6, 0xf8, 0xfa, 0xfb, 0xfc, 0xfb,
  0xfb, 0xfb, 0xfb, 0xfb, 0xfc, 0xfb, 0xfb, 0xfb, 0xfb, 0xfb, 0xfb, 0xfb,
  0xfb, 0xfb, 0xfb, 0xfb, 0xfb, 0xfb, 0xfb, 0xfc, 0xfc, 0xfc, 0xfc, 0xfc,
  0xfd, 0xfc, 0xfd, 0xfd, 0xfd, 0xfd, 0xfa, 0xf8, 0xf1, 0xfd, 0xef, 0x78,
  0x0a, 0x01, 0x05, 0x01, 0x00, 0x00, 0x00, 0x00, 0x00, 0x00, 0x00, 0x00,
  0x00, 0x00, 0x00, 0x00, 0x00, 0x00, 0x00, 0x00, 0x00, 0x00, 0x00, 0x00,
  0x00, 0x00, 0x00, 0x00, 0x00, 0x00, 0x00, 0x00, 0x00, 0x00, 0x00, 0x00,
  0x00, 0x00, 0x00, 0x00, 0x00, 0x00, 0x00, 0x00, 0x00, 0x00, 0x00, 0x00,
  0x00, 0x00, 0x00, 0x00, 0x00, 0x00, 0x00, 0x00, 0x00, 0x00, 0x00, 0x00,
  0x00, 0x00, 0x00, 0x00, 0x00, 0x01, 0x01, 0x01, 0x01, 0x01, 0x01, 0x01,
  0x01, 0x00, 0x00, 0x00, 0x00, 0x00, 0x00, 0x00, 0x00, 0x00, 0x00, 0x00,
  0x00, 0x00, 0x00, 0x00, 0x00, 0x00, 0x00, 0x00, 0x00, 0x00, 0x00, 0x00,
  0x00, 0x00, 0x00, 0x00, 0x00, 0x00, 0x00, 0x00, 0x00, 0x00, 0x00, 0x00,
  0x00, 0x00, 0x00, 0x00, 0x01, 0x00, 0x00, 0x00, 0x00, 0x00, 0x00, 0x00,
  0x00, 0x00, 0x00, 0x00, 0x00, 0x00, 0x00, 0x00, 0x00, 0x00, 0x00, 0x00,
  0x00, 0x00, 0x00, 0x00, 0x00, 0x02, 0x06, 0x09, 0x00, 0x15, 0xd0, 0xfd,
  0xf8, 0xf8, 0xfb, 0xfb, 0xfa, 0xfb, 0xfc, 0xfb, 0xfb, 0xfc, 0xfb, 0xfa,
  0xfb, 0xfa, 0xfa, 0xfa, 0xfb, 0xfa, 0xfb, 0xfc, 0xfb, 0xfb, 0xfc, 0xfc,
  0xfb, 0xfc, 0xfc, 0xfc, 0xfb, 0xfc, 0xfc, 0xfc, 0xfb, 0xfb, 0xfb, 0xfb,
  0xfb, 0xfb, 0xfb, 0xfc, 0xfb, 0xfb, 0xfb, 0xfc, 0xfc, 0xfc, 0xfc, 0xfc,
  0xfc, 0xfc, 0xfd, 0xfc, 0xfc, 0xfc, 0xfc, 0xfc, 0xfc, 0xfc, 0xfb, 0xfc,
  0xfc, 0xfb, 0xfb, 0xfb, 0xfb, 0xfb, 0xfc, 0xfc, 0xfc, 0xfd, 0xfd, 0xfd,
  0xfd, 0xfc, 0xfc, 0xfc, 0xfb, 0xfa, 0xf9, 0xf9, 0xf9, 0xfa, 0xfa, 0xfa,
  0xfa, 0xfa, 0xfa, 0xfa, 0xf9, 0xf9, 0xfa, 0xfb, 0xfb, 0xfb, 0xfb, 0xfb,
  0xfb, 0xfb, 0xfb, 0xfb, 0xfc, 0xfb, 0xfa, 0xfa, 0xfb, 0xfb, 0xfb, 0xfc,
  0xfc, 0xfb, 0xfa, 0xfa, 0xfa, 0xfb, 0xfb, 0xfa, 0xfb, 0xfb, 0xfb, 0xfd,
  0xfd, 0xfd, 0xfd, 0xfd, 0xfd, 0xfc, 0xfa, 0xf9, 0xf8, 0xf7, 0xf6, 0xf4,
  0xf2, 0xf3, 0xf5, 0xf9, 0xff, 0xff, 0xff, 0xee, 0xb0, 0x70, 0x32, 0x03,
  0x00, 0x05, 0x08, 0x04, 0x01, 0x01, 0x00, 0x00, 0x00, 0x00, 0x00, 0x00,
  0x00, 0x00, 0x00, 0x00, 0x00, 0x00, 0x00, 0x00, 0x00, 0x00, 0x00, 0x00,
  0x00, 0x00, 0x00, 0x00, 0x00, 0x00, 0x00, 0x00, 0x00, 0x00, 0x00, 0x00,
  0x00, 0x00, 0x00, 0x00, 0x00, 0x00, 0x00, 0x00, 0x00, 0x00, 0x00, 0x00,
  0x00, 0x00, 0x00, 0x00, 0x00, 0x00, 0x00, 0x00, 0x00, 0x00, 0x00, 0x00,
  0x00, 0x00, 0x00, 0x00, 0x00, 0x00, 0x02, 0x06, 0x05, 0x05, 0x4c, 0xed,
  0xfa, 0xf6, 0xf8, 0xfb, 0xfc, 0xfb, 0xfa, 0xfb, 0xfa, 0xfb, 0xfb, 0xfb,
  0xfb, 0xfa, 0xfb, 0xfb, 0xfb, 0xfc, 0xfc, 0xfc, 0xfb, 0xfb, 0xfb, 0xfc,
  0xfc, 0xfc, 0xfc, 0xfb, 0xfb, 0xfc, 0xfb, 0xfb, 0xfb, 0xfb, 0xfc, 0xfb,
  0xfa, 0xfa, 0xf9, 0xfa, 0xfb, 0xfa, 0xfa, 0xfa, 0xfb, 0xfa, 0xfa, 0xf8,
  0xf6, 0xf4, 0xf3, 0xf1, 0xf2, 0xf2, 0xf2, 0xf2, 0xf2, 0xf1, 0xf2, 0xf2,
  0xf2, 0xf2, 0xf2, 0xf2, 0xf2, 0xf2, 0xf2, 0xf3, 0xf3, 0xf2, 0xf3, 0xf3,
  0xf3, 0xf3, 0xf3, 0xf3, 0xf2, 0xf2, 0xf2, 0xf2, 0xf2, 0xf2, 0xf2, 0xf2,
  0xf2, 0xf2, 0xf2, 0xf2, 0xf2, 0xf2, 0xf3, 0xf3, 0xf3, 0xf3, 0xf3, 0xf3,
  0xf3, 0xf3, 0xf3, 0xf3, 0xf3, 0xf4, 0xf6, 0xfa, 0xfd, 0xfe, 0xfd, 0xfe,
  0xfe, 0xfe, 0xfc, 0xfc, 0xfc, 0xfb, 0xfa, 0xfa, 0xfa, 0xfb, 0xfb, 0xfc,
  0xfb, 0xfb, 0xfb, 0xfa, 0xf9, 0xf9, 0xfa, 0xfa, 0xfb, 0xfb, 0xfa, 0xfb,
  0xfc, 0xfb, 0xfc, 0xfb, 0xfb, 0xfc, 0xfc, 0xfc, 0xfc, 0xfc, 0xfb, 0xfc,
  0xfb, 0xfb, 0xfb, 0xfa, 0xf9, 0xf7, 0xf7, 0xff, 0xcf, 0x2c, 0x00, 0x04,
  0x02, 0x02, 0x01, 0x01, 0x00, 0x00, 0x01, 0x00, 0x00, 0x00, 0x00, 0x00,
  0x00, 0x00, 0x00, 0x00, 0x00, 0x00, 0x00, 0x00, 0x00, 0x00, 0x00, 0x00,
  0x00, 0x00, 0x00, 0x00, 0x00, 0x00, 0x00, 0x00, 0x00, 0x00, 0x00, 0x00,
  0x00, 0x00, 0x00, 0x00, 0x00, 0x00, 0x00, 0x00, 0x00, 0x00, 0x00, 0x00,
  0x00, 0x00, 0x00, 0x00, 0x00, 0x00, 0x00, 0x00, 0x00, 0x00, 0x00, 0x00,
  0x00, 0x00, 0x00, 0x00, 0x00, 0x00, 0x00, 0x00, 0x00, 0x00, 0x01, 0x07,
  0x07, 0x02, 0x39, 0xd4, 0xff, 0xf9, 0xf9, 0xfc, 0xfd, 0xfd, 0xfc, 0xfd,
  0xfd, 0xfc, 0xfd, 0xfc, 0xfb, 0xfb, 0xfb, 0xfa, 0xfa, 0xfb, 0xfa, 0xfb,
  0xfb, 0xfb, 0xfb, 0xfa, 0xfb, 0xfb, 0xfb, 0xfb, 0xfb, 0xfb, 0xfb, 0xfb,
  0xfc, 0xfb, 0xfa, 0xfb, 0xfc, 0xfb, 0xfb, 0xfb, 0xfb, 0xfb, 0xfc, 0xfc,
  0xfd, 0xfc, 0xfd, 0xfd, 0xfc, 0xfb, 0xf9, 0xf7, 0xf7, 0xf7, 0xf7, 0xf7,
  0xf6, 0xf6, 0xf6, 0xf6, 0xf6, 0xf5, 0xf5, 0xf5, 0xf5, 0xf5, 0xf6, 0xf6,
  0xf6, 0xf6, 0xf6, 0xf6, 0xf7, 0xf6, 0xf6, 0xf6, 0xf5, 0xf6, 0xf6, 0xf6,
  0xf6, 0xf6, 0xf6, 0xf6, 0xf6, 0xf7, 0xf7, 0xf7, 0xf7, 0xf6, 0xf6, 0xf6,
  0xf6, 0xf6, 0xf6, 0xf7, 0xf7, 0xf7, 0xf7, 0xf7, 0xf6, 0xf6, 0xf6, 0xf8,
  0xfa, 0xfb, 0xfd, 0xfe, 0xfe, 0xfd, 0xfd, 0xfc, 0xfb, 0xfb, 0xfb, 0xfc,
  0xfc, 0xfb, 0xfb, 0xfc, 0xfb, 0xfa, 0xfa, 0xfa, 0xfc, 0xfc, 0xfb, 0xfb,
  0xfb, 0xfb, 0xfb, 0xfb, 0xfc, 0xfb, 0xfb, 0xfc, 0xfc, 0xfb, 0xfb, 0xfa,
  0xfa, 0xfa, 0xf9, 0xf9, 0xfa, 0xfb, 0xfb, 0xfc, 0xfe, 0xfe, 0xfd, 0xfc,
  0xf8, 0xff, 0xa6, 0x1b, 0x01, 0x09, 0x03, 0x01, 0x00, 0x00, 0x00, 0x00,
  0x00, 0x00, 0x00, 0x00, 0x00, 0x00, 0x00, 0x00, 0x00, 0x00, 0x00, 0x00,
  0x00, 0x00, 0x00, 0x00, 0x00, 0x00, 0x00, 0x00, 0x00, 0x00, 0x00, 0x00,
  0x00, 0x00, 0x00, 0x00, 0x00, 0x01, 0x00, 0x00, 0x00, 0x00, 0x00, 0x00,
  0x00, 0x00, 0x00, 0x00, 0x01, 0x01, 0x01, 0x07, 0x00, 0x83, 0xf7, 0xff,
  0xf6, 0xf8, 0xfa, 0xfb, 0xfc, 0xfb, 0xfc, 0xfc, 0xfb, 0xfb, 0xfc, 0xfb,
  0xfb, 0xfb, 0xfa, 0xfa, 0xfb, 0xfb, 0xfa, 0xfa, 0xfa, 0xfa, 0xfa, 0xfa,
  0xfb, 0xfb, 0xfc, 0xfb, 0xfb, 0xfc, 0xfd, 0xfd, 0xfd, 0xfe, 0xfe, 0xfd,
  0xfb, 0xf8, 0xf1, 0xfd, 0xee, 0x77, 0x09, 0x01, 0x04, 0x00, 0x00, 0x00,
  0x00, 0x00, 0x00, 0x00, 0x00, 0x00, 0x00, 0x00, 0x00, 0x00, 0x00, 0x00,
  0x00, 0x00, 0x00, 0x00, 0x00, 0x00, 0x00, 0x00, 0x00, 0x00, 0x00, 0x00,
  0x00, 0x00, 0x00, 0x00, 0x00, 0x00, 0x00, 0x00, 0x00, 0x00, 0x00, 0x00,
  0x00, 0x00, 0x00, 0x00, 0x00, 0x00, 0x00, 0x00, 0x00, 0x00, 0x00, 0x00,
  0x00, 0x00, 0x00, 0x00, 0x00, 0x00, 0x00, 0x00, 0x00, 0x00, 0x00, 0x00,
  0x00, 0x00, 0x00, 0x00, 0x00, 0x00, 0x00, 0x00, 0x00, 0x00, 0x00, 0x00,
  0x00, 0x00, 0x00, 0x00, 0x00, 0x00, 0x00, 0x00, 0x00, 0x00, 0x00, 0x00,
  0x00, 0x00, 0x00, 0x00, 0x00, 0x00, 0x00, 0x00, 0x00, 0x00, 0x00, 0x00,
  0x00, 0x00, 0x00, 0x00, 0x00, 0x00, 0x00, 0x00, 0x01, 0x00, 0x00, 0x00,
  0x00, 0x00, 0x00, 0x00, 0x00, 0x00, 0x00, 0x00, 0x00, 0x00, 0x00, 0x00,
  0x00, 0x00, 0x00, 0x00, 0x00, 0x00, 0x00, 0x00, 0x00, 0x00, 0x00, 0x02,
  0x06, 0x09, 0x00, 0x16, 0xd0, 0xfc, 0xf8, 0xf8, 0xfa, 0xfb, 0xfb, 0xfb,
  0xfb, 0xfb, 0xfb, 0xfb, 0xfc, 0xfa, 0xfb, 0xfa, 0xfa, 0xfa, 0xfb, 0xfa,
  0xfb, 0xfc, 0xfb, 0xfb, 0xfb, 0xfb, 0xfb, 0xfb, 0xfb, 0xfc, 0xfb, 0xfc,
  0xfd, 0xfc, 0xfb, 0xfc, 0xfb, 0xfb, 0xfc, 0xfb, 0xfa, 0xfb, 0xfa, 0xfa,
  0xfb, 0xfb, 0xfb, 0xfb, 0xfb, 0xfb, 0xfb, 0xfc, 0xfc, 0xfc, 0xfd, 0xfd,
  0xfd, 0xfe, 0xfe, 0xfe, 0xfe, 0xfe, 0xfd, 0xfd, 0xfc, 0xfd, 0xfd, 0xfc,
  0xfc, 0xfd, 0xfd, 0xfd, 0xfd, 0xfd, 0xfc, 0xfc, 0xfb, 0xfb, 0xfb, 0xf9,
  0xf9, 0xf8, 0xf9, 0xf9, 0xf9, 0xf9, 0xf9, 0xfa, 0xfb, 0xfa, 0xfa, 0xfa,
  0xfa, 0xfb, 0xfb, 0xfc, 0xfc, 0xfc, 0xfc, 0xfc, 0xfc, 0xfc, 0xfc, 0xfb,
  0xfb, 0xfb, 0xfc, 0xfc, 0xfc, 0xfb, 0xfc, 0xfb, 0xfa, 0xfb, 0xfb, 0xfa,
  0xfa, 0xfb, 0xfb, 0xfc, 0xfd, 0xfd, 0xfe, 0xfe, 0xfe, 0xfd, 0xfe, 0xfb,
  0xf9, 0xf6, 0xf4, 0xf3, 0xf2, 0xf3, 0xf7, 0xff, 0xff, 0xff, 0xeb, 0xc3,
  0x91, 0x5a, 0x24, 0x01, 0x00, 0x04, 0x09, 0x07, 0x05, 0x04, 0x02, 0x01,
  0x00, 0x00, 0x00, 0x00, 0x00, 0x00, 0x00, 0x00, 0x00, 0x00, 0x00, 0x00,
  0x00, 0x00, 0x00, 0x00, 0x00, 0x00, 0x00, 0x00, 0x00, 0x00, 0x00, 0x00,
  0x00, 0x00, 0x00, 0x00, 0x00, 0x00, 0x00, 0x00, 0x00, 0x00, 0x00, 0x00,
  0x00, 0x00, 0x00, 0x00, 0x00, 0x00, 0x00, 0x00, 0x00, 0x00, 0x00, 0x00,
  0x00, 0x00, 0x00, 0x00, 0x00, 0x00, 0x00, 0x00, 0x00, 0x00, 0x00, 0x02,
  0x03, 0x06, 0x00, 0x26, 0xba, 0xff, 0xf7, 0xf6, 0xf8, 0xfb, 0xfc, 0xfb,
  0xfa, 0xfb, 0xfb, 0xfb, 0xfc, 0xfb, 0xfb, 0xfa, 0xfb, 0xfc, 0xfb, 0xfc,
  0xfc, 0xfc, 0xfb, 0xfc, 0xfc, 0xfc, 0xfc, 0xfb, 0xfb, 0xfc, 0xfc, 0xfb,
  0xfa, 0xfa, 0xfa, 0xfb, 0xfb, 0xfb, 0xfb, 0xfa, 0xf9, 0xfa, 0xfb, 0xfa,
  0xfa, 0xf9, 0xfa, 0xfa, 0xf9, 0xf9, 0xf8, 0xf8, 0xf7, 0xf6, 0xf6, 0xf7,
  0xf7, 0xf7, 0xf6, 0xf6, 0xf7, 0xf7, 0xf7, 0xf7, 0xf7, 0xf7, 0xf6, 0xf6,
  0xf6, 0xf6, 0xf6, 0xf6, 0xf6, 0xf6, 0xf6, 0xf6, 0xf6, 0xf6, 0xf6, 0xf6,
  0xf6, 0xf6, 0xf6, 0xf7, 0xf7, 0xf7, 0xf6, 0xf6, 0xf6, 0xf6, 0xf6, 0xf6,
  0xf6, 0xf6, 0xf6, 0xf6, 0xf6, 0xf7, 0xf7, 0xf7, 0xf7, 0xf7, 0xf7, 0xf6,
  0xf9, 0xfc, 0xfd, 0xfd, 0xfd, 0xfd, 0xfd, 0xfd, 0xfb, 0xfb, 0xfc, 0xfb,
  0xfb, 0xfa, 0xfb, 0xfb, 0xfb, 0xfb, 0xfb, 0xfa, 0xfa, 0xf9, 0xfa, 0xfa,
  0xfa, 0xfa, 0xfb, 0xfb, 0xfa, 0xfb, 0xfc, 0xfc, 0xfb, 0xfc, 0xfc, 0xfc,
  0xfb, 0xfc, 0xfc, 0xfb, 0xfc, 0xfc, 0xfb, 0xfb, 0xfc, 0xfb, 0xfa, 0xf9,
  0xf6, 0xfa, 0xf8, 0x8c, 0x07, 0x00, 0x07, 0x02, 0x03, 0x01, 0x00, 0x00,
  0x00, 0x00, 0x00, 0x00, 0x00, 0x00, 0x00, 0x00, 0x00, 0x00, 0x00, 0x00,
  0x00, 0x00, 0x00, 0x00, 0x00, 0x00, 0x00, 0x00, 0x00, 0x00, 0x00, 0x00,
  0x00, 0x00, 0x00, 0x00, 0x00, 0x00, 0x00, 0x00, 0x00, 0x00, 0x00, 0x00,
  0x00, 0x00, 0x00, 0x00, 0x00, 0x00, 0x00, 0x00, 0x00, 0x00, 0x00, 0x00,
  0x00, 0x00, 0x00, 0x00, 0x00, 0x00, 0x00, 0x00, 0x00, 0x00, 0x00, 0x00,
  0x00, 0x00, 0x00, 0x01, 0x01, 0x06, 0x00, 0x10, 0x9d, 0xf9, 0xf9, 0xf6,
  0xf8, 0xfb, 0xfc, 0xfc, 0xfc, 0xfd, 0xfd, 0xfd, 0xfd, 0xfc, 0xfc, 0xfc,
  0xfc, 0xfb, 0xfa, 0xfa, 0xfb, 0xfa, 0xfa, 0xfb, 0xfb, 0xfb, 0xfb, 0xfc,
  0xfc, 0xfc, 0xfc, 0xfc, 0xfc, 0xfc, 0xfc, 0xfb, 0xfa, 0xfb, 0xfc, 0xfc,
  0xfc, 0xfc, 0xfc, 0xfb, 0xfb, 0xfb, 0xfc, 0xfc, 0xfd, 0xfc, 0xfc, 0xfd,
  0xfc, 0xfb, 0xfb, 0xfb, 0xfb, 0xfa, 0xf9, 0xf9, 0xf9, 0xf8, 0xf8, 0xf7,
  0xf6, 0xf7, 0xf7, 0xf8, 0xf8, 0xf9, 0xf9, 0xf9, 0xf9, 0xf9, 0xfa, 0xfa,
  0xf9, 0xf8, 0xf8, 0xf9, 0xf9, 0xf9, 0xf8, 0xf8, 0xf9, 0xf9, 0xf9, 0xf9,
  0xf9, 0xf8, 0xf9, 0xf9, 0xf9, 0xf9, 0xf9, 0xf9, 0xfa, 0xfb, 0xfb, 0xfb,
  0xfb, 0xfb, 0xfb, 0xfb, 0xfb, 0xfb, 0xfc, 0xfd, 0xfd, 0xfd, 0xfd, 0xfc,
  0xfc, 0xfb, 0xfc, 0xfc, 0xfb, 0xfc, 0xfc, 0xfb, 0xfc, 0xfc, 0xfb, 0xfa,
  0xfb, 0xfb, 0xfb, 0xfc, 0xfc, 0xfc, 0xfc, 0xfc, 0xfc, 0xfc, 0xfc, 0xfb,
  0xfa, 0xfb, 0xfb, 0xfb, 0xfa, 0xfb, 0xfb, 0xfa, 0xf9, 0xf9, 0xfa, 0xfb,
  0xfb, 0xfc, 0xfe, 0xfe, 0xfc, 0xf9, 0xf7, 0xf9, 0xf4, 0x5c, 0x02, 0x04,
  0x03, 0x00, 0x00, 0x00, 0x00, 0x00, 0x00, 0x00, 0x00, 0x00, 0x00, 0x00,
  0x00, 0x00, 0x00, 0x00, 0x00, 0x00, 0x00, 0x00, 0x00, 0x00, 0x00, 0x00,
  0x00, 0x00, 0x00, 0x00, 0x00, 0x00, 0x00, 0x00, 0x00, 0x00, 0x00, 0x00,
  0x00, 0x00, 0x00, 0x00, 0x00, 0x00, 0x00, 0x00, 0x00, 0x00, 0x01, 0x01,
  0x01, 0x07, 0x00, 0x82, 0xf7, 0xff, 0xf6, 0xf8, 0xfa, 0xfb, 0xfc, 0xfc,
  0xfb, 0xfc, 0xfc, 0xfc, 0xfb, 0xfc, 0xfc, 0xfb, 0xfa, 0xfb, 0xfa, 0xfa,
  0xfa, 0xfb, 0xfb, 0xfb, 0xfb, 0xfa, 0xfa, 0xfb, 0xfc, 0xfc, 0xfb, 0xfc,
  0xfd, 0xfc, 0xfc, 0xfd, 0xfd, 0xfd, 0xfb, 0xf8, 0xf1, 0xfd, 0xef, 0x77,
  0x09, 0x01, 0x04, 0x00, 0x00, 0x00, 0x00, 0x00, 0x00, 0x00, 0x00, 0x00,
  0x00, 0x00, 0x00, 0x00, 0x00, 0x00, 0x00, 0x00, 0x00, 0x00, 0x00, 0x00,
  0x00, 0x00, 0x00, 0x00, 0x00, 0x00, 0x00, 0x00, 0x00, 0x00, 0x00, 0x00,
  0x00, 0x00, 0x00, 0x00, 0x00, 0x00, 0x00, 0x00, 0x00, 0x00, 0x00, 0x00,
  0x00, 0x00, 0x00, 0x00, 0x00, 0x00, 0x00, 0x00, 0x00, 0x00, 0x00, 0x00,
  0x00, 0x00, 0x00, 0x00, 0x00, 0x00, 0x00, 0x00, 0x01, 0x00, 0x00, 0x00,
  0x00, 0x00, 0x00, 0x00, 0x00, 0x00, 0x00, 0x00, 0x00, 0x00, 0x00, 0x00,
  0x00, 0x00, 0x00, 0x00, 0x00, 0x00, 0x00, 0x00, 0x00, 0x01, 0x01, 0x00,
  0x00, 0x00, 0x00, 0x00, 0x00, 0x00, 0x00, 0x00, 0x00, 0x00, 0x00, 0x00,
  0x00, 0x00, 0x00, 0x00, 0x00, 0x00, 0x00, 0x00, 0x00, 0x00, 0x00, 0x00,
  0x00, 0x00, 0x00, 0x00, 0x00, 0x00, 0x00, 0x00, 0x00, 0x00, 0x00, 0x00,
  0x00, 0x00, 0x00, 0x00, 0x00, 0x03, 0x06, 0x09, 0x00, 0x16, 0xd0, 0xfd,
  0xf8, 0xf8, 0xfb, 0xfb, 0xfc, 0xfb, 0xfa, 0xfa, 0xfa, 0xfa, 0xfb, 0xfa,
  0xfa, 0xfb, 0xfb, 0xfa, 0xfa, 0xfa, 0xfb, 0xfc, 0xfc, 0xfc, 0xfc, 0xfc,
  0xfc, 0xfc, 0xfc, 0xfc, 0xfb, 0xfc, 0xfc, 0xfb, 0xfc, 0xfc, 0xfc, 0xfc,
  0xfc, 0xfb, 0xfa, 0xfa, 0xf9, 0xf7, 0xf6, 0xf6, 0xf6, 0xf7, 0xf7, 0xf6,
  0xf7, 0xf7, 0xf8, 0xf8, 0xf9, 0xf9, 0xfa, 0xfb, 0xfa, 0xfa, 0xfa, 0xfa,
  0xfb, 0xfa, 0xf9, 0xf9, 0xf8, 0xf7, 0xf7, 0xf6, 0xf7, 0xf6, 0xf6, 0xf6,
  0xf6, 0xf6, 0xf6, 0xf5, 0xf4, 0xf5, 0xf7, 0xf9, 0xf9, 0xfa, 0xfa, 0xfa,
  0xfa, 0xfa, 0xfb, 0xfa, 0xfb, 0xfb, 0xfb, 0xfa, 0xfa, 0xfc, 0xfb, 0xfb,
  0xfb, 0xfb, 0xfb, 0xfb, 0xfb, 0xfb, 0xfc, 0xfb, 0xfc, 0xfd, 0xfc, 0xfc,
  0xfc, 0xfb, 0xfa, 0xfb, 0xfb, 0xfa, 0xfb, 0xfb, 0xfb, 0xfc, 0xfe, 0xfe,
  0xfd, 0xfd, 0xfe, 0xfe, 0xfe, 0xfe, 0xfd, 0xfe, 0xff, 0xff, 0xff, 0xff,
  0xf3, 0xd7, 0xb0, 0x87, 0x5b, 0x32, 0x08, 0x00, 0x00, 0x09, 0x08, 0x05,
  0x04, 0x04, 0x03, 0x02, 0x02, 0x01, 0x00, 0x00, 0x00, 0x00, 0x00, 0x00,
  0x00, 0x00, 0x00, 0x00, 0x00, 0x00, 0x00, 0x00, 0x00, 0x00, 0x00, 0x00,
  0x00, 0x00, 0x00, 0x00, 0x00, 0x00, 0x00, 0x00, 0x00, 0x00, 0x00, 0x00,
  0x00, 0x00, 0x00, 0x00, 0x00, 0x00, 0x00, 0x00, 0x00, 0x00, 0x00, 0x00,
  0x00, 0x00, 0x00, 0x00, 0x00, 0x00, 0x00, 0x00, 0x00, 0x00, 0x00, 0x00,
  0x00, 0x00, 0x00, 0x00, 0x02, 0x03, 0x06, 0x03, 0x09, 0x72, 0xfc, 0xfb,
  0xfa, 0xf9, 0xfa, 0xfb, 0xfc, 0xfb, 0xfb, 0xfa, 0xfb, 0xfc, 0xfc, 0xfc,
  0xfc, 0xfa, 0xfa, 0xfb, 0xfc, 0xfb, 0xfb, 0xfb, 0xfc, 0xfc, 0xfb, 0xfb,
  0xfb, 0xfc, 0xfc, 0xfb, 0xfb, 0xfa, 0xfa, 0xfb, 0xfa, 0xfa, 0xfa, 0xfa,
  0xfa, 0xfa, 0xfa, 0xfb, 0xfa, 0xfb, 0xfb, 0xfa, 0xf9, 0xf9, 0xfa, 0xfa,
  0xfa, 0xfa, 0xfa, 0xfb, 0xfb, 0xfb, 0xfb, 0xfb, 0xfb, 0xfb, 0xfb, 0xfb,
  0xfb, 0xfb, 0xfa, 0xfa, 0xf9, 0xf9, 0xf9, 0xf9, 0xf9, 0xf9, 0xf9, 0xf9,
  0xf9, 0xf9, 0xf9, 0xf9, 0xf9, 0xf9, 0xf9, 0xf9, 0xf9, 0xf9, 0xf8, 0xf9,
  0xf7, 0xf7, 0xf7, 0xf7, 0xf7, 0xf7, 0xf7, 0xf7, 0xf8, 0xf9, 0xfa, 0xfb,
  0xfb, 0xfb, 0xfb, 0xfb, 0xfb, 0xfb, 0xfc, 0xfd, 0xfe, 0xfd, 0xfd, 0xfc,
  0xfc, 0xfc, 0xfc, 0xfc, 0xfb, 0xfc, 0xfb, 0xfa, 0xfb, 0xfc, 0xfb, 0xfa,
  0xfa, 0xfa, 0xf9, 0xfa, 0xfb, 0xfb, 0xfb, 0xfb, 0xfc, 0xfb, 0xfa, 0xfb,
  0xfb, 0xfb, 0xfc, 0xfb, 0xfb, 0xfc, 0xfc, 0xfc, 0xfb, 0xfc, 0xfb, 0xfb,
  0xfc, 0xfc, 0xfb, 0xfb, 0xfb, 0xfb, 0xf9, 0xf4, 0xff, 0xe0, 0x41, 0x02,
  0x06, 0x07, 0x03, 0x01, 0x00, 0x00, 0x00, 0x00, 0x00, 0x00, 0x00, 0x00,
  0x00, 0x00, 0x00, 0x00, 0x00, 0x00, 0x00, 0x00, 0x00, 0x00, 0x00, 0x00,
  0x00, 0x00, 0x00, 0x00, 0x00, 0x00, 0x00, 0x00, 0x00, 0x00, 0x00, 0x00,
  0x00, 0x00, 0x00, 0x00, 0x00, 0x00, 0x00, 0x00, 0x00, 0x00, 0x00, 0x00,
  0x00, 0x00, 0x00, 0x00, 0x00, 0x00, 0x01, 0x00, 0x00, 0x00, 0x00, 0x00,
  0x00, 0x00, 0x00, 0x00, 0x00, 0x00, 0x00, 0x00, 0x02, 0x02, 0x05, 0x03,
  0x03, 0x4f, 0xe5, 0xfe, 0xf5, 0xf7, 0xf8, 0xfb, 0xfc, 0xfb, 0xfc, 0xfc,
  0xfc, 0xfc, 0xfd, 0xfc, 0xfc, 0xfc, 0xfb, 0xfc, 0xfb, 0xfa, 0xfa, 0xfa,
  0xfa, 0xfa, 0xfb, 0xfc, 0xfb, 0xfb, 0xfb, 0xfb, 0xfb, 0xfb, 0xfb, 0xfb,
  0xfb, 0xfb, 0xfa, 0xfb, 0xfc, 0xfc, 0xfc, 0xfc, 0xfb, 0xfa, 0xfa, 0xfb,
  0xfb, 0xfc, 0xfc, 0xfc, 0xfd, 0xfe, 0xfe, 0xfe, 0xfe, 0xff, 0xfe, 0xfd,
  0xfc, 0xfb, 0xfa, 0xfa, 0xfa, 0xf8, 0xf8, 0xf8, 0xf9, 0xf9, 0xfa, 0xfb,
  0xfb, 0xfb, 0xfb, 0xfb, 0xfc, 0xfc, 0xfc, 0xfb, 0xfa, 0xfa, 0xfb, 0xfb,
  0xfa, 0xfa, 0xfa, 0xfa, 0xfa, 0xfa, 0xfa, 0xfa, 0xfb, 0xfb, 0xfb, 0xfb,
  0xfb, 0xfb, 0xfd, 0xfd, 0xfd, 0xfe, 0xfe, 0xfe, 0xfe, 0xfe, 0xfe, 0xfe,
  0xfe, 0xfe, 0xfe, 0xfd, 0xfc, 0xfc, 0xfb, 0xfc, 0xfb, 0xfb, 0xfc, 0xfb,
  0xfb, 0xfb, 0xfb, 0xfb, 0xfa, 0xfb, 0xfa, 0xfa, 0xfa, 0xfb, 0xfb, 0xfb,
  0xfb, 0xfb, 0xfb, 0xfb, 0xfb, 0xfb, 0xfa, 0xfa, 0xfa, 0xfa, 0xfb, 0xfa,
  0xfa, 0xfa, 0xfa, 0xfa, 0xfa, 0xfb, 0xfc, 0xfd, 0xfe, 0xfe, 0xfc, 0xf9,
  0xf8, 0xf5, 0xff, 0xb7, 0x23, 0x00, 0x04, 0x01, 0x02, 0x01, 0x00, 0x00,
  0x00, 0x00, 0x00, 0x00, 0x00, 0x00, 0x00, 0x00, 0x00, 0x00, 0x00, 0x00,
  0x00, 0x00, 0x00, 0x00, 0x00, 0x00, 0x00, 0x00, 0x00, 0x00, 0x00, 0x00,
  0x00, 0x00, 0x00, 0x00, 0x00, 0x00, 0x00, 0x00, 0x00, 0x00, 0x00, 0x00,
  0x00, 0x00, 0x00, 0x00, 0x01, 0x01, 0x01, 0x07, 0x00, 0x82, 0xf7, 0xff,
  0xf6, 0xf8, 0xfa, 0xfb, 0xfb, 0xfb, 0xfb, 0xfc, 0xfc, 0xfc, 0xfc, 0xfb,
  0xfc, 0xfb, 0xfa, 0xfa, 0xfb, 0xfb, 0xfb, 0xfa, 0xfb, 0xfb, 0xfa, 0xfb,
  0xfb, 0xfa, 0xfb, 0xfb, 0xfb, 0xfc, 0xfc, 0xfb, 0xfb, 0xfc, 0xfe, 0xfd,
  0xfa, 0xf8, 0xf1, 0xfd, 0xee, 0x77, 0x09, 0x01, 0x05, 0x00, 0x00, 0x00,
  0x00, 0x00, 0x00, 0x00, 0x00, 0x00, 0x00, 0x00, 0x00, 0x00, 0x00, 0x00,
  0x00, 0x00, 0x00, 0x00, 0x00, 0x00, 0x00, 0x00, 0x00, 0x00, 0x00, 0x00,
  0x00, 0x00, 0x00, 0x00, 0x00, 0x00, 0x00, 0x00, 0x00, 0x00, 0x00, 0x00,
  0x00, 0x00, 0x00, 0x00, 0x00, 0x00, 0x00, 0x00, 0x00, 0x00, 0x00, 0x00,
  0x00, 0x00, 0x00, 0x00, 0x00, 0x00, 0x00, 0x00, 0x00, 0x00, 0x00, 0x00,
  0x00, 0x00, 0x00, 0x00, 0x00, 0x00, 0x00, 0x00, 0x00, 0x00, 0x00, 0x00,
  0x00, 0x00, 0x00, 0x00, 0x00, 0x00, 0x00, 0x00, 0x00, 0x00, 0x00, 0x00,
  0x00, 0x00, 0x00, 0x00, 0x00, 0x00, 0x00, 0x00, 0x00, 0x00, 0x00, 0x00,
  0x00, 0x00, 0x00, 0x00, 0x00, 0x00, 0x00, 0x00, 0x00, 0x00, 0x00, 0x00,
  0x00, 0x00, 0x00, 0x00, 0x00, 0x00, 0x00, 0x00, 0x00, 0x00, 0x00, 0x00,
  0x00, 0x00, 0x00, 0x00, 0x00, 0x00, 0x00, 0x00, 0x00, 0x00, 0x00, 0x03,
  0x07, 0x09, 0x00, 0x16, 0xd0, 0xfc, 0xf8, 0xf8, 0xfb, 0xfc, 0xfb, 0xfb,
  0xfb, 0xfb, 0xfb, 0xfb, 0xfa, 0xfb, 0xfa, 0xfb, 0xfa, 0xfb, 0xfb, 0xfb,
  0xfb, 0xfb, 0xfb, 0xfb, 0xfb, 0xfb, 0xfb, 0xfb, 0xfb, 0xfb, 0xfb, 0xfc,
  0xfc, 0xfc, 0xfc, 0xfd, 0xfd, 0xfd, 0xfd, 0xfc, 0xfa, 0xfa, 0xf8, 0xf9,
  0xfb, 0xfc, 0xfb, 0xfb, 0xfa, 0xfa, 0xfb, 0xfc, 0xfd, 0xfe, 0xff, 0xff,
  0xff, 0xff, 0xff, 0xff, 0xff, 0xff, 0xff, 0xff, 0xff, 0xff, 0xff, 0xff,
  0xff, 0xff, 0xfe, 0xfd, 0xfd, 0xfd, 0xfd, 0xfd, 0xfc, 0xfb, 0xfb, 0xf9,
  0xf6, 0xf7, 0xf9, 0xf9, 0xf9, 0xf9, 0xfa, 0xfb, 0xfa, 0xfb, 0xfb, 0xfb,
  0xfb, 0xfb, 0xfb, 0xfc, 0xfc, 0xfc, 0xfc, 0xfc, 0xfc, 0xfc, 0xfc, 0xfc,
  0xfc, 0xfc, 0xfc, 0xfc, 0xfb, 0xfb, 0xfc, 0xfb, 0xfa, 0xfa, 0xfb, 0xfb,
  0xfb, 0xfc, 0xfb, 0xfc, 0xfd, 0xfe, 0xfe, 0xfc, 0xfd, 0xff, 0xfe, 0xff,
  0xff, 0xf8, 0xe8, 0xd5, 0xbf, 0xa0, 0x79, 0x4c, 0x1c, 0x00, 0x00, 0x00,
  0x03, 0x09, 0x0a, 0x07, 0x04, 0x03, 0x02, 0x03, 0x02, 0x01, 0x01, 0x01,
  0x01, 0x00, 0x00, 0x00, 0x00, 0x00, 0x00, 0x00, 0x00, 0x00, 0x00, 0x00,
  0x00, 0x00, 0x00, 0x01, 0x00, 0x00, 0x00, 0x00, 0x00, 0x00, 0x00, 0x00,
  0x00, 0x00, 0x00, 0x00, 0x00, 0x00, 0x00, 0x00, 0x00, 0x00, 0x00, 0x00,
  0x00, 0x00, 0x00, 0x00, 0x00, 0x00, 0x00, 0x00, 0x00, 0x00, 0x00, 0x00,
  0x00, 0x00, 0x00, 0x00, 0x00, 0x00, 0x00, 0x00, 0x00, 0x01, 0x03, 0x04,
  0x06, 0x00, 0x35, 0xd1, 0xfd, 0xfc, 0xfc, 0xfc, 0xfc, 0xfc, 0xfb, 0xfc,
  0xfb, 0xfa, 0xfb, 0xfb, 0xfb, 0xfb, 0xfb, 0xfb, 0xfb, 0xfa, 0xfb, 0xfc,
  0xfc, 0xfb, 0xfc, 0xfb, 0xfc, 0xfc, 0xfc, 0xfb, 0xfc, 0xfb, 0xfa, 0xfb,
  0xfb, 0xfa, 0xfb, 0xfb, 0xfb, 0xfa, 0xf9, 0xfa, 0xfa, 0xfb, 0xfb, 0xfb,
  0xfb, 0xfa, 0xfa, 0xfa, 0xfa, 0xfb, 0xfb, 0xfc, 0xfd, 0xfd, 0xfd, 0xff,
  0xff, 0xfe, 0xfe, 0xfe, 0xfd, 0xfd, 0xfd, 0xfd, 0xfd, 0xfc, 0xfb, 0xfb,
  0xfb, 0xfb, 0xfb, 0xfb, 0xfb, 0xfb, 0xfb, 0xfb, 0xfb, 0xfb, 0xfb, 0xfb,
  0xfb, 0xfb, 0xfb, 0xfb, 0xfa, 0xfa, 0xf9, 0xf8, 0xf8, 0xf8, 0xf8, 0xf8,
  0xf8, 0xf8, 0xf9, 0xfb, 0xfd, 0xfd, 0xfe, 0xfe, 0xfe, 0xfe, 0xfe, 0xfe,
  0xfe, 0xfe, 0xfd, 0xfe, 0xfd, 0xfb, 0xfb, 0xfb, 0xfb, 0xfb, 0xfb, 0xfc,
  0xfb, 0xfa, 0xfb, 0xfc, 0xfb, 0xfb, 0xfa, 0xfa, 0xf9, 0xf9, 0xfa, 0xfa,
  0xfb, 0xfb, 0xfb, 0xfb, 0xfa, 0xfb, 0xfa, 0xfb, 0xfb, 0xfc, 0xfb, 0xfb,
  0xfc, 0xfc, 0xfc, 0xfb, 0xfc, 0xfc, 0xfb, 0xfc, 0xfb, 0xfb, 0xfc, 0xfc,
  0xf9, 0xf5, 0xf7, 0xfa, 0xa6, 0x18, 0x00, 0x0d, 0x04, 0x02, 0x00, 0x00,
  0x00, 0x00, 0x00, 0x00, 0x00, 0x00, 0x00, 0x00, 0x00, 0x00, 0x00, 0x00,
  0x00, 0x00, 0x00, 0x00, 0x00, 0x00, 0x00, 0x00, 0x00, 0x00, 0x00, 0x00,
  0x00, 0x00, 0x00, 0x00, 0x00, 0x00, 0x00, 0x00, 0x00, 0x00, 0x00, 0x00,
  0x00, 0x00, 0x00, 0x00, 0x00, 0x00, 0x00, 0x00, 0x00, 0x00, 0x00, 0x00,
  0x01, 0x00, 0x00, 0x00, 0x00, 0x00, 0x00, 0x00, 0x00, 0x00, 0x00, 0x00,
  0x00, 0x00, 0x03, 0x05, 0x08, 0x00, 0x22, 0xb3, 0xfc, 0xf8, 0xf7, 0xf9,
  0xfa, 0xfb, 0xfb, 0xfb, 0xfb, 0xfb, 0xfb, 0xfc, 0xfd, 0xfc, 0xfb, 0xfb,
  0xfc, 0xfb, 0xfb, 0xfb, 0xfb, 0xfb, 0xfb, 0xfb, 0xfc, 0xfb, 0xfb, 0xfb,
  0xfa, 0xfa, 0xfa, 0xfa, 0xfa, 0xfa, 0xfb, 0xfc, 0xfb, 0xfb, 0xfc, 0xfc,
  0xfb, 0xfb, 0xfb, 0xfb, 0xfb, 0xfa, 0xfb, 0xfb, 0xfb, 0xfc, 0xfd, 0xfe,
  0xfe, 0xfe, 0xfe, 0xfe, 0xff, 0xfe, 0xfc, 0xfc, 0xfc, 0xfb, 0xfa, 0xf9,
  0xf9, 0xf9, 0xfa, 0xfa, 0xfb, 0xfb, 0xfc, 0xfc, 0xfc, 0xfc, 0xfc, 0xfc,
  0xfc, 0xfb, 0xfa, 0xfb, 0xfc, 0xfb, 0xfa, 0xfb, 0xfb, 0xfa, 0xfa, 0xfb,
  0xfa, 0xfb, 0xfc, 0xfb, 0xfb, 0xfb, 0xfb, 0xfc, 0xfc, 0xfc, 0xfd, 0xfe,
  0xfe, 0xfe, 0xfe, 0xfe, 0xfe, 0xfe, 0xfe, 0xfd, 0xfd, 0xfc, 0xfc, 0xfb,
  0xfc, 0xfc, 0xfa, 0xfb, 0xfc, 0xfc, 0xfc, 0xfb, 0xfa, 0xfb, 0xfa, 0xfb,
  0xfa, 0xf9, 0xfa, 0xfa, 0xfa, 0xfa, 0xfa, 0xfa, 0xfa, 0xfb, 0xfb, 0xfa,
  0xfa, 0xfa, 0xfa, 0xfb, 0xfc, 0xfb, 0xfa, 0xfa, 0xfb, 0xfb, 0xfb, 0xfb,
  0xfc, 0xfd, 0xfe, 0xff, 0xfd, 0xfa, 0xf9, 0xf8, 0xf9, 0xf9, 0x6a, 0x03,
  0x03, 0x06, 0x04, 0x02, 0x00, 0x00, 0x00, 0x00, 0x00, 0x00, 0x00, 0x00,
  0x00, 0x00, 0x00, 0x00, 0x00, 0x00, 0x00, 0x00, 0x00, 0x00, 0x00, 0x00,
  0x00, 0x00, 0x00, 0x00, 0x00, 0x00, 0x00, 0x00, 0x00, 0x00, 0x00, 0x00,
  0x00, 0x00, 0x00, 0x00, 0x00, 0x00, 0x00, 0x00, 0x00, 0x00, 0x01, 0x01,
  0x01, 0x06, 0x00, 0x83, 0xf7, 0xff, 0xf6, 0xf8, 0xfa, 0xfb, 0xfc, 0xfc,
  0xfc, 0xfb, 0xfb, 0xfc, 0xfc, 0xfb, 0xfc, 0xfb, 0xfa, 0xfa, 0xfb, 0xfc,
  0xfc, 0xfb, 0xfb, 0xfb, 0xfa, 0xfb, 0xfb, 0xfb, 0xfb, 0xfb, 0xfc, 0xfc,
  0xfb, 0xfc, 0xfb, 0xfc, 0xfd, 0xfe, 0xfb, 0xf8, 0xf1, 0xfd, 0xee, 0x78,
  0x09, 0x01, 0x06, 0x00, 0x01, 0x01, 0x00, 0x00, 0x00, 0x00, 0x00, 0x00,
  0x00, 0x00, 0x00, 0x00, 0x00, 0x00, 0x00, 0x00, 0x00, 0x00, 0x00, 0x00,
  0x00, 0x00, 0x00, 0x00, 0x00, 0x00, 0x00, 0x00, 0x00, 0x00, 0x00, 0x00,
  0x00, 0x00, 0x00, 0x00, 0x00, 0x00, 0x00, 0x00, 0x00, 0x00, 0x00, 0x00,
  0x00, 0x00, 0x00, 0x00, 0x00, 0x00, 0x00, 0x00, 0x00, 0x00, 0x00, 0x00,
  0x00, 0x00, 0x00, 0x00, 0x00, 0x00, 0x00, 0x00, 0x00, 0x00, 0x00, 0x00,
  0x00, 0x00, 0x00, 0x00, 0x00, 0x00, 0x00, 0x00, 0x00, 0x00, 0x00, 0x00,
  0x00, 0x00, 0x00, 0x00, 0x00, 0x00, 0x00, 0x01, 0x00, 0x00, 0x00, 0x00,
  0x00, 0x00, 0x00, 0x00, 0x00, 0x00, 0x00, 0x00, 0x00, 0x00, 0x00, 0x00,
  0x00, 0x00, 0x00, 0x00, 0x00, 0x00, 0x00, 0x00, 0x00, 0x00, 0x00, 0x00,
  0x00, 0x00, 0x00, 0x00, 0x00, 0x00, 0x00, 0x00, 0x00, 0x00, 0x00, 0x00,
  0x00, 0x00, 0x00, 0x00, 0x00, 0x03, 0x07, 0x09, 0x00, 0x16, 0xd0, 0xfd,
  0xf8, 0xf8, 0xfb, 0xfc, 0xfb, 0xfc, 0xfc, 0xfc, 0xfc, 0xfb, 0xfa, 0xfb,
  0xfb, 0xfc, 0xfb, 0xfb, 0xfb, 0xfb, 0xfc, 0xfb, 0xfa, 0xfb, 0xfa, 0xfa,
  0xfa, 0xfa, 0xfa, 0xfb, 0xfb, 0xfc, 0xfd, 0xfd, 0xfc, 0xfc, 0xfc, 0xfc,
  0xfd, 0xfc, 0xfa, 0xf9, 0xfa, 0xf1, 0xeb, 0xec, 0xef, 0xf0, 0xef, 0xf0,
  0xf1, 0xf2, 0xf2, 0xf4, 0xf4, 0xf4, 0xf4, 0xf3, 0xf2, 0xf2, 0xf1, 0xf1,
  0xf0, 0xf0, 0xf0, 0xef, 0xee, 0xee, 0xed, 0xec, 0xea, 0xea, 0xea, 0xea,
  0xeb, 0xec, 0xed, 0xec, 0xeb, 0xf2, 0xfb, 0xf8, 0xf8, 0xf8, 0xf9, 0xfa,
  0xfa, 0xfa, 0xfa, 0xfb, 0xfc, 0xfc, 0xfc, 0xfc, 0xfc, 0xfb, 0xfb, 0xfc,
  0xfc, 0xfc, 0xfd, 0xfd, 0xfd, 0xfd, 0xfd, 0xfc, 0xfb, 0xfb, 0xfc, 0xfc,
  0xfc, 0xfb, 0xfa, 0xfa, 0xfb, 0xfc, 0xfc, 0xfb, 0xfb, 0xfc, 0xfd, 0xfd,
  0xfd, 0xfb, 0xfa, 0xfe, 0xf5, 0xb9, 0x90, 0x81, 0x65, 0x42, 0x25, 0x0a,
  0x00, 0x00, 0x00, 0x03, 0x06, 0x06, 0x05, 0x03, 0x03, 0x03, 0x03, 0x02,
  0x01, 0x02, 0x03, 0x01, 0x00, 0x00, 0x01, 0x00, 0x00, 0x00, 0x00, 0x00,
  0x00, 0x00, 0x00, 0x00, 0x00, 0x00, 0x00, 0x00, 0x01, 0x00, 0x00, 0x00,
  0x00, 0x00, 0x00, 0x00, 0x00, 0x00, 0x00, 0x00, 0x00, 0x00, 0x00, 0x00,
  0x00, 0x00, 0x00, 0x00, 0x00, 0x00, 0x00, 0x00, 0x00, 0x00, 0x00, 0x00,
  0x00, 0x00, 0x00, 0x00, 0x00, 0x00, 0x00, 0x00, 0x00, 0x00, 0x00, 0x00,
  0x00, 0x00, 0x00, 0x01, 0x02, 0x06, 0x02, 0x0b, 0x84, 0xff, 0xf7, 0xfa,
  0xfc, 0xfd, 0xfd, 0xfc, 0xfb, 0xfb, 0xfb, 0xfb, 0xfa, 0xfa, 0xfa, 0xfa,
  0xfa, 0xfb, 0xfc, 0xfb, 0xfa, 0xfb, 0xfc, 0xfc, 0xfc, 0xfc, 0xfc, 0xfd,
  0xfc, 0xfb, 0xfc, 0xfc, 0xfb, 0xfa, 0xfa, 0xfa, 0xfb, 0xfb, 0xfb, 0xfa,
  0xfa, 0xfb, 0xfa, 0xfb, 0xfb, 0xfa, 0xfa, 0xfb, 0xfb, 0xfb, 0xfa, 0xfa,
  0xfb, 0xfc, 0xfd, 0xfd, 0xfd, 0xfe, 0xfe, 0xfe, 0xfe, 0xfe, 0xfe, 0xfe,
  0xfe, 0xfe, 0xfd, 0xfd, 0xfc, 0xfc, 0xfc, 0xfc, 0xfc, 0xfc, 0xfc, 0xfc,
  0xfc, 0xfc, 0xfc, 0xfc, 0xfc, 0xfc, 0xfc, 0xfc, 0xfc, 0xfb, 0xfa, 0xfb,
  0xfa, 0xf9, 0xf9, 0xf9, 0xf9, 0xf9, 0xf9, 0xf8, 0xf9, 0xfb, 0xfc, 0xfe,
  0xfe, 0xff, 0xff, 0xfe, 0xfe, 0xfe, 0xfe, 0xfe, 0xfd, 0xfd, 0xfd, 0xfc,
  0xfb, 0xfb, 0xfb, 0xfc, 0xfc, 0xfc, 0xfc, 0xfb, 0xfb, 0xfb, 0xfa, 0xfa,
  0xfb, 0xfb, 0xfa, 0xfa, 0xfb, 0xfb, 0xfa, 0xfa, 0xfa, 0xfb, 0xfb, 0xfa,
  0xfb, 0xfa, 0xfb, 0xfc, 0xfc, 0xfc, 0xfb, 0xfb, 0xfb, 0xfb, 0xfc, 0xfc,
  0xfb, 0xfc, 0xfc, 0xfc, 0xfc, 0xfd, 0xfa, 0xf8, 0xf4, 0xfd, 0xee, 0x59,
  0x04, 0x08, 0x07, 0x02, 0x02, 0x00, 0x00, 0x00, 0x00, 0x00, 0x00, 0x00,
  0x00, 0x00, 0x00, 0x00, 0x00, 0x00, 0x00, 0x00, 0x00, 0x00, 0x00, 0x00,
  0x00, 0x00, 0x00, 0x00, 0x00, 0x00, 0x00, 0x00, 0x00, 0x00, 0x00, 0x00,
  0x00, 0x00, 0x00, 0x00, 0x00, 0x00, 0x00, 0x00, 0x00, 0x00, 0x00, 0x00,
  0x00, 0x00, 0x00, 0x00, 0x00, 0x00, 0x00, 0x00, 0x00, 0x00, 0x00, 0x00,
  0x00, 0x00, 0x00, 0x00, 0x00, 0x00, 0x00, 0x01, 0x03, 0x0b, 0x03, 0x04,
  0x6f, 0xf0, 0xfb, 0xf4, 0xf9, 0xfb, 0xfc, 0xfb, 0xfa, 0xfb, 0xfc, 0xfb,
  0xfc, 0xfd, 0xfd, 0xfc, 0xfb, 0xfc, 0xfb, 0xfa, 0xfa, 0xfb, 0xfc, 0xfc,
  0xfc, 0xfc, 0xfb, 0xfb, 0xfc, 0xfb, 0xfa, 0xfa, 0xfa, 0xfa, 0xfb, 0xfa,
  0xfb, 0xfc, 0xfb, 0xfa, 0xfb, 0xfb, 0xfb, 0xfb, 0xfc, 0xfa, 0xfa, 0xfb,
  0xfa, 0xfa, 0xfb, 0xfc, 0xfd, 0xfd, 0xfd, 0xfd, 0xfd, 0xfe, 0xfe, 0xfd,
  0xfb, 0xfb, 0xfc, 0xfb, 0xfb, 0xfa, 0xfa, 0xfa, 0xfa, 0xfa, 0xfa, 0xfa,
  0xfc, 0xfb, 0xfb, 0xfb, 0xfb, 0xfb, 0xfb, 0xfa, 0xfb, 0xfc, 0xfb, 0xfa,
  0xfb, 0xfa, 0xfa, 0xfb, 0xfb, 0xfb, 0xfb, 0xfb, 0xfc, 0xfc, 0xfc, 0xfc,
  0xfb, 0xfb, 0xfb, 0xfb, 0xfc, 0xfd, 0xfd, 0xfd, 0xfd, 0xfd, 0xfd, 0xfd,
  0xfc, 0xfc, 0xfc, 0xfc, 0xfb, 0xfc, 0xfb, 0xfb, 0xfb, 0xfb, 0xfb, 0xfb,
  0xfb, 0xfb, 0xfb, 0xfb, 0xfb, 0xfb, 0xfa, 0xfa, 0xf9, 0xfa, 0xfa, 0xfa,
  0xfa, 0xfb, 0xfa, 0xfb, 0xfb, 0xfb, 0xfb, 0xfb, 0xfb, 0xfb, 0xfb, 0xfc,
  0xfb, 0xfb, 0xfb, 0xfa, 0xfb, 0xfc, 0xfd, 0xfd, 0xfe, 0xfe, 0xfe, 0xfd,
  0xfc, 0xfb, 0xf3, 0xfc, 0xc0, 0x2c, 0x00, 0x0a, 0x06, 0x03, 0x00, 0x00,
  0x00, 0x00, 0x00, 0x00, 0x00, 0x00, 0x00, 0x00, 0x00, 0x00, 0x00, 0x00,
  0x00, 0x00, 0x00, 0x00, 0x00, 0x00, 0x00, 0x00, 0x00, 0x00, 0x00, 0x00,
  0x00, 0x00, 0x00, 0x00, 0x00, 0x00, 0x00, 0x00, 0x00, 0x00, 0x00, 0x00,
  0x00, 0x00, 0x00, 0x00, 0x01, 0x01, 0x01, 0x07, 0x00, 0x82, 0xf7, 0xff,
  0xf6, 0xf8, 0xfa, 0xfc, 0xfd, 0xfd, 0xfd, 0xfc, 0xfc, 0xfb, 0xfc, 0xfb,
  0xfc, 0xfb, 0xfb, 0xfb, 0xfb, 0xfb, 0xfb, 0xfb, 0xfa, 0xfa, 0xfa, 0xfb,
  0xfa, 0xfb, 0xfc, 0xfb, 0xfb, 0xfb, 0xfb, 0xfb, 0xfc, 0xfd, 0xfe, 0xfe,
  0xfb, 0xf8, 0xf1, 0xfd, 0xef, 0x79, 0x0a, 0x01, 0x06, 0x01, 0x02, 0x00,
  0x00, 0x00, 0x00, 0x00, 0x00, 0x00, 0x00, 0x00, 0x00, 0x00, 0x00, 0x00,
  0x00, 0x00, 0x00, 0x00, 0x00, 0x00, 0x00, 0x00, 0x00, 0x00, 0x00, 0x00,
  0x00, 0x00, 0x00, 0x00, 0x00, 0x00, 0x00, 0x00, 0x00, 0x00, 0x00, 0x00,
  0x00, 0x00, 0x00, 0x00, 0x00, 0x00, 0x00, 0x00, 0x00, 0x00, 0x00, 0x00,
  0x00, 0x00, 0x00, 0x00, 0x00, 0x00, 0x00, 0x00, 0x00, 0x00, 0x00, 0x00,
  0x00, 0x00, 0x00, 0x00, 0x00, 0x00, 0x00, 0x00, 0x00, 0x00, 0x00, 0x00,
  0x00, 0x00, 0x00, 0x00, 0x00, 0x00, 0x00, 0x00, 0x00, 0x00, 0x00, 0x00,
  0x00, 0x00, 0x00, 0x00, 0x00, 0x00, 0x00, 0x00, 0x00, 0x00, 0x00, 0x00,
  0x00, 0x00, 0x00, 0x00, 0x00, 0x00, 0x00, 0x00, 0x00, 0x00, 0x00, 0x00,
  0x00, 0x00, 0x00, 0x00, 0x00, 0x00, 0x00, 0x00, 0x00, 0x00, 0x00, 0x00,
  0x00, 0x00, 0x00, 0x00, 0x00, 0x00, 0x00, 0x00, 0x00, 0x00, 0x00, 0x02,
  0x06, 0x09, 0x00, 0x15, 0xd1, 0xfd, 0xf8, 0xf8, 0xfb, 0xfc, 0xfc, 0xfb,
  0xfc, 0xfc, 0xfb, 0xfb, 0xfb, 0xfa, 0xfa, 0xfb, 0xfb, 0xfb, 0xfb, 0xfb,
  0xfb, 0xfb, 0xfa, 0xfa, 0xfa, 0xfa, 0xfb, 0xfa, 0xfb, 0xfb, 0xfb, 0xfc,
  0xfd, 0xfc, 0xfd, 0xfd, 0xfd, 0xfd, 0xfd, 0xfc, 0xfa, 0xf7, 0xff, 0xc9,
  0x86, 0x78, 0x80, 0x81, 0x80, 0x81, 0x82, 0x82, 0x81, 0x81, 0x81, 0x81,
  0x81, 0x7f, 0x7e, 0x7c, 0x7a, 0x79, 0x78, 0x77, 0x76, 0x74, 0x72, 0x70,
  0x6f, 0x6e, 0x6f, 0x6f, 0x6f, 0x70, 0x70, 0x72, 0x77, 0x77, 0x70, 0x8a,
  0xd5, 0xfc, 0xf7, 0xf7, 0xf9, 0xfb, 0xfb, 0xfb, 0xfb, 0xfb, 0xfb, 0xfb,
  0xfc, 0xfc, 0xfc, 0xfc, 0xfc, 0xfc, 0xfb, 0xfc, 0xfc, 0xfc, 0xfc, 0xfc,
  0xfd, 0xfc, 0xfb, 0xfc, 0xfc, 0xfb, 0xfc, 0xfb, 0xfa, 0xfa, 0xfb, 0xfc,
  0xfb, 0xfc, 0xfb, 0xfc, 0xfc, 0xfc, 0xfb, 0xfa, 0xf8, 0xfc, 0xf3, 0x7c,
  0x00, 0x00, 0x00, 0x00, 0x01, 0x06, 0x08, 0x0a, 0x08, 0x05, 0x03, 0x02,
  0x01, 0x02, 0x02, 0x02, 0x02, 0x01, 0x02, 0x02, 0x02, 0x01, 0x01, 0x00,
  0x01, 0x00, 0x00, 0x00, 0x00, 0x00, 0x00, 0x00, 0x00, 0x00, 0x00, 0x00,
  0x00, 0x00, 0x00, 0x00, 0x00, 0x00, 0x00, 0x00, 0x00, 0x00, 0x00, 0x00,
  0x00, 0x00, 0x00, 0x00, 0x00, 0x00, 0x00, 0x00, 0x00, 0x00, 0x00, 0x00,
  0x00, 0x00, 0x00, 0x00, 0x00, 0x00, 0x00, 0x00, 0x00, 0x00, 0x00, 0x00,
  0x00, 0x00, 0x00, 0x00, 0x00, 0x00, 0x00, 0x00, 0x00, 0x00, 0x02, 0x05,
  0x00, 0x47, 0xdb, 0xfa, 0xf3, 0xf7, 0xfb, 0xfd, 0xfd, 0xfc, 0xfc, 0xfb,
  0xfa, 0xfa, 0xfb, 0xfa, 0xfa, 0xfa, 0xfb, 0xfb, 0xfc, 0xfc, 0xfb, 0xfa,
  0xfb, 0xfb, 0xfb, 0xfc, 0xfc, 0xfc, 0xfc, 0xfb, 0xfc, 0xfb, 0xfb, 0xfb,
  0xfb, 0xfb, 0xfb, 0xfb, 0xfa, 0xfa, 0xfa, 0xfb, 0xfb, 0xfb, 0xfb, 0xfb,
  0xfb, 0xfb, 0xfb, 0xfb, 0xfb, 0xfb, 0xfb, 0xfb, 0xfb, 0xfb, 0xfc, 0xfc,
  0xfc, 0xfd, 0xfd, 0xfd, 0xfd, 0xfd, 0xfd, 0xfd, 0xfd, 0xfd, 0xfc, 0xfd,
  0xfc, 0xfb, 0xfb, 0xfb, 0xfb, 0xfb, 0xfb, 0xfb, 0xfb, 0xfb, 0xfb, 0xfb,
  0xfb, 0xfb, 0xfc, 0xfb, 0xfb, 0xfa, 0xfa, 0xfa, 0xfa, 0xf9, 0xf8, 0xf8,
  0xf8, 0xf9, 0xfa, 0xfb, 0xfb, 0xfd, 0xfd, 0xfe, 0xfe, 0xff, 0xff, 0xfe,
  0xfe, 0xfd, 0xfd, 0xfc, 0xfd, 0xfc, 0xfc, 0xfc, 0xfb, 0xfb, 0xfb, 0xfb,
  0xfb, 0xfb, 0xfa, 0xfb, 0xfb, 0xfb, 0xfb, 0xfa, 0xfb, 0xfb, 0xfa, 0xfa,
  0xfb, 0xfb, 0xfb, 0xfb, 0xfb, 0xfb, 0xfb, 0xfb, 0xfb, 0xfc, 0xfc, 0xfc,
  0xfc, 0xfc, 0xfc, 0xfc, 0xfb, 0xfb, 0xfc, 0xfc, 0xfb, 0xfc, 0xfd, 0xfc,
  0xfb, 0xfa, 0xf8, 0xfa, 0xff, 0xb8, 0x26, 0x00, 0x09, 0x02, 0x02, 0x00,
  0x00, 0x00, 0x00, 0x00, 0x00, 0x00, 0x00, 0x00, 0x00, 0x00, 0x00, 0x00,
  0x00, 0x00, 0x00, 0x00, 0x00, 0x00, 0x00, 0x00, 0x00, 0x00, 0x00, 0x00,
  0x00, 0x00, 0x00, 0x00, 0x00, 0x00, 0x00, 0x00, 0x00, 0x01, 0x00, 0x00,
  0x00, 0x00, 0x00, 0x00, 0x00, 0x00, 0x00, 0x00, 0x00, 0x00, 0x00, 0x00,
  0x00, 0x00, 0x00, 0x00, 0x00, 0x00, 0x00, 0x00, 0x00, 0x00, 0x01, 0x00,
  0x00, 0x02, 0x05, 0x0c, 0x00, 0x3b, 0xd2, 0xfe, 0xf4, 0xf6, 0xfa, 0xfd,
  0xfc, 0xfc, 0xfc, 0xfc, 0xfb, 0xfb, 0xfb, 0xfc, 0xfd, 0xfc, 0xfb, 0xfb,
  0xfb, 0xfb, 0xfc, 0xfc, 0xfb, 0xfc, 0xfc, 0xfc, 0xfb, 0xfb, 0xfb, 0xfa,
  0xfa, 0xf9, 0xf9, 0xf9, 0xfa, 0xfb, 0xfa, 0xfb, 0xfc, 0xfb, 0xfa, 0xfa,
  0xfa, 0xfb, 0xfb, 0xfa, 0xfa, 0xfb, 0xfb, 0xfb, 0xfa, 0xfc, 0xfd, 0xfc,
  0xfd, 0xfc, 0xfd, 0xfd, 0xfd, 0xfe, 0xfc, 0xfb, 0xfb, 0xfc, 0xfb, 0xfb,
  0xfb, 0xfb, 0xfb, 0xfb, 0xfa, 0xfb, 0xfc, 0xfc, 0xfb, 0xfa, 0xfa, 0xfa,
  0xfa, 0xfb, 0xfc, 0xfb, 0xfb, 0xfa, 0xfb, 0xfa, 0xfb, 0xfc, 0xfc, 0xfc,
  0xfc, 0xfb, 0xfc, 0xfd, 0xfd, 0xfc, 0xfc, 0xfb, 0xfc, 0xfc, 0xfb, 0xfc,
  0xfc, 0xfc, 0xfc, 0xfc, 0xfc, 0xfc, 0xfc, 0xfb, 0xfb, 0xfb, 0xfc, 0xfb,
  0xfa, 0xfa, 0xfa, 0xfb, 0xfa, 0xfa, 0xfa, 0xfb, 0xfa, 0xfb, 0xfb, 0xfa,
  0xfa, 0xf9, 0xfa, 0xfa, 0xfa, 0xf9, 0xfa, 0xfb, 0xfa, 0xfb, 0xfc, 0xfc,
  0xfc, 0xfc, 0xfc, 0xfa, 0xfa, 0xfb, 0xfc, 0xfc, 0xfb, 0xfb, 0xfc, 0xfc,
  0xfd, 0xfd, 0xfd, 0xfd, 0xfe, 0xfe, 0xfe, 0xfb, 0xf6, 0xf5, 0xff, 0x7d,
  0x04, 0x07, 0x07, 0x02, 0x00, 0x00, 0x00, 0x00, 0x00, 0x00, 0x00, 0x00,
  0x00, 0x00, 0x00, 0x00, 0x00, 0x00, 0x00, 0x00, 0x00, 0x00, 0x00, 0x00,
  0x00, 0x00, 0x00, 0x00, 0x00, 0x00, 0x00, 0x00, 0x00, 0x00, 0x00, 0x00,
  0x00, 0x00, 0x00, 0x00, 0x00, 0x00, 0x00, 0x00, 0x00, 0x00, 0x01, 0x01,
  0x01, 0x07, 0x00, 0x81, 0xf7, 0xff, 0xf6, 0xf8, 0xfa, 0xfc, 0xfd, 0xfc,
  0xfd, 0xfc, 0xfc, 0xfb, 0xfc, 0xfb, 0xfb, 0xfc, 0xfc, 0xfc, 0xfb, 0xfa,
  0xfa, 0xfa, 0xfb, 0xfb, 0xfb, 0xfc, 0xfb, 0xfa, 0xfa, 0xfa, 0xfa, 0xfa,
  0xfb, 0xfc, 0xfc, 0xfc, 0xfe, 0xfe, 0xfb, 0xf8, 0xf1, 0xfd, 0xee, 0x78,
  0x0a, 0x01, 0x07, 0x02, 0x01, 0x00, 0x00, 0x00, 0x00, 0x00, 0x00, 0x00,
  0x00, 0x00, 0x00, 0x00, 0x00, 0x00, 0x00, 0x00, 0x00, 0x00, 0x00, 0x00,
  0x00, 0x00, 0x00, 0x00, 0x00, 0x00, 0x00, 0x00, 0x00, 0x00, 0x00, 0x00,
  0x00, 0x00, 0x00, 0x00, 0x00, 0x00, 0x01, 0x00, 0x00, 0x00, 0x00, 0x00,
  0x00, 0x00, 0x00, 0x00, 0x00, 0x00, 0x00, 0x00, 0x00, 0x00, 0x00, 0x00,
  0x00, 0x00, 0x00, 0x00, 0x00, 0x00, 0x00, 0x00, 0x00, 0x00, 0x00, 0x00,
  0x00, 0x00, 0x00, 0x00, 0x00, 0x00, 0x00, 0x00, 0x00, 0x00, 0x00, 0x00,
  0x00, 0x00, 0x00, 0x00, 0x00, 0x00, 0x01, 0x00, 0x00, 0x00, 0x00, 0x00,
  0x00, 0x00, 0x00, 0x00, 0x00, 0x00, 0x00, 0x00, 0x00, 0x00, 0x00, 0x00,
  0x00, 0x00, 0x00, 0x00, 0x00, 0x00, 0x00, 0x00, 0x00, 0x00, 0x00, 0x00,
  0x00, 0x00, 0x00, 0x00, 0x00, 0x00, 0x00, 0x00, 0x00, 0x00, 0x00, 0x00,
  0x00, 0x00, 0x00, 0x00, 0x00, 0x02, 0x06, 0x09, 0x00, 0x14, 0xd1, 0xfc,
  0xf8, 0xf9, 0xfb, 0xfc, 0xfc, 0xfb, 0xfc, 0xfc, 0xfb, 0xfc, 0xfb, 0xfb,
  0xfb, 0xfa, 0xfa, 0xfb, 0xfb, 0xfa, 0xfa, 0xfb, 0xfa, 0xf9, 0xf9, 0xfa,
  0xfa, 0xfb, 0xfc, 0xfc, 0xfb, 0xfc, 0xfd, 0xfc, 0xfd, 0xfe, 0xfe, 0xfd,
  0xfc, 0xfd, 0xfa, 0xf4, 0xfe, 0xa1, 0x19, 0x00, 0x00, 0x00, 0x00, 0x00,
  0x00, 0x00, 0x00, 0x00, 0x00, 0x00, 0x00, 0x00, 0x00, 0x00, 0x00, 0x00,
  0x00, 0x00, 0x00, 0x00, 0x00, 0x00, 0x00, 0x00, 0x00, 0x00, 0x00, 0x00,
  0x00, 0x00, 0x00, 0x00, 0x00, 0x00, 0x5f, 0xe6, 0xfe, 0xf6, 0xf9, 0xfb,
  0xfb, 0xfc, 0xfc, 0xfc, 0xfc, 0xfc, 0xfd, 0xfd, 0xfd, 0xfd, 0xfd, 0xfd,
  0xfc, 0xfc, 0xfc, 0xfc, 0xfd, 0xfc, 0xfc, 0xfc, 0xfb, 0xfc, 0xfb, 0xfa,
  0xfb, 0xfc, 0xfb, 0xfa, 0xfb, 0xfc, 0xfb, 0xfb, 0xfc, 0xfb, 0xfb, 0xfc,
  0xfc, 0xfb, 0xfb, 0xf9, 0xff, 0xe2, 0x58, 0x06, 0x0c, 0x0d, 0x07, 0x08,
  0x07, 0x06, 0x05, 0x03, 0x02, 0x02, 0x01, 0x00, 0x00, 0x00, 0x00, 0x01,
  0x02, 0x02, 0x01, 0x02, 0x01, 0x01, 0x01, 0x00, 0x00, 0x00, 0x00, 0x00,
  0x00, 0x00, 0x00, 0x00, 0x00, 0x00, 0x00, 0x00, 0x00, 0x00, 0x00, 0x00,
  0x00, 0x00, 0x00, 0x00, 0x00, 0x00, 0x00, 0x00, 0x00, 0x00, 0x00, 0x00,
  0x00, 0x01, 0x00, 0x00, 0x00, 0x00, 0x00, 0x00, 0x00, 0x00, 0x00, 0x00,
  0x00, 0x00, 0x00, 0x00, 0x00, 0x00, 0x00, 0x00, 0x00, 0x00, 0x00, 0x00,
  0x00, 0x00, 0x01, 0x01, 0x04, 0x00, 0x13, 0x9a, 0xff, 0xf3, 0xf5, 0xf7,
  0xfb, 0xfe, 0xfe, 0xfd, 0xfc, 0xfb, 0xfa, 0xfa, 0xfb, 0xfa, 0xf9, 0xfa,
  0xfb, 0xfb, 0xfb, 0xfb, 0xfb, 0xfb, 0xfa, 0xfa, 0xfb, 0xfc, 0xfb, 0xfc,
  0xfc, 0xfb, 0xfb, 0xfa, 0xfa, 0xfb, 0xfc, 0xfc, 0xfc, 0xfb, 0xfa, 0xfb,
  0xfa, 0xfb, 0xfc, 0xfc, 0xfc, 0xfc, 0xfc, 0xfc, 0xfc, 0xfc, 0xfb, 0xfc,
  0xfb, 0xfa, 0xfa, 0xfb, 0xfc, 0xfc, 0xfc, 0xfc, 0xfc, 0xfc, 0xfc, 0xfc,
  0xfc, 0xfc, 0xfc, 0xfc, 0xfd, 0xfd, 0xfc, 0xfb, 0xfc, 0xfc, 0xfa, 0xfa,
  0xfa, 0xfb, 0xfb, 0xfa, 0xfa, 0xfa, 0xfa, 0xfb, 0xfc, 0xfc, 0xfc, 0xfb,
  0xfb, 0xfb, 0xfa, 0xfa, 0xf9, 0xf9, 0xf8, 0xf9, 0xfb, 0xfa, 0xfb, 0xfd,
  0xfd, 0xfd, 0xfd, 0xfe, 0xfe, 0xfe, 0xfd, 0xfd, 0xfc, 0xfd, 0xfc, 0xfb,
  0xfb, 0xfb, 0xfa, 0xfa, 0xfa, 0xfa, 0xfa, 0xfa, 0xfb, 0xfc, 0xfc, 0xfc,
  0xfb, 0xfa, 0xfb, 0xfa, 0xf9, 0xf9, 0xfa, 0xfa, 0xfb, 0xfc, 0xfc, 0xfc,
  0xfc, 0xfc, 0xfc, 0xfc, 0xfb, 0xfc, 0xfd, 0xfd, 0xfd, 0xfc, 0xfb, 0xfc,
  0xfc, 0xfc, 0xfc, 0xfb, 0xfb, 0xfb, 0xfc, 0xfb, 0xfb, 0xf8, 0xfc, 0xf4,
  0x6b, 0x04, 0x03, 0x08, 0x02, 0x01, 0x00, 0x00, 0x00, 0x00, 0x00, 0x00,
  0x00, 0x00, 0x00, 0x00, 0x00, 0x00, 0x00, 0x00, 0x00, 0x00, 0x00, 0x00,
  0x00, 0x00, 0x00, 0x00, 0x00, 0x00, 0x00, 0x00, 0x00, 0x00, 0x00, 0x00,
  0x00, 0x00, 0x00, 0x00, 0x00, 0x00, 0x00, 0x00, 0x00, 0x00, 0x00, 0x00,
  0x00, 0x00, 0x00, 0x00, 0x00, 0x00, 0x00, 0x00, 0x00, 0x00, 0x00, 0x00,
  0x00, 0x00, 0x00, 0x00, 0x00, 0x02, 0x03, 0x03, 0x0a, 0x00, 0x18, 0x99,
  0xfd, 0xfa, 0xf6, 0xf9, 0xfb, 0xfc, 0xfd, 0xfc, 0xfb, 0xfc, 0xfb, 0xfb,
  0xfc, 0xfb, 0xfb, 0xfb, 0xfc, 0xfc, 0xfc, 0xfc, 0xfb, 0xfb, 0xfc, 0xfb,
  0xfb, 0xfb, 0xfb, 0xfc, 0xfb, 0xfa, 0xfa, 0xf9, 0xfa, 0xfb, 0xfb, 0xfb,
  0xfb, 0xfa, 0xfb, 0xfc, 0xfb, 0xfa, 0xfb, 0xfc, 0xfb, 0xfa, 0xfa, 0xfa,
  0xfb, 0xfa, 0xfb, 0xfc, 0xfb, 0xfc, 0xfd, 0xfc, 0xfd, 0xfd, 0xfe, 0xfd,
  0xfc, 0xfb, 0xfb, 0xfb, 0xfc, 0xfc, 0xfc, 0xfb, 0xfa, 0xfa, 0xfa, 0xfb,
  0xfc, 0xfc, 0xfc, 0xfb, 0xfa, 0xfb, 0xfb, 0xfb, 0xfc, 0xfb, 0xfa, 0xfb,
  0xfa, 0xfb, 0xfc, 0xfb, 0xfc, 0xfc, 0xfc, 0xfb, 0xfc, 0xfc, 0xfc, 0xfd,
  0xfc, 0xfc, 0xfc, 0xfc, 0xfc, 0xfb, 0xfb, 0xfb, 0xfb, 0xfb, 0xfc, 0xfb,
  0xfb, 0xfc, 0xfc, 0xfc, 0xfc, 0xfb, 0xfb, 0xfb, 0xfa, 0xfb, 0xfb, 0xfa,
  0xfb, 0xfa, 0xfa, 0xfb, 0xfa, 0xfb, 0xfa, 0xfa, 0xfb, 0xfb, 0xfb, 0xfb,
  0xfa, 0xfb, 0xfa, 0xfb, 0xfc, 0xfb, 0xfb, 0xfc, 0xfb, 0xfb, 0xfa, 0xfb,
  0xfb, 0xfb, 0xfc, 0xfc, 0xfb, 0xfc, 0xfd, 0xfc, 0xfc, 0xfd, 0xfd, 0xfd,
  0xfc, 0xfb, 0xf8, 0xf3, 0xfd, 0xcd, 0x3f, 0x00, 0x06, 0x01, 0x01, 0x01,
  0x00, 0x00, 0x00, 0x00, 0x00, 0x00, 0x00, 0x00, 0x00, 0x00, 0x00, 0x00,
  0x00, 0x00, 0x00, 0x00, 0x00, 0x00, 0x00, 0x00, 0x00, 0x00, 0x00, 0x00,
  0x00, 0x00, 0x00, 0x00, 0x00, 0x00, 0x00, 0x00, 0x00, 0x00, 0x00, 0x00,
  0x00, 0x00, 0x00, 0x00, 0x01, 0x01, 0x01, 0x07, 0x00, 0x80, 0xf7, 0xff,
  0xf6, 0xf8, 0xfa, 0xfc, 0xfd, 0xfd, 0xfc, 0xfb, 0xfb, 0xfc, 0xfb, 0xfc,
  0xfc, 0xfc, 0xfb, 0xfc, 0xfb, 0xfa, 0xfb, 0xfb, 0xfc, 0xfb, 0xfb, 0xfc,
  0xfb, 0xfa, 0xfb, 0xfb, 0xfb, 0xfa, 0xfb, 0xfc, 0xfb, 0xfc, 0xfd, 0xfe,
  0xfb, 0xf8, 0xf1, 0xfd, 0xee, 0x78, 0x0a, 0x01, 0x07, 0x02, 0x01, 0x01,
  0x00, 0x00, 0x00, 0x00, 0x00, 0x00, 0x00, 0x00, 0x00, 0x00, 0x00, 0x00,
  0x00, 0x00, 0x00, 0x00, 0x00, 0x00, 0x00, 0x00, 0x00, 0x00, 0x00, 0x00,
  0x00, 0x00, 0x00, 0x00, 0x00, 0x00, 0x00, 0x00, 0x00, 0x00, 0x00, 0x00,
  0x00, 0x00, 0x00, 0x00, 0x00, 0x00, 0x00, 0x00, 0x00, 0x00, 0x00, 0x00,
  0x00, 0x00, 0x00, 0x00, 0x00, 0x00, 0x00, 0x00, 0x00, 0x00, 0x00, 0x00,
  0x00, 0x00, 0x00, 0x00, 0x00, 0x00, 0x00, 0x00, 0x00, 0x00, 0x00, 0x00,
  0x00, 0x00, 0x00, 0x00, 0x00, 0x00, 0x00, 0x00, 0x00, 0x00, 0x00, 0x00,
  0x01, 0x01, 0x00, 0x00, 0x00, 0x00, 0x00, 0x00, 0x00, 0x00, 0x00, 0x00,
  0x00, 0x00, 0x00, 0x00, 0x00, 0x00, 0x00, 0x00, 0x00, 0x00, 0x00, 0x00,
  0x00, 0x00, 0x00, 0x00, 0x00, 0x00, 0x00, 0x00, 0x00, 0x00, 0x00, 0x00,
  0x00, 0x00, 0x00, 0x00, 0x00, 0x00, 0x00, 0x00, 0x00, 0x00, 0x00, 0x02,
  0x06, 0x09, 0x00, 0x15, 0xd1, 0xfd, 0xf8, 0xf9, 0xfc, 0xfb, 0xfb, 0xfb,
  0xfb, 0xfb, 0xfc, 0xfb, 0xfb, 0xfc, 0xfc, 0xfb, 0xfa, 0xfa, 0xfa, 0xfb,
  0xfa, 0xfb, 0xfa, 0xf9, 0xfa, 0xfb, 0xfb, 0xfc, 0xfb, 0xfc, 0xfb, 0xfc,
  0xfd, 0xfc, 0xfd, 0xfe, 0xfe, 0xfd, 0xfc, 0xfd, 0xfb, 0xf5, 0xff, 0xa2,
  0x1d, 0x02, 0x07, 0x08, 0x05, 0x04, 0x04, 0x05, 0x06, 0x07, 0x07, 0x08,
  0x07, 0x08, 0x08, 0x08, 0x08, 0x08, 0x08, 0x08, 0x07, 0x07, 0x07, 0x07,
  0x06, 0x05, 0x05, 0x04, 0x04, 0x04, 0x04, 0x04, 0x04, 0x08, 0x0b, 0x03,
  0x10, 0x95, 0xfc, 0xfc, 0xf8, 0xfb, 0xfd, 0xfd, 0xfd, 0xfd, 0xfd, 0xfc,
  0xfc, 0xfc, 0xfc, 0xfc, 0xfc, 0xfc, 0xfd, 0xfc, 0xfb, 0xfc, 0xfd, 0xfc,
  0xfb, 0xfb, 0xfc, 0xfb, 0xfa, 0xfb, 0xfb, 0xfc, 0xfc, 0xfc, 0xfc, 0xfc,
  0xfc, 0xfc, 0xfc, 0xfc, 0xfb, 0xfb, 0xfc, 0xfc, 0xfc, 0xfb, 0xf7, 0xff,
  0xd4, 0x3f, 0x00, 0x09, 0x03, 0x03, 0x03, 0x03, 0x03, 0x02, 0x01, 0x01,
  0x00, 0x00, 0x00, 0x00, 0x00, 0x01, 0x02, 0x01, 0x02, 0x01, 0x00, 0x00,
  0x00, 0x00, 0x00, 0x00, 0x00, 0x00, 0x00, 0x00, 0x00, 0x00, 0x00, 0x00,
  0x00, 0x00, 0x00, 0x00, 0x00, 0x00, 0x00, 0x00, 0x00, 0x00, 0x00, 0x00,
  0x00, 0x00, 0x00, 0x00, 0x00, 0x00, 0x00, 0x00, 0x00, 0x00, 0x00, 0x00,
  0x00, 0x00, 0x00, 0x00, 0x00, 0x00, 0x00, 0x00, 0x00, 0x00, 0x00, 0x00,
  0x00, 0x00, 0x00, 0x00, 0x00, 0x00, 0x00, 0x02, 0x04, 0x04, 0x05, 0x00,
  0x53, 0xe6, 0xfd, 0xf6, 0xf9, 0xfa, 0xfc, 0xfd, 0xfd, 0xfd, 0xfc, 0xfb,
  0xfb, 0xfb, 0xfa, 0xfb, 0xfb, 0xfb, 0xfa, 0xfa, 0xfa, 0xfb, 0xfb, 0xfa,
  0xfb, 0xfa, 0xfb, 0xfc, 0xfc, 0xfc, 0xfc, 0xfb, 0xfa, 0xfb, 0xfb, 0xfa,
  0xfb, 0xfc, 0xfc, 0xfb, 0xfa, 0xfb, 0xfa, 0xfb, 0xfb, 0xfb, 0xfb, 0xfc,
  0xfc, 0xfb, 0xfb, 0xfc, 0xfb, 0xfa, 0xfb, 0xfb, 0xfb, 0xfb, 0xfc, 0xfb,
  0xfc, 0xfc, 0xfd, 0xfc, 0xfc, 0xfd, 0xfd, 0xfd, 0xfd, 0xfd, 0xfc, 0xfc,
  0xfc, 0xfb, 0xfc, 0xfc, 0xfb, 0xfb, 0xfa, 0xfb, 0xfc, 0xfb, 0xfa, 0xfb,
  0xfa, 0xfb, 0xfc, 0xfc, 0xfb, 0xfc, 0xfb, 0xfa, 0xfb, 0xfa, 0xf9, 0xfa,
  0xf9, 0xfa, 0xfb, 0xfa, 0xfb, 0xfd, 0xfc, 0xfc, 0xfd, 0xfc, 0xfd, 0xfe,
  0xfd, 0xfc, 0xfd, 0xfc, 0xfb, 0xfb, 0xfa, 0xfa, 0xfa, 0xfb, 0xfb, 0xfb,
  0xfa, 0xfb, 0xfc, 0xfb, 0xfb, 0xfc, 0xfb, 0xfa, 0xfb, 0xfb, 0xfa, 0xf9,
  0xf9, 0xfa, 0xfa, 0xfb, 0xfc, 0xfb, 0xfc, 0xfb, 0xfb, 0xfb, 0xfc, 0xfd,
  0xfd, 0xfc, 0xfc, 0xfd, 0xfc, 0xfb, 0xfb, 0xfb, 0xfc, 0xfc, 0xfc, 0xfc,
  0xfc, 0xfc, 0xfb, 0xf8, 0xf6, 0xfe, 0xc9, 0x38, 0x00, 0x0c, 0x04, 0x02,
  0x00, 0x00, 0x00, 0x00, 0x00, 0x00, 0x00, 0x00, 0x00, 0x00, 0x00, 0x00,
  0x00, 0x00, 0x00, 0x00, 0x00, 0x00, 0x00, 0x00, 0x00, 0x00, 0x00, 0x00,
  0x00, 0x00, 0x00, 0x00, 0x00, 0x00, 0x00, 0x00, 0x00, 0x00, 0x00, 0x00,
  0x00, 0x00, 0x00, 0x00, 0x00, 0x00, 0x00, 0x00, 0x00, 0x00, 0x00, 0x00,
  0x00, 0x00, 0x00, 0x00, 0x00, 0x00, 0x00, 0x00, 0x00, 0x00, 0x00, 0x02,
  0x03, 0x06, 0x08, 0x00, 0x5f, 0xe8, 0xfe, 0xfa, 0xfa, 0xfb, 0xfc, 0xfd,
  0xfd, 0xfc, 0xfb, 0xfc, 0xfb, 0xfa, 0xfb, 0xfc, 0xfb, 0xfc, 0xfd, 0xfc,
  0xfc, 0xfc, 0xfc, 0xfb, 0xfc, 0xfb, 0xfa, 0xfb, 0xfa, 0xfa, 0xfa, 0xfb,
  0xfa, 0xfa, 0xfb, 0xfa, 0xfb, 0xfc, 0xfb, 0xfa, 0xfa, 0xfb, 0xfc, 0xfb,
  0xfa, 0xfb, 0xfb, 0xfb, 0xfb, 0xfb, 0xfb, 0xfb, 0xfb, 0xfa, 0xfb, 0xfc,
  0xfb, 0xfc, 0xfd, 0xfe, 0xfd, 0xfc, 0xfd, 0xfc, 0xfc, 0xfb, 0xfc, 0xfd,
  0xfc, 0xfb, 0xf9, 0xfa, 0xfb, 0xfb, 0xfc, 0xfb, 0xfb, 0xfc, 0xfb, 0xfb,
  0xfc, 0xfb, 0xfb, 0xfc, 0xfb, 0xfa, 0xfb, 0xfc, 0xfb, 0xfb, 0xfc, 0xfc,
  0xfb, 0xfc, 0xfb, 0xfb, 0xfc, 0xfb, 0xfc, 0xfc, 0xfb, 0xfc, 0xfc, 0xfb,
  0xfa, 0xfb, 0xfc, 0xfb, 0xfc, 0xfb, 0xfb, 0xfc, 0xfb, 0xfb, 0xfc, 0xfb,
  0xfb, 0xfa, 0xfa, 0xfb, 0xfc, 0xfb, 0xfb, 0xfa, 0xfa, 0xfb, 0xfa, 0xfb,
  0xfb, 0xfa, 0xfa, 0xfb, 0xfb, 0xfb, 0xfb, 0xfb, 0xfa, 0xfb, 0xfc, 0xfb,
  0xfb, 0xfc, 0xfb, 0xfb, 0xfa, 0xfb, 0xfb, 0xfb, 0xfc, 0xfb, 0xfc, 0xfb,
  0xfc, 0xfd, 0xfc, 0xfc, 0xfc, 0xfc, 0xfc, 0xfb, 0xf9, 0xf7, 0xf5, 0xff,
  0x92, 0x01, 0x01, 0x01, 0x02, 0x02, 0x01, 0x00, 0x00, 0x00, 0x00, 0x00,
  0x00, 0x00, 0x00, 0x00, 0x00, 0x00, 0x00, 0x00, 0x00, 0x00, 0x00, 0x00,
  0x00, 0x00, 0x00, 0x00, 0x00, 0x00, 0x00, 0x00, 0x00, 0x00, 0x00, 0x00,
  0x00, 0x00, 0x00, 0x00, 0x01, 0x00, 0x00, 0x00, 0x00, 0x00, 0x01, 0x01,
  0x01, 0x08, 0x00, 0x80, 0xf7, 0xff, 0xf5, 0xf8, 0xfa, 0xfc, 0xfd, 0xfc,
  0xfb, 0xfc, 0xfc, 0xfc, 0xfb, 0xfc, 0xfd, 0xfc, 0xfb, 0xfc, 0xfb, 0xfa,
  0xfb, 0xfc, 0xfb, 0xfb, 0xfb, 0xfc, 0xfb, 0xfa, 0xfb, 0xfa, 0xfb, 0xfb,
  0xfb, 0xfa, 0xfb, 0xfc, 0xfc, 0xfe, 0xfb, 0xf8, 0xf1, 0xfd, 0xee, 0x76,
  0x09, 0x01, 0x06, 0x01, 0x01, 0x00, 0x00, 0x00, 0x00, 0x00, 0x00, 0x00,
  0x00, 0x01, 0x00, 0x00, 0x00, 0x00, 0x00, 0x00, 0x00, 0x00, 0x00, 0x00,
  0x00, 0x00, 0x00, 0x00, 0x00, 0x00, 0x00, 0x00, 0x00, 0x00, 0x00, 0x00,
  0x00, 0x00, 0x00, 0x00, 0x00, 0x00, 0x00, 0x00, 0x00, 0x00, 0x00, 0x00,
  0x00, 0x00, 0x00, 0x00, 0x00, 0x00, 0x00, 0x00, 0x00, 0x00, 0x00, 0x00,
  0x00, 0x00, 0x00, 0x00, 0x00, 0x00, 0x00, 0x00, 0x00, 0x00, 0x00, 0x00,
  0x00, 0x00, 0x00, 0x00, 0x00, 0x00, 0x00, 0x00, 0x00, 0x00, 0x00, 0x00,
  0x00, 0x00, 0x00, 0x00, 0x00, 0x00, 0x01, 0x00, 0x00, 0x00, 0x00, 0x00,
  0x00, 0x00, 0x00, 0x00, 0x00, 0x00, 0x00, 0x00, 0x00, 0x00, 0x00, 0x00,
  0x00, 0x00, 0x00, 0x00, 0x00, 0x00, 0x00, 0x00, 0x00, 0x00, 0x00, 0x01,
  0x00, 0x00, 0x00, 0x00, 0x00, 0x00, 0x00, 0x00, 0x00, 0x00, 0x00, 0x00,
  0x00, 0x00, 0x00, 0x00, 0x00, 0x02, 0x06, 0x09, 0x00, 0x15, 0xd1, 0xfd,
  0xf8, 0xf9, 0xfc, 0xfc, 0xfc, 0xfb, 0xfa, 0xfb, 0xfc, 0xfb, 0xfb, 0xfc,
  0xfc, 0xfb, 0xfa, 0xfb, 0xfa, 0xfb, 0xfa, 0xf9, 0xf9, 0xfa, 0xfb, 0xfb,
  0xfc, 0xfb, 0xfb, 0xfc, 0xfc, 0xfc, 0xfc, 0xfc, 0xfc, 0xfd, 0xfe, 0xfd,
  0xfc, 0xfd, 0xfb, 0xf5, 0xff, 0x9f, 0x1b, 0x00, 0x0a, 0x0e, 0x0b, 0x08,
  0x05, 0x06, 0x07, 0x06, 0x06, 0x06, 0x06, 0x06, 0x06, 0x06, 0x06, 0x06,
  0x06, 0x06, 0x06, 0x06, 0x05, 0x06, 0x06, 0x06, 0x06, 0x06, 0x06, 0x06,
  0x06, 0x05, 0x06, 0x09, 0x0e, 0x0b, 0x00, 0x2e, 0xc1, 0xff, 0xfa, 0xfa,
  0xfd, 0xfe, 0xfd, 0xfd, 0xfd, 0xfc, 0xfd, 0xfc, 0xfb, 0xfc, 0xfc, 0xfd,
  0xfd, 0xfc, 0xfb, 0xfc, 0xfd, 0xfc, 0xfb, 0xfc, 0xfb, 0xfa, 0xfb, 0xfc,
  0xfb, 0xfb, 0xfb, 0xfb, 0xfb, 0xfb, 0xfb, 0xfb, 0xfc, 0xfb, 0xfa, 0xfb,
  0xfc, 0xfd, 0xfc, 0xfa, 0xf5, 0xf8, 0xff, 0xb9, 0x2e, 0x00, 0x08, 0x02,
  0x01, 0x01, 0x00, 0x00, 0x00, 0x00, 0x00, 0x00, 0x00, 0x00, 0x00, 0x00,
  0x01, 0x01, 0x01, 0x00, 0x00, 0x00, 0x00, 0x00, 0x00, 0x00, 0x00, 0x00,
  0x00, 0x00, 0x00, 0x01, 0x01, 0x00, 0x00, 0x00, 0x00, 0x00, 0x00, 0x00,
  0x00, 0x00, 0x00, 0x00, 0x00, 0x00, 0x00, 0x00, 0x00, 0x00, 0x00, 0x00,
  0x00, 0x00, 0x00, 0x00, 0x00, 0x00, 0x00, 0x00, 0x00, 0x00, 0x00, 0x00,
  0x00, 0x00, 0x00, 0x00, 0x00, 0x00, 0x00, 0x00, 0x00, 0x00, 0x00, 0x00,
  0x00, 0x03, 0x05, 0x07, 0x00, 0x12, 0x9e, 0xff, 0xf7, 0xfa, 0xfc, 0xfd,
  0xfd, 0xfd, 0xfd, 0xfd, 0xfc, 0xfc, 0xfb, 0xfa, 0xfb, 0xfb, 0xfb, 0xfb,
  0xfb, 0xfb, 0xfb, 0xfb, 0xfc, 0xfb, 0xfa, 0xfb, 0xfa, 0xfb, 0xfc, 0xfc,
  0xfb, 0xfa, 0xfb, 0xfb, 0xfb, 0xfa, 0xfb, 0xfc, 0xfc, 0xfb, 0xfa, 0xfb,
  0xfb, 0xfa, 0xfb, 0xfc, 0xfc, 0xfd, 0xfd, 0xfc, 0xfb, 0xfc, 0xfb, 0xfa,
  0xfb, 0xfc, 0xfb, 0xfc, 0xfb, 0xfb, 0xfc, 0xfb, 0xfc, 0xfc, 0xfb, 0xfc,
  0xfd, 0xfc, 0xfc, 0xfd, 0xfc, 0xfb, 0xfc, 0xfc, 0xfc, 0xfc, 0xfb, 0xfa,
  0xfb, 0xfa, 0xfb, 0xfb, 0xfa, 0xfb, 0xfb, 0xfa, 0xfb, 0xfb, 0xfa, 0xfb,
  0xfc, 0xfb, 0xfb, 0xfa, 0xf9, 0xfa, 0xfa, 0xf9, 0xfa, 0xfb, 0xfb, 0xfc,
  0xfc, 0xfc, 0xfc, 0xfc, 0xfc, 0xfc, 0xfd, 0xfc, 0xfb, 0xfc, 0xfc, 0xfb,
  0xfa, 0xf9, 0xf9, 0xfa, 0xfb, 0xfc, 0xfb, 0xfb, 0xfc, 0xfb, 0xfb, 0xfc,
  0xfb, 0xfa, 0xfb, 0xfa, 0xfa, 0xf9, 0xfa, 0xfb, 0xfa, 0xfb, 0xfb, 0xfc,
  0xfc, 0xfb, 0xfc, 0xfb, 0xfc, 0xfc, 0xfc, 0xfc, 0xfc, 0xfd, 0xfc, 0xfc,
  0xfb, 0xfb, 0xfc, 0xfb, 0xfb, 0xfb, 0xfb, 0xfb, 0xfa, 0xf7, 0xf1, 0xfa,
  0xfa, 0x88, 0x0e, 0x02, 0x0a, 0x01, 0x00, 0x00, 0x00, 0x00, 0x00, 0x00,
  0x00, 0x00, 0x00, 0x00, 0x00, 0x00, 0x00, 0x00, 0x00, 0x00, 0x00, 0x00,
  0x00, 0x00, 0x00, 0x00, 0x00, 0x00, 0x00, 0x00, 0x00, 0x00, 0x00, 0x00,
  0x00, 0x00, 0x00, 0x00, 0x00, 0x00, 0x00, 0x00, 0x00, 0x00, 0x00, 0x00,
  0x00, 0x00, 0x00, 0x00, 0x00, 0x00, 0x00, 0x00, 0x00, 0x00, 0x00, 0x00,
  0x00, 0x00, 0x00, 0x00, 0x00, 0x02, 0x03, 0x0c, 0x00, 0x2e, 0xb8, 0xff,
  0xfb, 0xfa, 0xfc, 0xfb, 0xfd, 0xfe, 0xfd, 0xfd, 0xfc, 0xfc, 0xfb, 0xfb,
  0xfc, 0xfb, 0xfb, 0xfc, 0xfc, 0xfc, 0xfc, 0xfc, 0xfd, 0xfc, 0xfb, 0xfb,
  0xfc, 0xfb, 0xfa, 0xfb, 0xfb, 0xfb, 0xfb, 0xfa, 0xfb, 0xfb, 0xfb, 0xfb,
  0xfb, 0xfb, 0xfa, 0xfb, 0xfa, 0xfb, 0xfc, 0xfb, 0xfb, 0xfc, 0xfb, 0xfb,
  0xfb, 0xfb, 0xfb, 0xfc, 0xfb, 0xfa, 0xfb, 0xfc, 0xfc, 0xfd, 0xfd, 0xfc,
  0xfc, 0xfb, 0xfc, 0xfd, 0xfc, 0xfd, 0xfc, 0xfa, 0xfb, 0xfa, 0xfb, 0xfb,
  0xfb, 0xfb, 0xfb, 0xfb, 0xfb, 0xfb, 0xfb, 0xfb, 0xfb, 0xfb, 0xfb, 0xfa,
  0xfb, 0xfc, 0xfc, 0xfc, 0xfc, 0xfc, 0xfc, 0xfc, 0xfb, 0xfc, 0xfc, 0xfb,
  0xfc, 0xfc, 0xfb, 0xfc, 0xfc, 0xfb, 0xfa, 0xfb, 0xfb, 0xfb, 0xfb, 0xfb,
  0xfa, 0xfa, 0xfb, 0xfb, 0xfb, 0xfb, 0xfb, 0xfb, 0xfa, 0xfb, 0xfc, 0xfb,
  0xfb, 0xfa, 0xfa, 0xfb, 0xfa, 0xfb, 0xfa, 0xfa, 0xfa, 0xfa, 0xfb, 0xfc,
  0xfc, 0xfb, 0xfa, 0xfb, 0xfc, 0xfb, 0xfb, 0xfc, 0xfb, 0xfa, 0xfa, 0xfb,
  0xfb, 0xfa, 0xfb, 0xfb, 0xfc, 0xfd, 0xfc, 0xfd, 0xfc, 0xfb, 0xfc, 0xfc,
  0xfc, 0xfb, 0xfa, 0xf8, 0xf4, 0xff, 0xda, 0x51, 0x00, 0x05, 0x04, 0x03,
  0x02, 0x01, 0x00, 0x00, 0x01, 0x00, 0x00, 0x00, 0x00, 0x00, 0x00, 0x01,
  0x00, 0x00, 0x00, 0x00, 0x00, 0x00, 0x00, 0x00, 0x00, 0x00, 0x00, 0x00,
  0x00, 0x00, 0x00, 0x00, 0x00, 0x00, 0x00, 0x00, 0x00, 0x00, 0x00, 0x00,
  0x00, 0x00, 0x00, 0x00, 0x01, 0x01, 0x01, 0x08, 0x00, 0x80, 0xf7, 0xff,
  0xf5, 0xf8, 0xfa, 0xfb, 0xfd, 0xfb, 0xfc, 0xfc, 0xfc, 0xfc, 0xfb, 0xfc,
  0xfc, 0xfb, 0xfc, 0xfb, 0xfc, 0xfb, 0xfa, 0xfb, 0xfb, 0xfa, 0xfb, 0xfc,
  0xfb, 0xfb, 0xfa, 0xfa, 0xfb, 0xfa, 0xfb, 0xfb, 0xfa, 0xfb, 0xfd, 0xfd,
  0xfa, 0xf7, 0xf1, 0xfd, 0xee, 0x76, 0x09, 0x01, 0x05, 0x00, 0x00, 0x00,
  0x00, 0x00, 0x00, 0x00, 0x00, 0x01, 0x00, 0x01, 0x00, 0x00, 0x00, 0x00,
  0x00, 0x00, 0x00, 0x00, 0x00, 0x00, 0x00, 0x00, 0x00, 0x00, 0x00, 0x00,
  0x00, 0x00, 0x00, 0x00, 0x00, 0x00, 0x00, 0x00, 0x00, 0x00, 0x00, 0x00,
  0x00, 0x00, 0x00, 0x00, 0x00, 0x00, 0x00, 0x00, 0x00, 0x00, 0x00, 0x00,
  0x00, 0x00, 0x00, 0x00, 0x00, 0x00, 0x00, 0x00, 0x00, 0x00, 0x00, 0x00,
  0x00, 0x00, 0x00, 0x00, 0x00, 0x00, 0x00, 0x00, 0x00, 0x00, 0x00, 0x00,
  0x00, 0x00, 0x00, 0x00, 0x00, 0x00, 0x00, 0x00, 0x00, 0x00, 0x00, 0x01,
  0x00, 0x00, 0x00, 0x00, 0x00, 0x00, 0x00, 0x00, 0x00, 0x00, 0x00, 0x00,
  0x00, 0x00, 0x00, 0x00, 0x00, 0x00, 0x00, 0x00, 0x00, 0x00, 0x00, 0x00,
  0x00, 0x00, 0x00, 0x00, 0x00, 0x00, 0x00, 0x00, 0x00, 0x00, 0x00, 0x00,
  0x00, 0x00, 0x00, 0x00, 0x00, 0x00, 0x00, 0x00, 0x00, 0x00, 0x00, 0x02,
  0x06, 0x09, 0x00, 0x16, 0xd2, 0xfd, 0xf8, 0xf9, 0xfc, 0xfb, 0xfc, 0xfb,
  0xfa, 0xfa, 0xfb, 0xfc, 0xfb, 0xfc, 0xfc, 0xfb, 0xfa, 0xfb, 0xfb, 0xfb,
  0xfa, 0xf9, 0xfa, 0xfb, 0xfa, 0xfb, 0xfc, 0xfb, 0xfb, 0xfc, 0xfc, 0xfb,
  0xfc, 0xfb, 0xfc, 0xfd, 0xfe, 0xfd, 0xfc, 0xfd, 0xfb, 0xf6, 0xff, 0xa2,
  0x1c, 0x00, 0x09, 0x0e, 0x09, 0x05, 0x05, 0x05, 0x05, 0x05, 0x05, 0x05,
  0x05, 0x05, 0x05, 0x05, 0x05, 0x05, 0x05, 0x05, 0x05, 0x04, 0x04, 0x04,
  0x04, 0x04, 0x04, 0x04, 0x05, 0x05, 0x04, 0x03, 0x04, 0x07, 0x09, 0x0b,
  0x05, 0x01, 0x5a, 0xe2, 0xfe, 0xf8, 0xf9, 0xfb, 0xfc, 0xfd, 0xfe, 0xfe,
  0xfd, 0xfc, 0xfc, 0xfc, 0xfd, 0xfd, 0xfc, 0xfc, 0xfc, 0xfd, 0xfc, 0xfb,
  0xfc, 0xfb, 0xfb, 0xfc, 0xfb, 0xfb, 0xfb, 0xfb, 0xfb, 0xfb, 0xfb, 0xfb,
  0xfb, 0xfa, 0xfb, 0xfb, 0xfa, 0xfb, 0xfc, 0xfd, 0xfc, 0xfa, 0xf8, 0xf4,
  0xfb, 0xfc, 0x98, 0x1a, 0x00, 0x08, 0x02, 0x01, 0x00, 0x00, 0x00, 0x00,
  0x00, 0x00, 0x00, 0x00, 0x00, 0x00, 0x01, 0x00, 0x01, 0x00, 0x00, 0x00,
  0x00, 0x00, 0x00, 0x00, 0x00, 0x00, 0x00, 0x00, 0x00, 0x00, 0x00, 0x00,
  0x00, 0x00, 0x00, 0x00, 0x00, 0x00, 0x00, 0x00, 0x00, 0x00, 0x00, 0x00,
  0x00, 0x00, 0x00, 0x00, 0x00, 0x00, 0x00, 0x00, 0x00, 0x00, 0x00, 0x00,
  0x00, 0x00, 0x00, 0x00, 0x00, 0x00, 0x00, 0x00, 0x00, 0x00, 0x00, 0x00,
  0x00, 0x00, 0x00, 0x00, 0x00, 0x00, 0x00, 0x02, 0x04, 0x06, 0x00, 0x5c,
  0xe7, 0xfc, 0xf5, 0xfa, 0xfd, 0xfc, 0xfd, 0xfd, 0xfc, 0xfd, 0xfc, 0xfc,
  0xfb, 0xfb, 0xfc, 0xfb, 0xfb, 0xfb, 0xfc, 0xfb, 0xfa, 0xfb, 0xfa, 0xfb,
  0xfc, 0xfb, 0xfc, 0xfb, 0xfa, 0xfb, 0xfb, 0xfb, 0xfb, 0xfb, 0xfb, 0xfa,
  0xfb, 0xfc, 0xfb, 0xfb, 0xfc, 0xfb, 0xfb, 0xfb, 0xfb, 0xfb, 0xfc, 0xfd,
  0xfd, 0xfc, 0xfb, 0xfc, 0xfb, 0xfc, 0xfb, 0xfa, 0xfb, 0xfb, 0xfb, 0xfa,
  0xfb, 0xfc, 0xfc, 0xfb, 0xfb, 0xfc, 0xfc, 0xfc, 0xfc, 0xfb, 0xfc, 0xfd,
  0xfc, 0xfb, 0xfc, 0xfc, 0xfb, 0xfa, 0xfb, 0xfb, 0xfa, 0xfb, 0xfb, 0xfb,
  0xfb, 0xfa, 0xfa, 0xfb, 0xfa, 0xfb, 0xfa, 0xfb, 0xfb, 0xfa, 0xfa, 0xfa,
  0xfa, 0xfa, 0xfa, 0xfa, 0xfb, 0xfc, 0xfb, 0xfb, 0xfc, 0xfb, 0xfc, 0xfd,
  0xfc, 0xfb, 0xfb, 0xfc, 0xfb, 0xfa, 0xfb, 0xfa, 0xfa, 0xfa, 0xfb, 0xfc,
  0xfb, 0xfb, 0xfc, 0xfb, 0xfc, 0xfc, 0xfb, 0xfa, 0xfa, 0xfa, 0xfa, 0xfb,
  0xfa, 0xfb, 0xfc, 0xfc, 0xfb, 0xfc, 0xfd, 0xfc, 0xfc, 0xfd, 0xfc, 0xfc,
  0xfb, 0xfc, 0xfd, 0xfc, 0xfb, 0xfc, 0xfb, 0xfc, 0xfb, 0xfa, 0xfb, 0xfb,
  0xfb, 0xfb, 0xfa, 0xf7, 0xf4, 0xf1, 0xff, 0xde, 0x4b, 0x00, 0x0b, 0x03,
  0x02, 0x01, 0x00, 0x00, 0x00, 0x00, 0x00, 0x00, 0x00, 0x00, 0x00, 0x00,
  0x00, 0x00, 0x00, 0x00, 0x00, 0x00, 0x00, 0x00, 0x00, 0x00, 0x00, 0x00,
  0x00, 0x00, 0x00, 0x00, 0x00, 0x00, 0x00, 0x00, 0x00, 0x00, 0x00, 0x00,
  0x00, 0x00, 0x00, 0x00, 0x00, 0x00, 0x00, 0x00, 0x00, 0x00, 0x00, 0x00,
  0x00, 0x00, 0x00, 0x00, 0x00, 0x00, 0x00, 0x00, 0x00, 0x00, 0x00, 0x02,
  0x07, 0x06, 0x02, 0x78, 0xf5, 0xfd, 0xf4, 0xfa, 0xfc, 0xfd, 0xfd, 0xfd,
  0xfd, 0xfc, 0xfb, 0xfc, 0xfb, 0xfb, 0xfc, 0xfb, 0xfc, 0xfc, 0xfb, 0xfc,
  0xfd, 0xfd, 0xfd, 0xfc, 0xfb, 0xfb, 0xfc, 0xfb, 0xfa, 0xfa, 0xfa, 0xfa,
  0xfa, 0xfa, 0xfb, 0xfb, 0xfa, 0xfa, 0xfa, 0xfb, 0xfb, 0xfb, 0xfa, 0xfb,
  0xfc, 0xfb, 0xfb, 0xfc, 0xfc, 0xfc, 0xfb, 0xfc, 0xfc, 0xfc, 0xfc, 0xfb,
  0xfb, 0xfc, 0xfb, 0xfc, 0xfd, 0xfd, 0xfc, 0xfb, 0xfc, 0xfc, 0xfc, 0xfc,
  0xfc, 0xfb, 0xfa, 0xfa, 0xfa, 0xfa, 0xfa, 0xfa, 0xfa, 0xfa, 0xfa, 0xfb,
  0xfb, 0xfa, 0xfa, 0xfa, 0xfa, 0xfa, 0xfa, 0xfb, 0xfb, 0xfb, 0xfc, 0xfc,
  0xfb, 0xfc, 0xfc, 0xfb, 0xfc, 0xfb, 0xfc, 0xfb, 0xfc, 0xfc, 0xfb, 0xfb,
  0xfa, 0xfb, 0xfa, 0xfa, 0xfb, 0xfa, 0xfb, 0xfc, 0xfb, 0xfa, 0xfb, 0xfa,
  0xfa, 0xfa, 0xfa, 0xfa, 0xfb, 0xfb, 0xfb, 0xfa, 0xfa, 0xfb, 0xfa, 0xfb,
  0xfa, 0xf9, 0xfa, 0xfa, 0xfb, 0xfc, 0xfb, 0xfa, 0xfa, 0xfb, 0xfc, 0xfc,
  0xfb, 0xfc, 0xfc, 0xfb, 0xfc, 0xfb, 0xfa, 0xfa, 0xfb, 0xfb, 0xfc, 0xfd,
  0xfc, 0xfd, 0xfc, 0xfc, 0xfc, 0xfc, 0xfc, 0xfb, 0xfa, 0xf8, 0xf6, 0xf3,
  0xfe, 0xaa, 0x0d, 0x03, 0x08, 0x05, 0x03, 0x02, 0x00, 0x00, 0x01, 0x00,
  0x00, 0x00, 0x00, 0x00, 0x00, 0x01, 0x00, 0x00, 0x00, 0x00, 0x00, 0x00,
  0x00, 0x00, 0x00, 0x00, 0x00, 0x00, 0x00, 0x00, 0x00, 0x00, 0x00, 0x00,
  0x00, 0x00, 0x00, 0x00, 0x00, 0x00, 0x00, 0x00, 0x00, 0x00, 0x01, 0x01,
  0x01, 0x08, 0x00, 0x80, 0xf7, 0xff, 0xf6, 0xf8, 0xfa, 0xfc, 0xfc, 0xfb,
  0xfc, 0xfc, 0xfc, 0xfb, 0xfb, 0xfc, 0xfc, 0xfb, 0xfc, 0xfb, 0xfc, 0xfc,
  0xfb, 0xfa, 0xfa, 0xfa, 0xfb, 0xfc, 0xfb, 0xfb, 0xfa, 0xfa, 0xfb, 0xfa,
  0xfb, 0xfb, 0xfa, 0xfb, 0xfc, 0xfd, 0xfa, 0xf7, 0xf1, 0xfd, 0xed, 0x74,
  0x08, 0x00, 0x03, 0x00, 0x00, 0x00, 0x00, 0x00, 0x00, 0x00, 0x00, 0x00,
  0x01, 0x01, 0x00, 0x00, 0x00, 0x00, 0x00, 0x00, 0x00, 0x00, 0x00, 0x00,
  0x00, 0x00, 0x00, 0x00, 0x00, 0x00, 0x00, 0x00, 0x00, 0x00, 0x00, 0x00,
  0x00, 0x00, 0x00, 0x00, 0x00, 0x00, 0x00, 0x00, 0x00, 0x00, 0x00, 0x00,
  0x00, 0x00, 0x00, 0x00, 0x00, 0x00, 0x00, 0x00, 0x00, 0x00, 0x00, 0x00,
  0x00, 0x00, 0x00, 0x00, 0x00, 0x00, 0x00, 0x00, 0x00, 0x00, 0x00, 0x00,
  0x00, 0x00, 0x00, 0x00, 0x00, 0x00, 0x00, 0x00, 0x00, 0x00, 0x00, 0x00,
  0x00, 0x00, 0x00, 0x00, 0x00, 0x00, 0x00, 0x00, 0x00, 0x00, 0x00, 0x00,
  0x00, 0x00, 0x00, 0x00, 0x00, 0x00, 0x00, 0x00, 0x00, 0x00, 0x00, 0x00,
  0x00, 0x00, 0x00, 0x00, 0x00, 0x00, 0x00, 0x00, 0x00, 0x00, 0x00, 0x00,
  0x00, 0x00, 0x00, 0x00, 0x00, 0x00, 0x00, 0x00, 0x00, 0x00, 0x00, 0x00,
  0x00, 0x00, 0x00, 0x00, 0x00, 0x02, 0x06, 0x09, 0x00, 0x16, 0xd2, 0xfd,
  0xf8, 0xf9, 0xfc, 0xfb, 0xfc, 0xfb, 0xfa, 0xfa, 0xfb, 0xfc, 0xfb, 0xfc,
  0xfc, 0xfb, 0xfa, 0xfb, 0xfb, 0xfb, 0xfa, 0xf9, 0xf9, 0xfa, 0xfb, 0xfb,
  0xfc, 0xfc, 0xfc, 0xfc, 0xfb, 0xfc, 0xfc, 0xfb, 0xfc, 0xfd, 0xfd, 0xfc,
  0xfd, 0xfd, 0xfb, 0xf6, 0xff, 0xa3, 0x1d, 0x00, 0x05, 0x08, 0x05, 0x02,
  0x01, 0x01, 0x01, 0x02, 0x02, 0x03, 0x03, 0x03, 0x03, 0x03, 0x03, 0x03,
  0x03, 0x02, 0x02, 0x02, 0x02, 0x01, 0x01, 0x01, 0x01, 0x01, 0x01, 0x01,
  0x01, 0x01, 0x01, 0x02, 0x04, 0x04, 0x04, 0x01, 0x04, 0x83, 0xf7, 0xfd,
  0xf3, 0xf6, 0xfa, 0xfd, 0xfe, 0xfe, 0xfd, 0xfd, 0xfc, 0xfd, 0xfc, 0xfc,
  0xfd, 0xfd, 0xfd, 0xfd, 0xfc, 0xfb, 0xfb, 0xfa, 0xfb, 0xfc, 0xfb, 0xfa,
  0xfa, 0xfb, 0xfb, 0xfa, 0xfa, 0xfa, 0xfb, 0xfc, 0xfb, 0xfa, 0xfa, 0xfa,
  0xfb, 0xfc, 0xfc, 0xfb, 0xfa, 0xf8, 0xf2, 0xfe, 0xef, 0x74, 0x02, 0x06,
  0x08, 0x03, 0x00, 0x00, 0x00, 0x00, 0x00, 0x00, 0x00, 0x00, 0x00, 0x00,
  0x01, 0x01, 0x00, 0x00, 0x00, 0x00, 0x00, 0x00, 0x00, 0x00, 0x00, 0x00,
  0x00, 0x00, 0x00, 0x00, 0x00, 0x00, 0x00, 0x00, 0x00, 0x00, 0x00, 0x00,
  0x00, 0x00, 0x00, 0x00, 0x00, 0x00, 0x00, 0x00, 0x00, 0x00, 0x00, 0x00,
  0x00, 0x00, 0x00, 0x00, 0x00, 0x00, 0x00, 0x00, 0x00, 0x00, 0x00, 0x00,
  0x00, 0x00, 0x00, 0x00, 0x00, 0x00, 0x00, 0x00, 0x01, 0x00, 0x00, 0x00,
  0x00, 0x00, 0x02, 0x01, 0x20, 0xaf, 0xff, 0xf3, 0xf7, 0xf9, 0xfc, 0xfd,
  0xfd, 0xfd, 0xfc, 0xfd, 0xfc, 0xfc, 0xfb, 0xfa, 0xfb, 0xfc, 0xfc, 0xfc,
  0xfb, 0xfb, 0xfb, 0xfa, 0xfa, 0xfb, 0xfc, 0xfb, 0xfc, 0xfb, 0xfa, 0xfa,
  0xfa, 0xfa, 0xfa, 0xfb, 0xfb, 0xfa, 0xfb, 0xfb, 0xfa, 0xfb, 0xfc, 0xfb,
  0xfb, 0xfb, 0xfb, 0xfb, 0xfc, 0xfd, 0xfc, 0xfb, 0xfb, 0xfb, 0xfb, 0xfc,
  0xfb, 0xfa, 0xfa, 0xfa, 0xfb, 0xfb, 0xfa, 0xfb, 0xfb, 0xfc, 0xfc, 0xfc,
  0xfb, 0xfc, 0xfd, 0xfc, 0xfc, 0xfd, 0xfc, 0xfb, 0xfb, 0xfb, 0xfa, 0xfa,
  0xfb, 0xfb, 0xfa, 0xfa, 0xfa, 0xfa, 0xfb, 0xfa, 0xfa, 0xfa, 0xfb, 0xfa,
  0xfa, 0xfb, 0xfa, 0xfa, 0xfb, 0xfb, 0xfb, 0xfa, 0xfa, 0xfb, 0xfb, 0xfc,
  0xfc, 0xfd, 0xfc, 0xfb, 0xfc, 0xfd, 0xfc, 0xfb, 0xfc, 0xfb, 0xfa, 0xfa,
  0xfa, 0xfa, 0xfa, 0xfa, 0xfa, 0xfb, 0xfc, 0xfb, 0xfa, 0xfb, 0xfb, 0xfb,
  0xfb, 0xfb, 0xfa, 0xf9, 0xfb, 0xfc, 0xfb, 0xfb, 0xfb, 0xfb, 0xfb, 0xfc,
  0xfc, 0xfc, 0xfd, 0xfd, 0xfc, 0xfb, 0xfb, 0xfc, 0xfd, 0xfd, 0xfc, 0xfb,
  0xfb, 0xfc, 0xfb, 0xfa, 0xfa, 0xfb, 0xfb, 0xfa, 0xfa, 0xf8, 0xf7, 0xf3,
  0xf9, 0xfe, 0xa1, 0x20, 0x02, 0x07, 0x04, 0x03, 0x00, 0x00, 0x00, 0x00,
  0x00, 0x00, 0x00, 0x00, 0x00, 0x00, 0x00, 0x00, 0x00, 0x00, 0x00, 0x00,
  0x00, 0x00, 0x00, 0x00, 0x00, 0x00, 0x00, 0x00, 0x00, 0x00, 0x00, 0x00,
  0x00, 0x00, 0x00, 0x00, 0x00, 0x00, 0x00, 0x00, 0x00, 0x00, 0x00, 0x00,
  0x00, 0x00, 0x00, 0x00, 0x00, 0x00, 0x00, 0x00, 0x00, 0x00, 0x00, 0x00,
  0x00, 0x00, 0x00, 0x00, 0x01, 0x02, 0x0b, 0x00, 0x3e, 0xca, 0xff, 0xf4,
  0xf3, 0xf9, 0xfc, 0xfe, 0xfe, 0xfc, 0xfc, 0xfc, 0xfc, 0xfb, 0xfc, 0xfc,
  0xfb, 0xfc, 0xfc, 0xfc, 0xfc, 0xfc, 0xfc, 0xfc, 0xfc, 0xfc, 0xfc, 0xfc,
  0xfb, 0xfb, 0xfb, 0xfb, 0xfb, 0xfb, 0xfb, 0xfb, 0xfa, 0xfb, 0xfb, 0xfb,
  0xfb, 0xfb, 0xfa, 0xfb, 0xfa, 0xfb, 0xfb, 0xfa, 0xfb, 0xfc, 0xfc, 0xfb,
  0xfc, 0xfc, 0xfb, 0xfb, 0xfc, 0xfb, 0xfa, 0xfb, 0xfb, 0xfc, 0xfc, 0xfc,
  0xfb, 0xfc, 0xfc, 0xfc, 0xfb, 0xfb, 0xfa, 0xfb, 0xfb, 0xfb, 0xfb, 0xfb,
  0xfa, 0xfa, 0xfb, 0xfc, 0xfa, 0xfb, 0xfc, 0xfb, 0xfb, 0xfb, 0xfb, 0xfb,
  0xfb, 0xfb, 0xfa, 0xfb, 0xfc, 0xfb, 0xfc, 0xfd, 0xfc, 0xfb, 0xfc, 0xfc,
  0xfb, 0xfc, 0xfb, 0xfb, 0xfc, 0xfb, 0xfa, 0xfa, 0xf9, 0xf9, 0xfa, 0xfb,
  0xfb, 0xfb, 0xfb, 0xfa, 0xfa, 0xfb, 0xfb, 0xfb, 0xfb, 0xfb, 0xfc, 0xfb,
  0xfa, 0xfa, 0xfa, 0xfa, 0xfa, 0xfb, 0xfa, 0xfa, 0xfb, 0xfa, 0xfb, 0xfc,
  0xfb, 0xfb, 0xfb, 0xfc, 0xfb, 0xfb, 0xfc, 0xfc, 0xfb, 0xfb, 0xfb, 0xfa,
  0xfb, 0xfb, 0xfb, 0xfb, 0xfc, 0xfd, 0xfc, 0xfc, 0xfd, 0xfd, 0xfc, 0xfd,
  0xfc, 0xfb, 0xfa, 0xf8, 0xf6, 0xf1, 0xfc, 0xe9, 0x68, 0x00, 0x0a, 0x06,
  0x03, 0x02, 0x01, 0x01, 0x01, 0x00, 0x00, 0x00, 0x00, 0x00, 0x00, 0x00,
  0x00, 0x00, 0x00, 0x00, 0x00, 0x00, 0x00, 0x00, 0x00, 0x00, 0x00, 0x00,
  0x00, 0x00, 0x00, 0x00, 0x00, 0x00, 0x00, 0x00, 0x00, 0x00, 0x00, 0x00,
  0x00, 0x00, 0x00, 0x00, 0x01, 0x01, 0x01, 0x08, 0x00, 0x80, 0xf7, 0xff,
  0xf6, 0xf8, 0xfb, 0xfc, 0xfb, 0xfc, 0xfc, 0xfc, 0xfb, 0xfc, 0xfc, 0xfb,
  0xfc, 0xfc, 0xfc, 0xfc, 0xfb, 0xfc, 0xfb, 0xfa, 0xfb, 0xfa, 0xfb, 0xfc,
  0xfb, 0xfa, 0xfa, 0xfa, 0xfb, 0xfb, 0xfa, 0xfb, 0xfa, 0xfb, 0xfd, 0xfd,
  0xfa, 0xf8, 0xf0, 0xfd, 0xed, 0x73, 0x07, 0x00, 0x02, 0x00, 0x00, 0x00,
  0x00, 0x00, 0x00, 0x00, 0x00, 0x00, 0x00, 0x00, 0x00, 0x00, 0x00, 0x00,
  0x00, 0x00, 0x00, 0x00, 0x00, 0x00, 0x00, 0x00, 0x00, 0x00, 0x00, 0x01,
  0x00, 0x00, 0x00, 0x00, 0x00, 0x00, 0x00, 0x00, 0x00, 0x00, 0x00, 0x00,
  0x00, 0x00, 0x00, 0x00, 0x00, 0x00, 0x00, 0x00, 0x00, 0x00, 0x00, 0x00,
  0x00, 0x00, 0x00, 0x00, 0x00, 0x00, 0x00, 0x00, 0x00, 0x00, 0x00, 0x00,
  0x00, 0x00, 0x00, 0x00, 0x00, 0x00, 0x00, 0x00, 0x00, 0x00, 0x00, 0x00,
  0x00, 0x00, 0x00, 0x00, 0x00, 0x00, 0x00, 0x00, 0x00, 0x00, 0x00, 0x00,
  0x00, 0x00, 0x00, 0x00, 0x00, 0x00, 0x00, 0x00, 0x00, 0x00, 0x00, 0x00,
  0x00, 0x00, 0x00, 0x00, 0x00, 0x00, 0x00, 0x00, 0x00, 0x00, 0x00, 0x00,
  0x00, 0x00, 0x00, 0x00, 0x00, 0x00, 0x00, 0x00, 0x00, 0x00, 0x01, 0x00,
  0x00, 0x00, 0x00, 0x00, 0x00, 0x00, 0x00, 0x00, 0x00, 0x00, 0x00, 0x03,
  0x07, 0x09, 0x00, 0x16, 0xd3, 0xfd, 0xf8, 0xf8, 0xfb, 0xfc, 0xfb, 0xfc,
  0xfb, 0xfa, 0xfb, 0xfc, 0xfb, 0xfc, 0xfb, 0xfa, 0xfa, 0xfb, 0xfb, 0xfb,
  0xfa, 0xf9, 0xf9, 0xfa, 0xfb, 0xfa, 0xfb, 0xfb, 0xfb, 0xfb, 0xfb, 0xfc,
  0xfc, 0xfb, 0xfc, 0xfd, 0xfd, 0xfc, 0xfd, 0xfd, 0xfc, 0xf6, 0xff, 0xa2,
  0x1c, 0x00, 0x04, 0x05, 0x02, 0x00, 0x00, 0x00, 0x00, 0x00, 0x00, 0x01,
  0x02, 0x02, 0x02, 0x02, 0x02, 0x01, 0x01, 0x01, 0x00, 0x00, 0x00, 0x00,
  0x00, 0x00, 0x00, 0x00, 0x00, 0x00, 0x00, 0x00, 0x00, 0x00, 0x00, 0x00,
  0x02, 0x05, 0x00, 0x18, 0xa9, 0xfd, 0xf7, 0xf1, 0xfa, 0xfd, 0xfe, 0xfe,
  0xfe, 0xfd, 0xfc, 0xfd, 0xfd, 0xfd, 0xfc, 0xfc, 0xfc, 0xfc, 0xfc, 0xfb,
  0xfc, 0xfb, 0xfa, 0xfb, 0xfb, 0xfa, 0xfb, 0xfa, 0xf9, 0xfa, 0xfb, 0xfa,
  0xfb, 0xfb, 0xfa, 0xfb, 0xfb, 0xfb, 0xfa, 0xfb, 0xfb, 0xfb, 0xfa, 0xf8,
  0xf5, 0xf2, 0xff, 0xde, 0x53, 0x00, 0x0b, 0x05, 0x01, 0x00, 0x00, 0x00,
  0x00, 0x00, 0x00, 0x00, 0x00, 0x00, 0x00, 0x00, 0x00, 0x00, 0x00, 0x00,
  0x00, 0x00, 0x00, 0x00, 0x00, 0x00, 0x00, 0x00, 0x00, 0x00, 0x00, 0x00,
  0x00, 0x00, 0x00, 0x00, 0x00, 0x00, 0x00, 0x00, 0x00, 0x00, 0x00, 0x00,
  0x00, 0x00, 0x00, 0x00, 0x01, 0x00, 0x00, 0x00, 0x00, 0x00, 0x00, 0x00,
  0x00, 0x00, 0x00, 0x00, 0x00, 0x00, 0x01, 0x00, 0x00, 0x00, 0x00, 0x00,
  0x00, 0x00, 0x01, 0x01, 0x01, 0x01, 0x00, 0x00, 0x03, 0x00, 0x73, 0xf1,
  0xfa, 0xf2, 0xf7, 0xf9, 0xfb, 0xfc, 0xfc, 0xfc, 0xfd, 0xfc, 0xfb, 0xfc,
  0xfb, 0xfb, 0xfb, 0xfa, 0xfb, 0xfb, 0xfb, 0xfa, 0xfb, 0xfb, 0xfa, 0xfb,
  0xfc, 0xfb, 0xfb, 0xfb, 0xfb, 0xfb, 0xfb, 0xfb, 0xfb, 0xfa, 0xfa, 0xfb,
  0xfa, 0xfa, 0xfa, 0xfb, 0xfb, 0xfc, 0xfd, 0xfc, 0xfc, 0xfc, 0xfc, 0xfc,
  0xfb, 0xfc, 0xfc, 0xfc, 0xfc, 0xfc, 0xfb, 0xfa, 0xfb, 0xfa, 0xf9, 0xfa,
  0xfb, 0xfa, 0xfb, 0xfb, 0xfb, 0xfb, 0xfc, 0xfc, 0xfc, 0xfc, 0xfc, 0xfc,
  0xfc, 0xfb, 0xfc, 0xfb, 0xfb, 0xfa, 0xfa, 0xfb, 0xfa, 0xfb, 0xfc, 0xfb,
  0xfa, 0xfb, 0xfb, 0xfa, 0xfb, 0xfb, 0xfb, 0xfb, 0xfb, 0xfb, 0xfb, 0xfa,
  0xfb, 0xfb, 0xfb, 0xfb, 0xfc, 0xfc, 0xfc, 0xfc, 0xfc, 0xfb, 0xfc, 0xfc,
  0xfc, 0xfc, 0xfb, 0xfa, 0xfb, 0xfb, 0xfb, 0xfb, 0xfb, 0xfb, 0xfb, 0xfb,
  0xfc, 0xfb, 0xfa, 0xfb, 0xfa, 0xfa, 0xfa, 0xfb, 0xfa, 0xfa, 0xfb, 0xfb,
  0xfc, 0xfd, 0xfc, 0xfc, 0xfc, 0xfc, 0xfb, 0xfc, 0xfc, 0xfc, 0xfc, 0xfc,
  0xfc, 0xfc, 0xfb, 0xfc, 0xfd, 0xfd, 0xfc, 0xfb, 0xfb, 0xfa, 0xfb, 0xfa,
  0xfa, 0xf9, 0xfa, 0xf9, 0xf8, 0xf7, 0xf3, 0xff, 0xea, 0x63, 0x00, 0x08,
  0x05, 0x04, 0x01, 0x00, 0x00, 0x00, 0x00, 0x00, 0x00, 0x00, 0x00, 0x00,
  0x00, 0x00, 0x00, 0x00, 0x00, 0x00, 0x00, 0x00, 0x00, 0x00, 0x00, 0x00,
  0x00, 0x00, 0x00, 0x00, 0x00, 0x00, 0x00, 0x00, 0x00, 0x00, 0x00, 0x00,
  0x00, 0x00, 0x00, 0x00, 0x00, 0x00, 0x00, 0x00, 0x00, 0x00, 0x00, 0x00,
  0x00, 0x00, 0x00, 0x00, 0x00, 0x00, 0x00, 0x00, 0x00, 0x03, 0x03, 0x04,
  0x05, 0x08, 0x88, 0xfa, 0xfc, 0xf2, 0xf6, 0xf9, 0xfc, 0xfd, 0xfd, 0xfc,
  0xfc, 0xfd, 0xfc, 0xfb, 0xfb, 0xfc, 0xfb, 0xfb, 0xfc, 0xfc, 0xfc, 0xfb,
  0xfb, 0xfb, 0xfb, 0xfc, 0xfd, 0xfd, 0xfc, 0xfb, 0xfc, 0xfc, 0xfc, 0xfc,
  0xfb, 0xfb, 0xfb, 0xfa, 0xfa, 0xfb, 0xfb, 0xfa, 0xfb, 0xfa, 0xfa, 0xfb,
  0xfc, 0xfb, 0xfb, 0xfb, 0xfb, 0xfc, 0xfc, 0xfc, 0xfc, 0xfc, 0xfc, 0xfb,
  0xfa, 0xfa, 0xfb, 0xfb, 0xfc, 0xfb, 0xfb, 0xfc, 0xfd, 0xfc, 0xfc, 0xfb,
  0xfb, 0xfb, 0xfc, 0xfc, 0xfc, 0xfc, 0xfb, 0xfb, 0xfc, 0xfc, 0xfb, 0xfb,
  0xfb, 0xfb, 0xfb, 0xfb, 0xfb, 0xfc, 0xfc, 0xfc, 0xfb, 0xfb, 0xfc, 0xfb,
  0xfc, 0xfc, 0xfb, 0xfb, 0xfc, 0xfc, 0xfb, 0xfc, 0xfb, 0xfb, 0xfb, 0xfb,
  0xfb, 0xfa, 0xf9, 0xf9, 0xf9, 0xfa, 0xfb, 0xfa, 0xfa, 0xfb, 0xfb, 0xfb,
  0xfb, 0xfb, 0xfc, 0xfc, 0xfc, 0xfb, 0xfa, 0xfb, 0xfa, 0xfb, 0xfb, 0xfa,
  0xfb, 0xfb, 0xfb, 0xfa, 0xfb, 0xfc, 0xfc, 0xfc, 0xfc, 0xfc, 0xfb, 0xfb,
  0xfc, 0xfc, 0xfb, 0xfa, 0xfa, 0xfb, 0xfc, 0xfc, 0xfc, 0xfb, 0xfc, 0xfd,
  0xfd, 0xfd, 0xfc, 0xfc, 0xfb, 0xfc, 0xfc, 0xfb, 0xfa, 0xf8, 0xf7, 0xf5,
  0xf4, 0xff, 0xc3, 0x22, 0x05, 0x06, 0x04, 0x03, 0x02, 0x02, 0x01, 0x01,
  0x01, 0x00, 0x01, 0x00, 0x00, 0x00, 0x00, 0x00, 0x00, 0x00, 0x00, 0x00,
  0x00, 0x00, 0x00, 0x00, 0x00, 0x00, 0x00, 0x00, 0x00, 0x00, 0x00, 0x00,
  0x00, 0x00, 0x00, 0x00, 0x00, 0x00, 0x00, 0x00, 0x00, 0x00, 0x01, 0x01,
  0x01, 0x08, 0x00, 0x80, 0xf7, 0xff, 0xf5, 0xf8, 0xfa, 0xfb, 0xfc, 0xfb,
  0xfb, 0xfb, 0xfc, 0xfc, 0xfc, 0xfb, 0xfc, 0xfc, 0xfc, 0xfc, 0xfb, 0xfc,
  0xfb, 0xfa, 0xfb, 0xfa, 0xfb, 0xfc, 0xfb, 0xfa, 0xfb, 0xfb, 0xfa, 0xfa,
  0xfb, 0xfa, 0xfa, 0xfb, 0xfc, 0xfc, 0xf9, 0xf7, 0xf0, 0xfd, 0xeb, 0x71,
  0x06, 0x01, 0x02, 0x00, 0x00, 0x00, 0x00, 0x00, 0x00, 0x00, 0x00, 0x00,
  0x00, 0x00, 0x00, 0x00, 0x00, 0x00, 0x00, 0x00, 0x00, 0x00, 0x00, 0x00,
  0x00, 0x00, 0x00, 0x00, 0x00, 0x00, 0x00, 0x00, 0x00, 0x00, 0x00, 0x00,
  0x00, 0x00, 0x00, 0x00, 0x00, 0x00, 0x00, 0x00, 0x00, 0x00, 0x00, 0x00,
  0x00, 0x00, 0x00, 0x00, 0x00, 0x00, 0x00, 0x00, 0x00, 0x00, 0x00, 0x00,
  0x00, 0x00, 0x00, 0x00, 0x00, 0x00, 0x00, 0x00, 0x00, 0x00, 0x00, 0x00,
  0x00, 0x00, 0x00, 0x00, 0x00, 0x00, 0x00, 0x00, 0x00, 0x00, 0x00, 0x00,
  0x00, 0x00, 0x00, 0x00, 0x00, 0x00, 0x00, 0x00, 0x00, 0x00, 0x00, 0x00,
  0x00, 0x00, 0x00, 0x00, 0x00, 0x00, 0x00, 0x00, 0x00, 0x00, 0x00, 0x00,
  0x00, 0x00, 0x00, 0x00, 0x00, 0x00, 0x00, 0x00, 0x00, 0x00, 0x00, 0x00,
  0x00, 0x00, 0x00, 0x00, 0x00, 0x00, 0x00, 0x00, 0x00, 0x00, 0x00, 0x00,
  0x00, 0x00, 0x00, 0x00, 0x00, 0x03, 0x07, 0x09, 0x00, 0x16, 0xd2, 0xfd,
  0xf8, 0xf8, 0xfb, 0xfb, 0xfc, 0xfc, 0xfc, 0xfb, 0xfb, 0xfc, 0xfc, 0xfc,
  0xfc, 0xfb, 0xfa, 0xfb, 0xfb, 0xfb, 0xfa, 0xf9, 0xf9, 0xfa, 0xfb, 0xfb,
  0xfa, 0xfa, 0xfa, 0xfb, 0xfc, 0xfb, 0xfc, 0xfb, 0xfc, 0xfd, 0xfe, 0xfd,
  0xfc, 0xfd, 0xfc, 0xf7, 0xff, 0xa2, 0x1c, 0x00, 0x04, 0x05, 0x02, 0x00,
  0x00, 0x00, 0x00, 0x00, 0x00, 0x00, 0x01, 0x01, 0x01, 0x01, 0x02, 0x01,
  0x00, 0x01, 0x00, 0x00, 0x00, 0x00, 0x00, 0x00, 0x00, 0x00, 0x00, 0x00,
  0x00, 0x00, 0x00, 0x00, 0x00, 0x00, 0x01, 0x04, 0x09, 0x00, 0x3c, 0xcb,
  0xfe, 0xf7, 0xf7, 0xfa, 0xfb, 0xfe, 0xfe, 0xfd, 0xfd, 0xfc, 0xfc, 0xfc,
  0xfc, 0xfb, 0xfb, 0xfb, 0xfb, 0xfb, 0xfc, 0xfb, 0xfa, 0xfa, 0xfa, 0xfb,
  0xfa, 0xf9, 0xfa, 0xfa, 0xfb, 0xfa, 0xfb, 0xfb, 0xfa, 0xfb, 0xfc, 0xfc,
  0xfb, 0xfb, 0xfa, 0xfa, 0xfb, 0xf9, 0xf7, 0xf2, 0xf7, 0xff, 0xc3, 0x37,
  0x00, 0x0a, 0x03, 0x03, 0x02, 0x00, 0x00, 0x00, 0x00, 0x00, 0x00, 0x00,
  0x00, 0x00, 0x00, 0x00, 0x00, 0x00, 0x00, 0x00, 0x00, 0x00, 0x00, 0x00,
  0x00, 0x00, 0x00, 0x00, 0x00, 0x00, 0x00, 0x00, 0x00, 0x00, 0x00, 0x00,
  0x00, 0x00, 0x00, 0x00, 0x00, 0x00, 0x00, 0x00, 0x00, 0x00, 0x00, 0x00,
  0x00, 0x00, 0x00, 0x00, 0x00, 0x00, 0x00, 0x00, 0x00, 0x00, 0x00, 0x01,
  0x00, 0x00, 0x00, 0x00, 0x00, 0x00, 0x00, 0x00, 0x01, 0x02, 0x03, 0x04,
  0x03, 0x02, 0x02, 0x2f, 0xc3, 0xff, 0xf3, 0xf6, 0xf7, 0xf9, 0xfb, 0xfb,
  0xfb, 0xfc, 0xfc, 0xfb, 0xfb, 0xfc, 0xfc, 0xfc, 0xfb, 0xfb, 0xfb, 0xfa,
  0xfb, 0xfb, 0xfb, 0xfb, 0xfa, 0xfb, 0xfb, 0xfc, 0xfc, 0xfb, 0xfc, 0xfb,
  0xfc, 0xfb, 0xfb, 0xfb, 0xfb, 0xfa, 0xfb, 0xfb, 0xfa, 0xfb, 0xfc, 0xfc,
  0xfc, 0xfd, 0xfc, 0xfd, 0xfc, 0xfb, 0xfb, 0xfd, 0xfd, 0xfd, 0xfc, 0xfb,
  0xfb, 0xfb, 0xfa, 0xfa, 0xfa, 0xfa, 0xfb, 0xfb, 0xfa, 0xfa, 0xfa, 0xfb,
  0xfc, 0xfb, 0xfb, 0xfb, 0xfb, 0xfb, 0xfb, 0xfb, 0xfb, 0xfb, 0xfb, 0xfa,
  0xfb, 0xfb, 0xfa, 0xfb, 0xfc, 0xfb, 0xfb, 0xfa, 0xfa, 0xfb, 0xfb, 0xfc,
  0xfc, 0xfc, 0xfc, 0xfc, 0xfb, 0xfb, 0xfb, 0xfc, 0xfb, 0xfb, 0xfb, 0xfc,
  0xfc, 0xfc, 0xfb, 0xfb, 0xfc, 0xfb, 0xfb, 0xfc, 0xfb, 0xfb, 0xfb, 0xfc,
  0xfb, 0xfc, 0xfc, 0xfc, 0xfc, 0xfc, 0xfc, 0xfb, 0xfb, 0xfa, 0xfb, 0xfb,
  0xfb, 0xfb, 0xfb, 0xfb, 0xfa, 0xfc, 0xfc, 0xfc, 0xfc, 0xfd, 0xfd, 0xfc,
  0xfb, 0xfc, 0xfb, 0xfc, 0xfd, 0xfd, 0xfd, 0xfb, 0xfc, 0xfd, 0xfc, 0xfc,
  0xfc, 0xfb, 0xfb, 0xfb, 0xfa, 0xfa, 0xf9, 0xf9, 0xfa, 0xf9, 0xf8, 0xf8,
  0xf4, 0xf7, 0xff, 0xb9, 0x31, 0x03, 0x09, 0x03, 0x02, 0x00, 0x00, 0x00,
  0x01, 0x00, 0x00, 0x00, 0x00, 0x00, 0x00, 0x00, 0x00, 0x00, 0x01, 0x00,
  0x00, 0x00, 0x00, 0x00, 0x00, 0x00, 0x00, 0x00, 0x00, 0x00, 0x00, 0x00,
  0x00, 0x00, 0x00, 0x00, 0x00, 0x00, 0x00, 0x00, 0x00, 0x00, 0x00, 0x00,
  0x00, 0x00, 0x00, 0x00, 0x00, 0x00, 0x00, 0x00, 0x00, 0x00, 0x00, 0x00,
  0x00, 0x00, 0x02, 0x04, 0x06, 0x0a, 0x00, 0x45, 0xd2, 0xff, 0xf6, 0xf7,
  0xf9, 0xfa, 0xfb, 0xfc, 0xfc, 0xfd, 0xfd, 0xfd, 0xfc, 0xfc, 0xfc, 0xfb,
  0xfc, 0xfc, 0xfb, 0xfb, 0xfc, 0xfc, 0xfc, 0xfc, 0xfb, 0xfc, 0xfc, 0xfc,
  0xfc, 0xfb, 0xfb, 0xfb, 0xfb, 0xfb, 0xfc, 0xfc, 0xfc, 0xfb, 0xfb, 0xfa,
  0xfb, 0xfb, 0xfa, 0xfb, 0xfb, 0xfa, 0xfb, 0xfc, 0xfc, 0xfc, 0xfc, 0xfc,
  0xfb, 0xfc, 0xfb, 0xfb, 0xfb, 0xfb, 0xfa, 0xfa, 0xfa, 0xfb, 0xfb, 0xfc,
  0xfb, 0xfc, 0xfc, 0xfd, 0xfc, 0xfb, 0xfc, 0xfc, 0xfb, 0xfb, 0xfb, 0xfb,
  0xfb, 0xfb, 0xfb, 0xfb, 0xfc, 0xfb, 0xfa, 0xfa, 0xfa, 0xfa, 0xfb, 0xfc,
  0xfb, 0xfb, 0xfc, 0xfc, 0xfc, 0xfb, 0xfc, 0xfc, 0xfb, 0xfc, 0xfc, 0xfc,
  0xfc, 0xfb, 0xfc, 0xfc, 0xfa, 0xfa, 0xfa, 0xfa, 0xfa, 0xfa, 0xfa, 0xf9,
  0xfa, 0xfb, 0xfa, 0xfb, 0xfc, 0xfa, 0xfb, 0xfb, 0xfc, 0xfb, 0xfc, 0xfb,
  0xfa, 0xfa, 0xfa, 0xfb, 0xfc, 0xfb, 0xfa, 0xfa, 0xfa, 0xfa, 0xfb, 0xfb,
  0xfb, 0xfb, 0xfb, 0xfb, 0xfc, 0xfc, 0xfb, 0xfc, 0xfb, 0xfa, 0xfa, 0xfb,
  0xfc, 0xfb, 0xfc, 0xfc, 0xfc, 0xfc, 0xfc, 0xfc, 0xfc, 0xfb, 0xfc, 0xfc,
  0xfb, 0xfa, 0xfa, 0xf9, 0xf7, 0xf8, 0xf5, 0xfc, 0xf7, 0x85, 0x00, 0x07,
  0x05, 0x04, 0x03, 0x03, 0x03, 0x02, 0x01, 0x00, 0x01, 0x00, 0x00, 0x00,
  0x00, 0x00, 0x00, 0x00, 0x00, 0x00, 0x00, 0x00, 0x00, 0x00, 0x00, 0x00,
  0x00, 0x00, 0x00, 0x00, 0x00, 0x00, 0x00, 0x00, 0x00, 0x00, 0x00, 0x00,
  0x00, 0x00, 0x00, 0x00, 0x00, 0x01, 0x01, 0x07, 0x00, 0x80, 0xf7, 0xff,
  0xf5, 0xf8, 0xfa, 0xfc, 0xfd, 0xfc, 0xfc, 0xfc, 0xfd, 0xfc, 0xfb, 0xfc,
  0xfc, 0xfb, 0xfb, 0xfb, 0xfc, 0xfb, 0xfb, 0xfa, 0xfa, 0xfa, 0xfb, 0xfb,
  0xfa, 0xfa, 0xfb, 0xfa, 0xfb, 0xfb, 0xfa, 0xfb, 0xfb, 0xfb, 0xfc, 0xfc,
  0xf9, 0xf7, 0xf0, 0xfd, 0xea, 0x6f, 0x06, 0x01, 0x03, 0x00, 0x00, 0x00,
  0x00, 0x00, 0x00, 0x00, 0x00, 0x00, 0x00, 0x00, 0x00, 0x00, 0x00, 0x00,
  0x00, 0x00, 0x00, 0x00, 0x00, 0x00, 0x00, 0x00, 0x00, 0x00, 0x00, 0x00,
  0x00, 0x00, 0x00, 0x00, 0x00, 0x00, 0x00, 0x00, 0x00, 0x00, 0x00, 0x00,
  0x00, 0x00, 0x00, 0x00, 0x00, 0x00, 0x00, 0x00, 0x00, 0x00, 0x00, 0x00,
  0x00, 0x00, 0x00, 0x00, 0x00, 0x00, 0x00, 0x00, 0x00, 0x00, 0x00, 0x00,
  0x00, 0x00, 0x00, 0x00, 0x00, 0x00, 0x00, 0x00, 0x00, 0x00, 0x00, 0x00,
  0x00, 0x00, 0x00, 0x00, 0x00, 0x00, 0x00, 0x00, 0x00, 0x00, 0x00, 0x00,
  0x00, 0x00, 0x00, 0x00, 0x00, 0x00, 0x00, 0x00, 0x00, 0x00, 0x00, 0x00,
  0x00, 0x00, 0x00, 0x00, 0x00, 0x00, 0x00, 0x00, 0x00, 0x00, 0x00, 0x00,
  0x00, 0x00, 0x00, 0x00, 0x00, 0x00, 0x00, 0x00, 0x00, 0x00, 0x00, 0x00,
  0x00, 0x00, 0x00, 0x00, 0x00, 0x00, 0x00, 0x00, 0x00, 0x00, 0x00, 0x03,
  0x07, 0x09, 0x00, 0x16, 0xd2, 0xfd, 0xf8, 0xf8, 0xfa, 0xfb, 0xfc, 0xfb,
  0xfc, 0xfb, 0xfa, 0xfb, 0xfb, 0xfb, 0xfb, 0xfc, 0xfb, 0xfc, 0xfb, 0xfb,
  0xfa, 0xf9, 0xf9, 0xf9, 0xfa, 0xfa, 0xfb, 0xfb, 0xfa, 0xfc, 0xfb, 0xfb,
  0xfc, 0xfc, 0xfd, 0xfd, 0xfe, 0xfd, 0xfc, 0xfd, 0xfc, 0xf8, 0xff, 0xa2,
  0x1c, 0x00, 0x04, 0x05, 0x02, 0x00, 0x00, 0x00, 0x00, 0x00, 0x00, 0x01,
  0x00, 0x01, 0x02, 0x02, 0x01, 0x01, 0x00, 0x00, 0x00, 0x00, 0x00, 0x00,
  0x00, 0x00, 0x00, 0x00, 0x00, 0x00, 0x00, 0x00, 0x00, 0x00, 0x01, 0x02,
  0x02, 0x02, 0x05, 0x08, 0x02, 0x64, 0xe5, 0xfe, 0xf6, 0xf6, 0xf9, 0xfc,
  0xfe, 0xfe, 0xfe, 0xfc, 0xfc, 0xfc, 0xfb, 0xfb, 0xfc, 0xfc, 0xfc, 0xfc,
  0xfc, 0xfb, 0xfa, 0xfb, 0xfa, 0xfa, 0xf9, 0xfa, 0xfb, 0xfb, 0xfa, 0xfa,
  0xfb, 0xfb, 0xfb, 0xfb, 0xfb, 0xfb, 0xfc, 0xfc, 0xfb, 0xfa, 0xfa, 0xf9,
  0xf7, 0xf6, 0xf3, 0xfb, 0xfc, 0xa2, 0x1b, 0x03, 0x0a, 0x08, 0x05, 0x01,
  0x00, 0x00, 0x00, 0x00, 0x00, 0x00, 0x00, 0x00, 0x00, 0x00, 0x00, 0x00,
  0x00, 0x00, 0x00, 0x00, 0x00, 0x00, 0x00, 0x00, 0x00, 0x00, 0x00, 0x00,
  0x00, 0x00, 0x00, 0x00, 0x00, 0x00, 0x00, 0x00, 0x00, 0x00, 0x00, 0x00,
  0x00, 0x00, 0x00, 0x01, 0x00, 0x00, 0x00, 0x00, 0x00, 0x00, 0x00, 0x00,
  0x00, 0x00, 0x00, 0x00, 0x00, 0x00, 0x00, 0x00, 0x00, 0x00, 0x00, 0x01,
  0x01, 0x01, 0x01, 0x02, 0x04, 0x06, 0x06, 0x06, 0x00, 0x8a, 0xf6, 0xf9,
  0xf4, 0xf8, 0xf9, 0xf9, 0xfa, 0xfb, 0xfc, 0xfd, 0xfc, 0xfb, 0xfc, 0xfc,
  0xfb, 0xfb, 0xfc, 0xfb, 0xfb, 0xfc, 0xfc, 0xfb, 0xfa, 0xfa, 0xfa, 0xfb,
  0xfb, 0xfc, 0xfd, 0xfc, 0xfc, 0xfc, 0xfc, 0xfb, 0xfa, 0xfb, 0xfb, 0xfa,
  0xfb, 0xfb, 0xfb, 0xfb, 0xfb, 0xfb, 0xfc, 0xfd, 0xfd, 0xfc, 0xfc, 0xfb,
  0xfb, 0xfc, 0xfc, 0xfc, 0xfb, 0xfc, 0xfc, 0xfb, 0xfb, 0xfb, 0xfa, 0xfa,
  0xfb, 0xfb, 0xfa, 0xfb, 0xfb, 0xfb, 0xfb, 0xfc, 0xfc, 0xfc, 0xfc, 0xfc,
  0xfc, 0xfc, 0xfc, 0xfa, 0xfa, 0xfb, 0xfb, 0xfb, 0xfa, 0xfb, 0xfc, 0xfc,
  0xfc, 0xfb, 0xfb, 0xfa, 0xfa, 0xfb, 0xfc, 0xfb, 0xfb, 0xfb, 0xfb, 0xfc,
  0xfb, 0xfc, 0xfc, 0xfc, 0xfb, 0xfb, 0xfb, 0xfb, 0xfc, 0xfc, 0xfb, 0xfb,
  0xfc, 0xfb, 0xfc, 0xfc, 0xfb, 0xfc, 0xfc, 0xfb, 0xfb, 0xfb, 0xfc, 0xfb,
  0xfb, 0xfb, 0xfc, 0xfb, 0xfa, 0xfb, 0xfb, 0xfb, 0xfa, 0xfa, 0xfa, 0xfb,
  0xfb, 0xfb, 0xfc, 0xfd, 0xfd, 0xfc, 0xfb, 0xfc, 0xfc, 0xfc, 0xfc, 0xfd,
  0xfd, 0xfc, 0xfd, 0xfd, 0xfc, 0xfb, 0xfc, 0xfc, 0xfc, 0xfb, 0xfa, 0xfa,
  0xfa, 0xfa, 0xfa, 0xf9, 0xf9, 0xf8, 0xf6, 0xf2, 0xfc, 0xf5, 0x7f, 0x00,
  0x07, 0x02, 0x01, 0x01, 0x01, 0x01, 0x01, 0x00, 0x00, 0x00, 0x00, 0x00,
  0x00, 0x00, 0x00, 0x00, 0x00, 0x00, 0x00, 0x00, 0x00, 0x00, 0x00, 0x00,
  0x00, 0x00, 0x00, 0x00, 0x00, 0x00, 0x00, 0x00, 0x00, 0x00, 0x00, 0x00,
  0x00, 0x00, 0x00, 0x00, 0x00, 0x00, 0x00, 0x00, 0x00, 0x00, 0x00, 0x00,
  0x00, 0x00, 0x00, 0x00, 0x00, 0x00, 0x00, 0x00, 0x01, 0x04, 0x07, 0x05,
  0x11, 0x95, 0xfb, 0xfc, 0xf5, 0xfa, 0xfb, 0xfb, 0xfa, 0xfb, 0xfc, 0xfc,
  0xfc, 0xfc, 0xfc, 0xfc, 0xfc, 0xfb, 0xfc, 0xfb, 0xfc, 0xfc, 0xfb, 0xfb,
  0xfb, 0xfb, 0xfc, 0xfb, 0xfb, 0xfb, 0xfb, 0xfc, 0xfc, 0xfc, 0xfc, 0xfc,
  0xfd, 0xfc, 0xfc, 0xfc, 0xfb, 0xfa, 0xfb, 0xfb, 0xfa, 0xfb, 0xfb, 0xfa,
  0xfb, 0xfc, 0xfb, 0xfb, 0xfd, 0xfc, 0xfc, 0xfc, 0xfb, 0xfb, 0xfc, 0xfb,
  0xfa, 0xfa, 0xfa, 0xfb, 0xfa, 0xfc, 0xfb, 0xfc, 0xfd, 0xfc, 0xfc, 0xfc,
  0xfc, 0xfb, 0xfc, 0xfb, 0xfb, 0xfc, 0xfc, 0xfc, 0xfc, 0xfc, 0xfc, 0xfb,
  0xfb, 0xfb, 0xfb, 0xfb, 0xfb, 0xfc, 0xfb, 0xfb, 0xfb, 0xfb, 0xfb, 0xfb,
  0xfb, 0xfc, 0xfb, 0xfb, 0xfb, 0xfb, 0xfc, 0xfb, 0xfc, 0xfc, 0xfb, 0xf9,
  0xf9, 0xfa, 0xfa, 0xfb, 0xfa, 0xfa, 0xfa, 0xfb, 0xfa, 0xfb, 0xfc, 0xfb,
  0xfc, 0xfc, 0xfc, 0xfc, 0xfc, 0xfb, 0xfb, 0xfb, 0xfb, 0xfb, 0xfb, 0xfb,
  0xfb, 0xfb, 0xfb, 0xfb, 0xfb, 0xfc, 0xfc, 0xfc, 0xfc, 0xfb, 0xfc, 0xfc,
  0xfc, 0xfc, 0xfc, 0xfb, 0xfb, 0xfb, 0xfb, 0xfc, 0xfc, 0xfd, 0xfc, 0xfb,
  0xfb, 0xfb, 0xfb, 0xfb, 0xfb, 0xfb, 0xfa, 0xf9, 0xfa, 0xf9, 0xf8, 0xf8,
  0xf8, 0xf6, 0xff, 0xda, 0x38, 0x02, 0x04, 0x04, 0x04, 0x04, 0x03, 0x02,
  0x01, 0x00, 0x01, 0x00, 0x00, 0x00, 0x00, 0x00, 0x00, 0x00, 0x00, 0x00,
  0x00, 0x00, 0x00, 0x00, 0x00, 0x00, 0x00, 0x00, 0x00, 0x00, 0x00, 0x00,
  0x00, 0x00, 0x00, 0x00, 0x00, 0x00, 0x00, 0x00, 0x00, 0x01, 0x00, 0x01,
  0x01, 0x06, 0x00, 0x81, 0xf7, 0xff, 0xf5, 0xf8, 0xfa, 0xfb, 0xfd, 0xfc,
  0xfc, 0xfc, 0xfc, 0xfb, 0xfb, 0xfc, 0xfb, 0xfc, 0xfc, 0xfb, 0xfb, 0xfb,
  0xfa, 0xfb, 0xfb, 0xfb, 0xfa, 0xfa, 0xfb, 0xfb, 0xfa, 0xfa, 0xfb, 0xfb,
  0xfa, 0xfa, 0xfa, 0xfb, 0xfb, 0xfb, 0xf9, 0xf8, 0xef, 0xfd, 0xea, 0x6f,
  0x06, 0x01, 0x03, 0x00, 0x00, 0x00, 0x00, 0x00, 0x00, 0x00, 0x00, 0x00,
  0x00, 0x00, 0x00, 0x00, 0x00, 0x00, 0x00, 0x00, 0x00, 0x00, 0x00, 0x00,
  0x00, 0x00, 0x00, 0x00, 0x00, 0x00, 0x00, 0x00, 0x00, 0x00, 0x00, 0x00,
  0x00, 0x00, 0x00, 0x00, 0x00, 0x00, 0x00, 0x00, 0x00, 0x00, 0x00, 0x00,
  0x00, 0x00, 0x00, 0x00, 0x00, 0x00, 0x00, 0x00, 0x00, 0x00, 0x00, 0x00,
  0x00, 0x00, 0x00, 0x00, 0x00, 0x00, 0x00, 0x00, 0x00, 0x00, 0x00, 0x00,
  0x00, 0x00, 0x00, 0x00, 0x00, 0x00, 0x00, 0x00, 0x00, 0x00, 0x00, 0x00,
  0x00, 0x00, 0x00, 0x00, 0x00, 0x00, 0x00, 0x00, 0x00, 0x00, 0x00, 0x00,
  0x00, 0x00, 0x00, 0x00, 0x00, 0x00, 0x00, 0x00, 0x00, 0x00, 0x00, 0x00,
  0x00, 0x00, 0x00, 0x00, 0x00, 0x00, 0x00, 0x00, 0x00, 0x00, 0x00, 0x00,
  0x00, 0x00, 0x00, 0x00, 0x00, 0x00, 0x00, 0x00, 0x00, 0x00, 0x00, 0x00,
  0x00, 0x00, 0x00, 0x00, 0x00, 0x03, 0x07, 0x09, 0x00, 0x16, 0xd1, 0xfd,
  0xf8, 0xf8, 0xfa, 0xfb, 0xfc, 0xfb, 0xfc, 0xfb, 0xfb, 0xfb, 0xfb, 0xfc,
  0xfb, 0xfb, 0xfc, 0xfc, 0xfb, 0xfa, 0xfa, 0xfa, 0xfa, 0xfa, 0xfa, 0xfa,
  0xfb, 0xfa, 0xfa, 0xfb, 0xfa, 0xfb, 0xfb, 0xfc, 0xfc, 0xfd, 0xfe, 0xfd,
  0xfc, 0xfd, 0xfc, 0xf8, 0xff, 0xa2, 0x1c, 0x00, 0x04, 0x05, 0x03, 0x01,
  0x00, 0x00, 0x00, 0x00, 0x00, 0x00, 0x00, 0x01, 0x01, 0x01, 0x01, 0x00,
  0x00, 0x00, 0x00, 0x00, 0x00, 0x00, 0x00, 0x00, 0x00, 0x00, 0x00, 0x00,
  0x00, 0x00, 0x00, 0x00, 0x01, 0x02, 0x03, 0x03, 0x03, 0x08, 0x06, 0x0e,
  0x85, 0xf6, 0xfc, 0xf3, 0xf8, 0xfc, 0xfd, 0xfd, 0xfd, 0xfd, 0xfb, 0xfb,
  0xfa, 0xfb, 0xfb, 0xfb, 0xfb, 0xfb, 0xfb, 0xfb, 0xfa, 0xfb, 0xfa, 0xf9,
  0xf9, 0xfb, 0xfb, 0xfa, 0xfb, 0xfb, 0xfb, 0xfb, 0xfb, 0xfc, 0xfb, 0xfb,
  0xfb, 0xfb, 0xfb, 0xfb, 0xfa, 0xf9, 0xf8, 0xf8, 0xf6, 0xf5, 0xfe, 0xf0,
  0x7d, 0x05, 0x08, 0x0a, 0x05, 0x02, 0x01, 0x01, 0x01, 0x01, 0x01, 0x00,
  0x00, 0x00, 0x00, 0x00, 0x00, 0x00, 0x00, 0x00, 0x00, 0x00, 0x00, 0x00,
  0x00, 0x00, 0x00, 0x00, 0x00, 0x00, 0x00, 0x00, 0x00, 0x00, 0x00, 0x00,
  0x00, 0x00, 0x00, 0x00, 0x00, 0x00, 0x00, 0x00, 0x00, 0x00, 0x00, 0x00,
  0x00, 0x00, 0x00, 0x00, 0x00, 0x00, 0x00, 0x00, 0x00, 0x00, 0x00, 0x00,
  0x00, 0x00, 0x00, 0x00, 0x00, 0x00, 0x01, 0x02, 0x01, 0x02, 0x05, 0x07,
  0x08, 0x00, 0x46, 0xd8, 0xff, 0xf4, 0xf7, 0xf9, 0xfa, 0xfa, 0xfa, 0xfa,
  0xfc, 0xfc, 0xfc, 0xfb, 0xfc, 0xfb, 0xfc, 0xfc, 0xfb, 0xfb, 0xfb, 0xfb,
  0xfb, 0xfb, 0xfb, 0xfb, 0xfb, 0xfb, 0xfc, 0xfc, 0xfc, 0xfc, 0xfc, 0xfd,
  0xfc, 0xfb, 0xfb, 0xfb, 0xfb, 0xfa, 0xfb, 0xfc, 0xfb, 0xfb, 0xfa, 0xfb,
  0xfc, 0xfd, 0xfd, 0xfc, 0xfc, 0xfc, 0xfc, 0xfb, 0xfb, 0xfb, 0xfc, 0xfd,
  0xfc, 0xfb, 0xfc, 0xfb, 0xfb, 0xfb, 0xfb, 0xfb, 0xfb, 0xfb, 0xfb, 0xfb,
  0xfc, 0xfb, 0xfb, 0xfb, 0xfb, 0xfb, 0xfb, 0xfb, 0xfb, 0xfa, 0xfb, 0xfa,
  0xfa, 0xfb, 0xfa, 0xfb, 0xfb, 0xfb, 0xfb, 0xfb, 0xfb, 0xfb, 0xfb, 0xfc,
  0xfb, 0xfc, 0xfc, 0xfc, 0xfc, 0xfc, 0xfc, 0xfc, 0xfd, 0xfc, 0xfb, 0xfb,
  0xfa, 0xfa, 0xfb, 0xfb, 0xfa, 0xfb, 0xfc, 0xfc, 0xfc, 0xfc, 0xfc, 0xfc,
  0xfd, 0xfc, 0xfc, 0xfb, 0xfc, 0xfb, 0xfa, 0xfb, 0xfb, 0xfb, 0xfa, 0xfb,
  0xfa, 0xfa, 0xfb, 0xfb, 0xfb, 0xfb, 0xfb, 0xfb, 0xfc, 0xfd, 0xfd, 0xfc,
  0xfb, 0xfc, 0xfc, 0xfb, 0xfb, 0xfc, 0xfc, 0xfc, 0xfc, 0xfc, 0xfc, 0xfb,
  0xfb, 0xfb, 0xfb, 0xfb, 0xfb, 0xfb, 0xfa, 0xfb, 0xfa, 0xfa, 0xf9, 0xf8,
  0xf8, 0xf4, 0xf7, 0xff, 0xcd, 0x3a, 0x00, 0x08, 0x01, 0x03, 0x03, 0x02,
  0x01, 0x00, 0x00, 0x00, 0x00, 0x00, 0x00, 0x00, 0x00, 0x00, 0x00, 0x00,
  0x00, 0x00, 0x00, 0x00, 0x00, 0x00, 0x00, 0x00, 0x00, 0x00, 0x00, 0x00,
  0x00, 0x00, 0x00, 0x00, 0x00, 0x00, 0x00, 0x00, 0x00, 0x00, 0x00, 0x00,
  0x00, 0x00, 0x00, 0x00, 0x00, 0x00, 0x00, 0x00, 0x00, 0x00, 0x00, 0x00,
  0x00, 0x00, 0x00, 0x01, 0x06, 0x00, 0x5e, 0xdd, 0xff, 0xf6, 0xf7, 0xf9,
  0xfa, 0xfa, 0xfa, 0xfa, 0xfb, 0xfc, 0xfc, 0xfc, 0xfc, 0xfb, 0xfb, 0xfc,
  0xfb, 0xfc, 0xfc, 0xfd, 0xfb, 0xfb, 0xfa, 0xfb, 0xfc, 0xfb, 0xfb, 0xfb,
  0xfb, 0xfc, 0xfc, 0xfd, 0xfd, 0xfd, 0xfc, 0xfb, 0xfb, 0xfb, 0xfa, 0xfa,
  0xfa, 0xfa, 0xfa, 0xfb, 0xfc, 0xfb, 0xfb, 0xfc, 0xfc, 0xfc, 0xfc, 0xfd,
  0xfc, 0xfb, 0xfb, 0xfb, 0xfb, 0xfb, 0xfa, 0xfa, 0xfb, 0xfa, 0xfa, 0xfc,
  0xfb, 0xfc, 0xfd, 0xfd, 0xfd, 0xfd, 0xfc, 0xfb, 0xfc, 0xfc, 0xfb, 0xfc,
  0xfd, 0xfd, 0xfd, 0xfc, 0xfb, 0xfb, 0xfc, 0xfc, 0xfc, 0xfc, 0xfc, 0xfb,
  0xfc, 0xfc, 0xfc, 0xfc, 0xfc, 0xfc, 0xfc, 0xfc, 0xfb, 0xfa, 0xfa, 0xfb,
  0xfc, 0xfc, 0xfc, 0xfb, 0xfb, 0xf9, 0xf9, 0xf9, 0xfa, 0xfb, 0xfa, 0xfb,
  0xfb, 0xfa, 0xfa, 0xfb, 0xfc, 0xfc, 0xfb, 0xfb, 0xfb, 0xfb, 0xfb, 0xfc,
  0xfc, 0xfc, 0xfb, 0xfa, 0xfb, 0xfa, 0xfb, 0xfc, 0xfc, 0xfc, 0xfc, 0xfd,
  0xfd, 0xfd, 0xfc, 0xfb, 0xfc, 0xfb, 0xfb, 0xfb, 0xfb, 0xfc, 0xfc, 0xfc,
  0xfb, 0xfc, 0xfd, 0xfd, 0xfc, 0xfb, 0xfc, 0xfc, 0xfc, 0xfc, 0xfa, 0xfa,
  0xfb, 0xfa, 0xf9, 0xf9, 0xf9, 0xf9, 0xf8, 0xf4, 0xf8, 0xfa, 0xac, 0x0b,
  0x05, 0x05, 0x04, 0x03, 0x03, 0x02, 0x01, 0x00, 0x01, 0x00, 0x00, 0x00,
  0x00, 0x00, 0x00, 0x00, 0x00, 0x00, 0x00, 0x00, 0x00, 0x00, 0x00, 0x00,
  0x00, 0x00, 0x00, 0x00, 0x00, 0x00, 0x00, 0x00, 0x00, 0x00, 0x00, 0x00,
  0x00, 0x00, 0x01, 0x00, 0x00, 0x01, 0x01, 0x07, 0x00, 0x82, 0xf7, 0xff,
  0xf6, 0xf8, 0xfa, 0xfb, 0xfc, 0xfb, 0xfc, 0xfb, 0xfb, 0xfc, 0xfc, 0xfb,
  0xfc, 0xfd, 0xfc, 0xfb, 0xfb, 0xfa, 0xfb, 0xfc, 0xfb, 0xfb, 0xfb, 0xfa,
  0xfc, 0xfb, 0xfa, 0xfb, 0xfa, 0xfa, 0xfb, 0xfa, 0xfa, 0xfb, 0xfa, 0xfa,
  0xf9, 0xf8, 0xef, 0xfd, 0xeb, 0x70, 0x07, 0x00, 0x03, 0x00, 0x01, 0x00,
  0x00, 0x00, 0x00, 0x00, 0x00, 0x00, 0x00, 0x00, 0x00, 0x00, 0x00, 0x00,
  0x00, 0x00, 0x00, 0x00, 0x00, 0x00, 0x00, 0x00, 0x00, 0x00, 0x00, 0x00,
  0x00, 0x00, 0x00, 0x00, 0x00, 0x00, 0x00, 0x00, 0x00, 0x00, 0x00, 0x00,
  0x00, 0x00, 0x00, 0x00, 0x00, 0x00, 0x00, 0x00, 0x00, 0x00, 0x00, 0x00,
  0x00, 0x00, 0x00, 0x00, 0x00, 0x00, 0x00, 0x00, 0x00, 0x00, 0x00, 0x00,
  0x00, 0x00, 0x00, 0x00, 0x00, 0x00, 0x00, 0x00, 0x00, 0x00, 0x00, 0x00,
  0x00, 0x00, 0x00, 0x00, 0x00, 0x00, 0x00, 0x00, 0x00, 0x00, 0x00, 0x00,
  0x00, 0x00, 0x00, 0x00, 0x00, 0x00, 0x00, 0x00, 0x00, 0x00, 0x00, 0x00,
  0x00, 0x00, 0x00, 0x00, 0x00, 0x00, 0x00, 0x00, 0x00, 0x00, 0x00, 0x00,
  0x00, 0x00, 0x00, 0x00, 0x00, 0x00, 0x00, 0x00, 0x00, 0x00, 0x00, 0x00,
  0x00, 0x00, 0x00, 0x00, 0x00, 0x00, 0x00, 0x00, 0x00, 0x00, 0x00, 0x03,
  0x07, 0x09, 0x00, 0x15, 0xd1, 0xfd, 0xf8, 0xf8, 0xfb, 0xfb, 0xfb, 0xfb,
  0xfb, 0xfc, 0xfc, 0xfb, 0xfc, 0xfb, 0xfc, 0xfc, 0xfb, 0xfc, 0xfb, 0xfa,
  0xfa, 0xfb, 0xfa, 0xfa, 0xfb, 0xfa, 0xfa, 0xfb, 0xfb, 0xfa, 0xfb, 0xfa,
  0xfb, 0xfb, 0xfc, 0xfc, 0xfd, 0xfd, 0xfd, 0xfd, 0xfc, 0xf7, 0xff, 0xa2,
  0x1c, 0x00, 0x04, 0x05, 0x02, 0x00, 0x00, 0x00, 0x00, 0x00, 0x00, 0x00,
  0x01, 0x01, 0x00, 0x00, 0x00, 0x00, 0x00, 0x00, 0x00, 0x00, 0x00, 0x00,
  0x00, 0x00, 0x00, 0x00, 0x00, 0x00, 0x00, 0x00, 0x01, 0x00, 0x00, 0x01,
  0x03, 0x04, 0x04, 0x04, 0x0d, 0x00, 0x1e, 0xab, 0xfc, 0xf8, 0xf7, 0xfc,
  0xfb, 0xfb, 0xfc, 0xfc, 0xfa, 0xfa, 0xfb, 0xfb, 0xfb, 0xfa, 0xfa, 0xfb,
  0xfc, 0xfb, 0xfa, 0xfb, 0xfa, 0xfa, 0xf9, 0xfa, 0xfa, 0xfa, 0xfb, 0xfb,
  0xfb, 0xfc, 0xfb, 0xfb, 0xfc, 0xfc, 0xfc, 0xfc, 0xfb, 0xfb, 0xfa, 0xfa,
  0xf9, 0xf8, 0xf9, 0xf6, 0xf6, 0xff, 0xe0, 0x5a, 0x00, 0x09, 0x07, 0x04,
  0x03, 0x03, 0x02, 0x02, 0x01, 0x00, 0x00, 0x00, 0x00, 0x00, 0x00, 0x00,
  0x00, 0x00, 0x00, 0x00, 0x00, 0x00, 0x00, 0x00, 0x00, 0x00, 0x00, 0x00,
  0x00, 0x00, 0x00, 0x00, 0x00, 0x00, 0x00, 0x00, 0x00, 0x00, 0x00, 0x00,
  0x00, 0x00, 0x00, 0x00, 0x00, 0x00, 0x00, 0x00, 0x00, 0x00, 0x00, 0x00,
  0x00, 0x00, 0x00, 0x00, 0x00, 0x00, 0x00, 0x00, 0x00, 0x00, 0x00, 0x01,
  0x01, 0x02, 0x03, 0x03, 0x04, 0x05, 0x06, 0x10, 0xb0, 0xfb, 0xf8, 0xf6,
  0xf9, 0xf9, 0xf9, 0xfa, 0xfb, 0xfb, 0xfc, 0xfb, 0xfb, 0xfc, 0xfb, 0xfc,
  0xfb, 0xfb, 0xfb, 0xfa, 0xfa, 0xfa, 0xfc, 0xfc, 0xfc, 0xfb, 0xfb, 0xfb,
  0xfb, 0xfb, 0xfc, 0xfd, 0xfd, 0xfd, 0xfc, 0xfb, 0xfc, 0xfa, 0xfb, 0xfa,
  0xfc, 0xfb, 0xfa, 0xfa, 0xfa, 0xfb, 0xfc, 0xfc, 0xfd, 0xfc, 0xfd, 0xfd,
  0xfd, 0xfc, 0xfc, 0xfb, 0xfc, 0xfd, 0xfc, 0xfb, 0xfb, 0xfb, 0xfc, 0xfb,
  0xfa, 0xfa, 0xfa, 0xfa, 0xfa, 0xfb, 0xfc, 0xfb, 0xfb, 0xfa, 0xfa, 0xfa,
  0xfa, 0xfb, 0xfb, 0xfb, 0xfc, 0xfb, 0xfb, 0xfa, 0xfb, 0xfa, 0xfb, 0xfb,
  0xfa, 0xfa, 0xfa, 0xfc, 0xfc, 0xfb, 0xfc, 0xfd, 0xfc, 0xfc, 0xfc, 0xfd,
  0xfd, 0xfd, 0xfd, 0xfc, 0xfb, 0xfb, 0xfa, 0xfa, 0xfa, 0xfa, 0xfa, 0xfb,
  0xfb, 0xfb, 0xfb, 0xfc, 0xfc, 0xfc, 0xfc, 0xfc, 0xfc, 0xfb, 0xfc, 0xfb,
  0xfa, 0xfb, 0xfb, 0xfb, 0xfb, 0xfa, 0xfb, 0xfb, 0xfb, 0xfc, 0xfc, 0xfc,
  0xfb, 0xfb, 0xfc, 0xfd, 0xfd, 0xfc, 0xfb, 0xfb, 0xfb, 0xfc, 0xfc, 0xfb,
  0xfb, 0xfb, 0xfb, 0xfb, 0xfb, 0xfb, 0xfa, 0xfb, 0xfa, 0xfa, 0xfa, 0xfa,
  0xf9, 0xfa, 0xf9, 0xf9, 0xf9, 0xf9, 0xf9, 0xf9, 0xf7, 0xfc, 0xf9, 0x9a,
  0x0f, 0x07, 0x08, 0x05, 0x04, 0x02, 0x01, 0x01, 0x00, 0x00, 0x00, 0x00,
  0x00, 0x00, 0x00, 0x00, 0x00, 0x00, 0x00, 0x00, 0x00, 0x00, 0x00, 0x00,
  0x00, 0x00, 0x00, 0x00, 0x00, 0x00, 0x00, 0x00, 0x00, 0x00, 0x00, 0x00,
  0x00, 0x00, 0x00, 0x00, 0x00, 0x00, 0x00, 0x00, 0x00, 0x00, 0x00, 0x00,
  0x00, 0x00, 0x00, 0x00, 0x00, 0x00, 0x02, 0x01, 0x00, 0x02, 0x00, 0x25,
  0xba, 0xff, 0xf9, 0xf4, 0xf8, 0xf9, 0xfa, 0xfb, 0xfa, 0xfb, 0xfa, 0xfb,
  0xfb, 0xfb, 0xfb, 0xfb, 0xfb, 0xfc, 0xfb, 0xfc, 0xfc, 0xfc, 0xfb, 0xfb,
  0xfb, 0xfb, 0xfb, 0xfc, 0xfc, 0xfc, 0xfc, 0xfc, 0xfc, 0xfd, 0xfd, 0xfc,
  0xfb, 0xfb, 0xfb, 0xfb, 0xfb, 0xfb, 0xfb, 0xfb, 0xfb, 0xfb, 0xfb, 0xfb,
  0xfb, 0xfb, 0xfb, 0xfb, 0xfb, 0xfc, 0xfc, 0xfc, 0xfc, 0xfb, 0xfa, 0xfb,
  0xfb, 0xfb, 0xfb, 0xfb, 0xfb, 0xfc, 0xfb, 0xfc, 0xfc, 0xfc, 0xfc, 0xfc,
  0xfc, 0xfb, 0xfb, 0xfb, 0xfc, 0xfc, 0xfc, 0xfc, 0xfc, 0xfc, 0xfc, 0xfc,
  0xfc, 0xfb, 0xfb, 0xfb, 0xfb, 0xfc, 0xfb, 0xfb, 0xfb, 0xfb, 0xfb, 0xfb,
  0xfb, 0xfb, 0xfb, 0xfa, 0xfa, 0xfb, 0xfb, 0xfb, 0xfb, 0xfa, 0xfb, 0xfa,
  0xfa, 0xfa, 0xfa, 0xfa, 0xfb, 0xfb, 0xfa, 0xfb, 0xfa, 0xfb, 0xfc, 0xfb,
  0xfc, 0xfc, 0xfc, 0xfc, 0xfc, 0xfc, 0xfb, 0xfb, 0xfb, 0xfa, 0xfa, 0xfb,
  0xfb, 0xfb, 0xfc, 0xfb, 0xfc, 0xfd, 0xfc, 0xfc, 0xfc, 0xfc, 0xfc, 0xfc,
  0xfc, 0xfc, 0xfc, 0xfb, 0xfb, 0xfc, 0xfb, 0xfc, 0xfc, 0xfc, 0xfc, 0xfb,
  0xfb, 0xfb, 0xfb, 0xfb, 0xfa, 0xfb, 0xfa, 0xfa, 0xfa, 0xfa, 0xfa, 0xfa,
  0xf8, 0xf6, 0xf3, 0xfe, 0xf5, 0x60, 0x02, 0x03, 0x04, 0x03, 0x04, 0x03,
  0x01, 0x01, 0x01, 0x00, 0x00, 0x00, 0x00, 0x00, 0x00, 0x00, 0x00, 0x00,
  0x00, 0x00, 0x00, 0x00, 0x00, 0x00, 0x00, 0x00, 0x00, 0x00, 0x00, 0x00,
  0x00, 0x00, 0x00, 0x00, 0x00, 0x00, 0x00, 0x00, 0x00, 0x01, 0x00, 0x01,
  0x01, 0x07, 0x00, 0x82, 0xf7, 0xff, 0xf6, 0xf8, 0xfa, 0xfb, 0xfc, 0xfb,
  0xfc, 0xfc, 0xfb, 0xfd, 0xfc, 0xfc, 0xfc, 0xfd, 0xfc, 0xfb, 0xfb, 0xfa,
  0xfb, 0xfb, 0xfa, 0xfb, 0xfb, 0xfa, 0xfb, 0xfb, 0xfa, 0xfa, 0xfa, 0xfa,
  0xfa, 0xfb, 0xfb, 0xfa, 0xfb, 0xfb, 0xf9, 0xf8, 0xef, 0xfd, 0xeb, 0x70,
  0x07, 0x00, 0x02, 0x00, 0x00, 0x00, 0x00, 0x00, 0x00, 0x00, 0x00, 0x00,
  0x00, 0x00, 0x00, 0x00, 0x00, 0x00, 0x00, 0x00, 0x00, 0x00, 0x00, 0x00,
  0x00, 0x00, 0x00, 0x00, 0x00, 0x00, 0x00, 0x00, 0x00, 0x00, 0x00, 0x00,
  0x00, 0x00, 0x00, 0x00, 0x00, 0x00, 0x00, 0x00, 0x00, 0x00, 0x00, 0x00,
  0x00, 0x00, 0x00, 0x00, 0x00, 0x00, 0x00, 0x00, 0x00, 0x00, 0x00, 0x00,
  0x00, 0x00, 0x00, 0x00, 0x00, 0x00, 0x00, 0x00, 0x00, 0x00, 0x00, 0x00,
  0x00, 0x00, 0x00, 0x00, 0x00, 0x00, 0x00, 0x00, 0x00, 0x00, 0x00, 0x00,
  0x00, 0x00, 0x00, 0x00, 0x00, 0x00, 0x00, 0x00, 0x00, 0x00, 0x00, 0x00,
  0x00, 0x00, 0x00, 0x00, 0x00, 0x00, 0x00, 0x00, 0x01, 0x01, 0x00, 0x00,
  0x00, 0x00, 0x00, 0x00, 0x00, 0x00, 0x00, 0x00, 0x00, 0x00, 0x00, 0x00,
  0x00, 0x00, 0x00, 0x00, 0x00, 0x00, 0x00, 0x00, 0x00, 0x00, 0x00, 0x00,
  0x00, 0x00, 0x00, 0x00, 0x00, 0x03, 0x07, 0x09, 0x00, 0x14, 0xd1, 0xfd,
  0xf8, 0xf9, 0xfc, 0xfc, 0xfc, 0xfc, 0xfb, 0xfb, 0xfc, 0xfc, 0xfc, 0xfc,
  0xfb, 0xfb, 0xfb, 0xfc, 0xfb, 0xfb, 0xfb, 0xfb, 0xfb, 0xfb, 0xfb, 0xfb,
  0xfb, 0xfa, 0xfa, 0xfa, 0xfb, 0xfb, 0xfa, 0xfb, 0xfb, 0xfc, 0xfc, 0xfc,
  0xfc, 0xfd, 0xfc, 0xf7, 0xff, 0xa1, 0x1d, 0x00, 0x04, 0x05, 0x03, 0x00,
  0x00, 0x00, 0x00, 0x00, 0x00, 0x00, 0x00, 0x00, 0x00, 0x00, 0x00, 0x00,
  0x00, 0x00, 0x00, 0x00, 0x00, 0x00, 0x00, 0x00, 0x00, 0x00, 0x00, 0x00,
  0x00, 0x00, 0x00, 0x01, 0x00, 0x01, 0x03, 0x03, 0x04, 0x05, 0x06, 0x0c,
  0x00, 0x40, 0xcc, 0xff, 0xf9, 0xf9, 0xfa, 0xfa, 0xfb, 0xfb, 0xfa, 0xfa,
  0xfa, 0xfa, 0xfa, 0xfa, 0xfb, 0xfb, 0xfb, 0xfb, 0xfa, 0xfa, 0xfb, 0xfb,
  0xfa, 0xfa, 0xfa, 0xfb, 0xfc, 0xfb, 0xfb, 0xfc, 0xfc, 0xfc, 0xfb, 0xfb,
  0xfb, 0xfc, 0xfb, 0xfb, 0xfa, 0xfa, 0xf9, 0xf9, 0xf9, 0xf9, 0xf7, 0xfa,
  0xff, 0xcf, 0x39, 0x00, 0x09, 0x07, 0x04, 0x04, 0x03, 0x03, 0x01, 0x01,
  0x00, 0x00, 0x00, 0x00, 0x00, 0x00, 0x00, 0x00, 0x00, 0x00, 0x00, 0x00,
  0x00, 0x00, 0x00, 0x00, 0x00, 0x00, 0x00, 0x00, 0x00, 0x00, 0x00, 0x00,
  0x00, 0x00, 0x00, 0x00, 0x00, 0x00, 0x00, 0x00, 0x00, 0x00, 0x00, 0x00,
  0x00, 0x00, 0x00, 0x00, 0x00, 0x00, 0x00, 0x00, 0x00, 0x00, 0x00, 0x00,
  0x00, 0x00, 0x00, 0x00, 0x00, 0x01, 0x02, 0x03, 0x04, 0x03, 0x04, 0x04,
  0x00, 0x6a, 0xf0, 0xfe, 0xf5, 0xf9, 0xf9, 0xf9, 0xfa, 0xfa, 0xfb, 0xfc,
  0xfb, 0xfc, 0xfc, 0xfb, 0xfb, 0xfc, 0xfb, 0xfb, 0xfb, 0xfb, 0xfb, 0xfb,
  0xfc, 0xfb, 0xfb, 0xfc, 0xfc, 0xfc, 0xfc, 0xfc, 0xfc, 0xfc, 0xfc, 0xfd,
  0xfc, 0xfb, 0xfb, 0xfb, 0xfb, 0xfa, 0xfb, 0xfb, 0xfa, 0xfa, 0xfa, 0xfb,
  0xfc, 0xfb, 0xfc, 0xfd, 0xfc, 0xfc, 0xfc, 0xfc, 0xfb, 0xfc, 0xfc, 0xfc,
  0xfc, 0xfc, 0xfc, 0xfc, 0xfb, 0xfb, 0xfb, 0xfb, 0xfb, 0xfb, 0xfb, 0xfb,
  0xfb, 0xfb, 0xfb, 0xfa, 0xfb, 0xfa, 0xfb, 0xfc, 0xfc, 0xfc, 0xfb, 0xfc,
  0xfb, 0xfa, 0xfb, 0xfa, 0xfb, 0xfb, 0xfa, 0xfb, 0xfb, 0xfb, 0xfb, 0xfb,
  0xfc, 0xfc, 0xfc, 0xfb, 0xfc, 0xfd, 0xfc, 0xfc, 0xfd, 0xfc, 0xfb, 0xfc,
  0xfb, 0xfb, 0xfb, 0xfb, 0xfb, 0xfa, 0xfb, 0xfb, 0xfb, 0xfc, 0xfb, 0xfc,
  0xfd, 0xfc, 0xfb, 0xfc, 0xfb, 0xfb, 0xfb, 0xfa, 0xfa, 0xfa, 0xfb, 0xfb,
  0xfb, 0xfb, 0xfa, 0xfb, 0xfb, 0xfb, 0xfc, 0xfc, 0xfc, 0xfc, 0xfd, 0xfc,
  0xfc, 0xfc, 0xfb, 0xfc, 0xfb, 0xfa, 0xfa, 0xfa, 0xfa, 0xfa, 0xfa, 0xfa,
  0xfa, 0xfa, 0xfa, 0xfb, 0xfa, 0xfa, 0xfa, 0xfa, 0xfa, 0xfa, 0xfa, 0xfa,
  0xfa, 0xfb, 0xfa, 0xf9, 0xff, 0xe3, 0x5f, 0x00, 0x0d, 0x07, 0x05, 0x03,
  0x02, 0x01, 0x01, 0x01, 0x00, 0x00, 0x00, 0x00, 0x00, 0x00, 0x00, 0x00,
  0x00, 0x00, 0x00, 0x00, 0x00, 0x00, 0x00, 0x00, 0x00, 0x00, 0x00, 0x00,
  0x00, 0x00, 0x00, 0x00, 0x00, 0x00, 0x00, 0x00, 0x00, 0x00, 0x00, 0x00,
  0x00, 0x00, 0x00, 0x00, 0x00, 0x00, 0x00, 0x00, 0x00, 0x00, 0x00, 0x01,
  0x03, 0x04, 0x03, 0x04, 0x04, 0x87, 0xf0, 0xfc, 0xf5, 0xf7, 0xf9, 0xf9,
  0xfa, 0xfb, 0xfb, 0xfa, 0xfb, 0xfb, 0xfb, 0xfb, 0xfb, 0xfa, 0xfb, 0xfc,
  0xfc, 0xfc, 0xfb, 0xfc, 0xfc, 0xfc, 0xfc, 0xfb, 0xfc, 0xfd, 0xfc, 0xfc,
  0xfd, 0xfd, 0xfd, 0xfc, 0xfd, 0xfc, 0xfc, 0xfc, 0xfc, 0xfc, 0xfc, 0xfc,
  0xfb, 0xfc, 0xfb, 0xfa, 0xfa, 0xfa, 0xfb, 0xfb, 0xfb, 0xfa, 0xfb, 0xfb,
  0xfb, 0xfb, 0xfb, 0xfb, 0xfb, 0xfc, 0xfb, 0xfc, 0xfc, 0xfc, 0xfc, 0xfc,
  0xfc, 0xfb, 0xfb, 0xfb, 0xfb, 0xfb, 0xfc, 0xfc, 0xfb, 0xfa, 0xfb, 0xfc,
  0xfb, 0xfb, 0xfc, 0xfd, 0xfd, 0xfc, 0xfc, 0xfb, 0xfc, 0xfc, 0xfb, 0xfc,
  0xfb, 0xfa, 0xfa, 0xfa, 0xfa, 0xfa, 0xfa, 0xfa, 0xfa, 0xfb, 0xfb, 0xfa,
  0xfa, 0xfa, 0xfa, 0xfb, 0xfb, 0xfb, 0xfb, 0xfb, 0xfa, 0xfb, 0xfb, 0xfb,
  0xfa, 0xfb, 0xfa, 0xfb, 0xfc, 0xfc, 0xfd, 0xfd, 0xfd, 0xfd, 0xfd, 0xfc,
  0xfc, 0xfb, 0xfa, 0xfa, 0xfa, 0xfb, 0xfb, 0xfc, 0xfc, 0xfb, 0xfc, 0xfd,
  0xfc, 0xfd, 0xfc, 0xfc, 0xfc, 0xfd, 0xfd, 0xfd, 0xfd, 0xfc, 0xfb, 0xfb,
  0xfc, 0xfb, 0xfb, 0xfb, 0xfb, 0xfc, 0xfb, 0xfa, 0xfa, 0xfa, 0xfb, 0xfb,
  0xf9, 0xf9, 0xfa, 0xfb, 0xfb, 0xfa, 0xf9, 0xf8, 0xf7, 0xfa, 0xfd, 0xcf,
  0x1e, 0x03, 0x05, 0x04, 0x04, 0x03, 0x02, 0x01, 0x00, 0x00, 0x00, 0x00,
  0x00, 0x00, 0x00, 0x00, 0x00, 0x00, 0x00, 0x00, 0x00, 0x00, 0x00, 0x00,
  0x00, 0x00, 0x00, 0x00, 0x00, 0x00, 0x00, 0x00, 0x00, 0x00, 0x00, 0x00,
  0x00, 0x00, 0x00, 0x00, 0x00, 0x01, 0x01, 0x06, 0x00, 0x83, 0xf8, 0xff,
  0xf6, 0xf8, 0xfa, 0xfb, 0xfc, 0xfb, 0xfc, 0xfc, 0xfb, 0xfc, 0xfd, 0xfd,
  0xfd, 0xfd, 0xfc, 0xfb, 0xfb, 0xfa, 0xfb, 0xfa, 0xfa, 0xfa, 0xfa, 0xfa,
  0xfa, 0xfa, 0xfa, 0xfb, 0xfb, 0xfb, 0xfa, 0xfa, 0xfa, 0xf9, 0xfa, 0xfa,
  0xf8, 0xf8, 0xef, 0xfd, 0xeb, 0x71, 0x07, 0x01, 0x03, 0x00, 0x00, 0x00,
  0x00, 0x00, 0x00, 0x00, 0x00, 0x00, 0x00, 0x00, 0x00, 0x00, 0x00, 0x00,
  0x00, 0x00, 0x00, 0x00, 0x00, 0x00, 0x00, 0x00, 0x00, 0x00, 0x00, 0x00,
  0x00, 0x00, 0x00, 0x00, 0x00, 0x00, 0x00, 0x00, 0x00, 0x00, 0x00, 0x00,
  0x00, 0x00, 0x00, 0x00, 0x00, 0x00, 0x00, 0x00, 0x00, 0x00, 0x00, 0x00,
  0x00, 0x00, 0x00, 0x00, 0x00, 0x00, 0x00, 0x00, 0x00, 0x00, 0x00, 0x00,
  0x00, 0x00, 0x00, 0x00, 0x00, 0x00, 0x00, 0x00, 0x00, 0x00, 0x00, 0x00,
  0x00, 0x00, 0x00, 0x00, 0x00, 0x00, 0x00, 0x00, 0x00, 0x00, 0x00, 0x00,
  0x00, 0x00, 0x00, 0x00, 0x00, 0x00, 0x00, 0x00, 0x00, 0x00, 0x00, 0x00,
  0x00, 0x00, 0x00, 0x00, 0x00, 0x01, 0x01, 0x01, 0x00, 0x00, 0x00, 0x00,
  0x00, 0x00, 0x00, 0x00, 0x00, 0x00, 0x00, 0x00, 0x00, 0x00, 0x00, 0x00,
  0x00, 0x00, 0x01, 0x01, 0x01, 0x00, 0x00, 0x00, 0x00, 0x00, 0x00, 0x03,
  0x07, 0x09, 0x00, 0x15, 0xd1, 0xfd, 0xf8, 0xf9, 0xfb, 0xfc, 0xfb, 0xfb,
  0xfc, 0xfc, 0xfc, 0xfc, 0xfd, 0xfd, 0xfc, 0xfc, 0xfc, 0xfc, 0xfc, 0xfc,
  0xfc, 0xfc, 0xfc, 0xfc, 0xfc, 0xfc, 0xfb, 0xfa, 0xfb, 0xfb, 0xfa, 0xfa,
  0xfb, 0xfa, 0xfb, 0xfb, 0xfb, 0xfb, 0xfc, 0xfc, 0xfc, 0xf6, 0xff, 0xa1,
  0x1d, 0x00, 0x04, 0x05, 0x03, 0x00, 0x00, 0x00, 0x00, 0x00, 0x00, 0x01,
  0x00, 0x00, 0x00, 0x00, 0x00, 0x00, 0x00, 0x00, 0x00, 0x00, 0x00, 0x00,
  0x00, 0x00, 0x00, 0x00, 0x00, 0x00, 0x00, 0x00, 0x00, 0x00, 0x01, 0x01,
  0x02, 0x02, 0x03, 0x04, 0x03, 0x0a, 0x08, 0x05, 0x65, 0xe3, 0xff, 0xf6,
  0xf8, 0xfa, 0xfa, 0xfa, 0xf9, 0xf9, 0xf9, 0xfa, 0xfa, 0xfa, 0xfb, 0xfb,
  0xfa, 0xfa, 0xfb, 0xfb, 0xfa, 0xfa, 0xfb, 0xfb, 0xfa, 0xfb, 0xfb, 0xfb,
  0xfb, 0xfb, 0xfc, 0xfd, 0xfc, 0xfb, 0xfb, 0xfc, 0xfb, 0xfa, 0xfb, 0xfa,
  0xfa, 0xfa, 0xfa, 0xfa, 0xfa, 0xf7, 0xfa, 0xff, 0xb7, 0x21, 0x00, 0x09,
  0x07, 0x03, 0x04, 0x03, 0x02, 0x01, 0x00, 0x00, 0x00, 0x00, 0x00, 0x00,
  0x00, 0x00, 0x00, 0x00, 0x00, 0x00, 0x00, 0x00, 0x00, 0x00, 0x00, 0x00,
  0x00, 0x00, 0x00, 0x00, 0x00, 0x00, 0x00, 0x00, 0x00, 0x00, 0x00, 0x00,
  0x00, 0x00, 0x00, 0x00, 0x00, 0x00, 0x00, 0x00, 0x00, 0x00, 0x00, 0x00,
  0x00, 0x00, 0x00, 0x00, 0x00, 0x00, 0x00, 0x00, 0x00, 0x00, 0x00, 0x01,
  0x02, 0x03, 0x03, 0x04, 0x04, 0x02, 0x23, 0xcf, 0xff, 0xf8, 0xf7, 0xf9,
  0xf9, 0xf9, 0xfa, 0xfb, 0xfb, 0xfb, 0xfa, 0xfb, 0xfc, 0xfc, 0xfc, 0xfc,
  0xfb, 0xfb, 0xfc, 0xfc, 0xfc, 0xfc, 0xfc, 0xfc, 0xfc, 0xfc, 0xfc, 0xfd,
  0xfd, 0xfd, 0xfc, 0xfd, 0xfd, 0xfd, 0xfc, 0xfb, 0xfc, 0xfc, 0xfb, 0xfa,
  0xfa, 0xfb, 0xfa, 0xfb, 0xfb, 0xfb, 0xfc, 0xfc, 0xfb, 0xfc, 0xfd, 0xfc,
  0xfd, 0xfc, 0xfc, 0xfd, 0xfc, 0xfc, 0xfc, 0xfc, 0xfd, 0xfc, 0xfb, 0xfb,
  0xfc, 0xfc, 0xfc, 0xfc, 0xfc, 0xfb, 0xfa, 0xfa, 0xfa, 0xfb, 0xfa, 0xfa,
  0xfb, 0xfb, 0xfb, 0xfb, 0xfa, 0xfb, 0xfb, 0xfa, 0xfb, 0xfb, 0xfa, 0xfb,
  0xfb, 0xfb, 0xfc, 0xfb, 0xfc, 0xfc, 0xfb, 0xfc, 0xfc, 0xfb, 0xfc, 0xfd,
  0xfd, 0xfc, 0xfd, 0xfc, 0xfc, 0xfb, 0xfc, 0xfc, 0xfc, 0xfb, 0xfa, 0xfa,
  0xfb, 0xfc, 0xfb, 0xfb, 0xfc, 0xfc, 0xfc, 0xfd, 0xfc, 0xfc, 0xfb, 0xfb,
  0xfa, 0xf9, 0xf9, 0xfa, 0xfa, 0xfb, 0xfc, 0xfb, 0xfa, 0xfa, 0xfb, 0xfb,
  0xfc, 0xfd, 0xfc, 0xfc, 0xfd, 0xfc, 0xfc, 0xfc, 0xfb, 0xfb, 0xfa, 0xfb,
  0xfb, 0xfa, 0xfa, 0xf9, 0xf9, 0xf9, 0xf9, 0xf9, 0xfa, 0xfa, 0xfa, 0xfb,
  0xfb, 0xfb, 0xfb, 0xfb, 0xfb, 0xfb, 0xfc, 0xfc, 0xfb, 0xf7, 0xfc, 0xff,
  0xc0, 0x1f, 0x04, 0x09, 0x06, 0x03, 0x02, 0x02, 0x02, 0x01, 0x00, 0x00,
  0x00, 0x00, 0x00, 0x00, 0x00, 0x00, 0x00, 0x00, 0x00, 0x00, 0x00, 0x00,
  0x00, 0x00, 0x00, 0x00, 0x00, 0x00, 0x00, 0x00, 0x00, 0x00, 0x00, 0x00,
  0x00, 0x00, 0x00, 0x00, 0x00, 0x00, 0x00, 0x00, 0x00, 0x00, 0x00, 0x00,
  0x00, 0x00, 0x00, 0x00, 0x00, 0x01, 0x04, 0x07, 0x07, 0x00, 0x43, 0xd5,
  0xff, 0xf8, 0xf6, 0xf9, 0xf9, 0xfa, 0xfa, 0xfa, 0xfa, 0xfa, 0xfb, 0xfc,
  0xfc, 0xfb, 0xfb, 0xfb, 0xfb, 0xfb, 0xfb, 0xfb, 0xfb, 0xfb, 0xfb, 0xfb,
  0xfb, 0xfb, 0xfc, 0xfd, 0xfc, 0xfc, 0xfd, 0xfc, 0xfc, 0xfd, 0xfc, 0xfd,
  0xfd, 0xfd, 0xfc, 0xfc, 0xfb, 0xfc, 0xfc, 0xfc, 0xfb, 0xfb, 0xfa, 0xfb,
  0xfc, 0xfc, 0xfc, 0xfa, 0xfa, 0xfa, 0xfb, 0xfa, 0xfa, 0xfb, 0xfc, 0xfb,
  0xfb, 0xfc, 0xfb, 0xfb, 0xfb, 0xfc, 0xfc, 0xfb, 0xfb, 0xfb, 0xfb, 0xfb,
  0xfb, 0xfb, 0xfb, 0xfb, 0xfa, 0xfb, 0xfc, 0xfc, 0xfc, 0xfc, 0xfd, 0xfc,
  0xfb, 0xfc, 0xfb, 0xfc, 0xfb, 0xfc, 0xfb, 0xfa, 0xfb, 0xfb, 0xfb, 0xfb,
  0xfb, 0xfb, 0xfb, 0xfa, 0xfb, 0xfa, 0xfa, 0xfb, 0xfb, 0xfb, 0xfb, 0xfa,
  0xfb, 0xfb, 0xfb, 0xfb, 0xfb, 0xfa, 0xfb, 0xfb, 0xfa, 0xfb, 0xfc, 0xfc,
  0xfc, 0xfd, 0xfd, 0xfc, 0xfd, 0xfc, 0xfc, 0xfb, 0xfa, 0xfb, 0xfb, 0xfa,
  0xfb, 0xfc, 0xfc, 0xfb, 0xfc, 0xfd, 0xfd, 0xfc, 0xfc, 0xfc, 0xfd, 0xfc,
  0xfc, 0xfd, 0xfd, 0xfb, 0xfc, 0xfc, 0xfc, 0xfc, 0xfc, 0xfc, 0xfb, 0xfb,
  0xfb, 0xfa, 0xfb, 0xfb, 0xfa, 0xfa, 0xfa, 0xf9, 0xf9, 0xfa, 0xfa, 0xfb,
  0xfb, 0xfb, 0xfb, 0xfa, 0xfe, 0xfc, 0x7d, 0x0a, 0x02, 0x07, 0x06, 0x04,
  0x02, 0x01, 0x01, 0x00, 0x00, 0x00, 0x00, 0x00, 0x00, 0x00, 0x00, 0x00,
  0x00, 0x00, 0x00, 0x00, 0x00, 0x00, 0x00, 0x00, 0x00, 0x00, 0x00, 0x00,
  0x00, 0x00, 0x00, 0x00, 0x00, 0x00, 0x00, 0x00, 0x00, 0x00, 0x01, 0x01,
  0x02, 0x07, 0x00, 0x84, 0xf8, 0xff, 0xf6, 0xf8, 0xfa, 0xfb, 0xfd, 0xfc,
  0xfb, 0xfb, 0xfb, 0xfc, 0xfc, 0xfc, 0xfc, 0xfc, 0xfc, 0xfc, 0xfb, 0xfa,
  0xfb, 0xfb, 0xfb, 0xfb, 0xfb, 0xfb, 0xfb, 0xfb, 0xfb, 0xfb, 0xfc, 0xfb,
  0xfa, 0xfa, 0xfa, 0xfa, 0xf9, 0xf8, 0xf7, 0xf7, 0xef, 0xfd, 0xec, 0x72,
  0x07, 0x01, 0x03, 0x00, 0x00, 0x00, 0x00, 0x00, 0x00, 0x00, 0x00, 0x00,
  0x00, 0x00, 0x00, 0x00, 0x00, 0x00, 0x00, 0x00, 0x00, 0x00, 0x00, 0x00,
  0x00, 0x00, 0x00, 0x00, 0x00, 0x00, 0x00, 0x00, 0x00, 0x00, 0x00, 0x00,
  0x00, 0x00, 0x00, 0x00, 0x00, 0x00, 0x00, 0x00, 0x00, 0x00, 0x00, 0x00,
  0x00, 0x00, 0x00, 0x00, 0x00, 0x00, 0x00, 0x00, 0x00, 0x00, 0x00, 0x00,
  0x00, 0x00, 0x00, 0x00, 0x00, 0x00, 0x00, 0x00, 0x00, 0x00, 0x00, 0x00,
  0x00, 0x00, 0x00, 0x00, 0x00, 0x00, 0x00, 0x00, 0x00, 0x00, 0x00, 0x00,
  0x00, 0x00, 0x00, 0x00, 0x00, 0x00, 0x00, 0x00, 0x00, 0x00, 0x00, 0x00,
  0x00, 0x00, 0x00, 0x00, 0x00, 0x00, 0x01, 0x01, 0x01, 0x01, 0x01, 0x01,
  0x01, 0x01, 0x00, 0x00, 0x00, 0x00, 0x00, 0x00, 0x00, 0x00, 0x00, 0x00,
  0x00, 0x00, 0x00, 0x00, 0x00, 0x00, 0x00, 0x00, 0x00, 0x00, 0x00, 0x00,
  0x00, 0x00, 0x00, 0x00, 0x00, 0x03, 0x07, 0x09, 0x00, 0x16, 0xd1, 0xfc,
  0xf8, 0xf8, 0xfa, 0xfb, 0xfb, 0xfb, 0xfc, 0xfb, 0xfc, 0xfb, 0xfc, 0xfc,
  0xfc, 0xfb, 0xfb, 0xfb, 0xfb, 0xfb, 0xfb, 0xfc, 0xfc, 0xfc, 0xfc, 0xfb,
  0xfa, 0xfb, 0xfa, 0xfa, 0xf9, 0xfa, 0xfb, 0xfb, 0xfa, 0xfa, 0xfa, 0xfb,
  0xfb, 0xfc, 0xfb, 0xf6, 0xff, 0xa2, 0x1d, 0x00, 0x04, 0x05, 0x02, 0x01,
  0x00, 0x00, 0x00, 0x00, 0x00, 0x00, 0x00, 0x00, 0x00, 0x00, 0x00, 0x00,
  0x00, 0x00, 0x00, 0x00, 0x00, 0x00, 0x00, 0x00, 0x00, 0x00, 0x00, 0x00,
  0x00, 0x00, 0x00, 0x00, 0x00, 0x00, 0x02, 0x03, 0x02, 0x02, 0x03, 0x04,
  0x0f, 0x04, 0x10, 0x82, 0xf6, 0xfd, 0xf4, 0xfa, 0xf9, 0xf9, 0xf8, 0xf8,
  0xf9, 0xfa, 0xfb, 0xfb, 0xfa, 0xfa, 0xfa, 0xfa, 0xfa, 0xfa, 0xfb, 0xfa,
  0xfa, 0xfb, 0xfb, 0xfb, 0xfb, 0xfa, 0xfb, 0xfc, 0xfc, 0xfc, 0xfc, 0xfb,
  0xfc, 0xfb, 0xfb, 0xfb, 0xfb, 0xfb, 0xfa, 0xf9, 0xfa, 0xfb, 0xfb, 0xf7,
  0xf4, 0xfb, 0xfa, 0x9d, 0x12, 0x02, 0x09, 0x04, 0x03, 0x03, 0x02, 0x01,
  0x00, 0x00, 0x00, 0x00, 0x00, 0x00, 0x00, 0x00, 0x00, 0x00, 0x00, 0x00,
  0x00, 0x00, 0x00, 0x00, 0x00, 0x00, 0x00, 0x00, 0x00, 0x00, 0x00, 0x00,
  0x00, 0x00, 0x00, 0x00, 0x00, 0x00, 0x00, 0x00, 0x00, 0x00, 0x00, 0x00,
  0x00, 0x00, 0x00, 0x00, 0x00, 0x00, 0x00, 0x00, 0x00, 0x00, 0x00, 0x00,
  0x00, 0x00, 0x00, 0x00, 0x00, 0x01, 0x02, 0x03, 0x04, 0x06, 0x04, 0x0b,
  0x8f, 0xf7, 0xfb, 0xf4, 0xf8, 0xf9, 0xfa, 0xfa, 0xfa, 0xfa, 0xfb, 0xfc,
  0xfb, 0xfa, 0xfb, 0xfb, 0xfb, 0xfb, 0xfb, 0xfc, 0xfb, 0xfb, 0xfb, 0xfb,
  0xfb, 0xfb, 0xfb, 0xfb, 0xfb, 0xfc, 0xfd, 0xfd, 0xfd, 0xfd, 0xfd, 0xfc,
  0xfc, 0xfb, 0xfc, 0xfb, 0xfa, 0xfa, 0xfb, 0xfb, 0xfa, 0xfb, 0xfc, 0xfc,
  0xfb, 0xfb, 0xfc, 0xfb, 0xfc, 0xfd, 0xfc, 0xfd, 0xfd, 0xfd, 0xfc, 0xfc,
  0xfc, 0xfc, 0xfc, 0xfc, 0xfc, 0xfc, 0xfc, 0xfc, 0xfb, 0xfb, 0xfc, 0xfb,
  0xfa, 0xfb, 0xfb, 0xfa, 0xfb, 0xfb, 0xfb, 0xfa, 0xfa, 0xfa, 0xfb, 0xfa,
  0xfa, 0xfa, 0xfa, 0xfa, 0xfa, 0xfb, 0xfc, 0xfc, 0xfb, 0xfc, 0xfc, 0xfc,
  0xfb, 0xfd, 0xfc, 0xfc, 0xfc, 0xfc, 0xfc, 0xfd, 0xfc, 0xfd, 0xfd, 0xfc,
  0xfb, 0xfb, 0xfc, 0xfb, 0xfa, 0xfa, 0xfb, 0xfc, 0xfc, 0xfc, 0xfb, 0xfc,
  0xfc, 0xfc, 0xfc, 0xfc, 0xfc, 0xfb, 0xfa, 0xfa, 0xfa, 0xfb, 0xfb, 0xfb,
  0xfb, 0xfb, 0xfa, 0xfb, 0xfc, 0xfb, 0xfc, 0xfc, 0xfc, 0xfc, 0xfc, 0xfc,
  0xfb, 0xfb, 0xfb, 0xfa, 0xfb, 0xfb, 0xfa, 0xfb, 0xfb, 0xfa, 0xfa, 0xf9,
  0xfa, 0xfa, 0xfb, 0xfb, 0xfb, 0xfa, 0xfb, 0xfa, 0xfb, 0xfb, 0xfc, 0xfc,
  0xfd, 0xfd, 0xfb, 0xf8, 0xf8, 0xfd, 0xf2, 0x89, 0x01, 0x08, 0x07, 0x03,
  0x03, 0x02, 0x01, 0x01, 0x00, 0x00, 0x00, 0x00, 0x00, 0x00, 0x00, 0x00,
  0x00, 0x00, 0x00, 0x00, 0x00, 0x00, 0x00, 0x00, 0x00, 0x00, 0x00, 0x00,
  0x00, 0x00, 0x00, 0x00, 0x00, 0x00, 0x00, 0x00, 0x00, 0x00, 0x00, 0x00,
  0x00, 0x00, 0x00, 0x00, 0x00, 0x00, 0x00, 0x00, 0x00, 0x00, 0x00, 0x01,
  0x06, 0x09, 0x05, 0x0f, 0xad, 0xfc, 0xfc, 0xf6, 0xf9, 0xfa, 0xf9, 0xfa,
  0xfa, 0xf9, 0xfa, 0xfb, 0xfb, 0xfb, 0xfb, 0xfb, 0xfa, 0xfa, 0xfa, 0xfa,
  0xfa, 0xfa, 0xfa, 0xfa, 0xfa, 0xfa, 0xfc, 0xfc, 0xfb, 0xfc, 0xfc, 0xfc,
  0xfd, 0xfc, 0xfc, 0xfd, 0xfd, 0xfc, 0xfd, 0xfe, 0xfd, 0xfd, 0xfc, 0xfc,
  0xfd, 0xfc, 0xfb, 0xfb, 0xfa, 0xfb, 0xfb, 0xfb, 0xfb, 0xfb, 0xfb, 0xfa,
  0xfa, 0xfb, 0xfb, 0xfb, 0xfc, 0xfb, 0xfb, 0xfb, 0xfb, 0xfc, 0xfc, 0xfc,
  0xfc, 0xfb, 0xfa, 0xfa, 0xfa, 0xfa, 0xfa, 0xfb, 0xfc, 0xfb, 0xfb, 0xfb,
  0xfc, 0xfc, 0xfb, 0xfc, 0xfd, 0xfc, 0xfb, 0xfc, 0xfc, 0xfb, 0xfc, 0xfc,
  0xfb, 0xfa, 0xfb, 0xfa, 0xfb, 0xfc, 0xfb, 0xfa, 0xfb, 0xfb, 0xfa, 0xfb,
  0xfb, 0xfa, 0xfa, 0xfa, 0xfa, 0xfb, 0xfc, 0xfc, 0xfc, 0xfc, 0xfb, 0xfb,
  0xfa, 0xfa, 0xfa, 0xfb, 0xfb, 0xfb, 0xfd, 0xfc, 0xfc, 0xfc, 0xfd, 0xfc,
  0xfc, 0xfb, 0xfa, 0xfb, 0xfa, 0xfb, 0xfb, 0xfc, 0xfc, 0xfc, 0xfc, 0xfc,
  0xfd, 0xfc, 0xfc, 0xfd, 0xfc, 0xfd, 0xfd, 0xfd, 0xfc, 0xfc, 0xfb, 0xfb,
  0xfc, 0xfc, 0xfb, 0xfc, 0xfb, 0xfa, 0xfa, 0xfb, 0xfa, 0xfa, 0xf9, 0xf9,
  0xf9, 0xfa, 0xfa, 0xfa, 0xfb, 0xfb, 0xfc, 0xfd, 0xfd, 0xfc, 0xfc, 0xfd,
  0xde, 0x2b, 0x02, 0x07, 0x07, 0x04, 0x02, 0x01, 0x00, 0x00, 0x00, 0x00,
  0x00, 0x00, 0x00, 0x00, 0x00, 0x00, 0x00, 0x00, 0x00, 0x00, 0x00, 0x00,
  0x00, 0x00, 0x00, 0x00, 0x00, 0x00, 0x00, 0x00, 0x00, 0x00, 0x00, 0x00,
  0x00, 0x00, 0x00, 0x00, 0x01, 0x01, 0x02, 0x08, 0x00, 0x84, 0xf8, 0xff,
  0xf6, 0xf8, 0xfa, 0xfc, 0xfd, 0xfd, 0xfc, 0xfc, 0xfc, 0xfb, 0xfb, 0xfb,
  0xfb, 0xfb, 0xfb, 0xfc, 0xfb, 0xfb, 0xfb, 0xfc, 0xfc, 0xfc, 0xfc, 0xfc,
  0xfc, 0xfc, 0xfc, 0xfb, 0xfb, 0xfb, 0xfa, 0xfb, 0xfb, 0xf9, 0xfa, 0xf9,
  0xf8, 0xf7, 0xef, 0xfc, 0xec, 0x73, 0x07, 0x00, 0x03, 0x01, 0x01, 0x01,
  0x01, 0x01, 0x01, 0x00, 0x00, 0x00, 0x00, 0x00, 0x00, 0x00, 0x00, 0x00,
  0x00, 0x00, 0x00, 0x00, 0x00, 0x00, 0x00, 0x00, 0x00, 0x01, 0x01, 0x00,
  0x00, 0x00, 0x00, 0x00, 0x00, 0x00, 0x00, 0x00, 0x00, 0x00, 0x00, 0x00,
  0x00, 0x00, 0x01, 0x00, 0x00, 0x00, 0x00, 0x00, 0x00, 0x00, 0x00, 0x00,
  0x00, 0x00, 0x00, 0x00, 0x00, 0x00, 0x00, 0x00, 0x00, 0x00, 0x00, 0x00,
  0x00, 0x00, 0x00, 0x00, 0x00, 0x00, 0x00, 0x00, 0x00, 0x01, 0x00, 0x00,
  0x00, 0x00, 0x00, 0x00, 0x00, 0x00, 0x00, 0x00, 0x01, 0x00, 0x00, 0x00,
  0x00, 0x00, 0x00, 0x00, 0x00, 0x00, 0x00, 0x00, 0x00, 0x00, 0x00, 0x01,
  0x02, 0x02, 0x02, 0x02, 0x03, 0x02, 0x02, 0x02, 0x01, 0x00, 0x00, 0x00,
  0x00, 0x00, 0x00, 0x00, 0x00, 0x00, 0x00, 0x00, 0x00, 0x00, 0x00, 0x00,
  0x00, 0x00, 0x00, 0x00, 0x00, 0x00, 0x00, 0x00, 0x00, 0x00, 0x00, 0x03,
  0x07, 0x09, 0x00, 0x16, 0xd0, 0xfd, 0xf8, 0xf8, 0xfb, 0xfa, 0xfa, 0xfb,
  0xfb, 0xfb, 0xfb, 0xfc, 0xfb, 0xfb, 0xfc, 0xfa, 0xfa, 0xfa, 0xfa, 0xfa,
  0xfb, 0xfb, 0xfb, 0xfb, 0xfb, 0xfb, 0xfb, 0xfa, 0xfa, 0xfa, 0xf9, 0xfa,
  0xfb, 0xfa, 0xfb, 0xfb, 0xfa, 0xfa, 0xfa, 0xfc, 0xfb, 0xf5, 0xff, 0xa1,
  0x1e, 0x00, 0x04, 0x05, 0x03, 0x00, 0x00, 0x00, 0x00, 0x00, 0x01, 0x00,
  0x00, 0x00, 0x00, 0x00, 0x00, 0x01, 0x00, 0x00, 0x00, 0x00, 0x00, 0x00,
  0x00, 0x00, 0x00, 0x00, 0x00, 0x00, 0x00, 0x00, 0x00, 0x00, 0x00, 0x01,
  0x01, 0x02, 0x02, 0x01, 0x02, 0x04, 0x07, 0x0e, 0x00, 0x22, 0xae, 0xfd,
  0xf7, 0xf6, 0xfa, 0xf8, 0xf8, 0xf8, 0xf9, 0xfa, 0xfa, 0xfa, 0xfa, 0xf9,
  0xf9, 0xfa, 0xfa, 0xfa, 0xfb, 0xfb, 0xfb, 0xfc, 0xfc, 0xfc, 0xfb, 0xfa,
  0xfb, 0xfc, 0xfb, 0xfb, 0xfb, 0xfb, 0xfb, 0xfc, 0xfa, 0xfb, 0xfc, 0xfb,
  0xfa, 0xfa, 0xfa, 0xfb, 0xfb, 0xf8, 0xf6, 0xf6, 0xfc, 0xef, 0x75, 0x07,
  0x02, 0x08, 0x03, 0x04, 0x03, 0x02, 0x01, 0x00, 0x00, 0x00, 0x00, 0x00,
  0x00, 0x00, 0x00, 0x00, 0x00, 0x00, 0x00, 0x00, 0x00, 0x00, 0x00, 0x00,
  0x00, 0x00, 0x00, 0x00, 0x00, 0x00, 0x00, 0x00, 0x00, 0x00, 0x00, 0x00,
  0x00, 0x00, 0x00, 0x00, 0x00, 0x00, 0x00, 0x00, 0x00, 0x00, 0x00, 0x00,
  0x00, 0x00, 0x00, 0x00, 0x00, 0x00, 0x00, 0x00, 0x00, 0x00, 0x00, 0x02,
  0x03, 0x04, 0x05, 0x04, 0x06, 0x45, 0xe9, 0xfe, 0xf4, 0xf5, 0xf9, 0xfb,
  0xfb, 0xfb, 0xfb, 0xfa, 0xfb, 0xfc, 0xfc, 0xfb, 0xfa, 0xfa, 0xfa, 0xfa,
  0xfb, 0xfc, 0xfb, 0xfc, 0xfc, 0xfb, 0xfa, 0xfa, 0xfa, 0xfb, 0xfc, 0xfc,
  0xfc, 0xfd, 0xfe, 0xfd, 0xfc, 0xfd, 0xfc, 0xfb, 0xfc, 0xfb, 0xfb, 0xfa,
  0xfa, 0xfb, 0xfb, 0xfa, 0xfb, 0xfb, 0xfb, 0xfb, 0xfc, 0xfb, 0xfb, 0xfc,
  0xfd, 0xfc, 0xfc, 0xfd, 0xfc, 0xfb, 0xfb, 0xfb, 0xfb, 0xfc, 0xfd, 0xfd,
  0xfd, 0xfc, 0xfc, 0xfc, 0xfc, 0xfb, 0xfa, 0xfb, 0xfa, 0xfb, 0xfb, 0xfc,
  0xfb, 0xfb, 0xfb, 0xfb, 0xfb, 0xfb, 0xfb, 0xfb, 0xfb, 0xfb, 0xfb, 0xfb,
  0xfc, 0xfc, 0xfc, 0xfb, 0xfc, 0xfc, 0xfb, 0xfc, 0xfc, 0xfc, 0xfc, 0xfb,
  0xfc, 0xfc, 0xfd, 0xfc, 0xfd, 0xfd, 0xfc, 0xfc, 0xfb, 0xfb, 0xfb, 0xfb,
  0xfb, 0xfc, 0xfd, 0xfc, 0xfb, 0xfb, 0xfb, 0xfb, 0xfb, 0xfb, 0xfb, 0xfb,
  0xfb, 0xfb, 0xfb, 0xfa, 0xfb, 0xfb, 0xfa, 0xfa, 0xfb, 0xfc, 0xfb, 0xfb,
  0xfc, 0xfc, 0xfb, 0xfb, 0xfb, 0xfb, 0xfc, 0xfb, 0xfa, 0xfb, 0xfb, 0xfb,
  0xfa, 0xfb, 0xfa, 0xfb, 0xfa, 0xfa, 0xfa, 0xfb, 0xfb, 0xfc, 0xfb, 0xfb,
  0xfc, 0xfb, 0xfc, 0xfc, 0xfb, 0xfc, 0xfd, 0xfd, 0xfb, 0xf9, 0xf9, 0xfc,
  0xff, 0xda, 0x36, 0x01, 0x06, 0x05, 0x03, 0x02, 0x01, 0x00, 0x01, 0x00,
  0x00, 0x00, 0x00, 0x00, 0x00, 0x00, 0x00, 0x00, 0x00, 0x00, 0x00, 0x00,
  0x00, 0x00, 0x00, 0x00, 0x00, 0x00, 0x00, 0x00, 0x00, 0x00, 0x00, 0x00,
  0x00, 0x00, 0x00, 0x00, 0x00, 0x00, 0x00, 0x00, 0x00, 0x00, 0x00, 0x00,
  0x00, 0x00, 0x00, 0x01, 0x01, 0x02, 0x07, 0x07, 0x01, 0x6e, 0xec, 0xfd,
  0xf7, 0xf7, 0xfa, 0xfb, 0xfb, 0xfb, 0xfa, 0xfb, 0xfb, 0xfb, 0xfb, 0xfa,
  0xfa, 0xfa, 0xfb, 0xfb, 0xfb, 0xfb, 0xfb, 0xfb, 0xfb, 0xfb, 0xfa, 0xfb,
  0xfc, 0xfc, 0xfc, 0xfb, 0xfb, 0xfc, 0xfd, 0xfd, 0xfd, 0xfc, 0xfc, 0xfd,
  0xfd, 0xfe, 0xfc, 0xfc, 0xfd, 0xfc, 0xfc, 0xfc, 0xfb, 0xfa, 0xfa, 0xfa,
  0xfa, 0xfa, 0xfa, 0xfa, 0xfa, 0xfa, 0xf9, 0xfb, 0xfc, 0xfc, 0xfc, 0xfb,
  0xfa, 0xfa, 0xfb, 0xfd, 0xfc, 0xfc, 0xfc, 0xfb, 0xfa, 0xfa, 0xfa, 0xfa,
  0xfa, 0xfb, 0xfc, 0xfb, 0xfc, 0xfc, 0xfb, 0xfb, 0xfb, 0xfc, 0xfc, 0xfc,
  0xfb, 0xfb, 0xfb, 0xfc, 0xfb, 0xfb, 0xfb, 0xfa, 0xfa, 0xfa, 0xfa, 0xfb,
  0xfb, 0xfa, 0xfa, 0xfa, 0xfa, 0xfb, 0xfc, 0xfb, 0xfb, 0xfb, 0xfb, 0xfb,
  0xfb, 0xfb, 0xfc, 0xfb, 0xfc, 0xfb, 0xfa, 0xfa, 0xfb, 0xfc, 0xfc, 0xfc,
  0xfc, 0xfb, 0xfb, 0xfc, 0xfd, 0xfc, 0xfb, 0xfb, 0xfa, 0xfb, 0xfa, 0xfa,
  0xfb, 0xfc, 0xfb, 0xfc, 0xfd, 0xfd, 0xfd, 0xfd, 0xfd, 0xfc, 0xfd, 0xfc,
  0xfc, 0xfc, 0xfb, 0xfb, 0xfa, 0xfa, 0xfb, 0xfc, 0xfc, 0xfc, 0xfb, 0xfa,
  0xfb, 0xfb, 0xfa, 0xfa, 0xfa, 0xf9, 0xfa, 0xfa, 0xfb, 0xfb, 0xfb, 0xfb,
  0xfc, 0xfe, 0xfd, 0xfb, 0xf8, 0xfc, 0xfe, 0x88, 0x10, 0x00, 0x05, 0x02,
  0x01, 0x00, 0x00, 0x00, 0x00, 0x00, 0x00, 0x00, 0x00, 0x00, 0x00, 0x00,
  0x00, 0x00, 0x00, 0x00, 0x00, 0x00, 0x00, 0x00, 0x00, 0x00, 0x00, 0x00,
  0x00, 0x00, 0x00, 0x00, 0x00, 0x00, 0x00, 0x00, 0x00, 0x00, 0x01, 0x01,
  0x02, 0x08, 0x00, 0x85, 0xf8, 0xff, 0xf6, 0xf8, 0xfa, 0xfc, 0xfd, 0xfc,
  0xfd, 0xfd, 0xfd, 0xfc, 0xfb, 0xfc, 0xfc, 0xfc, 0xfc, 0xfc, 0xfc, 0xfc,
  0xfc, 0xfb, 0xfb, 0xfb, 0xfc, 0xfc, 0xfc, 0xfb, 0xfc, 0xfb, 0xfb, 0xfb,
  0xfb, 0xfa, 0xfa, 0xfa, 0xfa, 0xf9, 0xf8, 0xf7, 0xef, 0xfc, 0xed, 0x74,
  0x08, 0x01, 0x07, 0x04, 0x04, 0x04, 0x04, 0x04, 0x04, 0x03, 0x03, 0x03,
  0x03, 0x03, 0x03, 0x03, 0x03, 0x03, 0x03, 0x03, 0x03, 0x03, 0x03, 0x03,
  0x03, 0x03, 0x03, 0x03, 0x03, 0x03, 0x03, 0x03, 0x03, 0x03, 0x03, 0x03,
  0x03, 0x03, 0x03, 0x03, 0x03, 0x03, 0x03, 0x03, 0x04, 0x03, 0x03, 0x03,
  0x03, 0x03, 0x03, 0x03, 0x03, 0x03, 0x03, 0x03, 0x03, 0x03, 0x03, 0x03,
  0x03, 0x03, 0x03, 0x03, 0x03, 0x03, 0x03, 0x03, 0x03, 0x03, 0x03, 0x03,
  0x03, 0x03, 0x03, 0x04, 0x03, 0x03, 0x03, 0x03, 0x03, 0x03, 0x03, 0x03,
  0x03, 0x03, 0x03, 0x03, 0x03, 0x03, 0x03, 0x03, 0x03, 0x03, 0x03, 0x03,
  0x03, 0x03, 0x03, 0x03, 0x03, 0x04, 0x04, 0x04, 0x04, 0x04, 0x04, 0x04,
  0x04, 0x04, 0x03, 0x01, 0x00, 0x00, 0x00, 0x00, 0x00, 0x00, 0x00, 0x00,
  0x00, 0x00, 0x00, 0x00, 0x00, 0x00, 0x00, 0x00, 0x00, 0x00, 0x00, 0x00,
  0x00, 0x00, 0x00, 0x00, 0x00, 0x03, 0x07, 0x09, 0x00, 0x16, 0xd1, 0xfe,
  0xf8, 0xf8, 0xfb, 0xfb, 0xfb, 0xfa, 0xfa, 0xfa, 0xfb, 0xfc, 0xfc, 0xfc,
  0xfc, 0xfb, 0xfa, 0xfb, 0xfa, 0xfa, 0xfa, 0xfa, 0xfa, 0xfa, 0xfa, 0xfa,
  0xfa, 0xfa, 0xfb, 0xfb, 0xfa, 0xfa, 0xfb, 0xfa, 0xfa, 0xfb, 0xfa, 0xf9,
  0xfa, 0xfb, 0xfa, 0xf5, 0xff, 0xa1, 0x1e, 0x00, 0x04, 0x05, 0x02, 0x01,
  0x00, 0x00, 0x00, 0x00, 0x01, 0x01, 0x01, 0x00, 0x00, 0x00, 0x00, 0x00,
  0x00, 0x00, 0x00, 0x00, 0x00, 0x00, 0x00, 0x00, 0x00, 0x00, 0x00, 0x00,
  0x00, 0x00, 0x00, 0x00, 0x00, 0x01, 0x01, 0x01, 0x01, 0x02, 0x01, 0x03,
  0x03, 0x07, 0x06, 0x00, 0x43, 0xcf, 0xff, 0xf2, 0xf7, 0xf7, 0xf7, 0xf8,
  0xf8, 0xf9, 0xfa, 0xf9, 0xf9, 0xfa, 0xf9, 0xfa, 0xfb, 0xfb, 0xfb, 0xfc,
  0xfc, 0xfb, 0xfc, 0xfb, 0xfa, 0xfa, 0xfb, 0xfb, 0xfc, 0xfc, 0xfc, 0xfc,
  0xfc, 0xfb, 0xfb, 0xfb, 0xfb, 0xfc, 0xfb, 0xfa, 0xfb, 0xfc, 0xfb, 0xfb,
  0xfa, 0xf9, 0xf8, 0xfd, 0xdf, 0x4e, 0x01, 0x06, 0x08, 0x03, 0x03, 0x02,
  0x01, 0x00, 0x00, 0x00, 0x00, 0x00, 0x00, 0x00, 0x00, 0x00, 0x00, 0x00,
  0x00, 0x00, 0x00, 0x00, 0x00, 0x00, 0x00, 0x00, 0x00, 0x00, 0x00, 0x00,
  0x00, 0x00, 0x00, 0x00, 0x00, 0x00, 0x00, 0x00, 0x00, 0x00, 0x00, 0x00,
  0x00, 0x00, 0x00, 0x00, 0x00, 0x00, 0x00, 0x00, 0x00, 0x00, 0x00, 0x00,
  0x00, 0x00, 0x00, 0x00, 0x00, 0x02, 0x04, 0x04, 0x04, 0x00, 0x14, 0xad,
  0xfc, 0xfc, 0xf7, 0xf7, 0xfa, 0xfb, 0xfb, 0xfb, 0xfa, 0xfb, 0xfc, 0xfc,
  0xfb, 0xfb, 0xfa, 0xfb, 0xfb, 0xfa, 0xfb, 0xfc, 0xfc, 0xfb, 0xfb, 0xfb,
  0xfa, 0xfb, 0xfb, 0xfb, 0xfb, 0xfc, 0xfc, 0xfd, 0xfd, 0xfc, 0xfc, 0xfc,
  0xfc, 0xfb, 0xfb, 0xfb, 0xfc, 0xfb, 0xfa, 0xfa, 0xfa, 0xfa, 0xfa, 0xfa,
  0xfb, 0xfc, 0xfb, 0xfb, 0xfb, 0xfb, 0xfc, 0xfd, 0xfd, 0xfd, 0xfc, 0xfb,
  0xfc, 0xfb, 0xfc, 0xfd, 0xfc, 0xfd, 0xfc, 0xfb, 0xfc, 0xfb, 0xfb, 0xfb,
  0xfa, 0xfb, 0xfa, 0xfb, 0xfc, 0xfc, 0xfc, 0xfb, 0xfb, 0xfb, 0xfb, 0xfa,
  0xfb, 0xfc, 0xfc, 0xfc, 0xfc, 0xfc, 0xfb, 0xfc, 0xfc, 0xfb, 0xfc, 0xfb,
  0xfb, 0xfc, 0xfc, 0xfb, 0xfb, 0xfc, 0xfb, 0xfc, 0xfd, 0xfd, 0xfc, 0xfc,
  0xfd, 0xfd, 0xfb, 0xfa, 0xfb, 0xfc, 0xfc, 0xfb, 0xfb, 0xfc, 0xfb, 0xfa,
  0xfb, 0xfb, 0xfb, 0xfa, 0xfa, 0xfa, 0xfa, 0xfa, 0xfa, 0xfa, 0xfa, 0xfa,
  0xfa, 0xfb, 0xfc, 0xfb, 0xfc, 0xfc, 0xfb, 0xfb, 0xfc, 0xfc, 0xfc, 0xfc,
  0xfc, 0xfb, 0xfa, 0xfa, 0xfa, 0xfa, 0xfa, 0xfc, 0xfb, 0xfa, 0xfb, 0xfb,
  0xfb, 0xfa, 0xfb, 0xfb, 0xfb, 0xfc, 0xfb, 0xfc, 0xfb, 0xfb, 0xfb, 0xfc,
  0xfd, 0xfd, 0xfc, 0xfc, 0xfa, 0xf9, 0xfd, 0xf9, 0x9c, 0x07, 0x04, 0x08,
  0x04, 0x02, 0x01, 0x00, 0x01, 0x00, 0x00, 0x00, 0x00, 0x00, 0x00, 0x00,
  0x00, 0x00, 0x00, 0x00, 0x00, 0x00, 0x00, 0x00, 0x00, 0x00, 0x00, 0x00,
  0x00, 0x00, 0x00, 0x00, 0x00, 0x00, 0x00, 0x00, 0x00, 0x00, 0x00, 0x00,
  0x00, 0x00, 0x00, 0x00, 0x00, 0x00, 0x00, 0x01, 0x01, 0x02, 0x03, 0x04,
  0x05, 0x02, 0x28, 0xcc, 0xff, 0xfd, 0xf8, 0xfa, 0xfb, 0xfc, 0xfc, 0xfb,
  0xfa, 0xfb, 0xfb, 0xfa, 0xfa, 0xfa, 0xf9, 0xfa, 0xfb, 0xfa, 0xfa, 0xfa,
  0xfa, 0xfa, 0xfa, 0xfa, 0xfa, 0xfb, 0xfc, 0xfc, 0xfb, 0xfc, 0xfb, 0xfc,
  0xfd, 0xfc, 0xfd, 0xfc, 0xfc, 0xfd, 0xfd, 0xfd, 0xfd, 0xfc, 0xfc, 0xfc,
  0xfd, 0xfd, 0xfc, 0xfb, 0xfa, 0xfb, 0xfb, 0xfb, 0xfa, 0xf9, 0xf9, 0xfa,
  0xfb, 0xfa, 0xfb, 0xfb, 0xfb, 0xfb, 0xfa, 0xfb, 0xfb, 0xfb, 0xfb, 0xfc,
  0xfc, 0xfb, 0xfb, 0xfb, 0xfb, 0xfa, 0xfb, 0xfc, 0xfb, 0xfc, 0xfb, 0xfb,
  0xfc, 0xfc, 0xfc, 0xfc, 0xfc, 0xfc, 0xfc, 0xfc, 0xfc, 0xfc, 0xfb, 0xfa,
  0xfb, 0xfb, 0xfb, 0xfb, 0xfb, 0xfa, 0xfb, 0xfb, 0xfb, 0xfb, 0xfa, 0xfb,
  0xfc, 0xfb, 0xfb, 0xfb, 0xfb, 0xfa, 0xfa, 0xfb, 0xfc, 0xfb, 0xfb, 0xfc,
  0xfb, 0xfb, 0xfc, 0xfc, 0xfd, 0xfd, 0xfc, 0xfc, 0xfc, 0xfb, 0xfc, 0xfc,
  0xfb, 0xfb, 0xfa, 0xfb, 0xfa, 0xf9, 0xfb, 0xfb, 0xfb, 0xfc, 0xfd, 0xfe,
  0xfd, 0xfc, 0xfd, 0xfd, 0xfd, 0xfc, 0xfb, 0xfc, 0xfb, 0xfa, 0xfa, 0xfb,
  0xfa, 0xfb, 0xfb, 0xfc, 0xfb, 0xfa, 0xfb, 0xfa, 0xfb, 0xfb, 0xfb, 0xfa,
  0xfa, 0xfb, 0xfa, 0xfb, 0xfc, 0xfc, 0xfd, 0xfe, 0xfd, 0xfb, 0xf7, 0xf8,
  0xfd, 0xea, 0x38, 0x00, 0x03, 0x03, 0x01, 0x00, 0x00, 0x00, 0x00, 0x00,
  0x00, 0x00, 0x00, 0x00, 0x00, 0x00, 0x00, 0x00, 0x00, 0x00, 0x00, 0x00,
  0x00, 0x00, 0x00, 0x00, 0x00, 0x00, 0x00, 0x00, 0x00, 0x00, 0x00, 0x00,
  0x00, 0x00, 0x00, 0x00, 0x01, 0x01, 0x02, 0x07, 0x00, 0x85, 0xf8, 0xff,
  0xf6, 0xf8, 0xfa, 0xfc, 0xfd, 0xfc, 0xfc, 0xfc, 0xfc, 0xfc, 0xfb, 0xfc,
  0xfb, 0xfc, 0xfd, 0xfd, 0xfc, 0xfb, 0xfc, 0xfc, 0xfb, 0xfb, 0xfc, 0xfd,
  0xfc, 0xfb, 0xfc, 0xfb, 0xfa, 0xfb, 0xfb, 0xfa, 0xfb, 0xfa, 0xf9, 0xfa,
  0xf8, 0xf7, 0xef, 0xfc, 0xed, 0x77, 0x0a, 0x02, 0x0b, 0x06, 0x06, 0x06,
  0x05, 0x05, 0x05, 0x05, 0x05, 0x05, 0x05, 0x05, 0x05, 0x05, 0x05, 0x05,
  0x05, 0x05, 0x05, 0x05, 0x05, 0x05, 0x05, 0x05, 0x05, 0x05, 0x05, 0x05,
  0x05, 0x05, 0x05, 0x05, 0x05, 0x05, 0x05, 0x05, 0x05, 0x05, 0x05, 0x05,
  0x05, 0x05, 0x05, 0x05, 0x05, 0x05, 0x05, 0x05, 0x05, 0x05, 0x05, 0x05,
  0x05, 0x05, 0x05, 0x05, 0x05, 0x05, 0x05, 0x05, 0x05, 0x05, 0x05, 0x05,
  0x05, 0x05, 0x05, 0x05, 0x05, 0x05, 0x05, 0x06, 0x06, 0x06, 0x06, 0x05,
  0x05, 0x05, 0x05, 0x05, 0x05, 0x05, 0x05, 0x05, 0x05, 0x05, 0x05, 0x05,
  0x05, 0x06, 0x06, 0x05, 0x06, 0x06, 0x06, 0x05, 0x05, 0x05, 0x05, 0x05,
  0x05, 0x05, 0x05, 0x05, 0x06, 0x06, 0x06, 0x06, 0x05, 0x04, 0x01, 0x00,
  0x00, 0x00, 0x00, 0x00, 0x00, 0x00, 0x00, 0x00, 0x00, 0x00, 0x00, 0x00,
  0x00, 0x00, 0x00, 0x00, 0x00, 0x00, 0x00, 0x00, 0x00, 0x00, 0x00, 0x03,
  0x07, 0x09, 0x00, 0x16, 0xd1, 0xfe, 0xf8, 0xf8, 0xfb, 0xfb, 0xfa, 0xfb,
  0xfb, 0xfa, 0xfb, 0xfc, 0xfb, 0xfb, 0xfb, 0xfb, 0xfa, 0xfb, 0xfb, 0xfb,
  0xfb, 0xfb, 0xfb, 0xfb, 0xfb, 0xfb, 0xfb, 0xfb, 0xfb, 0xfa, 0xfb, 0xfb,
  0xfa, 0xfb, 0xfa, 0xfb, 0xfa, 0xf9, 0xfa, 0xfa, 0xf9, 0xf5, 0xff, 0xa0,
  0x1e, 0x00, 0x04, 0x05, 0x02, 0x01, 0x00, 0x00, 0x00, 0x00, 0x00, 0x00,
  0x00, 0x00, 0x00, 0x00, 0x00, 0x00, 0x00, 0x00, 0x00, 0x00, 0x00, 0x00,
  0x00, 0x00, 0x00, 0x00, 0x00, 0x00, 0x00, 0x00, 0x00, 0x00, 0x01, 0x00,
  0x00, 0x00, 0x00, 0x01, 0x02, 0x01, 0x02, 0x00, 0x05, 0x01, 0x09, 0x6c,
  0xeb, 0xfd, 0xf0, 0xf5, 0xf6, 0xf8, 0xf9, 0xf9, 0xfa, 0xfa, 0xfa, 0xfa,
  0xf9, 0xfa, 0xfb, 0xfb, 0xfc, 0xfd, 0xfc, 0xfc, 0xfc, 0xfb, 0xfb, 0xfb,
  0xfa, 0xfb, 0xfc, 0xfb, 0xfb, 0xfb, 0xfb, 0xfa, 0xfc, 0xfc, 0xfc, 0xfc,
  0xfc, 0xfb, 0xfb, 0xfc, 0xfc, 0xfd, 0xfe, 0xfb, 0xf6, 0xf5, 0xff, 0xc9,
  0x32, 0x00, 0x09, 0x06, 0x03, 0x03, 0x02, 0x01, 0x00, 0x00, 0x00, 0x00,
  0x00, 0x00, 0x00, 0x00, 0x00, 0x00, 0x00, 0x00, 0x00, 0x00, 0x00, 0x00,
  0x00, 0x00, 0x00, 0x00, 0x00, 0x00, 0x00, 0x00, 0x00, 0x00, 0x00, 0x00,
  0x00, 0x00, 0x00, 0x00, 0x00, 0x00, 0x00, 0x00, 0x00, 0x00, 0x00, 0x00,
  0x00, 0x00, 0x00, 0x00, 0x00, 0x00, 0x00, 0x00, 0x00, 0x00, 0x00, 0x02,
  0x04, 0x05, 0x01, 0x05, 0x53, 0xf7, 0xfe, 0xfc, 0xfb, 0xfb, 0xfb, 0xfc,
  0xfc, 0xfb, 0xfa, 0xfb, 0xfb, 0xfb, 0xfb, 0xfb, 0xfa, 0xfb, 0xfa, 0xfb,
  0xfa, 0xfb, 0xfc, 0xfb, 0xfa, 0xfa, 0xfa, 0xfb, 0xfc, 0xfc, 0xfb, 0xfc,
  0xfd, 0xfc, 0xfc, 0xfd, 0xfc, 0xfb, 0xfc, 0xfc, 0xfc, 0xfc, 0xfc, 0xfc,
  0xfb, 0xfb, 0xfb, 0xfb, 0xfa, 0xfb, 0xfc, 0xfb, 0xfc, 0xfc, 0xfc, 0xfc,
  0xfb, 0xfc, 0xfc, 0xfd, 0xfc, 0xfb, 0xfb, 0xfb, 0xfb, 0xfc, 0xfd, 0xfc,
  0xfb, 0xfc, 0xfb, 0xfb, 0xfa, 0xfb, 0xfb, 0xfb, 0xfb, 0xfa, 0xfb, 0xfc,
  0xfb, 0xfa, 0xfb, 0xfb, 0xfb, 0xfb, 0xfa, 0xfb, 0xfc, 0xfc, 0xfc, 0xfb,
  0xfc, 0xfb, 0xfb, 0xfc, 0xfc, 0xfc, 0xfc, 0xfc, 0xfc, 0xfc, 0xfc, 0xfb,
  0xfc, 0xfb, 0xfc, 0xfd, 0xfc, 0xfc, 0xfc, 0xfc, 0xfb, 0xfa, 0xfb, 0xfc,
  0xfc, 0xfb, 0xfb, 0xfb, 0xfc, 0xfb, 0xfa, 0xfa, 0xfa, 0xfa, 0xfa, 0xfb,
  0xfb, 0xfa, 0xfb, 0xfb, 0xfb, 0xfb, 0xfb, 0xfb, 0xfb, 0xfc, 0xfd, 0xfd,
  0xfc, 0xfb, 0xfb, 0xfb, 0xfb, 0xfb, 0xfb, 0xfb, 0xfb, 0xfb, 0xfb, 0xfb,
  0xfa, 0xfb, 0xfb, 0xfb, 0xfb, 0xfb, 0xfb, 0xfb, 0xfa, 0xfb, 0xfc, 0xfb,
  0xfc, 0xfc, 0xfc, 0xfc, 0xfb, 0xfc, 0xfc, 0xfd, 0xfe, 0xfe, 0xfd, 0xf8,
  0xf6, 0xfe, 0xe1, 0x49, 0x02, 0x07, 0x07, 0x03, 0x01, 0x00, 0x01, 0x00,
  0x01, 0x00, 0x00, 0x00, 0x00, 0x00, 0x00, 0x00, 0x00, 0x00, 0x00, 0x00,
  0x00, 0x00, 0x00, 0x00, 0x00, 0x00, 0x00, 0x00, 0x00, 0x00, 0x00, 0x00,
  0x00, 0x00, 0x00, 0x00, 0x00, 0x00, 0x00, 0x00, 0x00, 0x00, 0x00, 0x00,
  0x01, 0x00, 0x01, 0x03, 0x03, 0x06, 0x02, 0x09, 0x8e, 0xf8, 0xfe, 0xfb,
  0xfa, 0xfb, 0xfc, 0xfd, 0xfc, 0xfb, 0xfc, 0xfc, 0xfb, 0xfa, 0xfb, 0xfb,
  0xfb, 0xfa, 0xfb, 0xfa, 0xf9, 0xfa, 0xf9, 0xf9, 0xf9, 0xfa, 0xfb, 0xfb,
  0xfc, 0xfc, 0xfb, 0xfc, 0xfc, 0xfb, 0xfb, 0xfc, 0xfb, 0xfc, 0xfb, 0xfc,
  0xfd, 0xfc, 0xfd, 0xfd, 0xfd, 0xfc, 0xfd, 0xfe, 0xfc, 0xfb, 0xfc, 0xfc,
  0xfb, 0xfa, 0xfb, 0xfb, 0xfa, 0xfa, 0xfb, 0xfb, 0xfa, 0xfb, 0xfa, 0xfb,
  0xfc, 0xfb, 0xfc, 0xfc, 0xfc, 0xfc, 0xfc, 0xfc, 0xfc, 0xfc, 0xfc, 0xfc,
  0xfc, 0xfb, 0xfc, 0xfc, 0xfb, 0xfc, 0xfd, 0xfd, 0xfd, 0xfd, 0xfd, 0xfd,
  0xfc, 0xfd, 0xfc, 0xfb, 0xfc, 0xfc, 0xfc, 0xfc, 0xfc, 0xfc, 0xfb, 0xfa,
  0xfb, 0xfc, 0xfc, 0xfb, 0xfc, 0xfb, 0xfa, 0xfb, 0xfa, 0xfa, 0xfa, 0xfb,
  0xfb, 0xfa, 0xfb, 0xfc, 0xfb, 0xfb, 0xfc, 0xfc, 0xfb, 0xfc, 0xfd, 0xfc,
  0xfd, 0xfd, 0xfc, 0xfd, 0xfc, 0xfb, 0xfc, 0xfb, 0xfa, 0xfb, 0xfa, 0xfa,
  0xfb, 0xfa, 0xfb, 0xfc, 0xfd, 0xfc, 0xfc, 0xfd, 0xfe, 0xfd, 0xfc, 0xfc,
  0xfb, 0xfc, 0xfb, 0xfb, 0xfa, 0xfa, 0xfb, 0xfa, 0xfa, 0xfa, 0xfa, 0xfa,
  0xfb, 0xfb, 0xfa, 0xfa, 0xfa, 0xfb, 0xfa, 0xfb, 0xfa, 0xfb, 0xfc, 0xfc,
  0xfd, 0xfe, 0xfe, 0xfb, 0xf8, 0xf9, 0xfb, 0xfe, 0x98, 0x14, 0x00, 0x04,
  0x03, 0x02, 0x00, 0x00, 0x00, 0x00, 0x00, 0x00, 0x00, 0x00, 0x00, 0x00,
  0x00, 0x00, 0x00, 0x00, 0x00, 0x00, 0x00, 0x00, 0x00, 0x00, 0x00, 0x00,
  0x00, 0x00, 0x00, 0x00, 0x00, 0x00, 0x00, 0x00, 0x00, 0x00, 0x01, 0x01,
  0x02, 0x08, 0x00, 0x86, 0xf8, 0xff, 0xf6, 0xf8, 0xfa, 0xfc, 0xfd, 0xfc,
  0xfb, 0xfb, 0xfb, 0xfc, 0xfc, 0xfc, 0xfc, 0xfb, 0xfb, 0xfb, 0xfb, 0xfc,
  0xfc, 0xfc, 0xfc, 0xfc, 0xfb, 0xfb, 0xfb, 0xfb, 0xfc, 0xfb, 0xfa, 0xfa,
  0xfb, 0xfc, 0xfb, 0xfa, 0xfa, 0xfa, 0xf8, 0xf7, 0xf0, 0xfd, 0xee, 0x79,
  0x0a, 0x04, 0x0f, 0x09, 0x09, 0x09, 0x09, 0x09, 0x09, 0x09, 0x09, 0x08,
  0x08, 0x08, 0x08, 0x08, 0x08, 0x08, 0x08, 0x08, 0x08, 0x08, 0x09, 0x09,
  0x09, 0x09, 0x09, 0x09, 0x09, 0x09, 0x09, 0x09, 0x08, 0x08, 0x08, 0x08,
  0x08, 0x08, 0x08, 0x08, 0x08, 0x08, 0x08, 0x08, 0x09, 0x09, 0x09, 0x09,
  0x09, 0x09, 0x09, 0x08, 0x08, 0x09, 0x09, 0x09, 0x08, 0x08, 0x09, 0x09,
  0x09, 0x09, 0x09, 0x09, 0x09, 0x09, 0x09, 0x08, 0x08, 0x09, 0x08, 0x08,
  0x08, 0x08, 0x08, 0x09, 0x08, 0x08, 0x09, 0x09, 0x09, 0x09, 0x09, 0x09,
  0x09, 0x09, 0x09, 0x09, 0x09, 0x08, 0x08, 0x09, 0x09, 0x09, 0x09, 0x09,
  0x09, 0x09, 0x09, 0x08, 0x09, 0x09, 0x09, 0x09, 0x09, 0x09, 0x09, 0x09,
  0x09, 0x09, 0x08, 0x05, 0x03, 0x00, 0x00, 0x00, 0x00, 0x00, 0x00, 0x00,
  0x00, 0x00, 0x00, 0x00, 0x00, 0x00, 0x00, 0x00, 0x00, 0x00, 0x00, 0x00,
  0x00, 0x00, 0x00, 0x00, 0x00, 0x03, 0x07, 0x09, 0x00, 0x17, 0xd2, 0xfe,
  0xf8, 0xf8, 0xfb, 0xfb, 0xfa, 0xfb, 0xfb, 0xfa, 0xfb, 0xfa, 0xfa, 0xfb,
  0xfb, 0xfb, 0xfb, 0xfa, 0xfb, 0xfc, 0xfb, 0xfc, 0xfc, 0xfc, 0xfc, 0xfc,
  0xfc, 0xfc, 0xfc, 0xfb, 0xfa, 0xfb, 0xfb, 0xfb, 0xfa, 0xfb, 0xfa, 0xf9,
  0xfa, 0xfa, 0xf8, 0xf5, 0xff, 0x9f, 0x1d, 0x00, 0x04, 0x05, 0x03, 0x02,
  0x00, 0x00, 0x00, 0x00, 0x00, 0x00, 0x00, 0x00, 0x00, 0x00, 0x00, 0x00,
  0x00, 0x00, 0x00, 0x00, 0x00, 0x00, 0x00, 0x00, 0x00, 0x00, 0x00, 0x00,
  0x00, 0x00, 0x00, 0x00, 0x00, 0x00, 0x00, 0x00, 0x01, 0x00, 0x01, 0x00,
  0x00, 0x00, 0x00, 0x05, 0x00, 0x18, 0x97, 0xfa, 0xf4, 0xf2, 0xf6, 0xf8,
  0xf9, 0xf8, 0xf9, 0xfa, 0xf9, 0xfa, 0xf9, 0xfa, 0xfb, 0xfb, 0xfc, 0xfc,
  0xfd, 0xfd, 0xfc, 0xfb, 0xfc, 0xfc, 0xfc, 0xfc, 0xfb, 0xfa, 0xfb, 0xfa,
  0xfa, 0xfb, 0xfb, 0xfb, 0xfc, 0xfd, 0xfc, 0xfb, 0xfb, 0xfc, 0xfd, 0xfe,
  0xfe, 0xfc, 0xf7, 0xf4, 0xf9, 0xff, 0xac, 0x1d, 0x00, 0x0c, 0x03, 0x03,
  0x02, 0x01, 0x00, 0x00, 0x00, 0x00, 0x00, 0x00, 0x00, 0x00, 0x00, 0x00,
  0x00, 0x00, 0x00, 0x00, 0x00, 0x00, 0x00, 0x00, 0x00, 0x00, 0x00, 0x00,
  0x00, 0x00, 0x00, 0x00, 0x00, 0x00, 0x00, 0x00, 0x00, 0x00, 0x00, 0x00,
  0x00, 0x00, 0x00, 0x00, 0x00, 0x00, 0x00, 0x00, 0x00, 0x00, 0x00, 0x00,
  0x00, 0x00, 0x00, 0x00, 0x00, 0x02, 0x04, 0x05, 0x00, 0x1d, 0xc4, 0xfe,
  0xfd, 0xfc, 0xfc, 0xfb, 0xfc, 0xfd, 0xfc, 0xfb, 0xfb, 0xfa, 0xfb, 0xfa,
  0xfa, 0xfb, 0xfb, 0xfb, 0xfb, 0xfb, 0xfa, 0xfb, 0xfb, 0xfa, 0xfb, 0xfb,
  0xfa, 0xfb, 0xfc, 0xfc, 0xfb, 0xfc, 0xfd, 0xfc, 0xfd, 0xfc, 0xfd, 0xfd,
  0xfd, 0xfd, 0xfd, 0xfd, 0xfd, 0xfc, 0xfc, 0xfc, 0xfc, 0xfc, 0xfc, 0xfc,
  0xfb, 0xfc, 0xfd, 0xfd, 0xfc, 0xfb, 0xfc, 0xfb, 0xfb, 0xfb, 0xfb, 0xfc,
  0xfb, 0xfb, 0xfc, 0xfb, 0xfb, 0xfb, 0xfc, 0xfc, 0xfb, 0xfa, 0xfb, 0xfc,
  0xfc, 0xfc, 0xfc, 0xfc, 0xfb, 0xfa, 0xfa, 0xfb, 0xfc, 0xfc, 0xfc, 0xfc,
  0xfc, 0xfb, 0xfc, 0xfd, 0xfc, 0xfb, 0xfc, 0xfc, 0xfc, 0xfb, 0xfc, 0xfc,
  0xfd, 0xfd, 0xfd, 0xfd, 0xfc, 0xfb, 0xfc, 0xfc, 0xfb, 0xfc, 0xfd, 0xfd,
  0xfd, 0xfc, 0xfc, 0xfb, 0xfc, 0xfd, 0xfc, 0xfb, 0xfa, 0xfb, 0xfa, 0xfa,
  0xfb, 0xfa, 0xfa, 0xf9, 0xf9, 0xfa, 0xfb, 0xfa, 0xfb, 0xfc, 0xfc, 0xfc,
  0xfc, 0xfc, 0xfc, 0xfd, 0xfd, 0xfd, 0xfc, 0xfc, 0xfb, 0xfa, 0xfb, 0xfa,
  0xfa, 0xfb, 0xfc, 0xfb, 0xfc, 0xfb, 0xfb, 0xfa, 0xfa, 0xfb, 0xfc, 0xfc,
  0xfc, 0xfc, 0xfc, 0xfc, 0xfb, 0xfc, 0xfd, 0xfd, 0xfd, 0xfd, 0xfd, 0xfd,
  0xfd, 0xfc, 0xfd, 0xfe, 0xfe, 0xf9, 0xf4, 0xfa, 0xfd, 0xb1, 0x11, 0x01,
  0x08, 0x03, 0x02, 0x01, 0x00, 0x00, 0x00, 0x00, 0x00, 0x00, 0x00, 0x00,
  0x00, 0x00, 0x00, 0x00, 0x00, 0x00, 0x00, 0x00, 0x00, 0x00, 0x00, 0x00,
  0x00, 0x00, 0x00, 0x00, 0x00, 0x00, 0x00, 0x00, 0x00, 0x00, 0x00, 0x00,
  0x00, 0x00, 0x00, 0x00, 0x00, 0x00, 0x00, 0x00, 0x00, 0x02, 0x06, 0x05,
  0x03, 0x42, 0xdd, 0xff, 0xf9, 0xf9, 0xfd, 0xfe, 0xfd, 0xfe, 0xfd, 0xfc,
  0xfb, 0xfc, 0xfb, 0xfb, 0xfb, 0xfc, 0xfb, 0xfa, 0xfb, 0xfa, 0xf9, 0xfa,
  0xf9, 0xf9, 0xf9, 0xfa, 0xfb, 0xfb, 0xfb, 0xfc, 0xfb, 0xfc, 0xfb, 0xfc,
  0xfb, 0xfc, 0xfc, 0xfb, 0xfc, 0xfb, 0xfc, 0xfd, 0xfd, 0xfd, 0xfc, 0xfd,
  0xfe, 0xfd, 0xfe, 0xfd, 0xfc, 0xfc, 0xfb, 0xfb, 0xfa, 0xfb, 0xfa, 0xfa,
  0xfb, 0xfb, 0xfa, 0xfb, 0xfa, 0xfb, 0xfc, 0xfb, 0xfc, 0xfb, 0xfb, 0xfc,
  0xfc, 0xfc, 0xfc, 0xfc, 0xfc, 0xfc, 0xfc, 0xfb, 0xfc, 0xfc, 0xfb, 0xfc,
  0xfd, 0xfd, 0xfd, 0xfd, 0xfd, 0xfd, 0xfc, 0xfd, 0xfc, 0xfb, 0xfc, 0xfc,
  0xfc, 0xfc, 0xfc, 0xfc, 0xfb, 0xfb, 0xfc, 0xfb, 0xfc, 0xfb, 0xfc, 0xfb,
  0xfa, 0xfb, 0xfa, 0xfa, 0xfa, 0xfb, 0xfb, 0xfa, 0xfb, 0xfc, 0xfb, 0xfb,
  0xfc, 0xfb, 0xfc, 0xfd, 0xfc, 0xfc, 0xfc, 0xfd, 0xfc, 0xfc, 0xfd, 0xfc,
  0xfc, 0xfb, 0xfa, 0xfb, 0xfb, 0xfa, 0xfa, 0xfa, 0xfb, 0xfc, 0xfd, 0xfd,
  0xfd, 0xfc, 0xfd, 0xfd, 0xfc, 0xfc, 0xfb, 0xfc, 0xfb, 0xfb, 0xfb, 0xfa,
  0xfa, 0xfb, 0xfa, 0xfa, 0xfa, 0xfa, 0xfb, 0xfa, 0xfa, 0xfa, 0xfb, 0xfb,
  0xfb, 0xfb, 0xfa, 0xfb, 0xfc, 0xfc, 0xfd, 0xfe, 0xfe, 0xfd, 0xfb, 0xfb,
  0xfb, 0xfb, 0xf5, 0x43, 0x00, 0x04, 0x06, 0x04, 0x01, 0x00, 0x00, 0x00,
  0x00, 0x00, 0x00, 0x00, 0x00, 0x00, 0x00, 0x00, 0x00, 0x00, 0x00, 0x00,
  0x00, 0x00, 0x00, 0x00, 0x00, 0x00, 0x00, 0x00, 0x00, 0x00, 0x00, 0x00,
  0x00, 0x00, 0x00, 0x00, 0x01, 0x01, 0x02, 0x08, 0x00, 0x86, 0xf8, 0xff,
  0xf6, 0xf8, 0xfa, 0xfc, 0xfd, 0xfc, 0xfb, 0xfb, 0xfc, 0xfc, 0xfc, 0xfc,
  0xfc, 0xfc, 0xfc, 0xfc, 0xfc, 0xfc, 0xfc, 0xfc, 0xfc, 0xfc, 0xfc, 0xfc,
  0xfc, 0xfb, 0xfc, 0xfb, 0xfa, 0xfb, 0xfa, 0xfb, 0xfb, 0xfb, 0xfa, 0xfa,
  0xf9, 0xf8, 0xf1, 0xfe, 0xe9, 0x6c, 0x04, 0x02, 0x05, 0x02, 0x02, 0x03,
  0x03, 0x03, 0x04, 0x04, 0x03, 0x03, 0x02, 0x02, 0x03, 0x02, 0x03, 0x03,
  0x03, 0x02, 0x02, 0x02, 0x02, 0x02, 0x02, 0x02, 0x02, 0x02, 0x02, 0x02,
  0x03, 0x02, 0x02, 0x02, 0x02, 0x02, 0x02, 0x03, 0x03, 0x03, 0x03, 0x03,
  0x03, 0x03, 0x02, 0x02, 0x02, 0x02, 0x02, 0x02, 0x03, 0x03, 0x03, 0x03,
  0x03, 0x03, 0x03, 0x03, 0x03, 0x03, 0x02, 0x02, 0x02, 0x02, 0x02, 0x02,
  0x02, 0x02, 0x01, 0x01, 0x01, 0x01, 0x01, 0x01, 0x01, 0x01, 0x01, 0x01,
  0x03, 0x03, 0x03, 0x03, 0x03, 0x03, 0x04, 0x04, 0x04, 0x03, 0x04, 0x03,
  0x02, 0x01, 0x00, 0x00, 0x00, 0x00, 0x00, 0x00, 0x00, 0x01, 0x03, 0x04,
  0x04, 0x05, 0x05, 0x05, 0x06, 0x06, 0x04, 0x04, 0x04, 0x01, 0x00, 0x00,
  0x00, 0x00, 0x00, 0x00, 0x00, 0x00, 0x00, 0x00, 0x00, 0x00, 0x00, 0x00,
  0x00, 0x00, 0x00, 0x00, 0x00, 0x00, 0x00, 0x00, 0x00, 0x00, 0x01, 0x04,
  0x07, 0x09, 0x00, 0x16, 0xd1, 0xfe, 0xf8, 0xf8, 0xfb, 0xfb, 0xfa, 0xfb,
  0xfb, 0xfa, 0xfb, 0xfa, 0xfb, 0xfc, 0xfc, 0xfb, 0xfa, 0xfa, 0xfb, 0xfc,
  0xfb, 0xfb, 0xfb, 0xfb, 0xfc, 0xfc, 0xfc, 0xfc, 0xfc, 0xfb, 0xfa, 0xfb,
  0xfb, 0xfb, 0xfa, 0xfb, 0xfa, 0xf9, 0xf9, 0xfa, 0xf9, 0xf5, 0xff, 0x9f,
  0x1e, 0x00, 0x04, 0x05, 0x02, 0x01, 0x00, 0x00, 0x00, 0x00, 0x00, 0x00,
  0x00, 0x00, 0x00, 0x00, 0x00, 0x00, 0x00, 0x00, 0x00, 0x00, 0x00, 0x00,
  0x00, 0x00, 0x00, 0x00, 0x00, 0x00, 0x00, 0x00, 0x00, 0x00, 0x00, 0x00,
  0x00, 0x00, 0x00, 0x01, 0x00, 0x00, 0x00, 0x00, 0x02, 0x03, 0x03, 0x00,
  0x2b, 0xbc, 0xfe, 0xf0, 0xf5, 0xf7, 0xf7, 0xf9, 0xfa, 0xf9, 0xf9, 0xf9,
  0xfa, 0xf9, 0xfa, 0xfc, 0xfb, 0xfc, 0xfc, 0xfd, 0xfc, 0xfb, 0xfc, 0xfb,
  0xfb, 0xfc, 0xfb, 0xfa, 0xfb, 0xfb, 0xfb, 0xfb, 0xfa, 0xfb, 0xfc, 0xfd,
  0xfd, 0xfc, 0xfc, 0xfd, 0xfd, 0xfe, 0xff, 0xfd, 0xfa, 0xf8, 0xf8, 0xfd,
  0xf8, 0x87, 0x11, 0x01, 0x0d, 0x04, 0x04, 0x01, 0x00, 0x00, 0x00, 0x00,
  0x00, 0x00, 0x00, 0x00, 0x00, 0x00, 0x00, 0x00, 0x00, 0x00, 0x00, 0x00,
  0x00, 0x00, 0x00, 0x00, 0x00, 0x00, 0x00, 0x00, 0x00, 0x00, 0x00, 0x00,
  0x00, 0x00, 0x00, 0x00, 0x00, 0x00, 0x00, 0x00, 0x00, 0x00, 0x00, 0x00,
  0x00, 0x00, 0x00, 0x00, 0x00, 0x00, 0x00, 0x00, 0x00, 0x00, 0x00, 0x02,
  0x05, 0x00, 0x0a, 0x6c, 0xfe, 0xfa, 0xf7, 0xfb, 0xfd, 0xfe, 0xfe, 0xfd,
  0xfc, 0xfb, 0xfa, 0xfb, 0xfa, 0xfa, 0xfa, 0xfb, 0xfb, 0xfb, 0xfb, 0xfa,
  0xfb, 0xfc, 0xfb, 0xfa, 0xfb, 0xfa, 0xfa, 0xfb, 0xfc, 0xfb, 0xfc, 0xfd,
  0xfd, 0xfd, 0xfc, 0xfd, 0xfc, 0xfd, 0xfc, 0xfd, 0xfe, 0xfd, 0xfd, 0xfc,
  0xfd, 0xfc, 0xfb, 0xfc, 0xfc, 0xfc, 0xfb, 0xfc, 0xfd, 0xfd, 0xfc, 0xfb,
  0xfb, 0xfc, 0xfc, 0xfb, 0xfc, 0xfb, 0xfa, 0xfb, 0xfc, 0xfb, 0xfc, 0xfc,
  0xfc, 0xfc, 0xfb, 0xfa, 0xfa, 0xfb, 0xfc, 0xfc, 0xfc, 0xfc, 0xfb, 0xfa,
  0xfb, 0xfb, 0xfb, 0xfb, 0xfb, 0xfc, 0xfb, 0xfc, 0xfd, 0xfc, 0xfb, 0xfc,
  0xfb, 0xfc, 0xfc, 0xfb, 0xfc, 0xfc, 0xfd, 0xfd, 0xfd, 0xfd, 0xfd, 0xfc,
  0xfd, 0xfd, 0xfc, 0xfc, 0xfd, 0xfd, 0xfd, 0xfc, 0xfb, 0xfb, 0xfc, 0xfd,
  0xfc, 0xfb, 0xfb, 0xfa, 0xfb, 0xfb, 0xfa, 0xf9, 0xfa, 0xfa, 0xfa, 0xf9,
  0xfa, 0xfb, 0xfc, 0xfb, 0xfc, 0xfd, 0xfc, 0xfc, 0xfc, 0xfd, 0xfd, 0xfd,
  0xfc, 0xfc, 0xfb, 0xfa, 0xfb, 0xfa, 0xfa, 0xfb, 0xfb, 0xfb, 0xfb, 0xfb,
  0xfa, 0xfa, 0xfb, 0xfa, 0xfb, 0xfc, 0xfb, 0xfb, 0xfb, 0xfc, 0xfb, 0xfc,
  0xfd, 0xfc, 0xfc, 0xfd, 0xfd, 0xfc, 0xfd, 0xfe, 0xfd, 0xfe, 0xfd, 0xfb,
  0xf8, 0xf8, 0xff, 0xec, 0x5a, 0x06, 0x02, 0x05, 0x04, 0x02, 0x00, 0x00,
  0x00, 0x00, 0x00, 0x00, 0x00, 0x00, 0x00, 0x00, 0x00, 0x00, 0x00, 0x00,
  0x00, 0x00, 0x00, 0x00, 0x00, 0x00, 0x00, 0x00, 0x00, 0x00, 0x00, 0x00,
  0x00, 0x00, 0x00, 0x00, 0x00, 0x00, 0x00, 0x00, 0x00, 0x00, 0x00, 0x00,
  0x00, 0x00, 0x01, 0x02, 0x08, 0x00, 0x12, 0xa9, 0xfe, 0xf9, 0xf4, 0xf8,
  0xfd, 0xfe, 0xfe, 0xfe, 0xfd, 0xfc, 0xfb, 0xfc, 0xfc, 0xfc, 0xfc, 0xfb,
  0xfb, 0xfc, 0xfb, 0xfa, 0xfa, 0xf9, 0xfa, 0xfa, 0xf9, 0xfa, 0xfb, 0xfb,
  0xfc, 0xfc, 0xfb, 0xfb, 0xfc, 0xfc, 0xfc, 0xfc, 0xfc, 0xfc, 0xfb, 0xfb,
  0xfc, 0xfc, 0xfc, 0xfc, 0xfd, 0xfe, 0xfd, 0xfc, 0xfd, 0xfe, 0xfd, 0xfc,
  0xfb, 0xfc, 0xfb, 0xfb, 0xfb, 0xfb, 0xfa, 0xf9, 0xfa, 0xfb, 0xfa, 0xfb,
  0xfc, 0xfb, 0xfc, 0xfc, 0xfc, 0xfc, 0xfc, 0xfc, 0xfc, 0xfc, 0xfb, 0xfc,
  0xfb, 0xfb, 0xfc, 0xfc, 0xfb, 0xfc, 0xfc, 0xfc, 0xfc, 0xfc, 0xfc, 0xfc,
  0xfc, 0xfc, 0xfc, 0xfb, 0xfb, 0xfb, 0xfb, 0xfc, 0xfb, 0xfb, 0xfa, 0xfa,
  0xfb, 0xfc, 0xfb, 0xfb, 0xfc, 0xfb, 0xfa, 0xfb, 0xfb, 0xfb, 0xfb, 0xfb,
  0xfb, 0xfa, 0xfb, 0xfa, 0xfb, 0xfc, 0xfb, 0xfb, 0xfc, 0xfc, 0xfc, 0xfc,
  0xfd, 0xfd, 0xfd, 0xfd, 0xfd, 0xfc, 0xfb, 0xfb, 0xfa, 0xfa, 0xfa, 0xfb,
  0xfb, 0xfb, 0xfc, 0xfc, 0xfc, 0xfc, 0xfb, 0xfc, 0xfd, 0xfc, 0xfd, 0xfc,
  0xfb, 0xfb, 0xfb, 0xfa, 0xfb, 0xfa, 0xf9, 0xfa, 0xfb, 0xfa, 0xfb, 0xfb,
  0xfa, 0xfb, 0xfc, 0xfb, 0xfa, 0xfa, 0xfa, 0xfa, 0xfb, 0xfc, 0xfb, 0xfc,
  0xfd, 0xfe, 0xfe, 0xfe, 0xfe, 0xfc, 0xfa, 0xf5, 0xff, 0xb1, 0x1e, 0x01,
  0x0a, 0x06, 0x01, 0x00, 0x00, 0x00, 0x00, 0x00, 0x00, 0x00, 0x00, 0x00,
  0x00, 0x00, 0x00, 0x00, 0x00, 0x00, 0x00, 0x00, 0x00, 0x00, 0x00, 0x00,
  0x00, 0x00, 0x00, 0x00, 0x00, 0x00, 0x00, 0x00, 0x00, 0x00, 0x01, 0x01,
  0x02, 0x08, 0x00, 0x86, 0xf8, 0xff, 0xf6, 0xf8, 0xfa, 0xfc, 0xfd, 0xfc,
  0xfb, 0xfc, 0xfb, 0xfb, 0xfc, 0xfb, 0xfc, 0xfb, 0xfa, 0xfb, 0xfb, 0xfb,
  0xfb, 0xfb, 0xfb, 0xfb, 0xfb, 0xfa, 0xfb, 0xfc, 0xfb, 0xfb, 0xfc, 0xfb,
  0xfb, 0xfb, 0xfb, 0xfa, 0xfb, 0xf9, 0xf9, 0xfa, 0xf4, 0xfe, 0xee, 0x8c,
  0x31, 0x26, 0x2b, 0x27, 0x27, 0x29, 0x29, 0x28, 0x2a, 0x2a, 0x29, 0x27,
  0x27, 0x27, 0x27, 0x28, 0x29, 0x29, 0x29, 0x29, 0x29, 0x2a, 0x2b, 0x2b,
  0x2c, 0x2c, 0x2c, 0x2c, 0x2c, 0x2b, 0x2a, 0x29, 0x27, 0x25, 0x25, 0x24,
  0x23, 0x23, 0x24, 0x25, 0x26, 0x28, 0x29, 0x29, 0x29, 0x2a, 0x2b, 0x2b,
  0x2b, 0x2b, 0x2a, 0x2a, 0x2a, 0x29, 0x29, 0x29, 0x29, 0x29, 0x29, 0x2a,
  0x2b, 0x2b, 0x2b, 0x2c, 0x2c, 0x2c, 0x2b, 0x2b, 0x2b, 0x2a, 0x2a, 0x29,
  0x29, 0x29, 0x29, 0x29, 0x2a, 0x2b, 0x2b, 0x2b, 0x2b, 0x2b, 0x2b, 0x2c,
  0x2c, 0x2c, 0x2b, 0x2b, 0x2a, 0x29, 0x28, 0x27, 0x27, 0x27, 0x26, 0x26,
  0x26, 0x26, 0x26, 0x27, 0x28, 0x29, 0x2b, 0x2b, 0x2b, 0x2a, 0x29, 0x26,
  0x24, 0x21, 0x20, 0x26, 0x1a, 0x00, 0x03, 0x02, 0x01, 0x00, 0x00, 0x00,
  0x00, 0x00, 0x00, 0x00, 0x00, 0x00, 0x00, 0x00, 0x00, 0x00, 0x00, 0x00,
  0x00, 0x00, 0x00, 0x00, 0x00, 0x03, 0x07, 0x09, 0x00, 0x15, 0xd2, 0xfe,
  0xf8, 0xf8, 0xfb, 0xfb, 0xfa, 0xfb, 0xfb, 0xfa, 0xfb, 0xfa, 0xfb, 0xfb,
  0xfb, 0xfb, 0xfa, 0xfb, 0xfc, 0xfb, 0xfc, 0xfd, 0xfd, 0xfc, 0xfb, 0xfb,
  0xfb, 0xfb, 0xfb, 0xfa, 0xfb, 0xfb, 0xfb, 0xfb, 0xfa, 0xfb, 0xfa, 0xf9,
  0xfa, 0xfa, 0xf9, 0xf5, 0xff, 0x9e, 0x1d, 0x00, 0x04, 0x05, 0x03, 0x01,
  0x00, 0x00, 0x00, 0x00, 0x00, 0x00, 0x00, 0x00, 0x00, 0x00, 0x00, 0x00,
  0x00, 0x00, 0x00, 0x00, 0x00, 0x00, 0x00, 0x00, 0x00, 0x00, 0x00, 0x00,
  0x00, 0x00, 0x00, 0x00, 0x00, 0x00, 0x00, 0x00, 0x01, 0x01, 0x00, 0x00,
  0x00, 0x00, 0x02, 0x03, 0x04, 0x00, 0x01, 0x51, 0xdc, 0xfc, 0xf1, 0xf6,
  0xf8, 0xf9, 0xfa, 0xf9, 0xfa, 0xfa, 0xf9, 0xfa, 0xfb, 0xfa, 0xfb, 0xfc,
  0xfc, 0xfc, 0xfc, 0xfc, 0xfc, 0xfd, 0xfc, 0xfb, 0xfc, 0xfb, 0xfa, 0xfa,
  0xfa, 0xfa, 0xfb, 0xfb, 0xfc, 0xfd, 0xfd, 0xfc, 0xfc, 0xfd, 0xfd, 0xfe,
  0xfe, 0xfd, 0xfd, 0xfd, 0xfb, 0xf6, 0xfe, 0xec, 0x6a, 0x08, 0x07, 0x0c,
  0x04, 0x02, 0x01, 0x00, 0x00, 0x00, 0x00, 0x00, 0x00, 0x00, 0x00, 0x00,
  0x00, 0x00, 0x00, 0x00, 0x00, 0x00, 0x00, 0x00, 0x00, 0x00, 0x00, 0x00,
  0x00, 0x00, 0x00, 0x00, 0x00, 0x00, 0x00, 0x00, 0x00, 0x00, 0x00, 0x00,
  0x00, 0x00, 0x00, 0x00, 0x00, 0x00, 0x00, 0x00, 0x00, 0x00, 0x00, 0x00,
  0x00, 0x00, 0x00, 0x00, 0x00, 0x02, 0x04, 0x00, 0x31, 0xd4, 0xff, 0xf6,
  0xf5, 0xfa, 0xfe, 0xff, 0xfe, 0xfd, 0xfc, 0xfb, 0xfa, 0xfb, 0xfb, 0xfb,
  0xfb, 0xfb, 0xfb, 0xfa, 0xfb, 0xfa, 0xfb, 0xfb, 0xfa, 0xfa, 0xfb, 0xfb,
  0xfa, 0xfb, 0xfb, 0xfb, 0xfc, 0xfc, 0xfb, 0xfc, 0xfd, 0xfc, 0xfd, 0xfd,
  0xfd, 0xfe, 0xfe, 0xfe, 0xfe, 0xfe, 0xfd, 0xfd, 0xfc, 0xfb, 0xfc, 0xfb,
  0xfb, 0xfc, 0xfc, 0xfc, 0xfc, 0xfc, 0xfc, 0xfb, 0xfb, 0xfb, 0xfb, 0xfa,
  0xfa, 0xfa, 0xfb, 0xfb, 0xfb, 0xfb, 0xfb, 0xfb, 0xfb, 0xfb, 0xfa, 0xfb,
  0xfb, 0xfb, 0xfb, 0xfb, 0xfb, 0xfa, 0xfb, 0xfa, 0xfa, 0xfa, 0xfb, 0xfb,
  0xfc, 0xfd, 0xfc, 0xfb, 0xfc, 0xfc, 0xfc, 0xfc, 0xfc, 0xfb, 0xfb, 0xfc,
  0xfc, 0xfc, 0xfc, 0xfc, 0xfc, 0xfc, 0xfc, 0xfc, 0xfc, 0xfc, 0xfc, 0xfc,
  0xfc, 0xfc, 0xfc, 0xfb, 0xfc, 0xfc, 0xfc, 0xfb, 0xfa, 0xfb, 0xfa, 0xfa,
  0xfa, 0xf9, 0xf9, 0xf9, 0xf9, 0xf9, 0xf9, 0xfb, 0xfc, 0xfb, 0xfc, 0xfd,
  0xfd, 0xfd, 0xfc, 0xfc, 0xfc, 0xfc, 0xfb, 0xfc, 0xfb, 0xfa, 0xfa, 0xfb,
  0xfb, 0xfb, 0xfc, 0xfb, 0xfb, 0xfb, 0xfb, 0xfb, 0xfb, 0xfb, 0xfb, 0xfb,
  0xfc, 0xfd, 0xfc, 0xfb, 0xfc, 0xfc, 0xfc, 0xfb, 0xfc, 0xfd, 0xfc, 0xfc,
  0xfd, 0xfd, 0xfd, 0xfd, 0xfd, 0xfc, 0xfb, 0xf9, 0xfa, 0xff, 0xc3, 0x1a,
  0x00, 0x08, 0x04, 0x02, 0x00, 0x00, 0x00, 0x00, 0x00, 0x00, 0x00, 0x00,
  0x00, 0x00, 0x00, 0x00, 0x00, 0x00, 0x00, 0x00, 0x00, 0x00, 0x00, 0x00,
  0x00, 0x00, 0x00, 0x00, 0x00, 0x00, 0x00, 0x00, 0x00, 0x00, 0x00, 0x00,
  0x00, 0x00, 0x00, 0x00, 0x00, 0x00, 0x00, 0x02, 0x03, 0x06, 0x03, 0x06,
  0x58, 0xed, 0xff, 0xf6, 0xf5, 0xfa, 0xfe, 0xff, 0xfe, 0xfe, 0xfd, 0xfc,
  0xfb, 0xfc, 0xfd, 0xfd, 0xfd, 0xfc, 0xfc, 0xfc, 0xfc, 0xfb, 0xfa, 0xfa,
  0xfa, 0xfb, 0xfa, 0xfa, 0xfb, 0xfb, 0xfb, 0xfb, 0xfc, 0xfc, 0xfb, 0xfb,
  0xfb, 0xfb, 0xfc, 0xfb, 0xfb, 0xfb, 0xfb, 0xfb, 0xfb, 0xfc, 0xfd, 0xfd,
  0xfc, 0xfb, 0xfc, 0xfd, 0xfc, 0xfb, 0xfc, 0xfb, 0xfb, 0xfa, 0xfa, 0xfa,
  0xf9, 0xf9, 0xf9, 0xfa, 0xfb, 0xfa, 0xfb, 0xfc, 0xfb, 0xfa, 0xfb, 0xfc,
  0xfc, 0xfb, 0xfc, 0xfb, 0xfc, 0xfb, 0xfa, 0xfb, 0xfc, 0xfc, 0xfb, 0xfb,
  0xfb, 0xfb, 0xfb, 0xfb, 0xfb, 0xfb, 0xfb, 0xfb, 0xfb, 0xfb, 0xfc, 0xfc,
  0xfc, 0xfc, 0xfc, 0xfb, 0xfa, 0xfb, 0xfb, 0xfb, 0xfc, 0xfc, 0xfb, 0xfb,
  0xfb, 0xfb, 0xfb, 0xfb, 0xfb, 0xfb, 0xfb, 0xfb, 0xfb, 0xfa, 0xfb, 0xfc,
  0xfc, 0xfb, 0xfb, 0xfb, 0xfb, 0xfc, 0xfc, 0xfc, 0xfc, 0xfc, 0xfc, 0xfc,
  0xfc, 0xfb, 0xfa, 0xfa, 0xf9, 0xfa, 0xfa, 0xfa, 0xfb, 0xfc, 0xfb, 0xfb,
  0xfb, 0xfb, 0xfc, 0xfd, 0xfd, 0xfc, 0xfb, 0xfb, 0xfa, 0xfb, 0xfa, 0xf9,
  0xfa, 0xfb, 0xfb, 0xfa, 0xfb, 0xfb, 0xfa, 0xfb, 0xfc, 0xfc, 0xfb, 0xfb,
  0xfb, 0xfb, 0xfc, 0xfc, 0xfb, 0xfc, 0xfd, 0xfe, 0xfd, 0xfe, 0xfe, 0xfc,
  0xf9, 0xf7, 0xf6, 0xfa, 0x61, 0x03, 0x03, 0x05, 0x02, 0x01, 0x00, 0x00,
  0x00, 0x00, 0x00, 0x00, 0x00, 0x00, 0x00, 0x00, 0x00, 0x00, 0x00, 0x00,
  0x00, 0x00, 0x00, 0x00, 0x00, 0x00, 0x00, 0x00, 0x00, 0x00, 0x00, 0x00,
  0x00, 0x00, 0x00, 0x00, 0x01, 0x01, 0x02, 0x08, 0x00, 0x85, 0xf8, 0xff,
  0xf6, 0xf8, 0xfa, 0xfc, 0xfd, 0xfc, 0xfb, 0xfc, 0xfa, 0xfb, 0xfc, 0xfb,
  0xfc, 0xfb, 0xfa, 0xfa, 0xfa, 0xfa, 0xfa, 0xfa, 0xfa, 0xfa, 0xfb, 0xfb,
  0xfb, 0xfc, 0xfb, 0xfb, 0xfc, 0xfc, 0xfc, 0xfc, 0xfc, 0xfb, 0xfb, 0xfa,
  0xfa, 0xfa, 0xfa, 0xfc, 0xf9, 0xe8, 0xd6, 0xd2, 0xd4, 0xd4, 0xd4, 0xd5,
  0xd5, 0xd6, 0xd6, 0xd6, 0xd5, 0xd5, 0xd4, 0xd4, 0xd4, 0xd4, 0xd5, 0xd5,
  0xd4, 0xd4, 0xd4, 0xd4, 0xd5, 0xd6, 0xd6, 0xd6, 0xd6, 0xd6, 0xd6, 0xd5,
  0xd5, 0xd5, 0xd5, 0xd3, 0xd3, 0xd3, 0xd3, 0xd3, 0xd3, 0xd3, 0xd3, 0xd4,
  0xd5, 0xd5, 0xd5, 0xd5, 0xd5, 0xd5, 0xd5, 0xd5, 0xd5, 0xd5, 0xd5, 0xd5,
  0xd5, 0xd5, 0xd5, 0xd5, 0xd5, 0xd5, 0xd5, 0xd5, 0xd5, 0xd6, 0xd6, 0xd6,
  0xd5, 0xd6, 0xd5, 0xd4, 0xd4, 0xd4, 0xd4, 0xd4, 0xd4, 0xd4, 0xd5, 0xd5,
  0xd5, 0xd5, 0xd6, 0xd6, 0xd6, 0xd7, 0xd6, 0xd6, 0xd6, 0xd6, 0xd6, 0xd5,
  0xd4, 0xd4, 0xd3, 0xd3, 0xd3, 0xd2, 0xd2, 0xd2, 0xd3, 0xd3, 0xd4, 0xd5,
  0xd6, 0xd7, 0xd7, 0xd6, 0xd5, 0xd3, 0xd2, 0xd2, 0xda, 0xbd, 0x4b, 0x00,
  0x05, 0x02, 0x02, 0x00, 0x00, 0x00, 0x00, 0x00, 0x00, 0x00, 0x00, 0x00,
  0x00, 0x00, 0x00, 0x00, 0x00, 0x00, 0x00, 0x00, 0x00, 0x00, 0x00, 0x03,
  0x07, 0x09, 0x00, 0x14, 0xd2, 0xfe, 0xf8, 0xf8, 0xfa, 0xfb, 0xfc, 0xfb,
  0xfb, 0xfa, 0xfb, 0xfb, 0xfa, 0xfa, 0xfa, 0xfa, 0xfb, 0xfc, 0xfc, 0xfb,
  0xfc, 0xfc, 0xfc, 0xfd, 0xfc, 0xfc, 0xfc, 0xfb, 0xfb, 0xfb, 0xfa, 0xfb,
  0xfb, 0xfb, 0xfa, 0xfb, 0xfa, 0xf9, 0xf9, 0xf9, 0xf9, 0xf5, 0xff, 0x9e,
  0x1e, 0x00, 0x04, 0x04, 0x02, 0x01, 0x00, 0x00, 0x00, 0x00, 0x00, 0x00,
  0x00, 0x00, 0x00, 0x00, 0x00, 0x00, 0x00, 0x00, 0x00, 0x00, 0x00, 0x00,
  0x00, 0x00, 0x00, 0x00, 0x00, 0x00, 0x00, 0x00, 0x00, 0x00, 0x00, 0x00,
  0x00, 0x00, 0x00, 0x00, 0x00, 0x00, 0x00, 0x00, 0x01, 0x02, 0x01, 0x03,
  0x00, 0x09, 0x72, 0xec, 0xfa, 0xf5, 0xf7, 0xf9, 0xfa, 0xf9, 0xfa, 0xf9,
  0xfa, 0xfa, 0xfb, 0xfb, 0xfb, 0xfb, 0xfc, 0xfd, 0xfd, 0xfd, 0xfd, 0xfd,
  0xfc, 0xfc, 0xfc, 0xfb, 0xfb, 0xfb, 0xfb, 0xfb, 0xfc, 0xfc, 0xfc, 0xfc,
  0xfd, 0xfd, 0xfd, 0xfd, 0xfc, 0xfd, 0xfe, 0xfe, 0xfe, 0xfe, 0xfb, 0xf8,
  0xf8, 0xff, 0xd8, 0x46, 0x00, 0x0e, 0x07, 0x03, 0x02, 0x00, 0x00, 0x00,
  0x00, 0x00, 0x00, 0x00, 0x00, 0x00, 0x00, 0x00, 0x00, 0x00, 0x00, 0x00,
  0x00, 0x00, 0x00, 0x00, 0x00, 0x00, 0x00, 0x00, 0x00, 0x00, 0x00, 0x00,
  0x00, 0x00, 0x00, 0x00, 0x00, 0x00, 0x00, 0x00, 0x00, 0x00, 0x00, 0x00,
  0x00, 0x00, 0x00, 0x00, 0x00, 0x00, 0x00, 0x00, 0x00, 0x01, 0x03, 0x03,
  0x01, 0x0d, 0x7c, 0xfe, 0xf8, 0xf7, 0xf6, 0xfb, 0xfd, 0xfe, 0xfd, 0xfd,
  0xfc, 0xfb, 0xfb, 0xfa, 0xfa, 0xfb, 0xfb, 0xfb, 0xfa, 0xfb, 0xfb, 0xfa,
  0xfb, 0xfc, 0xfb, 0xfb, 0xfc, 0xfb, 0xfa, 0xfb, 0xfa, 0xfb, 0xfb, 0xfb,
  0xfb, 0xfc, 0xfd, 0xfc, 0xfd, 0xfe, 0xfd, 0xfd, 0xfe, 0xff, 0xfd, 0xfd,
  0xfc, 0xfc, 0xfc, 0xfc, 0xfc, 0xfc, 0xfc, 0xfc, 0xfc, 0xfb, 0xfb, 0xfc,
  0xfc, 0xfa, 0xfa, 0xfb, 0xfb, 0xfb, 0xfb, 0xfb, 0xfb, 0xfa, 0xfa, 0xfa,
  0xfa, 0xfa, 0xfb, 0xfa, 0xfb, 0xfb, 0xfa, 0xfa, 0xfa, 0xfa, 0xfa, 0xfb,
  0xfb, 0xfb, 0xfb, 0xfa, 0xfb, 0xfc, 0xfc, 0xfc, 0xfb, 0xfc, 0xfb, 0xfa,
  0xfb, 0xfc, 0xfb, 0xfc, 0xfc, 0xfc, 0xfc, 0xfc, 0xfc, 0xfc, 0xfc, 0xfb,
  0xfb, 0xfc, 0xfc, 0xfb, 0xfb, 0xfc, 0xfc, 0xfc, 0xfb, 0xfb, 0xfc, 0xfb,
  0xfc, 0xfb, 0xfa, 0xfa, 0xf9, 0xf9, 0xf9, 0xf9, 0xf9, 0xf9, 0xf8, 0xf9,
  0xfa, 0xfb, 0xfc, 0xfb, 0xfc, 0xfc, 0xfc, 0xfd, 0xfc, 0xfc, 0xfc, 0xfb,
  0xfc, 0xfb, 0xfa, 0xfb, 0xfa, 0xfb, 0xfb, 0xfa, 0xfb, 0xfc, 0xfc, 0xfc,
  0xfc, 0xfc, 0xfc, 0xfb, 0xfc, 0xfc, 0xfc, 0xfd, 0xfc, 0xfb, 0xfc, 0xfc,
  0xfb, 0xfb, 0xfc, 0xfd, 0xfc, 0xfd, 0xfd, 0xfc, 0xfc, 0xfc, 0xfc, 0xfc,
  0xfc, 0xfa, 0xf9, 0xfe, 0xf4, 0x71, 0x0c, 0x02, 0x08, 0x02, 0x01, 0x00,
  0x00, 0x00, 0x00, 0x00, 0x00, 0x00, 0x00, 0x00, 0x00, 0x00, 0x00, 0x00,
  0x00, 0x00, 0x00, 0x00, 0x00, 0x00, 0x00, 0x00, 0x00, 0x00, 0x00, 0x00,
  0x00, 0x00, 0x00, 0x00, 0x00, 0x00, 0x00, 0x00, 0x00, 0x00, 0x00, 0x00,
  0x01, 0x04, 0x05, 0x09, 0x00, 0x1c, 0xbb, 0xff, 0xfb, 0xf9, 0xfa, 0xfc,
  0xfe, 0xfe, 0xfe, 0xfd, 0xfd, 0xfc, 0xfb, 0xfc, 0xfc, 0xfc, 0xfc, 0xfc,
  0xfc, 0xfc, 0xfb, 0xfb, 0xfb, 0xfa, 0xfa, 0xfa, 0xfa, 0xfa, 0xfa, 0xfa,
  0xfa, 0xfb, 0xfc, 0xfb, 0xfb, 0xfb, 0xfa, 0xfb, 0xfb, 0xfb, 0xfb, 0xfc,
  0xfc, 0xfc, 0xfb, 0xfc, 0xfc, 0xfb, 0xfb, 0xfb, 0xfb, 0xfc, 0xfb, 0xfb,
  0xfb, 0xfb, 0xfb, 0xfb, 0xf9, 0xf9, 0xf9, 0xf9, 0xfa, 0xfa, 0xfa, 0xfa,
  0xfa, 0xfb, 0xfb, 0xfb, 0xfb, 0xfb, 0xfb, 0xfb, 0xfb, 0xfb, 0xfb, 0xfb,
  0xfa, 0xfa, 0xfa, 0xfb, 0xfb, 0xfb, 0xfb, 0xfb, 0xfb, 0xfb, 0xfb, 0xfb,
  0xfb, 0xfb, 0xfb, 0xfb, 0xfb, 0xfa, 0xfa, 0xfa, 0xfa, 0xfa, 0xfa, 0xfa,
  0xfa, 0xfa, 0xfa, 0xfa, 0xfa, 0xfa, 0xfa, 0xfa, 0xfa, 0xfa, 0xfa, 0xfa,
  0xfa, 0xfa, 0xfa, 0xfa, 0xfa, 0xfa, 0xfb, 0xfb, 0xfb, 0xfb, 0xfb, 0xfb,
  0xfb, 0xfb, 0xfb, 0xfb, 0xfb, 0xfb, 0xfa, 0xfb, 0xfb, 0xfa, 0xf9, 0xf9,
  0xf9, 0xf9, 0xfa, 0xfb, 0xfb, 0xfc, 0xfc, 0xfc, 0xfc, 0xfc, 0xfc, 0xfc,
  0xfc, 0xfc, 0xfb, 0xfa, 0xf9, 0xf9, 0xfa, 0xfb, 0xfa, 0xfa, 0xfb, 0xfb,
  0xfa, 0xfa, 0xfb, 0xfb, 0xfb, 0xfa, 0xfb, 0xfc, 0xfb, 0xfb, 0xfb, 0xfc,
  0xfd, 0xfd, 0xfd, 0xfd, 0xfd, 0xfc, 0xf9, 0xf8, 0xf5, 0xff, 0xd0, 0x32,
  0x00, 0x04, 0x02, 0x03, 0x01, 0x00, 0x00, 0x00, 0x00, 0x00, 0x00, 0x00,
  0x00, 0x00, 0x00, 0x00, 0x00, 0x00, 0x00, 0x00, 0x00, 0x00, 0x00, 0x00,
  0x00, 0x00, 0x00, 0x00, 0x00, 0x00, 0x00, 0x00, 0x00, 0x00, 0x00, 0x01,
  0x02, 0x08, 0x00, 0x85, 0xf8, 0xff, 0xf6, 0xf8, 0xfa, 0xfc, 0xfd, 0xfc,
  0xfb, 0xfb, 0xfb, 0xfb, 0xfb, 0xfc, 0xfc, 0xfb, 0xfa, 0xfb, 0xfa, 0xfa,
  0xfa, 0xfa, 0xfa, 0xfa, 0xfb, 0xfc, 0xfb, 0xfc, 0xfb, 0xfb, 0xfc, 0xfb,
  0xfb, 0xfb, 0xfb, 0xfc, 0xfa, 0xfa, 0xfb, 0xfb, 0xfc, 0xfc, 0xfd, 0xff,
  0xff, 0xff, 0xff, 0xff, 0xff, 0xff, 0xff, 0xff, 0xff, 0xff, 0xff, 0xff,
  0xff, 0xff, 0xff, 0xff, 0xff, 0xff, 0xff, 0xff, 0xff, 0xff, 0xff, 0xff,
  0xff, 0xff, 0xff, 0xff, 0xff, 0xff, 0xff, 0xff, 0xff, 0xff, 0xff, 0xff,
  0xff, 0xff, 0xff, 0xff, 0xff, 0xff, 0xff, 0xff, 0xff, 0xff, 0xff, 0xff,
  0xff, 0xff, 0xff, 0xff, 0xff, 0xff, 0xff, 0xff, 0xff, 0xff, 0xff, 0xff,
  0xff, 0xff, 0xff, 0xff, 0xff, 0xff, 0xff, 0xff, 0xff, 0xff, 0xff, 0xff,
  0xff, 0xff, 0xff, 0xff, 0xff, 0xff, 0xff, 0xff, 0xff, 0xff, 0xff, 0xff,
  0xff, 0xff, 0xff, 0xff, 0xff, 0xff, 0xff, 0xff, 0xff, 0xff, 0xff, 0xff,
  0xff, 0xff, 0xff, 0xff, 0xff, 0xff, 0xff, 0xff, 0xff, 0xff, 0xff, 0xff,
  0xff, 0xff, 0xff, 0xb9, 0x11, 0x04, 0x04, 0x03, 0x02, 0x00, 0x00, 0x00,
  0x00, 0x00, 0x00, 0x00, 0x00, 0x00, 0x00, 0x00, 0x00, 0x00, 0x00, 0x00,
  0x00, 0x00, 0x00, 0x00, 0x01, 0x04, 0x07, 0x09, 0x00, 0x13, 0xd2, 0xfe,
  0xf8, 0xf8, 0xfa, 0xfb, 0xfc, 0xfb, 0xfa, 0xfb, 0xfa, 0xfa, 0xfb, 0xfb,
  0xfb, 0xfa, 0xfb, 0xfc, 0xfb, 0xfb, 0xfc, 0xfb, 0xfb, 0xfc, 0xfd, 0xfd,
  0xfc, 0xfc, 0xfc, 0xfb, 0xfa, 0xfb, 0xfb, 0xfb, 0xfa, 0xfb, 0xfa, 0xf9,
  0xf8, 0xf9, 0xf9, 0xf5, 0xff, 0x9e, 0x1e, 0x00, 0x04, 0x04, 0x02, 0x01,
  0x00, 0x00, 0x00, 0x00, 0x00, 0x00, 0x00, 0x00, 0x00, 0x00, 0x00, 0x00,
  0x00, 0x00, 0x00, 0x00, 0x00, 0x00, 0x00, 0x00, 0x00, 0x00, 0x00, 0x00,
  0x00, 0x00, 0x00, 0x00, 0x00, 0x00, 0x00, 0x00, 0x00, 0x00, 0x00, 0x00,
  0x00, 0x00, 0x00, 0x00, 0x01, 0x05, 0x06, 0x00, 0x13, 0x8f, 0xf8, 0xf9,
  0xf6, 0xf8, 0xf9, 0xfa, 0xf9, 0xfa, 0xfb, 0xfb, 0xfb, 0xfb, 0xfc, 0xfc,
  0xfd, 0xfc, 0xfc, 0xfb, 0xfc, 0xfd, 0xfc, 0xfd, 0xfc, 0xfb, 0xfc, 0xfc,
  0xfc, 0xfc, 0xfb, 0xfd, 0xfd, 0xfd, 0xfc, 0xfc, 0xfc, 0xfc, 0xfd, 0xfd,
  0xfd, 0xfd, 0xfd, 0xfe, 0xfc, 0xfa, 0xf9, 0xfb, 0xff, 0xbc, 0x2d, 0x00,
  0x10, 0x06, 0x05, 0x02, 0x00, 0x00, 0x00, 0x00, 0x00, 0x00, 0x00, 0x00,
  0x00, 0x00, 0x00, 0x00, 0x00, 0x00, 0x00, 0x00, 0x00, 0x00, 0x00, 0x00,
  0x00, 0x00, 0x00, 0x00, 0x00, 0x00, 0x00, 0x00, 0x00, 0x00, 0x00, 0x00,
  0x00, 0x00, 0x00, 0x00, 0x00, 0x00, 0x00, 0x00, 0x00, 0x00, 0x00, 0x00,
  0x00, 0x00, 0x02, 0x05, 0x05, 0x04, 0x00, 0x34, 0xdc, 0xfd, 0xf8, 0xfb,
  0xfc, 0xfc, 0xfd, 0xfd, 0xfc, 0xfc, 0xfc, 0xfb, 0xfb, 0xfb, 0xfb, 0xfa,
  0xfb, 0xfa, 0xfb, 0xfa, 0xfa, 0xfa, 0xfb, 0xfc, 0xfb, 0xfb, 0xfc, 0xfb,
  0xfa, 0xfb, 0xfb, 0xfa, 0xfa, 0xfb, 0xfb, 0xfc, 0xfd, 0xfc, 0xfd, 0xfe,
  0xfd, 0xfe, 0xfe, 0xfe, 0xfe, 0xfc, 0xfb, 0xfb, 0xfa, 0xfa, 0xfa, 0xfa,
  0xfa, 0xfa, 0xfb, 0xfb, 0xfb, 0xfb, 0xfb, 0xfb, 0xfb, 0xfb, 0xfb, 0xfb,
  0xfb, 0xfb, 0xfb, 0xfb, 0xfb, 0xfb, 0xfb, 0xfb, 0xfa, 0xfb, 0xfa, 0xfa,
  0xfa, 0xfa, 0xfa, 0xfa, 0xfa, 0xfa, 0xfa, 0xfa, 0xfa, 0xfb, 0xfb, 0xfb,
  0xfb, 0xfb, 0xfb, 0xfb, 0xfb, 0xfb, 0xfb, 0xfb, 0xfb, 0xfb, 0xfa, 0xfa,
  0xfa, 0xfa, 0xfa, 0xfa, 0xfa, 0xfb, 0xfb, 0xfa, 0xfb, 0xfb, 0xfb, 0xfa,
  0xfa, 0xfb, 0xfb, 0xfb, 0xfb, 0xfb, 0xfb, 0xfa, 0xfb, 0xfa, 0xf8, 0xf8,
  0xf8, 0xf8, 0xf8, 0xf8, 0xf8, 0xf9, 0xfb, 0xfb, 0xfb, 0xfb, 0xfb, 0xfb,
  0xfb, 0xfc, 0xfd, 0xfd, 0xfb, 0xfc, 0xfb, 0xfb, 0xfb, 0xfa, 0xfa, 0xfa,
  0xfa, 0xfb, 0xfb, 0xfc, 0xfb, 0xfb, 0xfb, 0xfb, 0xfc, 0xfc, 0xfc, 0xfd,
  0xfc, 0xfc, 0xfc, 0xfb, 0xfb, 0xfb, 0xfc, 0xfc, 0xfd, 0xfd, 0xfd, 0xfc,
  0xfc, 0xfc, 0xfb, 0xfb, 0xfb, 0xfb, 0xfb, 0xfa, 0xf7, 0xf5, 0xff, 0xcf,
  0x2a, 0x00, 0x08, 0x02, 0x00, 0x00, 0x00, 0x00, 0x00, 0x00, 0x00, 0x00,
  0x00, 0x00, 0x00, 0x00, 0x00, 0x00, 0x00, 0x00, 0x00, 0x00, 0x00, 0x00,
  0x00, 0x00, 0x00, 0x00, 0x00, 0x00, 0x00, 0x00, 0x00, 0x00, 0x00, 0x00,
  0x00, 0x00, 0x00, 0x00, 0x00, 0x00, 0x01, 0x03, 0x09, 0x03, 0x0a, 0x6a,
  0xf5, 0xfe, 0xfa, 0xfb, 0xfd, 0xfd, 0xfe, 0xfd, 0xfd, 0xfd, 0xfd, 0xfc,
  0xfb, 0xfb, 0xfb, 0xfc, 0xfc, 0xfc, 0xfd, 0xfc, 0xfc, 0xfc, 0xfb, 0xfb,
  0xfb, 0xfb, 0xfb, 0xfb, 0xfb, 0xfb, 0xfb, 0xfc, 0xfc, 0xfb, 0xfc, 0xfb,
  0xfb, 0xfa, 0xfa, 0xfa, 0xfb, 0xfb, 0xfb, 0xfb, 0xfc, 0xfc, 0xfc, 0xfc,
  0xfc, 0xfc, 0xfc, 0xfd, 0xfc, 0xfd, 0xfd, 0xfd, 0xfd, 0xfd, 0xfb, 0xfa,
  0xfa, 0xfb, 0xfb, 0xfb, 0xfb, 0xfb, 0xfb, 0xfb, 0xfc, 0xfd, 0xfc, 0xfc,
  0xfc, 0xfc, 0xfc, 0xfc, 0xfc, 0xfc, 0xfc, 0xfc, 0xfc, 0xfc, 0xfc, 0xfc,
  0xfc, 0xfc, 0xfc, 0xfc, 0xfc, 0xfc, 0xfc, 0xfb, 0xfc, 0xfc, 0xfc, 0xfc,
  0xfc, 0xfc, 0xfc, 0xfc, 0xfc, 0xfc, 0xfc, 0xfc, 0xfc, 0xfc, 0xfc, 0xfc,
  0xfc, 0xfc, 0xfc, 0xfc, 0xfc, 0xfc, 0xfc, 0xfc, 0xfc, 0xfc, 0xfc, 0xfc,
  0xfc, 0xfd, 0xfc, 0xfc, 0xfc, 0xfc, 0xfc, 0xfc, 0xfc, 0xfc, 0xfc, 0xfc,
  0xfc, 0xfb, 0xfb, 0xfb, 0xfa, 0xfa, 0xfa, 0xfa, 0xfa, 0xfa, 0xfb, 0xfb,
  0xfb, 0xfb, 0xfb, 0xfb, 0xfc, 0xfc, 0xfb, 0xfb, 0xfa, 0xf9, 0xfa, 0xfa,
  0xfa, 0xfb, 0xfb, 0xfb, 0xfb, 0xfb, 0xfb, 0xfb, 0xfb, 0xfa, 0xfa, 0xfb,
  0xfc, 0xfb, 0xfc, 0xfc, 0xfc, 0xfc, 0xfd, 0xfd, 0xfd, 0xfc, 0xfc, 0xfb,
  0xfa, 0xf9, 0xf8, 0xf4, 0xff, 0x81, 0x0d, 0x02, 0x03, 0x04, 0x02, 0x00,
  0x00, 0x00, 0x00, 0x00, 0x00, 0x00, 0x00, 0x00, 0x00, 0x00, 0x00, 0x00,
  0x00, 0x00, 0x00, 0x00, 0x00, 0x00, 0x00, 0x00, 0x00, 0x00, 0x00, 0x00,
  0x00, 0x00, 0x00, 0x01, 0x00, 0x01, 0x02, 0x09, 0x00, 0x85, 0xf8, 0xff,
  0xf7, 0xf9, 0xfa, 0xfc, 0xfc, 0xfc, 0xfb, 0xfc, 0xfb, 0xfa, 0xfb, 0xfb,
  0xfb, 0xfb, 0xfa, 0xfa, 0xfb, 0xfb, 0xfb, 0xfb, 0xfb, 0xfb, 0xfb, 0xfc,
  0xfb, 0xfc, 0xfb, 0xfb, 0xfb, 0xfc, 0xfc, 0xfc, 0xfc, 0xfb, 0xfb, 0xfb,
  0xfc, 0xfc, 0xfd, 0xfd, 0xfd, 0xfb, 0xf8, 0xf7, 0xf7, 0xf7, 0xf7, 0xf7,
  0xf7, 0xf7, 0xf7, 0xf7, 0xf7, 0xf7, 0xf7, 0xf7, 0xf7, 0xf7, 0xf6, 0xf6,
  0xf7, 0xf7, 0xf7, 0xf7, 0xf7, 0xf6, 0xf7, 0xf7, 0xf7, 0xf7, 0xf7, 0xf6,
  0xf6, 0xf6, 0xf6, 0xf7, 0xf7, 0xf6, 0xf6, 0xf6, 0xf7, 0xf6, 0xf7, 0xf7,
  0xf7, 0xf7, 0xf7, 0xf7, 0xf7, 0xf7, 0xf7, 0xf6, 0xf6, 0xf7, 0xf7, 0xf7,
  0xf6, 0xf6, 0xf6, 0xf6, 0xf6, 0xf6, 0xf7, 0xf7, 0xf6, 0xf6, 0xf7, 0xf7,
  0xf7, 0xf6, 0xf6, 0xf7, 0xf7, 0xf7, 0xf7, 0xf7, 0xf7, 0xf7, 0xf7, 0xf7,
  0xf7, 0xf7, 0xf7, 0xf6, 0xf7, 0xf7, 0xf7, 0xf7, 0xf7, 0xf6, 0xf6, 0xf7,
  0xf6, 0xf7, 0xf8, 0xf7, 0xf7, 0xf7, 0xf7, 0xf7, 0xf7, 0xf7, 0xf7, 0xf7,
  0xf7, 0xf6, 0xf6, 0xf5, 0xf5, 0xf4, 0xf6, 0xfd, 0xde, 0x51, 0x00, 0x07,
  0x03, 0x03, 0x02, 0x02, 0x01, 0x00, 0x00, 0x00, 0x00, 0x00, 0x00, 0x00,
  0x00, 0x00, 0x00, 0x00, 0x00, 0x00, 0x00, 0x00, 0x00, 0x00, 0x00, 0x03,
  0x07, 0x09, 0x00, 0x14, 0xd1, 0xfe, 0xf8, 0xf8, 0xfa, 0xfb, 0xfc, 0xfb,
  0xfa, 0xfb, 0xfa, 0xfa, 0xfb, 0xfb, 0xfb, 0xfb, 0xfb, 0xfc, 0xfb, 0xfc,
  0xfb, 0xfb, 0xfc, 0xfc, 0xfc, 0xfc, 0xfb, 0xfb, 0xfb, 0xfb, 0xfb, 0xfb,
  0xfb, 0xfb, 0xfb, 0xfb, 0xfa, 0xf9, 0xf8, 0xf9, 0xf9, 0xf5, 0xff, 0x9d,
  0x1d, 0x00, 0x04, 0x05, 0x02, 0x00, 0x00, 0x00, 0x00, 0x00, 0x00, 0x00,
  0x00, 0x00, 0x00, 0x00, 0x00, 0x00, 0x00, 0x00, 0x00, 0x00, 0x00, 0x00,
  0x00, 0x00, 0x00, 0x00, 0x00, 0x00, 0x00, 0x00, 0x00, 0x00, 0x00, 0x00,
  0x00, 0x00, 0x00, 0x00, 0x00, 0x00, 0x00, 0x00, 0x00, 0x00, 0x01, 0x05,
  0x08, 0x04, 0x00, 0x1d, 0xb3, 0xff, 0xf8, 0xf7, 0xfa, 0xf9, 0xfa, 0xfb,
  0xfb, 0xfc, 0xfc, 0xfc, 0xfc, 0xfd, 0xfc, 0xfd, 0xfc, 0xfc, 0xfc, 0xfd,
  0xfc, 0xfd, 0xfc, 0xfb, 0xfb, 0xfb, 0xfb, 0xfb, 0xfb, 0xfc, 0xfc, 0xfc,
  0xfb, 0xfc, 0xfc, 0xfb, 0xfc, 0xfc, 0xfc, 0xfc, 0xfd, 0xfd, 0xfc, 0xfb,
  0xfc, 0xfa, 0xfd, 0xfc, 0x9a, 0x19, 0x04, 0x0f, 0x04, 0x02, 0x00, 0x00,
  0x00, 0x00, 0x00, 0x00, 0x00, 0x00, 0x00, 0x00, 0x00, 0x00, 0x00, 0x00,
  0x00, 0x00, 0x00, 0x00, 0x00, 0x00, 0x00, 0x00, 0x00, 0x00, 0x00, 0x00,
  0x00, 0x00, 0x00, 0x00, 0x00, 0x00, 0x00, 0x00, 0x00, 0x00, 0x00, 0x00,
  0x00, 0x00, 0x00, 0x00, 0x00, 0x00, 0x00, 0x00, 0x02, 0x05, 0x06, 0x02,
  0x11, 0x88, 0xff, 0xf5, 0xfa, 0xfc, 0xfd, 0xfd, 0xfd, 0xfc, 0xfd, 0xfc,
  0xfc, 0xfc, 0xfc, 0xfc, 0xfb, 0xfa, 0xfb, 0xfa, 0xfb, 0xfa, 0xfa, 0xfb,
  0xfb, 0xfb, 0xfb, 0xfb, 0xfc, 0xfb, 0xfa, 0xfb, 0xfb, 0xfa, 0xf9, 0xfa,
  0xfb, 0xfc, 0xfc, 0xfd, 0xfd, 0xfe, 0xfe, 0xfe, 0xfe, 0xfe, 0xfd, 0xfc,
  0xfd, 0xfc, 0xfc, 0xfc, 0xfc, 0xfc, 0xfc, 0xfc, 0xfc, 0xfd, 0xfc, 0xfc,
  0xfc, 0xfc, 0xfc, 0xfc, 0xfc, 0xfc, 0xfc, 0xfc, 0xfc, 0xfc, 0xfd, 0xfd,
  0xfd, 0xfd, 0xfc, 0xfd, 0xfc, 0xfc, 0xfc, 0xfc, 0xfc, 0xfc, 0xfc, 0xfc,
  0xfc, 0xfc, 0xfc, 0xfc, 0xfc, 0xfc, 0xfc, 0xfc, 0xfc, 0xfc, 0xfc, 0xfc,
  0xfc, 0xfc, 0xfc, 0xfc, 0xfc, 0xfc, 0xfc, 0xfc, 0xfc, 0xfc, 0xfc, 0xfc,
  0xfc, 0xfc, 0xfc, 0xfd, 0xfc, 0xfc, 0xfc, 0xfc, 0xfc, 0xfc, 0xfc, 0xfc,
  0xfb, 0xfb, 0xfb, 0xfa, 0xf9, 0xf8, 0xf8, 0xf8, 0xf8, 0xf8, 0xf9, 0xfa,
  0xfc, 0xfd, 0xfd, 0xfd, 0xfd, 0xfd, 0xfd, 0xfd, 0xfd, 0xfc, 0xfc, 0xfb,
  0xfb, 0xfb, 0xfb, 0xfa, 0xfb, 0xfb, 0xfb, 0xfb, 0xfc, 0xfb, 0xfc, 0xfc,
  0xfc, 0xfc, 0xfd, 0xfd, 0xfc, 0xfd, 0xfc, 0xfb, 0xfc, 0xfc, 0xfc, 0xfc,
  0xfc, 0xfc, 0xfc, 0xfc, 0xfc, 0xfb, 0xfb, 0xfb, 0xfb, 0xfa, 0xfa, 0xfa,
  0xfa, 0xf9, 0xf6, 0xf2, 0xf8, 0xfa, 0x8b, 0x13, 0x03, 0x06, 0x00, 0x01,
  0x00, 0x00, 0x00, 0x00, 0x00, 0x00, 0x00, 0x00, 0x00, 0x00, 0x00, 0x00,
  0x00, 0x00, 0x00, 0x00, 0x00, 0x00, 0x00, 0x00, 0x00, 0x00, 0x00, 0x00,
  0x00, 0x00, 0x00, 0x01, 0x00, 0x00, 0x00, 0x00, 0x00, 0x00, 0x00, 0x00,
  0x00, 0x02, 0x07, 0x00, 0x2e, 0xca, 0xff, 0xf8, 0xf8, 0xfb, 0xfc, 0xfc,
  0xfc, 0xfc, 0xfc, 0xfc, 0xfc, 0xfc, 0xfb, 0xfc, 0xfc, 0xfd, 0xfd, 0xfd,
  0xfc, 0xfd, 0xfc, 0xfb, 0xfc, 0xfc, 0xfc, 0xfc, 0xfc, 0xfb, 0xfb, 0xfb,
  0xfb, 0xfb, 0xfb, 0xfb, 0xfb, 0xfc, 0xfb, 0xfa, 0xf9, 0xfa, 0xfa, 0xfa,
  0xfa, 0xfa, 0xfa, 0xf9, 0xf6, 0xf4, 0xf5, 0xf5, 0xf6, 0xf8, 0xf8, 0xf8,
  0xf8, 0xf8, 0xf6, 0xf6, 0xf4, 0xf3, 0xf3, 0xf3, 0xf3, 0xf3, 0xf3, 0xf3,
  0xf3, 0xf3, 0xf3, 0xf4, 0xf4, 0xf4, 0xf5, 0xf5, 0xf5, 0xf4, 0xf4, 0xf4,
  0xf4, 0xf5, 0xf5, 0xf5, 0xf5, 0xf4, 0xf4, 0xf4, 0xf4, 0xf4, 0xf4, 0xf5,
  0xf4, 0xf3, 0xf4, 0xf5, 0xf4, 0xf4, 0xf4, 0xf4, 0xf4, 0xf4, 0xf4, 0xf3,
  0xf4, 0xf4, 0xf4, 0xf4, 0xf3, 0xf4, 0xf4, 0xf4, 0xf4, 0xf5, 0xf5, 0xf5,
  0xf5, 0xf4, 0xf4, 0xf4, 0xf3, 0xf4, 0xf4, 0xf3, 0xf4, 0xf4, 0xf4, 0xf4,
  0xf4, 0xf5, 0xf5, 0xf5, 0xf5, 0xf6, 0xf4, 0xf3, 0xf2, 0xf2, 0xf2, 0xf1,
  0xf2, 0xf6, 0xf9, 0xfa, 0xfa, 0xfa, 0xfb, 0xfa, 0xfb, 0xfb, 0xfb, 0xfb,
  0xfb, 0xfa, 0xf9, 0xfa, 0xfb, 0xfa, 0xfb, 0xfb, 0xfc, 0xfb, 0xfb, 0xfb,
  0xfc, 0xfc, 0xfb, 0xfa, 0xfb, 0xfc, 0xfb, 0xfb, 0xfc, 0xfd, 0xfc, 0xfc,
  0xfc, 0xfc, 0xfc, 0xfc, 0xfb, 0xfb, 0xfb, 0xf9, 0xf8, 0xf2, 0xf9, 0xdf,
  0x46, 0x00, 0x06, 0x06, 0x03, 0x00, 0x00, 0x00, 0x00, 0x00, 0x00, 0x00,
  0x00, 0x00, 0x00, 0x00, 0x00, 0x00, 0x00, 0x00, 0x00, 0x00, 0x00, 0x00,
  0x00, 0x00, 0x00, 0x00, 0x00, 0x00, 0x00, 0x00, 0x00, 0x00, 0x00, 0x01,
  0x02, 0x08, 0x00, 0x84, 0xf8, 0xff, 0xf6, 0xf8, 0xfa, 0xfb, 0xfb, 0xfc,
  0xfc, 0xfb, 0xfb, 0xfb, 0xfa, 0xfa, 0xfa, 0xfa, 0xfb, 0xfa, 0xfb, 0xfc,
  0xfc, 0xfb, 0xfb, 0xfc, 0xfc, 0xfb, 0xfc, 0xfc, 0xfb, 0xfc, 0xfb, 0xfc,
  0xfd, 0xfc, 0xfc, 0xfb, 0xfb, 0xfb, 0xfb, 0xfc, 0xfd, 0xfd, 0xfc, 0xfb,
  0xf8, 0xf6, 0xf7, 0xf8, 0xf7, 0xf7, 0xf7, 0xf7, 0xf7, 0xf7, 0xf7, 0xf8,
  0xf7, 0xf8, 0xf8, 0xf8, 0xf8, 0xf8, 0xf8, 0xf8, 0xf8, 0xf8, 0xf8, 0xf8,
  0xf8, 0xf8, 0xf8, 0xf8, 0xf8, 0xf8, 0xf8, 0xf8, 0xf8, 0xf8, 0xf8, 0xf8,
  0xf8, 0xf8, 0xf8, 0xf8, 0xf8, 0xf7, 0xf7, 0xf7, 0xf7, 0xf7, 0xf7, 0xf7,
  0xf8, 0xf8, 0xf8, 0xf8, 0xf7, 0xf8, 0xf8, 0xf8, 0xf8, 0xf8, 0xf8, 0xf8,
  0xf8, 0xf8, 0xf8, 0xf8, 0xf8, 0xf7, 0xf8, 0xf8, 0xf8, 0xf8, 0xf7, 0xf7,
  0xf7, 0xf7, 0xf7, 0xf7, 0xf7, 0xf7, 0xf8, 0xf8, 0xf8, 0xf8, 0xf8, 0xf8,
  0xf8, 0xf7, 0xf7, 0xf8, 0xf8, 0xf7, 0xf8, 0xf9, 0xf9, 0xf8, 0xf7, 0xf8,
  0xf7, 0xf7, 0xf7, 0xf7, 0xf7, 0xf7, 0xf7, 0xf8, 0xf8, 0xf7, 0xf4, 0xf1,
  0xf7, 0xfc, 0x9e, 0x0a, 0x06, 0x05, 0x03, 0x03, 0x02, 0x01, 0x01, 0x00,
  0x00, 0x00, 0x00, 0x00, 0x00, 0x00, 0x00, 0x00, 0x00, 0x00, 0x00, 0x00,
  0x00, 0x00, 0x00, 0x00, 0x00, 0x03, 0x07, 0x09, 0x00, 0x15, 0xd2, 0xfe,
  0xf8, 0xf8, 0xfa, 0xfb, 0xfc, 0xfb, 0xfa, 0xfa, 0xfa, 0xfa, 0xfa, 0xfa,
  0xfa, 0xfc, 0xfc, 0xfb, 0xfc, 0xfb, 0xfa, 0xfb, 0xfc, 0xfb, 0xfb, 0xfb,
  0xfc, 0xfb, 0xfa, 0xfa, 0xfa, 0xfa, 0xfa, 0xfa, 0xfa, 0xfa, 0xfa, 0xfa,
  0xf9, 0xf9, 0xf9, 0xf4, 0xff, 0x9c, 0x1c, 0x00, 0x04, 0x05, 0x02, 0x00,
  0x00, 0x00, 0x00, 0x00, 0x00, 0x00, 0x00, 0x00, 0x00, 0x00, 0x00, 0x00,
  0x00, 0x00, 0x00, 0x00, 0x00, 0x00, 0x00, 0x00, 0x00, 0x00, 0x00, 0x00,
  0x00, 0x00, 0x00, 0x00, 0x00, 0x01, 0x00, 0x00, 0x00, 0x00, 0x00, 0x00,
  0x00, 0x00, 0x00, 0x00, 0x00, 0x01, 0x03, 0x05, 0x05, 0x00, 0x47, 0xd8,
  0xff, 0xf6, 0xf7, 0xfa, 0xfc, 0xfd, 0xfc, 0xfb, 0xfc, 0xfd, 0xfc, 0xfc,
  0xfc, 0xfe, 0xfd, 0xfc, 0xfd, 0xfc, 0xfd, 0xfc, 0xfc, 0xfc, 0xfc, 0xfc,
  0xfc, 0xfc, 0xfc, 0xfc, 0xfc, 0xfb, 0xfb, 0xfc, 0xfc, 0xfc, 0xfc, 0xfb,
  0xfb, 0xfc, 0xfc, 0xfc, 0xfc, 0xfc, 0xfb, 0xfa, 0xf7, 0xff, 0xf0, 0x76,
  0x07, 0x08, 0x06, 0x03, 0x02, 0x01, 0x00, 0x00, 0x00, 0x00, 0x00, 0x00,
  0x00, 0x00, 0x00, 0x00, 0x00, 0x00, 0x00, 0x00, 0x00, 0x00, 0x00, 0x00,
  0x00, 0x00, 0x00, 0x00, 0x00, 0x00, 0x00, 0x00, 0x00, 0x00, 0x00, 0x00,
  0x00, 0x00, 0x00, 0x00, 0x00, 0x00, 0x00, 0x00, 0x00, 0x00, 0x00, 0x00,
  0x00, 0x00, 0x00, 0x01, 0x03, 0x00, 0x47, 0xe6, 0xf8, 0xf5, 0xf9, 0xfb,
  0xfc, 0xfd, 0xfd, 0xfd, 0xfd, 0xfc, 0xfc, 0xfc, 0xfc, 0xfc, 0xfb, 0xfa,
  0xfb, 0xfb, 0xfa, 0xfb, 0xfa, 0xfa, 0xfa, 0xfa, 0xfa, 0xfa, 0xfb, 0xfb,
  0xfa, 0xfa, 0xfa, 0xfb, 0xfa, 0xfa, 0xfb, 0xfb, 0xfc, 0xfc, 0xfd, 0xfd,
  0xfe, 0xfe, 0xfd, 0xfd, 0xfc, 0xf9, 0xf8, 0xf8, 0xf8, 0xf7, 0xf7, 0xf8,
  0xf8, 0xf7, 0xf7, 0xf6, 0xf5, 0xf5, 0xf5, 0xf5, 0xf4, 0xf4, 0xf4, 0xf4,
  0xf4, 0xf4, 0xf4, 0xf4, 0xf4, 0xf4, 0xf4, 0xf4, 0xf4, 0xf4, 0xf4, 0xf4,
  0xf4, 0xf4, 0xf4, 0xf4, 0xf4, 0xf4, 0xf4, 0xf5, 0xf5, 0xf4, 0xf5, 0xf5,
  0xf5, 0xf4, 0xf4, 0xf4, 0xf4, 0xf4, 0xf4, 0xf4, 0xf4, 0xf4, 0xf5, 0xf5,
  0xf4, 0xf4, 0xf4, 0xf4, 0xf4, 0xf4, 0xf4, 0xf4, 0xf4, 0xf3, 0xf3, 0xf4,
  0xf4, 0xf3, 0xf3, 0xf3, 0xf4, 0xf4, 0xf3, 0xf3, 0xf2, 0xf2, 0xf1, 0xf1,
  0xf0, 0xf1, 0xf1, 0xf1, 0xf2, 0xf3, 0xf4, 0xf6, 0xf8, 0xf8, 0xf8, 0xf8,
  0xf6, 0xf8, 0xfa, 0xfd, 0xfc, 0xfc, 0xfc, 0xfb, 0xfb, 0xfb, 0xfb, 0xfb,
  0xfc, 0xfc, 0xfb, 0xfc, 0xfd, 0xfc, 0xfd, 0xfd, 0xfc, 0xfd, 0xfd, 0xfd,
  0xfc, 0xfb, 0xfc, 0xfd, 0xfd, 0xfd, 0xfb, 0xfb, 0xfc, 0xfb, 0xfc, 0xfc,
  0xfc, 0xfb, 0xfa, 0xfa, 0xfa, 0xf9, 0xf9, 0xf8, 0xf7, 0xf4, 0xf3, 0xfe,
  0xe2, 0x42, 0x00, 0x06, 0x04, 0x04, 0x02, 0x00, 0x00, 0x00, 0x00, 0x00,
  0x00, 0x00, 0x00, 0x00, 0x00, 0x00, 0x00, 0x00, 0x00, 0x00, 0x00, 0x00,
  0x00, 0x00, 0x00, 0x00, 0x00, 0x00, 0x00, 0x00, 0x00, 0x00, 0x00, 0x00,
  0x00, 0x00, 0x00, 0x00, 0x00, 0x01, 0x00, 0x04, 0x02, 0x0d, 0x7b, 0xf9,
  0xf9, 0xf4, 0xf7, 0xfa, 0xfb, 0xfb, 0xfb, 0xfb, 0xfb, 0xfb, 0xfb, 0xfb,
  0xfb, 0xfc, 0xfc, 0xfd, 0xfc, 0xfc, 0xfc, 0xfd, 0xfc, 0xfc, 0xfc, 0xfb,
  0xfc, 0xfb, 0xfc, 0xfc, 0xfc, 0xfc, 0xfc, 0xfc, 0xfc, 0xfc, 0xfc, 0xfc,
  0xfb, 0xfb, 0xfa, 0xf9, 0xf9, 0xf9, 0xf9, 0xfa, 0xf9, 0xf9, 0xff, 0xff,
  0xff, 0xff, 0xff, 0xff, 0xff, 0xff, 0xff, 0xff, 0xff, 0xff, 0xff, 0xff,
  0xff, 0xff, 0xff, 0xff, 0xff, 0xff, 0xff, 0xff, 0xff, 0xff, 0xff, 0xff,
  0xff, 0xff, 0xff, 0xff, 0xff, 0xff, 0xff, 0xff, 0xff, 0xff, 0xff, 0xff,
  0xff, 0xff, 0xff, 0xff, 0xff, 0xff, 0xff, 0xff, 0xff, 0xff, 0xff, 0xff,
  0xff, 0xff, 0xff, 0xff, 0xff, 0xff, 0xff, 0xff, 0xff, 0xff, 0xff, 0xff,
  0xff, 0xff, 0xff, 0xff, 0xff, 0xff, 0xff, 0xff, 0xff, 0xff, 0xff, 0xff,
  0xff, 0xff, 0xff, 0xff, 0xff, 0xff, 0xff, 0xff, 0xff, 0xff, 0xff, 0xff,
  0xff, 0xff, 0xff, 0xff, 0xfe, 0xfe, 0xfd, 0xf7, 0xf7, 0xf9, 0xf9, 0xfa,
  0xfa, 0xfb, 0xfb, 0xfb, 0xfa, 0xfa, 0xfa, 0xfa, 0xfa, 0xfb, 0xfa, 0xfb,
  0xfb, 0xfc, 0xfc, 0xfb, 0xfb, 0xfb, 0xfc, 0xfc, 0xfb, 0xfb, 0xfc, 0xfb,
  0xfc, 0xfc, 0xfc, 0xfd, 0xfc, 0xfc, 0xfb, 0xfb, 0xfb, 0xfb, 0xfb, 0xfa,
  0xfa, 0xf8, 0xf8, 0xf5, 0xef, 0xff, 0x9e, 0x17, 0x04, 0x09, 0x04, 0x00,
  0x00, 0x00, 0x00, 0x00, 0x00, 0x00, 0x00, 0x00, 0x00, 0x00, 0x00, 0x00,
  0x00, 0x00, 0x00, 0x00, 0x00, 0x00, 0x00, 0x00, 0x00, 0x00, 0x00, 0x00,
  0x00, 0x00, 0x00, 0x00, 0x01, 0x01, 0x02, 0x08, 0x00, 0x83, 0xf8, 0xff,
  0xf6, 0xf8, 0xfa, 0xfb, 0xfb, 0xfb, 0xfb, 0xfa, 0xfa, 0xfa, 0xfb, 0xfb,
  0xfb, 0xfb, 0xfa, 0xfa, 0xfb, 0xfc, 0xfc, 0xfc, 0xfc, 0xfb, 0xfb, 0xfc,
  0xfc, 0xfb, 0xfc, 0xfc, 0xfc, 0xfc, 0xfd, 0xfc, 0xfc, 0xfc, 0xfc, 0xfc,
  0xfc, 0xfc, 0xfc, 0xfc, 0xfc, 0xfb, 0xfa, 0xfa, 0xf9, 0xfa, 0xf9, 0xf9,
  0xf9, 0xf9, 0xf9, 0xfa, 0xfa, 0xfb, 0xfb, 0xfb, 0xfc, 0xfc, 0xfc, 0xfc,
  0xfc, 0xfb, 0xfb, 0xfb, 0xfc, 0xfc, 0xfc, 0xfc, 0xfc, 0xfc, 0xfc, 0xfc,
  0xfc, 0xfc, 0xfc, 0xfc, 0xfc, 0xfc, 0xfc, 0xfb, 0xfc, 0xfc, 0xfb, 0xfb,
  0xfb, 0xfb, 0xfb, 0xfb, 0xfb, 0xfb, 0xfc, 0xfc, 0xfb, 0xfa, 0xfb, 0xfb,
  0xfc, 0xfc, 0xfc, 0xfc, 0xfc, 0xfc, 0xfc, 0xfc, 0xfc, 0xfc, 0xfb, 0xfb,
  0xfb, 0xfc, 0xfc, 0xfb, 0xfb, 0xfb, 0xfb, 0xfb, 0xfb, 0xfb, 0xfb, 0xfb,
  0xfb, 0xfa, 0xfb, 0xfa, 0xfa, 0xfa, 0xfb, 0xfb, 0xfb, 0xfa, 0xfa, 0xfb,
  0xfc, 0xfb, 0xfb, 0xfb, 0xfb, 0xfb, 0xfa, 0xf9, 0xf9, 0xf9, 0xf9, 0xf9,
  0xfb, 0xfc, 0xfc, 0xfb, 0xf7, 0xf3, 0xff, 0xdd, 0x51, 0x00, 0x0c, 0x05,
  0x04, 0x02, 0x01, 0x00, 0x00, 0x00, 0x00, 0x00, 0x00, 0x00, 0x00, 0x00,
  0x00, 0x00, 0x00, 0x00, 0x00, 0x00, 0x00, 0x00, 0x00, 0x00, 0x00, 0x03,
  0x07, 0x09, 0x00, 0x14, 0xd2, 0xfe, 0xf8, 0xf8, 0xfa, 0xfb, 0xfc, 0xfb,
  0xfb, 0xfb, 0xfb, 0xfb, 0xfb, 0xfb, 0xfb, 0xfb, 0xfb, 0xfc, 0xfb, 0xfa,
  0xfb, 0xfb, 0xfb, 0xfc, 0xfc, 0xfc, 0xfb, 0xfc, 0xfb, 0xfb, 0xfb, 0xfb,
  0xfb, 0xfb, 0xfb, 0xfb, 0xfb, 0xfa, 0xf9, 0xfa, 0xf9, 0xf3, 0xff, 0x9c,
  0x1c, 0x00, 0x04, 0x05, 0x03, 0x01, 0x00, 0x00, 0x00, 0x00, 0x00, 0x00,
  0x00, 0x00, 0x00, 0x00, 0x00, 0x00, 0x00, 0x00, 0x00, 0x00, 0x00, 0x00,
  0x00, 0x00, 0x00, 0x00, 0x00, 0x00, 0x00, 0x00, 0x00, 0x00, 0x00, 0x00,
  0x00, 0x00, 0x00, 0x00, 0x00, 0x00, 0x00, 0x00, 0x00, 0x00, 0x00, 0x00,
  0x00, 0x03, 0x09, 0x06, 0x07, 0x75, 0xed, 0xfb, 0xf5, 0xfa, 0xfd, 0xfd,
  0xfd, 0xfc, 0xfc, 0xfc, 0xfd, 0xfd, 0xfd, 0xfd, 0xfd, 0xfd, 0xfc, 0xfd,
  0xfc, 0xfc, 0xfb, 0xfb, 0xfb, 0xfb, 0xfb, 0xfb, 0xfb, 0xfb, 0xfb, 0xfb,
  0xfb, 0xfc, 0xfd, 0xfd, 0xfc, 0xfb, 0xfb, 0xfb, 0xfb, 0xfb, 0xfb, 0xfc,
  0xfa, 0xf8, 0xf7, 0xf7, 0xff, 0xdb, 0x54, 0x00, 0x09, 0x04, 0x04, 0x03,
  0x00, 0x00, 0x00, 0x00, 0x00, 0x00, 0x00, 0x00, 0x00, 0x00, 0x00, 0x00,
  0x00, 0x00, 0x00, 0x00, 0x00, 0x00, 0x00, 0x00, 0x00, 0x00, 0x00, 0x00,
  0x00, 0x00, 0x00, 0x00, 0x00, 0x00, 0x00, 0x00, 0x00, 0x00, 0x00, 0x00,
  0x00, 0x00, 0x00, 0x00, 0x00, 0x00, 0x00, 0x01, 0x00, 0x02, 0x00, 0x19,
  0xa8, 0xff, 0xf0, 0xf7, 0xf8, 0xfa, 0xfc, 0xfc, 0xfc, 0xfc, 0xfc, 0xfc,
  0xfc, 0xfc, 0xfb, 0xfc, 0xfb, 0xfa, 0xfa, 0xfa, 0xfb, 0xfa, 0xfb, 0xfb,
  0xfb, 0xfb, 0xfb, 0xfb, 0xfb, 0xfb, 0xfb, 0xfb, 0xfb, 0xfb, 0xfb, 0xfa,
  0xfa, 0xfb, 0xfb, 0xfc, 0xfc, 0xfd, 0xfe, 0xfe, 0xfd, 0xfc, 0xfb, 0xff,
  0xff, 0xff, 0xff, 0xff, 0xff, 0xff, 0xff, 0xff, 0xff, 0xff, 0xff, 0xff,
  0xff, 0xff, 0xff, 0xff, 0xff, 0xff, 0xff, 0xff, 0xff, 0xff, 0xff, 0xff,
  0xff, 0xff, 0xff, 0xff, 0xff, 0xff, 0xff, 0xff, 0xff, 0xff, 0xff, 0xff,
  0xff, 0xff, 0xff, 0xff, 0xff, 0xff, 0xff, 0xff, 0xff, 0xff, 0xff, 0xff,
  0xff, 0xff, 0xff, 0xff, 0xff, 0xff, 0xff, 0xff, 0xff, 0xff, 0xff, 0xff,
  0xff, 0xff, 0xff, 0xff, 0xff, 0xff, 0xff, 0xff, 0xff, 0xff, 0xff, 0xff,
  0xff, 0xff, 0xff, 0xff, 0xff, 0xff, 0xfe, 0xff, 0xff, 0xff, 0xff, 0xff,
  0xff, 0xff, 0xff, 0xff, 0xff, 0xff, 0xff, 0xff, 0xfb, 0xfc, 0xfd, 0xfd,
  0xfb, 0xfb, 0xfb, 0xfb, 0xfc, 0xfc, 0xfc, 0xfb, 0xfc, 0xfd, 0xfd, 0xfd,
  0xfd, 0xfc, 0xfd, 0xfc, 0xfc, 0xfc, 0xfc, 0xfb, 0xfc, 0xfc, 0xfc, 0xfc,
  0xfc, 0xfc, 0xfb, 0xfb, 0xfc, 0xfc, 0xfc, 0xfb, 0xfa, 0xfb, 0xfa, 0xf9,
  0xf9, 0xf7, 0xf6, 0xf7, 0xf4, 0xf7, 0xfe, 0x99, 0x14, 0x00, 0x0b, 0x05,
  0x03, 0x00, 0x00, 0x00, 0x00, 0x00, 0x00, 0x00, 0x00, 0x00, 0x00, 0x00,
  0x00, 0x00, 0x00, 0x00, 0x00, 0x00, 0x00, 0x00, 0x00, 0x00, 0x00, 0x00,
  0x00, 0x00, 0x00, 0x00, 0x00, 0x00, 0x00, 0x00, 0x00, 0x00, 0x01, 0x03,
  0x01, 0x05, 0x00, 0x3f, 0xd4, 0xfd, 0xf4, 0xf5, 0xf7, 0xf9, 0xfb, 0xfb,
  0xfa, 0xfa, 0xfa, 0xfb, 0xfc, 0xfc, 0xfc, 0xfb, 0xfb, 0xfc, 0xfd, 0xfc,
  0xfc, 0xfd, 0xfc, 0xfc, 0xfc, 0xfc, 0xfb, 0xfc, 0xfc, 0xfd, 0xfd, 0xfd,
  0xfd, 0xfc, 0xfc, 0xfc, 0xfc, 0xfc, 0xfc, 0xfc, 0xfb, 0xfa, 0xfa, 0xf9,
  0xfa, 0xf9, 0xf9, 0xfb, 0xed, 0xe1, 0xe2, 0xe4, 0xe5, 0xe5, 0xe5, 0xe6,
  0xe5, 0xe4, 0xe4, 0xe3, 0xe3, 0xe3, 0xe2, 0xe2, 0xe2, 0xe2, 0xe1, 0xe1,
  0xe1, 0xe1, 0xe1, 0xe1, 0xe1, 0xe1, 0xe1, 0xe1, 0xe1, 0xe1, 0xe1, 0xe1,
  0xe0, 0xe1, 0xe1, 0xe1, 0xe1, 0xe1, 0xe1, 0xe1, 0xe1, 0xe1, 0xe2, 0xe2,
  0xe2, 0xe2, 0xe1, 0xe1, 0xe0, 0xdf, 0xdf, 0xde, 0xdd, 0xdd, 0xdd, 0xdc,
  0xdc, 0xdc, 0xdd, 0xdd, 0xdd, 0xdd, 0xdd, 0xdd, 0xdd, 0xdd, 0xde, 0xde,
  0xde, 0xde, 0xdd, 0xdd, 0xdd, 0xde, 0xde, 0xde, 0xdf, 0xe0, 0xe1, 0xe2,
  0xe3, 0xe3, 0xe4, 0xe4, 0xe3, 0xe3, 0xe2, 0xe2, 0xe2, 0xe3, 0xe4, 0xe5,
  0xea, 0xfb, 0xf8, 0xf7, 0xf9, 0xf9, 0xfa, 0xfa, 0xfa, 0xfa, 0xfa, 0xfa,
  0xf9, 0xfa, 0xfb, 0xfa, 0xfb, 0xfc, 0xfb, 0xfc, 0xfc, 0xfc, 0xfc, 0xfc,
  0xfc, 0xfd, 0xfb, 0xfc, 0xfb, 0xfc, 0xfd, 0xfd, 0xfd, 0xfc, 0xfc, 0xfb,
  0xfc, 0xfb, 0xfa, 0xfa, 0xfa, 0xfb, 0xf9, 0xf9, 0xf8, 0xf7, 0xf1, 0xf7,
  0xe9, 0x61, 0x00, 0x07, 0x04, 0x01, 0x00, 0x00, 0x00, 0x00, 0x00, 0x00,
  0x00, 0x00, 0x00, 0x00, 0x00, 0x00, 0x00, 0x00, 0x00, 0x00, 0x00, 0x00,
  0x00, 0x00, 0x00, 0x00, 0x01, 0x00, 0x00, 0x00, 0x00, 0x00, 0x01, 0x01,
  0x02, 0x07, 0x00, 0x83, 0xf8, 0xff, 0xf5, 0xf8, 0xfa, 0xfb, 0xfb, 0xfb,
  0xfa, 0xfb, 0xf9, 0xfa, 0xfa, 0xfb, 0xfb, 0xfb, 0xfb, 0xfa, 0xfb, 0xfc,
  0xfc, 0xfd, 0xfc, 0xfc, 0xfb, 0xfc, 0xfc, 0xfb, 0xfc, 0xfc, 0xfc, 0xfc,
  0xfd, 0xfd, 0xfd, 0xfc, 0xfc, 0xfd, 0xfd, 0xfc, 0xfc, 0xfc, 0xfc, 0xfb,
  0xfb, 0xfa, 0xfa, 0xfa, 0xfa, 0xfa, 0xf9, 0xf9, 0xfa, 0xfb, 0xfa, 0xfb,
  0xfc, 0xfb, 0xfc, 0xfc, 0xfd, 0xfd, 0xfd, 0xfc, 0xfc, 0xfc, 0xfd, 0xfd,
  0xfd, 0xfd, 0xfc, 0xfc, 0xfc, 0xfc, 0xfc, 0xfc, 0xfc, 0xfc, 0xfc, 0xfc,
  0xfc, 0xfc, 0xfc, 0xfc, 0xfb, 0xfc, 0xfc, 0xfc, 0xfc, 0xfc, 0xfc, 0xfc,
  0xfb, 0xfc, 0xfb, 0xfb, 0xfc, 0xfb, 0xfc, 0xfc, 0xfb, 0xfc, 0xfc, 0xfc,
  0xfc, 0xfc, 0xfc, 0xfc, 0xfc, 0xfc, 0xfc, 0xfc, 0xfc, 0xfc, 0xfc, 0xfc,
  0xfc, 0xfc, 0xfc, 0xfc, 0xfc, 0xfc, 0xfb, 0xfa, 0xfb, 0xfb, 0xfb, 0xfb,
  0xfb, 0xfc, 0xfc, 0xfb, 0xfb, 0xfc, 0xfc, 0xfc, 0xfc, 0xfc, 0xfb, 0xfa,
  0xfa, 0xfa, 0xf9, 0xf8, 0xf9, 0xf9, 0xfa, 0xfb, 0xfb, 0xfa, 0xf6, 0xf8,
  0xfa, 0x95, 0x11, 0x07, 0x09, 0x05, 0x03, 0x02, 0x00, 0x01, 0x00, 0x00,
  0x00, 0x00, 0x00, 0x00, 0x00, 0x00, 0x00, 0x00, 0x00, 0x00, 0x00, 0x00,
  0x00, 0x00, 0x00, 0x00, 0x00, 0x03, 0x07, 0x09, 0x00, 0x14, 0xd1, 0xfe,
  0xf8, 0xf8, 0xfb, 0xfb, 0xfb, 0xfb, 0xfc, 0xfb, 0xfb, 0xfb, 0xfc, 0xfc,
  0xfc, 0xfb, 0xfa, 0xfb, 0xfb, 0xfa, 0xfb, 0xfc, 0xfc, 0xfc, 0xfd, 0xfd,
  0xfc, 0xfc, 0xfc, 0xfc, 0xfc, 0xfc, 0xfc, 0xfc, 0xfc, 0xfc, 0xfb, 0xfa,
  0xf9, 0xfa, 0xf9, 0xf4, 0xff, 0x9c, 0x1c, 0x00, 0x04, 0x05, 0x02, 0x00,
  0x00, 0x00, 0x00, 0x00, 0x00, 0x00, 0x00, 0x00, 0x00, 0x00, 0x00, 0x00,
  0x00, 0x00, 0x00, 0x00, 0x00, 0x00, 0x01, 0x00, 0x00, 0x00, 0x00, 0x00,
  0x00, 0x00, 0x00, 0x00, 0x00, 0x00, 0x00, 0x00, 0x00, 0x00, 0x00, 0x00,
  0x00, 0x00, 0x00, 0x00, 0x00, 0x00, 0x00, 0x02, 0x06, 0x09, 0x00, 0x18,
  0xa2, 0xfe, 0xfa, 0xf6, 0xfc, 0xfb, 0xfc, 0xfd, 0xfd, 0xfd, 0xfe, 0xfe,
  0xfd, 0xfc, 0xfd, 0xfd, 0xfd, 0xfc, 0xfc, 0xfc, 0xfb, 0xfa, 0xfa, 0xfa,
  0xfa, 0xfa, 0xfa, 0xfb, 0xfb, 0xfb, 0xfb, 0xfc, 0xfc, 0xfc, 0xfb, 0xfc,
  0xfb, 0xfa, 0xfa, 0xfa, 0xfa, 0xfb, 0xfa, 0xf8, 0xf8, 0xf5, 0xf9, 0xff,
  0xc5, 0x34, 0x00, 0x08, 0x03, 0x02, 0x00, 0x00, 0x00, 0x00, 0x00, 0x00,
  0x00, 0x00, 0x00, 0x00, 0x00, 0x00, 0x00, 0x00, 0x00, 0x00, 0x00, 0x00,
  0x00, 0x00, 0x00, 0x00, 0x00, 0x00, 0x00, 0x00, 0x00, 0x00, 0x00, 0x00,
  0x00, 0x00, 0x00, 0x00, 0x00, 0x00, 0x00, 0x00, 0x00, 0x00, 0x00, 0x00,
  0x02, 0x03, 0x01, 0x04, 0x04, 0x69, 0xf3, 0xf5, 0xf3, 0xf7, 0xf7, 0xfa,
  0xfb, 0xfb, 0xfb, 0xfb, 0xfb, 0xfb, 0xfc, 0xfc, 0xfc, 0xfb, 0xfb, 0xfb,
  0xfb, 0xfb, 0xfb, 0xfa, 0xfb, 0xfc, 0xfc, 0xfb, 0xfb, 0xfc, 0xfc, 0xfc,
  0xfc, 0xfc, 0xfc, 0xfc, 0xfb, 0xfb, 0xfb, 0xfb, 0xfb, 0xfc, 0xfc, 0xfc,
  0xfb, 0xfd, 0xfc, 0xfc, 0xff, 0xed, 0xe2, 0xe4, 0xe4, 0xe3, 0xe4, 0xe4,
  0xe4, 0xe4, 0xe4, 0xe4, 0xe3, 0xe3, 0xe2, 0xe2, 0xe2, 0xe2, 0xe2, 0xe2,
  0xe2, 0xe1, 0xe1, 0xe1, 0xe1, 0xe0, 0xe0, 0xdf, 0xde, 0xdf, 0xde, 0xde,
  0xde, 0xdf, 0xdf, 0xdf, 0xe0, 0xe1, 0xe1, 0xe1, 0xe2, 0xe2, 0xe2, 0xe2,
  0xe2, 0xe2, 0xe2, 0xe2, 0xe2, 0xe2, 0xe2, 0xe2, 0xe1, 0xe1, 0xe1, 0xe1,
  0xe1, 0xe0, 0xe0, 0xe0, 0xdf, 0xde, 0xde, 0xdd, 0xdd, 0xdc, 0xdc, 0xdc,
  0xdd, 0xdd, 0xde, 0xde, 0xdf, 0xe0, 0xe1, 0xe1, 0xe1, 0xe2, 0xe2, 0xe2,
  0xe3, 0xe4, 0xe4, 0xe5, 0xe5, 0xe6, 0xe6, 0xe6, 0xe5, 0xe5, 0xe6, 0xe5,
  0xe2, 0xed, 0xff, 0xfc, 0xfa, 0xfa, 0xfa, 0xfa, 0xfc, 0xfc, 0xfc, 0xfd,
  0xfc, 0xfc, 0xfc, 0xfd, 0xfd, 0xfd, 0xfd, 0xfc, 0xfd, 0xfc, 0xfb, 0xfc,
  0xfc, 0xfb, 0xfb, 0xfb, 0xfb, 0xfb, 0xfb, 0xfb, 0xfb, 0xfb, 0xfb, 0xfb,
  0xfc, 0xfb, 0xfa, 0xfb, 0xfa, 0xf9, 0xf9, 0xf8, 0xf7, 0xf6, 0xf6, 0xf3,
  0xfd, 0xe8, 0x55, 0x02, 0x09, 0x06, 0x02, 0x00, 0x00, 0x00, 0x00, 0x00,
  0x00, 0x00, 0x00, 0x00, 0x00, 0x00, 0x00, 0x00, 0x00, 0x00, 0x00, 0x00,
  0x00, 0x00, 0x00, 0x00, 0x00, 0x00, 0x00, 0x00, 0x00, 0x00, 0x00, 0x00,
  0x00, 0x00, 0x00, 0x00, 0x04, 0x04, 0x09, 0x00, 0x13, 0x98, 0xfd, 0xf9,
  0xf5, 0xf7, 0xf8, 0xfa, 0xfa, 0xfa, 0xfb, 0xfb, 0xfa, 0xfb, 0xfc, 0xfc,
  0xfc, 0xfb, 0xfc, 0xfb, 0xfc, 0xfd, 0xfd, 0xfd, 0xfd, 0xfd, 0xfc, 0xfc,
  0xfb, 0xfc, 0xfd, 0xfc, 0xfc, 0xfc, 0xfc, 0xfb, 0xfb, 0xfb, 0xfb, 0xfb,
  0xfc, 0xfb, 0xfb, 0xfb, 0xfb, 0xfa, 0xf9, 0xf9, 0xff, 0xc7, 0x71, 0x58,
  0x5d, 0x5f, 0x60, 0x61, 0x63, 0x63, 0x62, 0x61, 0x60, 0x5f, 0x5e, 0x5d,
  0x5c, 0x5b, 0x5b, 0x5a, 0x5a, 0x5a, 0x59, 0x59, 0x59, 0x59, 0x59, 0x5a,
  0x5a, 0x5b, 0x5a, 0x5a, 0x5a, 0x59, 0x59, 0x59, 0x5a, 0x5a, 0x5a, 0x5a,
  0x5a, 0x5a, 0x5a, 0x5a, 0x5a, 0x5b, 0x5b, 0x5a, 0x59, 0x59, 0x59, 0x57,
  0x57, 0x55, 0x53, 0x53, 0x53, 0x53, 0x53, 0x52, 0x53, 0x53, 0x53, 0x53,
  0x53, 0x54, 0x54, 0x54, 0x55, 0x55, 0x55, 0x55, 0x55, 0x54, 0x54, 0x54,
  0x55, 0x56, 0x57, 0x58, 0x59, 0x5b, 0x5c, 0x5e, 0x5f, 0x5f, 0x5e, 0x5d,
  0x5c, 0x5b, 0x5b, 0x5d, 0x60, 0x60, 0x69, 0xa5, 0xfc, 0xf9, 0xf7, 0xfa,
  0xfa, 0xfa, 0xf9, 0xf9, 0xf9, 0xf9, 0xfa, 0xfb, 0xfa, 0xfb, 0xfc, 0xfb,
  0xfb, 0xfb, 0xfc, 0xfd, 0xfc, 0xfd, 0xfd, 0xfc, 0xfb, 0xfb, 0xfb, 0xfb,
  0xfc, 0xfc, 0xfd, 0xfc, 0xfb, 0xfb, 0xfb, 0xfb, 0xfb, 0xfb, 0xfb, 0xfa,
  0xf9, 0xfa, 0xf9, 0xf9, 0xf8, 0xf1, 0xff, 0xb9, 0x1f, 0x00, 0x05, 0x03,
  0x03, 0x01, 0x00, 0x00, 0x00, 0x00, 0x00, 0x00, 0x00, 0x00, 0x00, 0x00,
  0x00, 0x00, 0x00, 0x00, 0x00, 0x00, 0x00, 0x00, 0x00, 0x00, 0x01, 0x00,
  0x00, 0x00, 0x00, 0x00, 0x00, 0x01, 0x03, 0x07, 0x00, 0x83, 0xf8, 0xff,
  0xf5, 0xf8, 0xfa, 0xfb, 0xfc, 0xfc, 0xfb, 0xfb, 0xfa, 0xfa, 0xfa, 0xfb,
  0xfb, 0xfa, 0xfa, 0xfa, 0xfb, 0xfc, 0xfc, 0xfd, 0xfb, 0xfb, 0xfc, 0xfc,
  0xfb, 0xfb, 0xfb, 0xfc, 0xfc, 0xfc, 0xfd, 0xfc, 0xfd, 0xfd, 0xfd, 0xfc,
  0xfc, 0xfd, 0xfd, 0xfd, 0xfc, 0xfc, 0xfb, 0xfa, 0xfb, 0xfa, 0xf9, 0xf9,
  0xfa, 0xf9, 0xfa, 0xfb, 0xfa, 0xfb, 0xfc, 0xfc, 0xfb, 0xfc, 0xfc, 0xfc,
  0xfc, 0xfd, 0xfd, 0xfd, 0xfd, 0xfd, 0xfc, 0xfc, 0xfc, 0xfb, 0xfb, 0xfb,
  0xfb, 0xfb, 0xfb, 0xfb, 0xfb, 0xfb, 0xfb, 0xfb, 0xfb, 0xfb, 0xfb, 0xfb,
  0xfb, 0xfb, 0xfb, 0xfb, 0xfb, 0xfc, 0xfc, 0xfc, 0xfb, 0xfb, 0xfb, 0xfb,
  0xfc, 0xfc, 0xfb, 0xfb, 0xfb, 0xfb, 0xfb, 0xfb, 0xfb, 0xfb, 0xfb, 0xfb,
  0xfb, 0xfb, 0xfb, 0xfb, 0xfb, 0xfb, 0xfb, 0xfc, 0xfc, 0xfc, 0xfb, 0xfc,
  0xfb, 0xfa, 0xfa, 0xfb, 0xfb, 0xfb, 0xfc, 0xfb, 0xfb, 0xfc, 0xfc, 0xfb,
  0xfb, 0xfc, 0xfb, 0xfb, 0xfb, 0xfb, 0xfa, 0xf9, 0xf9, 0xf8, 0xf8, 0xf8,
  0xf8, 0xf8, 0xfa, 0xf9, 0xf7, 0xff, 0xc9, 0x3b, 0x00, 0x0b, 0x04, 0x04,
  0x02, 0x01, 0x01, 0x01, 0x00, 0x00, 0x00, 0x00, 0x00, 0x00, 0x00, 0x00,
  0x00, 0x00, 0x00, 0x00, 0x00, 0x00, 0x00, 0x00, 0x00, 0x00, 0x00, 0x03,
  0x07, 0x09, 0x00, 0x14, 0xd1, 0xfe, 0xf8, 0xf8, 0xfb, 0xfc, 0xfc, 0xfc,
  0xfc, 0xfb, 0xfa, 0xfa, 0xfb, 0xfb, 0xfb, 0xfa, 0xfb, 0xfb, 0xfb, 0xfa,
  0xfb, 0xfc, 0xfc, 0xfc, 0xfd, 0xfd, 0xfd, 0xfb, 0xfb, 0xfb, 0xfb, 0xfb,
  0xfb, 0xfc, 0xfb, 0xfb, 0xfb, 0xfa, 0xfa, 0xfb, 0xf9, 0xf5, 0xff, 0x9d,
  0x1d, 0x00, 0x04, 0x05, 0x03, 0x01, 0x00, 0x00, 0x00, 0x00, 0x00, 0x00,
  0x00, 0x00, 0x00, 0x00, 0x00, 0x00, 0x00, 0x00, 0x00, 0x00, 0x00, 0x00,
  0x01, 0x00, 0x00, 0x00, 0x00, 0x00, 0x00, 0x00, 0x00, 0x00, 0x00, 0x00,
  0x00, 0x00, 0x00, 0x00, 0x00, 0x00, 0x00, 0x00, 0x00, 0x00, 0x00, 0x00,
  0x00, 0x00, 0x03, 0x04, 0x05, 0x00, 0x37, 0xca, 0xff, 0xf7, 0xf4, 0xf9,
  0xfb, 0xfe, 0xfe, 0xfe, 0xfd, 0xfd, 0xfd, 0xfd, 0xfc, 0xfd, 0xfc, 0xfc,
  0xfb, 0xfb, 0xfb, 0xfa, 0xfb, 0xfb, 0xfa, 0xfa, 0xfa, 0xfc, 0xfc, 0xfc,
  0xfc, 0xfc, 0xfb, 0xfc, 0xfb, 0xfb, 0xfb, 0xfa, 0xfb, 0xfb, 0xfa, 0xfa,
  0xfb, 0xfa, 0xf8, 0xf8, 0xf4, 0xf9, 0xfe, 0xab, 0x1d, 0x00, 0x05, 0x00,
  0x00, 0x01, 0x00, 0x00, 0x00, 0x00, 0x00, 0x00, 0x00, 0x00, 0x00, 0x00,
  0x00, 0x00, 0x00, 0x00, 0x00, 0x00, 0x00, 0x00, 0x00, 0x00, 0x00, 0x00,
  0x00, 0x00, 0x00, 0x00, 0x00, 0x00, 0x00, 0x00, 0x00, 0x00, 0x00, 0x00,
  0x00, 0x00, 0x00, 0x00, 0x00, 0x01, 0x04, 0x06, 0x05, 0x00, 0x35, 0xc8,
  0xfe, 0xf0, 0xf7, 0xf7, 0xf8, 0xf9, 0xfa, 0xfb, 0xfc, 0xfc, 0xfb, 0xfb,
  0xfb, 0xfc, 0xfd, 0xfc, 0xfc, 0xfc, 0xfc, 0xfb, 0xfa, 0xfa, 0xfb, 0xfc,
  0xfb, 0xfb, 0xfb, 0xfb, 0xfb, 0xfb, 0xfc, 0xfb, 0xfb, 0xfb, 0xfc, 0xfb,
  0xfb, 0xfb, 0xfc, 0xfc, 0xfc, 0xfa, 0xf8, 0xf9, 0xfb, 0xfe, 0xe1, 0x7b,
  0x5c, 0x61, 0x63, 0x61, 0x61, 0x62, 0x62, 0x62, 0x61, 0x61, 0x5f, 0x5e,
  0x5b, 0x5a, 0x5a, 0x5a, 0x5a, 0x5a, 0x5b, 0x5a, 0x5a, 0x5a, 0x59, 0x58,
  0x57, 0x57, 0x56, 0x56, 0x55, 0x55, 0x55, 0x56, 0x57, 0x57, 0x58, 0x59,
  0x59, 0x5a, 0x5b, 0x5b, 0x5c, 0x5c, 0x5b, 0x5b, 0x5b, 0x5a, 0x5b, 0x5a,
  0x5b, 0x5a, 0x5a, 0x5a, 0x5a, 0x5a, 0x5a, 0x59, 0x59, 0x58, 0x57, 0x56,
  0x55, 0x54, 0x54, 0x53, 0x52, 0x53, 0x53, 0x54, 0x55, 0x56, 0x57, 0x58,
  0x59, 0x5a, 0x5a, 0x5a, 0x5c, 0x5c, 0x5d, 0x5e, 0x5f, 0x5f, 0x61, 0x61,
  0x62, 0x62, 0x62, 0x62, 0x64, 0x63, 0x5b, 0x70, 0xc6, 0xff, 0xf8, 0xf5,
  0xf8, 0xfb, 0xfe, 0xfe, 0xfd, 0xfc, 0xfd, 0xfc, 0xfb, 0xfc, 0xfd, 0xfc,
  0xfc, 0xfd, 0xfd, 0xfc, 0xfc, 0xfd, 0xfc, 0xfb, 0xfc, 0xfc, 0xfc, 0xfc,
  0xfc, 0xfc, 0xfb, 0xfc, 0xfc, 0xfc, 0xfc, 0xfb, 0xfa, 0xfb, 0xfa, 0xf9,
  0xfa, 0xf9, 0xf8, 0xf7, 0xf7, 0xf4, 0xf7, 0xff, 0xb5, 0x26, 0x00, 0x08,
  0x00, 0x01, 0x00, 0x00, 0x00, 0x00, 0x00, 0x00, 0x00, 0x00, 0x00, 0x00,
  0x00, 0x00, 0x00, 0x00, 0x00, 0x00, 0x00, 0x00, 0x00, 0x00, 0x00, 0x01,
  0x00, 0x00, 0x00, 0x00, 0x00, 0x00, 0x00, 0x00, 0x00, 0x00, 0x03, 0x08,
  0x0a, 0x04, 0x5f, 0xe9, 0xfc, 0xf5, 0xf8, 0xf8, 0xf9, 0xfa, 0xfa, 0xfa,
  0xfb, 0xfb, 0xfa, 0xfb, 0xfb, 0xfc, 0xfb, 0xfb, 0xfb, 0xfc, 0xfb, 0xfc,
  0xfc, 0xfc, 0xfc, 0xfc, 0xfc, 0xfc, 0xfc, 0xfc, 0xfd, 0xfd, 0xfd, 0xfc,
  0xfb, 0xfc, 0xfc, 0xfc, 0xfc, 0xfc, 0xfc, 0xfc, 0xfc, 0xfb, 0xfc, 0xfb,
  0xf7, 0xfb, 0xf4, 0x65, 0x00, 0x00, 0x00, 0x00, 0x00, 0x00, 0x00, 0x00,
  0x00, 0x00, 0x00, 0x00, 0x00, 0x00, 0x00, 0x00, 0x00, 0x00, 0x00, 0x00,
  0x00, 0x00, 0x00, 0x00, 0x00, 0x00, 0x00, 0x00, 0x00, 0x00, 0x00, 0x00,
  0x00, 0x00, 0x00, 0x00, 0x00, 0x00, 0x00, 0x00, 0x00, 0x00, 0x00, 0x00,
  0x00, 0x00, 0x00, 0x00, 0x00, 0x00, 0x00, 0x00, 0x00, 0x00, 0x00, 0x00,
  0x00, 0x00, 0x00, 0x00, 0x00, 0x00, 0x00, 0x00, 0x00, 0x00, 0x00, 0x00,
  0x00, 0x00, 0x00, 0x00, 0x00, 0x00, 0x00, 0x00, 0x00, 0x00, 0x00, 0x00,
  0x00, 0x00, 0x00, 0x00, 0x00, 0x00, 0x00, 0x00, 0x00, 0x00, 0x00, 0x00,
  0x00, 0x25, 0xdf, 0xfd, 0xf7, 0xf9, 0xf9, 0xf9, 0xf9, 0xf9, 0xfa, 0xfa,
  0xfb, 0xfa, 0xfb, 0xfc, 0xfb, 0xfc, 0xfc, 0xfc, 0xfc, 0xfd, 0xfd, 0xfd,
  0xfc, 0xfb, 0xfc, 0xfc, 0xfb, 0xfc, 0xfd, 0xfb, 0xfc, 0xfc, 0xfc, 0xfb,
  0xfa, 0xfb, 0xfb, 0xfa, 0xfa, 0xf9, 0xfa, 0xfa, 0xfb, 0xfb, 0xfc, 0xf7,
  0xf9, 0xf6, 0x7d, 0x01, 0x05, 0x04, 0x05, 0x02, 0x00, 0x00, 0x00, 0x00,
  0x00, 0x00, 0x00, 0x00, 0x00, 0x00, 0x00, 0x00, 0x00, 0x00, 0x01, 0x01,
  0x00, 0x00, 0x00, 0x00, 0x00, 0x00, 0x00, 0x00, 0x00, 0x01, 0x00, 0x01,
  0x02, 0x07, 0x00, 0x82, 0xf8, 0xff, 0xf5, 0xf8, 0xfa, 0xfb, 0xfb, 0xfb,
  0xfa, 0xfa, 0xfa, 0xfa, 0xfa, 0xfb, 0xfc, 0xfb, 0xfb, 0xfb, 0xfb, 0xfc,
  0xfc, 0xfc, 0xfc, 0xfb, 0xfc, 0xfb, 0xfc, 0xfc, 0xfc, 0xfc, 0xfb, 0xfc,
  0xfd, 0xfc, 0xfd, 0xfd, 0xfd, 0xfd, 0xfd, 0xfc, 0xfc, 0xfc, 0xfc, 0xfb,
  0xfb, 0xfa, 0xfb, 0xfa, 0xfa, 0xfa, 0xfa, 0xfa, 0xf9, 0xfa, 0xfa, 0xfb,
  0xfb, 0xfb, 0xfb, 0xfc, 0xfb, 0xfc, 0xfd, 0xfc, 0xfc, 0xfc, 0xfc, 0xfc,
  0xfd, 0xfc, 0xfb, 0xfc, 0xfb, 0xfb, 0xfb, 0xfc, 0xfc, 0xfb, 0xfb, 0xfb,
  0xfb, 0xfb, 0xfb, 0xfc, 0xfc, 0xfb, 0xfb, 0xfc, 0xfb, 0xfa, 0xfc, 0xfb,
  0xfb, 0xfb, 0xfa, 0xfa, 0xfb, 0xfc, 0xfb, 0xfb, 0xfb, 0xfb, 0xfb, 0xfc,
  0xfc, 0xfc, 0xfb, 0xfb, 0xfb, 0xfb, 0xfb, 0xfa, 0xfa, 0xfb, 0xfb, 0xfc,
  0xfc, 0xfc, 0xfc, 0xfd, 0xfc, 0xfb, 0xfb, 0xfb, 0xfb, 0xfb, 0xfa, 0xfb,
  0xfc, 0xfb, 0xfb, 0xfb, 0xfb, 0xfb, 0xfa, 0xfb, 0xfb, 0xfb, 0xfb, 0xfb,
  0xfa, 0xf9, 0xf9, 0xf8, 0xf7, 0xf6, 0xf7, 0xf7, 0xf8, 0xf6, 0xfb, 0xf7,
  0x77, 0x03, 0x06, 0x05, 0x03, 0x02, 0x02, 0x00, 0x00, 0x01, 0x00, 0x00,
  0x00, 0x00, 0x00, 0x00, 0x00, 0x00, 0x00, 0x00, 0x00, 0x00, 0x00, 0x00,
  0x00, 0x00, 0x00, 0x00, 0x00, 0x03, 0x07, 0x09, 0x00, 0x15, 0xd1, 0xfe,
  0xf8, 0xf8, 0xfb, 0xfc, 0xfd, 0xfc, 0xfb, 0xfb, 0xfb, 0xfb, 0xfb, 0xfa,
  0xfa, 0xfb, 0xfb, 0xfb, 0xfb, 0xfa, 0xfb, 0xfc, 0xfb, 0xfc, 0xfc, 0xfc,
  0xfc, 0xfb, 0xfb, 0xfb, 0xfc, 0xfb, 0xfc, 0xfb, 0xfb, 0xfb, 0xfb, 0xfa,
  0xfb, 0xfb, 0xfa, 0xf6, 0xff, 0x9e, 0x1d, 0x00, 0x04, 0x05, 0x02, 0x00,
  0x00, 0x00, 0x00, 0x00, 0x00, 0x00, 0x00, 0x00, 0x00, 0x00, 0x00, 0x00,
  0x00, 0x00, 0x00, 0x00, 0x00, 0x00, 0x00, 0x00, 0x00, 0x00, 0x00, 0x00,
  0x00, 0x00, 0x00, 0x00, 0x00, 0x00, 0x00, 0x00, 0x00, 0x00, 0x00, 0x00,
  0x00, 0x00, 0x00, 0x00, 0x00, 0x00, 0x00, 0x00, 0x01, 0x01, 0x01, 0x05,
  0x00, 0x60, 0xe5, 0xff, 0xf1, 0xf5, 0xfb, 0xfe, 0xfe, 0xfd, 0xfe, 0xfd,
  0xfd, 0xfc, 0xfd, 0xfc, 0xfc, 0xfc, 0xfb, 0xfa, 0xfa, 0xfb, 0xfa, 0xfb,
  0xfb, 0xfb, 0xfb, 0xfb, 0xfb, 0xfc, 0xfc, 0xfc, 0xfb, 0xfb, 0xfb, 0xfb,
  0xfb, 0xfa, 0xfb, 0xfa, 0xf9, 0xfa, 0xfa, 0xfa, 0xfa, 0xf9, 0xf6, 0xf2,
  0xfa, 0xf6, 0x95, 0x10, 0x00, 0x02, 0x01, 0x02, 0x01, 0x00, 0x00, 0x00,
  0x00, 0x00, 0x00, 0x00, 0x00, 0x00, 0x00, 0x00, 0x00, 0x00, 0x00, 0x00,
  0x00, 0x00, 0x00, 0x00, 0x00, 0x00, 0x00, 0x00, 0x00, 0x00, 0x00, 0x00,
  0x00, 0x00, 0x00, 0x00, 0x00, 0x00, 0x00, 0x00, 0x00, 0x00, 0x00, 0x01,
  0x05, 0x09, 0x03, 0x0c, 0x94, 0xff, 0xf3, 0xf6, 0xf7, 0xf8, 0xf9, 0xfa,
  0xfa, 0xfa, 0xfb, 0xfb, 0xfb, 0xfb, 0xfc, 0xfc, 0xfc, 0xfc, 0xfc, 0xfb,
  0xfb, 0xfb, 0xfa, 0xfa, 0xfb, 0xfc, 0xfc, 0xfc, 0xfc, 0xfc, 0xfc, 0xfc,
  0xfb, 0xfb, 0xfb, 0xfb, 0xfb, 0xfb, 0xfa, 0xfb, 0xfb, 0xfc, 0xfc, 0xfa,
  0xf7, 0xf5, 0xfc, 0xfa, 0x79, 0x0a, 0x00, 0x00, 0x00, 0x00, 0x00, 0x00,
  0x00, 0x00, 0x00, 0x00, 0x00, 0x00, 0x00, 0x00, 0x00, 0x00, 0x00, 0x00,
  0x00, 0x00, 0x00, 0x00, 0x00, 0x00, 0x00, 0x00, 0x00, 0x00, 0x00, 0x00,
  0x00, 0x00, 0x00, 0x00, 0x00, 0x00, 0x00, 0x00, 0x00, 0x00, 0x00, 0x00,
  0x00, 0x00, 0x00, 0x00, 0x00, 0x00, 0x00, 0x00, 0x00, 0x00, 0x00, 0x00,
  0x00, 0x00, 0x00, 0x00, 0x00, 0x00, 0x00, 0x00, 0x00, 0x00, 0x00, 0x00,
  0x00, 0x00, 0x00, 0x00, 0x00, 0x00, 0x00, 0x00, 0x00, 0x00, 0x00, 0x00,
  0x00, 0x00, 0x00, 0x00, 0x00, 0x00, 0x00, 0x00, 0x00, 0x00, 0x00, 0x00,
  0x00, 0x00, 0x5e, 0xf3, 0xfb, 0xf3, 0xf7, 0xfc, 0xfe, 0xfe, 0xfe, 0xfd,
  0xfd, 0xfc, 0xfb, 0xfb, 0xfc, 0xfc, 0xfb, 0xfc, 0xfc, 0xfc, 0xfc, 0xfc,
  0xfc, 0xfb, 0xfb, 0xfb, 0xfb, 0xfb, 0xfb, 0xfb, 0xfa, 0xfb, 0xfb, 0xfb,
  0xfb, 0xfb, 0xfb, 0xfb, 0xfa, 0xfa, 0xfb, 0xfa, 0xf9, 0xf8, 0xf8, 0xf8,
  0xf5, 0xfb, 0xfa, 0x7e, 0x0b, 0x04, 0x03, 0x01, 0x02, 0x01, 0x00, 0x00,
  0x00, 0x00, 0x00, 0x00, 0x00, 0x00, 0x00, 0x00, 0x00, 0x00, 0x00, 0x00,
  0x00, 0x00, 0x00, 0x00, 0x00, 0x00, 0x00, 0x00, 0x00, 0x00, 0x00, 0x00,
  0x00, 0x00, 0x00, 0x01, 0x02, 0x0c, 0x00, 0x31, 0xbe, 0xff, 0xf7, 0xf6,
  0xf9, 0xf9, 0xfa, 0xf9, 0xfa, 0xfb, 0xfb, 0xfb, 0xfb, 0xfa, 0xfb, 0xfb,
  0xfb, 0xfb, 0xfb, 0xfc, 0xfc, 0xfb, 0xfb, 0xfb, 0xfb, 0xfb, 0xfc, 0xfd,
  0xfd, 0xfd, 0xfd, 0xfe, 0xfc, 0xfc, 0xfb, 0xfd, 0xfd, 0xfd, 0xfd, 0xfd,
  0xfc, 0xfd, 0xfd, 0xfb, 0xfa, 0xf7, 0xf7, 0xff, 0xb2, 0x24, 0x03, 0x06,
  0x04, 0x03, 0x04, 0x04, 0x04, 0x03, 0x03, 0x03, 0x04, 0x03, 0x03, 0x04,
  0x03, 0x03, 0x03, 0x03, 0x03, 0x03, 0x03, 0x03, 0x03, 0x03, 0x03, 0x03,
  0x03, 0x03, 0x04, 0x04, 0x04, 0x04, 0x03, 0x03, 0x03, 0x03, 0x03, 0x03,
  0x03, 0x03, 0x03, 0x03, 0x03, 0x03, 0x03, 0x03, 0x03, 0x03, 0x03, 0x03,
  0x03, 0x03, 0x03, 0x03, 0x03, 0x03, 0x03, 0x03, 0x03, 0x03, 0x03, 0x03,
  0x03, 0x03, 0x03, 0x03, 0x03, 0x03, 0x03, 0x03, 0x03, 0x03, 0x03, 0x03,
  0x03, 0x03, 0x03, 0x03, 0x03, 0x03, 0x04, 0x03, 0x04, 0x04, 0x04, 0x03,
  0x03, 0x04, 0x04, 0x03, 0x04, 0x04, 0x03, 0x09, 0x80, 0xfa, 0xfc, 0xf6,
  0xf8, 0xf7, 0xf9, 0xfb, 0xfb, 0xfa, 0xfa, 0xfb, 0xfc, 0xfb, 0xfb, 0xfc,
  0xfd, 0xfd, 0xfc, 0xfd, 0xfd, 0xfc, 0xfc, 0xfb, 0xfc, 0xfd, 0xfb, 0xfd,
  0xfd, 0xfc, 0xfb, 0xfc, 0xfc, 0xfb, 0xfb, 0xfb, 0xfa, 0xfb, 0xfa, 0xfa,
  0xfb, 0xfb, 0xfa, 0xfb, 0xfb, 0xfa, 0xf1, 0xfd, 0xce, 0x35, 0x00, 0x05,
  0x03, 0x01, 0x00, 0x00, 0x00, 0x00, 0x00, 0x00, 0x00, 0x00, 0x00, 0x00,
  0x00, 0x00, 0x00, 0x00, 0x01, 0x01, 0x01, 0x01, 0x01, 0x00, 0x00, 0x00,
  0x00, 0x01, 0x01, 0x00, 0x00, 0x01, 0x01, 0x06, 0x00, 0x82, 0xf7, 0xff,
  0xf5, 0xf8, 0xfa, 0xfb, 0xfb, 0xfb, 0xfb, 0xfb, 0xf9, 0xfa, 0xfa, 0xfb,
  0xfc, 0xfb, 0xfc, 0xfc, 0xfc, 0xfb, 0xfb, 0xfb, 0xfc, 0xfc, 0xfc, 0xfb,
  0xfc, 0xfd, 0xfd, 0xfd, 0xfc, 0xfc, 0xfd, 0xfd, 0xfd, 0xfc, 0xfc, 0xfd,
  0xfc, 0xfc, 0xfb, 0xfb, 0xfb, 0xfc, 0xfb, 0xfa, 0xfa, 0xfa, 0xfb, 0xfb,
  0xfb, 0xfb, 0xfa, 0xf9, 0xfa, 0xfb, 0xfb, 0xfa, 0xfb, 0xfc, 0xfc, 0xfd,
  0xfc, 0xfb, 0xfb, 0xfb, 0xfb, 0xfb, 0xfc, 0xfc, 0xfc, 0xfb, 0xfb, 0xfc,
  0xfc, 0xfb, 0xfb, 0xfa, 0xfc, 0xfc, 0xfc, 0xfc, 0xfc, 0xfb, 0xfb, 0xfc,
  0xfc, 0xfc, 0xfb, 0xfb, 0xfb, 0xfa, 0xfa, 0xfa, 0xfb, 0xfb, 0xfc, 0xfb,
  0xfc, 0xfc, 0xfc, 0xfc, 0xfc, 0xfb, 0xfc, 0xfb, 0xfc, 0xfc, 0xfc, 0xfc,
  0xfc, 0xfb, 0xfb, 0xfc, 0xfc, 0xfb, 0xfb, 0xfb, 0xfb, 0xfc, 0xfc, 0xfb,
  0xfc, 0xfc, 0xfc, 0xfc, 0xfb, 0xfb, 0xfc, 0xfc, 0xfc, 0xfb, 0xfb, 0xfc,
  0xfb, 0xfa, 0xfa, 0xfb, 0xfb, 0xfa, 0xfa, 0xf9, 0xf9, 0xf8, 0xf7, 0xf7,
  0xf6, 0xf7, 0xf6, 0xf5, 0xff, 0xbe, 0x2e, 0x02, 0x0c, 0x03, 0x03, 0x02,
  0x01, 0x01, 0x01, 0x00, 0x00, 0x00, 0x00, 0x00, 0x00, 0x00, 0x00, 0x00,
  0x00, 0x00, 0x00, 0x00, 0x00, 0x00, 0x00, 0x00, 0x00, 0x00, 0x00, 0x03,
  0x07, 0x09, 0x00, 0x14, 0xd1, 0xfe, 0xf8, 0xf8, 0xfb, 0xfc, 0xfc, 0xfb,
  0xfc, 0xfc, 0xfc, 0xfc, 0xfc, 0xfa, 0xfb, 0xfc, 0xfb, 0xfa, 0xfb, 0xfa,
  0xfb, 0xfc, 0xfc, 0xfc, 0xfb, 0xfb, 0xfb, 0xfc, 0xfc, 0xfc, 0xfb, 0xfc,
  0xfc, 0xfb, 0xfa, 0xfb, 0xfb, 0xfb, 0xfb, 0xfc, 0xfb, 0xf7, 0xff, 0x9f,
  0x1e, 0x00, 0x04, 0x05, 0x02, 0x00, 0x00, 0x00, 0x00, 0x00, 0x00, 0x00,
  0x00, 0x00, 0x00, 0x00, 0x00, 0x00, 0x00, 0x00, 0x00, 0x00, 0x00, 0x00,
  0x00, 0x00, 0x00, 0x00, 0x00, 0x00, 0x00, 0x00, 0x00, 0x00, 0x00, 0x00,
  0x00, 0x00, 0x00, 0x00, 0x00, 0x00, 0x00, 0x00, 0x00, 0x00, 0x00, 0x00,
  0x00, 0x00, 0x00, 0x00, 0x00, 0x04, 0x04, 0x13, 0x8e, 0xf7, 0xfb, 0xf3,
  0xfa, 0xfb, 0xfd, 0xfe, 0xff, 0xfe, 0xfc, 0xfc, 0xfd, 0xfc, 0xfb, 0xfc,
  0xfb, 0xfa, 0xfb, 0xfb, 0xfa, 0xfb, 0xfc, 0xfc, 0xfc, 0xfb, 0xfb, 0xfb,
  0xfb, 0xfc, 0xfc, 0xfb, 0xfa, 0xfb, 0xfa, 0xfb, 0xfa, 0xf9, 0xfa, 0xfa,
  0xf9, 0xf9, 0xf9, 0xf8, 0xf8, 0xf5, 0xf3, 0xfc, 0xed, 0x7c, 0x08, 0x01,
  0x03, 0x03, 0x01, 0x00, 0x00, 0x00, 0x00, 0x00, 0x00, 0x00, 0x00, 0x00,
  0x00, 0x00, 0x00, 0x00, 0x00, 0x00, 0x00, 0x00, 0x00, 0x00, 0x00, 0x00,
  0x00, 0x00, 0x00, 0x00, 0x00, 0x00, 0x00, 0x00, 0x00, 0x00, 0x00, 0x00,
  0x00, 0x00, 0x00, 0x00, 0x01, 0x02, 0x04, 0x07, 0x00, 0x5e, 0xe2, 0xfb,
  0xf3, 0xf8, 0xf8, 0xf9, 0xf9, 0xf9, 0xfb, 0xfb, 0xfa, 0xfa, 0xfa, 0xfb,
  0xfc, 0xfc, 0xfb, 0xfc, 0xfc, 0xfb, 0xfb, 0xfb, 0xfb, 0xfa, 0xfb, 0xfb,
  0xfc, 0xfd, 0xfd, 0xfd, 0xfd, 0xfc, 0xfc, 0xfb, 0xfc, 0xfc, 0xfb, 0xfb,
  0xfa, 0xfb, 0xfc, 0xfc, 0xfd, 0xfb, 0xf7, 0xf8, 0xff, 0xc5, 0x21, 0x01,
  0x08, 0x08, 0x05, 0x06, 0x06, 0x06, 0x05, 0x05, 0x04, 0x03, 0x03, 0x03,
  0x04, 0x03, 0x03, 0x03, 0x03, 0x03, 0x03, 0x03, 0x03, 0x03, 0x03, 0x03,
  0x03, 0x03, 0x03, 0x03, 0x03, 0x03, 0x03, 0x03, 0x03, 0x03, 0x03, 0x04,
  0x03, 0x03, 0x03, 0x03, 0x03, 0x03, 0x03, 0x04, 0x03, 0x03, 0x03, 0x03,
  0x03, 0x04, 0x04, 0x04, 0x04, 0x04, 0x04, 0x04, 0x04, 0x04, 0x04, 0x04,
  0x04, 0x04, 0x03, 0x03, 0x03, 0x03, 0x03, 0x03, 0x03, 0x03, 0x03, 0x03,
  0x03, 0x03, 0x03, 0x03, 0x04, 0x04, 0x04, 0x03, 0x03, 0x03, 0x03, 0x03,
  0x03, 0x03, 0x04, 0x04, 0x03, 0x06, 0x08, 0x03, 0x26, 0xb3, 0xff, 0xf8,
  0xf8, 0xfc, 0xfd, 0xfd, 0xfd, 0xfd, 0xfd, 0xfc, 0xfb, 0xfc, 0xfc, 0xfb,
  0xfc, 0xfb, 0xfb, 0xfc, 0xfc, 0xfb, 0xfb, 0xfb, 0xfa, 0xfa, 0xfa, 0xfa,
  0xfa, 0xfa, 0xfb, 0xfa, 0xfa, 0xfa, 0xfa, 0xfb, 0xfb, 0xfa, 0xfa, 0xfb,
  0xfa, 0xfa, 0xfa, 0xf9, 0xf9, 0xf9, 0xf8, 0xf6, 0xfd, 0xdd, 0x52, 0x00,
  0x09, 0x03, 0x04, 0x02, 0x01, 0x00, 0x00, 0x00, 0x00, 0x00, 0x00, 0x00,
  0x00, 0x00, 0x00, 0x00, 0x00, 0x00, 0x00, 0x00, 0x00, 0x00, 0x00, 0x00,
  0x00, 0x00, 0x00, 0x00, 0x00, 0x00, 0x00, 0x01, 0x02, 0x02, 0x04, 0x06,
  0x06, 0x84, 0xfb, 0xfc, 0xf6, 0xf8, 0xf9, 0xfa, 0xfa, 0xfa, 0xfa, 0xfa,
  0xfb, 0xfb, 0xfa, 0xfa, 0xfa, 0xfa, 0xfa, 0xfb, 0xfc, 0xfb, 0xfb, 0xfb,
  0xfb, 0xfb, 0xfc, 0xfb, 0xfc, 0xfd, 0xfc, 0xfd, 0xfe, 0xfd, 0xfc, 0xfc,
  0xfc, 0xfc, 0xfd, 0xfd, 0xfc, 0xfd, 0xfc, 0xfe, 0xff, 0xfd, 0xf7, 0xf3,
  0xfc, 0xec, 0x5b, 0x01, 0x07, 0x0a, 0x04, 0x03, 0x04, 0x04, 0x04, 0x04,
  0x04, 0x04, 0x04, 0x04, 0x04, 0x04, 0x03, 0x03, 0x03, 0x03, 0x03, 0x03,
  0x03, 0x03, 0x03, 0x03, 0x03, 0x03, 0x03, 0x03, 0x04, 0x04, 0x04, 0x03,
  0x03, 0x03, 0x03, 0x03, 0x03, 0x03, 0x03, 0x03, 0x03, 0x03, 0x03, 0x03,
  0x03, 0x03, 0x03, 0x03, 0x03, 0x03, 0x03, 0x03, 0x03, 0x03, 0x03, 0x03,
  0x03, 0x03, 0x03, 0x03, 0x03, 0x03, 0x03, 0x03, 0x03, 0x03, 0x03, 0x03,
  0x03, 0x03, 0x04, 0x03, 0x03, 0x03, 0x03, 0x03, 0x03, 0x02, 0x03, 0x03,
  0x03, 0x03, 0x04, 0x04, 0x04, 0x03, 0x03, 0x03, 0x03, 0x03, 0x03, 0x05,
  0x03, 0x00, 0x1d, 0xc9, 0xfe, 0xf6, 0xf4, 0xf7, 0xfa, 0xfc, 0xfb, 0xfa,
  0xfb, 0xfc, 0xfc, 0xfc, 0xfc, 0xfc, 0xfc, 0xfd, 0xfc, 0xfd, 0xfd, 0xfc,
  0xfc, 0xfb, 0xfc, 0xfc, 0xfb, 0xfc, 0xfc, 0xfc, 0xfb, 0xfb, 0xfb, 0xfb,
  0xfc, 0xfb, 0xfa, 0xfb, 0xfb, 0xfb, 0xfa, 0xfb, 0xfb, 0xfa, 0xfa, 0xf8,
  0xf4, 0xf5, 0xfd, 0x9d, 0x06, 0x03, 0x02, 0x00, 0x00, 0x00, 0x00, 0x00,
  0x00, 0x00, 0x00, 0x00, 0x00, 0x00, 0x00, 0x00, 0x00, 0x00, 0x00, 0x00,
  0x00, 0x00, 0x00, 0x00, 0x00, 0x00, 0x00, 0x00, 0x00, 0x01, 0x00, 0x01,
  0x01, 0x06, 0x00, 0x81, 0xf7, 0xff, 0xf5, 0xf8, 0xfa, 0xfa, 0xfa, 0xfb,
  0xfb, 0xfb, 0xfa, 0xfa, 0xfa, 0xfb, 0xfc, 0xfc, 0xfc, 0xfb, 0xfb, 0xfc,
  0xfc, 0xfb, 0xfc, 0xfb, 0xfc, 0xfb, 0xfc, 0xfc, 0xfc, 0xfc, 0xfc, 0xfc,
  0xfc, 0xfc, 0xfc, 0xfc, 0xfc, 0xfc, 0xfc, 0xfb, 0xfb, 0xfb, 0xfb, 0xfb,
  0xfb, 0xfa, 0xfb, 0xfb, 0xfb, 0xfb, 0xfa, 0xfb, 0xfa, 0xfa, 0xfa, 0xfb,
  0xfc, 0xfb, 0xfb, 0xfc, 0xfb, 0xfb, 0xfb, 0xfc, 0xfc, 0xfb, 0xfc, 0xfc,
  0xfb, 0xfc, 0xfc, 0xfb, 0xfc, 0xfc, 0xfc, 0xfb, 0xfb, 0xfb, 0xfb, 0xfb,
  0xfb, 0xfb, 0xfc, 0xfb, 0xfb, 0xfb, 0xfb, 0xfc, 0xfc, 0xfc, 0xfc, 0xfb,
  0xfb, 0xfb, 0xfb, 0xfc, 0xfb, 0xfc, 0xfc, 0xfc, 0xfb, 0xfb, 0xfb, 0xfc,
  0xfc, 0xfc, 0xfb, 0xfb, 0xfb, 0xfb, 0xfc, 0xfb, 0xfb, 0xfc, 0xfb, 0xfc,
  0xfc, 0xfc, 0xfc, 0xfc, 0xfd, 0xfc, 0xfb, 0xfb, 0xfb, 0xfb, 0xfc, 0xfc,
  0xfb, 0xfb, 0xfb, 0xfc, 0xfc, 0xfb, 0xfc, 0xfb, 0xfb, 0xfb, 0xfa, 0xfb,
  0xfa, 0xf9, 0xf9, 0xf8, 0xf7, 0xf6, 0xf6, 0xf8, 0xf5, 0xf9, 0xf8, 0x67,
  0x00, 0x09, 0x09, 0x04, 0x02, 0x01, 0x01, 0x01, 0x00, 0x00, 0x00, 0x00,
  0x00, 0x00, 0x00, 0x00, 0x00, 0x00, 0x00, 0x00, 0x00, 0x00, 0x00, 0x00,
  0x00, 0x00, 0x00, 0x00, 0x00, 0x03, 0x07, 0x09, 0x00, 0x13, 0xd0, 0xfe,
  0xf8, 0xf9, 0xfc, 0xfb, 0xfb, 0xfc, 0xfc, 0xfb, 0xfb, 0xfc, 0xfb, 0xfa,
  0xfa, 0xfb, 0xfb, 0xfa, 0xfb, 0xfb, 0xfb, 0xfb, 0xfb, 0xfb, 0xfb, 0xfb,
  0xfc, 0xfc, 0xfc, 0xfc, 0xfb, 0xfb, 0xfb, 0xfc, 0xfb, 0xfa, 0xfb, 0xfc,
  0xfc, 0xfd, 0xfc, 0xf8, 0xff, 0xa1, 0x1e, 0x00, 0x04, 0x05, 0x02, 0x00,
  0x00, 0x00, 0x00, 0x00, 0x00, 0x00, 0x00, 0x00, 0x00, 0x00, 0x00, 0x00,
  0x00, 0x00, 0x00, 0x00, 0x00, 0x00, 0x00, 0x00, 0x00, 0x00, 0x00, 0x00,
  0x00, 0x00, 0x00, 0x00, 0x00, 0x00, 0x00, 0x00, 0x00, 0x00, 0x00, 0x00,
  0x00, 0x00, 0x00, 0x00, 0x00, 0x00, 0x00, 0x00, 0x00, 0x00, 0x02, 0x03,
  0x09, 0x00, 0x26, 0xae, 0xfe, 0xfa, 0xf7, 0xf8, 0xfa, 0xfd, 0xfe, 0xfe,
  0xfd, 0xfc, 0xfc, 0xfd, 0xfc, 0xfc, 0xfb, 0xfa, 0xfb, 0xfa, 0xfa, 0xfb,
  0xfc, 0xfb, 0xfc, 0xfc, 0xfc, 0xfc, 0xfc, 0xfc, 0xfb, 0xfc, 0xfb, 0xfa,
  0xfb, 0xfa, 0xf9, 0xfa, 0xfb, 0xfb, 0xfa, 0xfa, 0xf9, 0xf8, 0xf8, 0xf7,
  0xf4, 0xf4, 0xfe, 0xe2, 0x64, 0x02, 0x02, 0x04, 0x01, 0x00, 0x00, 0x00,
  0x00, 0x00, 0x00, 0x00, 0x00, 0x00, 0x00, 0x00, 0x00, 0x00, 0x00, 0x00,
  0x00, 0x00, 0x00, 0x00, 0x00, 0x00, 0x00, 0x00, 0x00, 0x00, 0x00, 0x00,
  0x00, 0x00, 0x00, 0x00, 0x00, 0x00, 0x00, 0x00, 0x00, 0x01, 0x03, 0x03,
  0x03, 0x00, 0x29, 0xbe, 0xff, 0xf4, 0xf9, 0xf8, 0xf9, 0xfa, 0xfa, 0xfa,
  0xfa, 0xfa, 0xfa, 0xfb, 0xfa, 0xfb, 0xfc, 0xfb, 0xfb, 0xfc, 0xfc, 0xfb,
  0xfb, 0xfa, 0xfa, 0xfa, 0xfb, 0xfb, 0xfc, 0xfd, 0xfc, 0xfc, 0xfc, 0xfd,
  0xfd, 0xfc, 0xfb, 0xfb, 0xfc, 0xfb, 0xfa, 0xfb, 0xfb, 0xfc, 0xfd, 0xfd,
  0xfb, 0xff, 0xf0, 0x58, 0x07, 0x06, 0x0b, 0x08, 0x05, 0x05, 0x05, 0x05,
  0x05, 0x04, 0x04, 0x04, 0x04, 0x03, 0x03, 0x03, 0x03, 0x03, 0x03, 0x03,
  0x03, 0x03, 0x03, 0x03, 0x03, 0x03, 0x03, 0x03, 0x03, 0x03, 0x03, 0x03,
  0x03, 0x03, 0x03, 0x03, 0x03, 0x04, 0x03, 0x03, 0x03, 0x03, 0x03, 0x03,
  0x03, 0x03, 0x03, 0x03, 0x03, 0x03, 0x03, 0x03, 0x04, 0x04, 0x04, 0x04,
  0x04, 0x04, 0x04, 0x04, 0x04, 0x04, 0x04, 0x04, 0x04, 0x03, 0x03, 0x03,
  0x03, 0x03, 0x03, 0x03, 0x03, 0x02, 0x02, 0x03, 0x03, 0x03, 0x03, 0x03,
  0x03, 0x03, 0x03, 0x03, 0x03, 0x03, 0x03, 0x03, 0x04, 0x04, 0x04, 0x06,
  0x0b, 0x07, 0x02, 0x59, 0xeb, 0xff, 0xfc, 0xfb, 0xfb, 0xfc, 0xfc, 0xfc,
  0xfd, 0xfc, 0xfb, 0xfc, 0xfc, 0xfc, 0xfb, 0xfc, 0xfb, 0xfc, 0xfc, 0xfc,
  0xfb, 0xfa, 0xfb, 0xfa, 0xfa, 0xfa, 0xfa, 0xfa, 0xfa, 0xfa, 0xfa, 0xfb,
  0xfa, 0xfb, 0xfb, 0xfa, 0xfa, 0xfb, 0xfb, 0xfb, 0xfa, 0xfa, 0xfa, 0xfa,
  0xfb, 0xf4, 0xf7, 0xff, 0xab, 0x1c, 0x00, 0x0b, 0x05, 0x03, 0x02, 0x01,
  0x01, 0x01, 0x00, 0x00, 0x00, 0x00, 0x00, 0x00, 0x00, 0x00, 0x00, 0x00,
  0x00, 0x00, 0x00, 0x00, 0x00, 0x00, 0x00, 0x00, 0x00, 0x00, 0x00, 0x00,
  0x00, 0x02, 0x04, 0x03, 0x08, 0x00, 0x4f, 0xd7, 0xfe, 0xf8, 0xf8, 0xfa,
  0xfa, 0xfb, 0xfb, 0xfb, 0xfb, 0xfb, 0xfa, 0xfa, 0xfb, 0xfa, 0xf9, 0xfa,
  0xfb, 0xfa, 0xfa, 0xfa, 0xfa, 0xfa, 0xfa, 0xfa, 0xfb, 0xfb, 0xfc, 0xfd,
  0xfd, 0xfd, 0xfc, 0xfc, 0xfd, 0xfd, 0xfd, 0xfc, 0xfc, 0xfc, 0xfc, 0xfd,
  0xfe, 0xfd, 0xfd, 0xfb, 0xf4, 0xf8, 0xfa, 0x8f, 0x12, 0x02, 0x0a, 0x08,
  0x04, 0x03, 0x02, 0x02, 0x02, 0x02, 0x02, 0x02, 0x02, 0x02, 0x02, 0x02,
  0x02, 0x02, 0x02, 0x02, 0x02, 0x02, 0x02, 0x02, 0x02, 0x02, 0x02, 0x02,
  0x02, 0x02, 0x02, 0x02, 0x02, 0x02, 0x02, 0x02, 0x02, 0x02, 0x02, 0x02,
  0x02, 0x02, 0x02, 0x02, 0x02, 0x02, 0x02, 0x02, 0x02, 0x02, 0x02, 0x02,
  0x02, 0x02, 0x02, 0x02, 0x02, 0x02, 0x02, 0x02, 0x02, 0x02, 0x02, 0x02,
  0x02, 0x02, 0x02, 0x02, 0x02, 0x02, 0x02, 0x02, 0x02, 0x02, 0x02, 0x02,
  0x02, 0x02, 0x02, 0x02, 0x02, 0x02, 0x02, 0x02, 0x02, 0x02, 0x02, 0x02,
  0x02, 0x02, 0x03, 0x04, 0x03, 0x04, 0x05, 0x04, 0x04, 0x57, 0xec, 0xfe,
  0xf1, 0xf8, 0xfb, 0xfc, 0xfc, 0xfc, 0xfc, 0xfc, 0xfd, 0xfd, 0xfd, 0xfd,
  0xfc, 0xfd, 0xfd, 0xfc, 0xfc, 0xfd, 0xfc, 0xfb, 0xfc, 0xfb, 0xfc, 0xfb,
  0xfb, 0xfc, 0xfb, 0xfa, 0xfa, 0xfa, 0xfa, 0xfa, 0xfb, 0xfb, 0xfb, 0xfa,
  0xfb, 0xfb, 0xfb, 0xfb, 0xf9, 0xf7, 0xf6, 0xef, 0xfd, 0xe0, 0x55, 0x00,
  0x02, 0x01, 0x01, 0x01, 0x00, 0x00, 0x00, 0x00, 0x00, 0x00, 0x00, 0x00,
  0x00, 0x00, 0x00, 0x00, 0x00, 0x00, 0x00, 0x00, 0x00, 0x00, 0x00, 0x00,
  0x00, 0x00, 0x00, 0x01, 0x00, 0x01, 0x01, 0x07, 0x00, 0x80, 0xf7, 0xfe,
  0xf5, 0xf8, 0xfa, 0xfa, 0xfb, 0xfb, 0xfa, 0xfa, 0xfb, 0xfb, 0xfa, 0xfb,
  0xfb, 0xfc, 0xfc, 0xfb, 0xfc, 0xfc, 0xfb, 0xfa, 0xfc, 0xfc, 0xfc, 0xfb,
  0xfc, 0xfc, 0xfb, 0xfb, 0xfb, 0xfb, 0xfb, 0xfc, 0xfc, 0xfc, 0xfc, 0xfb,
  0xfc, 0xfb, 0xfa, 0xfa, 0xfa, 0xfa, 0xfa, 0xfb, 0xfc, 0xfb, 0xfc, 0xfc,
  0xfb, 0xfa, 0xfb, 0xfb, 0xfa, 0xfb, 0xfc, 0xfb, 0xfb, 0xfc, 0xfb, 0xfc,
  0xfc, 0xfc, 0xfc, 0xfb, 0xfb, 0xfb, 0xfc, 0xfc, 0xfb, 0xfc, 0xfd, 0xfc,
  0xfb, 0xfc, 0xfb, 0xfb, 0xfb, 0xfc, 0xfb, 0xfc, 0xfc, 0xfb, 0xfa, 0xfa,
  0xfb, 0xfc, 0xfb, 0xfb, 0xfb, 0xfc, 0xfc, 0xfc, 0xfb, 0xfc, 0xfc, 0xfb,
  0xfb, 0xfc, 0xfc, 0xfc, 0xfc, 0xfc, 0xfc, 0xfc, 0xfb, 0xfc, 0xfc, 0xfb,
  0xfc, 0xfb, 0xfb, 0xfc, 0xfb, 0xfb, 0xfc, 0xfc, 0xfc, 0xfb, 0xfb, 0xfc,
  0xfc, 0xfb, 0xfb, 0xfb, 0xfc, 0xfb, 0xfa, 0xfa, 0xfb, 0xfb, 0xfc, 0xfc,
  0xfb, 0xfc, 0xfc, 0xfc, 0xfb, 0xfb, 0xfa, 0xfa, 0xf9, 0xf8, 0xf7, 0xf7,
  0xf7, 0xf6, 0xf5, 0xfe, 0xaa, 0x22, 0x01, 0x0c, 0x05, 0x04, 0x01, 0x00,
  0x00, 0x00, 0x00, 0x00, 0x00, 0x00, 0x00, 0x00, 0x00, 0x00, 0x00, 0x00,
  0x00, 0x00, 0x00, 0x00, 0x00, 0x00, 0x00, 0x00, 0x00, 0x00, 0x00, 0x03,
  0x07, 0x09, 0x00, 0x14, 0xd0, 0xfe, 0xf8, 0xf9, 0xfc, 0xfc, 0xfc, 0xfb,
  0xfb, 0xfc, 0xfb, 0xfc, 0xfb, 0xfa, 0xfa, 0xfa, 0xfa, 0xfb, 0xfa, 0xfb,
  0xfb, 0xfa, 0xfa, 0xfa, 0xfa, 0xfb, 0xfb, 0xfc, 0xfb, 0xfb, 0xfc, 0xfb,
  0xfa, 0xfa, 0xfa, 0xfb, 0xfc, 0xfb, 0xfc, 0xfd, 0xfc, 0xf8, 0xff, 0xa1,
  0x1e, 0x00, 0x04, 0x05, 0x02, 0x00, 0x00, 0x00, 0x00, 0x00, 0x00, 0x00,
  0x00, 0x00, 0x00, 0x00, 0x00, 0x00, 0x00, 0x00, 0x00, 0x00, 0x00, 0x00,
  0x00, 0x00, 0x00, 0x00, 0x00, 0x00, 0x00, 0x00, 0x00, 0x00, 0x00, 0x00,
  0x00, 0x00, 0x00, 0x00, 0x00, 0x00, 0x00, 0x01, 0x00, 0x00, 0x00, 0x00,
  0x00, 0x00, 0x00, 0x00, 0x01, 0x03, 0x04, 0x08, 0x00, 0x3c, 0xcc, 0xff,
  0xf6, 0xf7, 0xfb, 0xfd, 0xfd, 0xfd, 0xfe, 0xfd, 0xfc, 0xfd, 0xfc, 0xfc,
  0xfb, 0xfb, 0xfb, 0xfa, 0xfa, 0xfb, 0xfc, 0xfc, 0xfc, 0xfd, 0xfc, 0xfc,
  0xfd, 0xfc, 0xfb, 0xfc, 0xfb, 0xfa, 0xfb, 0xfa, 0xfa, 0xfb, 0xfb, 0xfb,
  0xfa, 0xfa, 0xf9, 0xf8, 0xf9, 0xf8, 0xf6, 0xf4, 0xf6, 0xfe, 0xd3, 0x40,
  0x00, 0x01, 0x03, 0x01, 0x01, 0x00, 0x00, 0x00, 0x00, 0x00, 0x00, 0x00,
  0x00, 0x00, 0x00, 0x00, 0x00, 0x00, 0x01, 0x00, 0x00, 0x00, 0x00, 0x00,
  0x00, 0x00, 0x00, 0x00, 0x00, 0x00, 0x00, 0x00, 0x00, 0x00, 0x00, 0x00,
  0x00, 0x00, 0x00, 0x02, 0x03, 0x04, 0x03, 0x02, 0x86, 0xf6, 0xfb, 0xf5,
  0xfa, 0xf9, 0xfa, 0xfb, 0xfb, 0xfb, 0xfa, 0xf9, 0xf9, 0xfa, 0xfa, 0xfb,
  0xfb, 0xfa, 0xfb, 0xfc, 0xfb, 0xfc, 0xfb, 0xfb, 0xfb, 0xfb, 0xfb, 0xfb,
  0xfc, 0xfd, 0xfc, 0xfc, 0xfd, 0xfc, 0xfc, 0xfc, 0xfb, 0xfb, 0xfc, 0xfb,
  0xfa, 0xfb, 0xfa, 0xfa, 0xfb, 0xfb, 0xfe, 0xfc, 0xa8, 0x12, 0x02, 0x08,
  0x09, 0x06, 0x04, 0x03, 0x03, 0x03, 0x03, 0x02, 0x02, 0x02, 0x02, 0x02,
  0x02, 0x02, 0x02, 0x02, 0x02, 0x02, 0x02, 0x02, 0x02, 0x02, 0x02, 0x02,
  0x02, 0x02, 0x02, 0x02, 0x02, 0x02, 0x02, 0x02, 0x02, 0x02, 0x02, 0x02,
  0x02, 0x02, 0x02, 0x02, 0x02, 0x02, 0x02, 0x02, 0x02, 0x02, 0x02, 0x02,
  0x02, 0x02, 0x02, 0x02, 0x02, 0x02, 0x02, 0x02, 0x02, 0x02, 0x02, 0x02,
  0x02, 0x02, 0x02, 0x02, 0x02, 0x02, 0x02, 0x02, 0x02, 0x02, 0x02, 0x02,
  0x02, 0x02, 0x02, 0x02, 0x02, 0x02, 0x03, 0x03, 0x03, 0x03, 0x03, 0x03,
  0x04, 0x03, 0x02, 0x03, 0x04, 0x05, 0x09, 0x09, 0x01, 0x13, 0x97, 0xfb,
  0xfd, 0xf9, 0xfa, 0xfa, 0xfc, 0xfd, 0xfc, 0xfb, 0xfc, 0xfc, 0xfb, 0xfc,
  0xfc, 0xfc, 0xfc, 0xfb, 0xfb, 0xfc, 0xfb, 0xfa, 0xfa, 0xf9, 0xf9, 0xf9,
  0xf9, 0xf9, 0xf9, 0xf9, 0xfa, 0xfb, 0xfa, 0xfa, 0xfa, 0xfb, 0xfa, 0xfb,
  0xfc, 0xfb, 0xfb, 0xfb, 0xfa, 0xfc, 0xfb, 0xf7, 0xf3, 0xfd, 0xf4, 0x7a,
  0x02, 0x0f, 0x07, 0x03, 0x03, 0x02, 0x01, 0x02, 0x01, 0x01, 0x00, 0x00,
  0x00, 0x00, 0x00, 0x01, 0x00, 0x00, 0x00, 0x00, 0x00, 0x00, 0x00, 0x00,
  0x00, 0x00, 0x00, 0x00, 0x00, 0x00, 0x00, 0x02, 0x04, 0x08, 0x02, 0x18,
  0xa7, 0xff, 0xfb, 0xf7, 0xfc, 0xfd, 0xfb, 0xfc, 0xfb, 0xfb, 0xfa, 0xfa,
  0xfb, 0xfa, 0xfa, 0xfb, 0xfb, 0xfb, 0xfa, 0xfb, 0xfb, 0xfb, 0xfb, 0xfb,
  0xfb, 0xfa, 0xfb, 0xfb, 0xfc, 0xfd, 0xfc, 0xfc, 0xfc, 0xfd, 0xfc, 0xfd,
  0xfc, 0xfc, 0xfb, 0xfb, 0xfd, 0xfe, 0xfe, 0xfc, 0xfb, 0xf9, 0xf9, 0xff,
  0xda, 0x42, 0x00, 0x08, 0x07, 0x05, 0x03, 0x01, 0x00, 0x00, 0x00, 0x00,
  0x00, 0x00, 0x00, 0x00, 0x01, 0x01, 0x01, 0x01, 0x01, 0x01, 0x01, 0x01,
  0x02, 0x01, 0x00, 0x00, 0x00, 0x00, 0x00, 0x00, 0x00, 0x00, 0x00, 0x00,
  0x00, 0x00, 0x00, 0x01, 0x02, 0x01, 0x01, 0x01, 0x01, 0x00, 0x00, 0x00,
  0x00, 0x00, 0x01, 0x02, 0x01, 0x01, 0x00, 0x00, 0x00, 0x00, 0x00, 0x00,
  0x00, 0x00, 0x00, 0x00, 0x01, 0x02, 0x01, 0x00, 0x00, 0x00, 0x00, 0x00,
  0x00, 0x00, 0x00, 0x00, 0x00, 0x00, 0x00, 0x00, 0x00, 0x00, 0x00, 0x00,
  0x00, 0x00, 0x00, 0x00, 0x00, 0x01, 0x01, 0x02, 0x03, 0x02, 0x03, 0x04,
  0x04, 0x04, 0x02, 0x0f, 0xb0, 0xfd, 0xf9, 0xf8, 0xfc, 0xfb, 0xfc, 0xfd,
  0xfc, 0xfd, 0xfc, 0xfc, 0xfd, 0xfc, 0xfd, 0xfe, 0xfd, 0xfc, 0xfd, 0xfc,
  0xfd, 0xfc, 0xfb, 0xfc, 0xfb, 0xfc, 0xfc, 0xfb, 0xfa, 0xfb, 0xfa, 0xfa,
  0xfb, 0xfb, 0xfb, 0xfb, 0xfb, 0xfb, 0xfb, 0xfa, 0xfb, 0xfa, 0xf9, 0xf8,
  0xf7, 0xf5, 0xf4, 0xff, 0xb7, 0x11, 0x02, 0x02, 0x04, 0x04, 0x01, 0x00,
  0x00, 0x00, 0x00, 0x00, 0x00, 0x00, 0x00, 0x00, 0x00, 0x00, 0x00, 0x00,
  0x00, 0x00, 0x00, 0x00, 0x00, 0x00, 0x00, 0x00, 0x00, 0x00, 0x01, 0x01,
  0x01, 0x08, 0x00, 0x7f, 0xf7, 0xfe, 0xf5, 0xf9, 0xfa, 0xfa, 0xfb, 0xfa,
  0xfb, 0xfb, 0xfa, 0xfb, 0xfa, 0xfb, 0xfb, 0xfc, 0xfc, 0xfb, 0xfc, 0xfb,
  0xfa, 0xfb, 0xfc, 0xfd, 0xfc, 0xfb, 0xfc, 0xfc, 0xfb, 0xfc, 0xfc, 0xfb,
  0xfc, 0xfd, 0xfd, 0xfd, 0xfd, 0xfc, 0xfc, 0xfb, 0xfa, 0xfb, 0xfb, 0xfb,
  0xfb, 0xfa, 0xfa, 0xfb, 0xfc, 0xfb, 0xfc, 0xfb, 0xfa, 0xfb, 0xfa, 0xfb,
  0xfc, 0xfb, 0xfb, 0xfc, 0xfb, 0xfb, 0xfc, 0xfb, 0xfb, 0xfc, 0xfb, 0xfa,
  0xfb, 0xfc, 0xfb, 0xfb, 0xfb, 0xfb, 0xfc, 0xfb, 0xfa, 0xfb, 0xfb, 0xfc,
  0xfb, 0xfc, 0xfb, 0xfa, 0xfb, 0xfb, 0xfa, 0xfa, 0xfa, 0xfa, 0xfb, 0xfb,
  0xfc, 0xfc, 0xfb, 0xfc, 0xfc, 0xfb, 0xfc, 0xfb, 0xfc, 0xfc, 0xfc, 0xfb,
  0xfc, 0xfc, 0xfc, 0xfb, 0xfb, 0xfb, 0xfc, 0xfb, 0xfb, 0xfc, 0xfb, 0xfc,
  0xfc, 0xfc, 0xfc, 0xfc, 0xfb, 0xfb, 0xfb, 0xfc, 0xfb, 0xfc, 0xfb, 0xfa,
  0xfb, 0xfb, 0xfb, 0xfa, 0xfb, 0xfc, 0xfb, 0xfc, 0xfd, 0xfc, 0xfc, 0xfb,
  0xfa, 0xfa, 0xf9, 0xf9, 0xf8, 0xf7, 0xf7, 0xf5, 0xf8, 0xe7, 0x4b, 0x00,
  0x05, 0x05, 0x04, 0x02, 0x00, 0x00, 0x00, 0x00, 0x00, 0x00, 0x00, 0x00,
  0x00, 0x00, 0x00, 0x00, 0x00, 0x00, 0x00, 0x00, 0x00, 0x00, 0x00, 0x00,
  0x00, 0x00, 0x00, 0x00, 0x00, 0x03, 0x07, 0x09, 0x00, 0x15, 0xd1, 0xfe,
  0xf8, 0xf8, 0xfb, 0xfc, 0xfc, 0xfb, 0xfb, 0xfc, 0xfb, 0xfc, 0xfb, 0xfa,
  0xfa, 0xfb, 0xfa, 0xfb, 0xfa, 0xfb, 0xfb, 0xfa, 0xfb, 0xfa, 0xfb, 0xfa,
  0xfb, 0xfb, 0xfb, 0xfc, 0xfc, 0xfb, 0xfc, 0xfb, 0xfb, 0xfc, 0xfb, 0xfb,
  0xfc, 0xfd, 0xfc, 0xf8, 0xff, 0xa1, 0x1f, 0x00, 0x04, 0x05, 0x03, 0x01,
  0x00, 0x00, 0x00, 0x00, 0x00, 0x00, 0x00, 0x00, 0x00, 0x00, 0x00, 0x00,
  0x00, 0x00, 0x00, 0x00, 0x00, 0x00, 0x00, 0x00, 0x00, 0x00, 0x00, 0x00,
  0x00, 0x00, 0x00, 0x00, 0x00, 0x00, 0x00, 0x00, 0x00, 0x00, 0x00, 0x00,
  0x00, 0x01, 0x00, 0x00, 0x00, 0x00, 0x00, 0x00, 0x00, 0x00, 0x00, 0x00,
  0x02, 0x07, 0x04, 0x00, 0x5d, 0xe0, 0xff, 0xf6, 0xfb, 0xfd, 0xfc, 0xfc,
  0xfd, 0xfd, 0xfc, 0xfd, 0xfc, 0xfb, 0xfa, 0xfb, 0xfb, 0xfa, 0xfa, 0xfb,
  0xfc, 0xfc, 0xfb, 0xfc, 0xfc, 0xfb, 0xfc, 0xfc, 0xfb, 0xfc, 0xfb, 0xfa,
  0xfb, 0xfb, 0xfb, 0xfb, 0xfa, 0xfb, 0xfa, 0xfa, 0xf9, 0xf8, 0xf9, 0xf8,
  0xf7, 0xf6, 0xf4, 0xf8, 0xfe, 0xbc, 0x20, 0x00, 0x04, 0x04, 0x03, 0x01,
  0x00, 0x00, 0x00, 0x00, 0x00, 0x00, 0x00, 0x00, 0x00, 0x00, 0x00, 0x00,
  0x01, 0x01, 0x00, 0x00, 0x00, 0x00, 0x00, 0x00, 0x00, 0x00, 0x00, 0x00,
  0x00, 0x00, 0x00, 0x00, 0x00, 0x00, 0x00, 0x00, 0x00, 0x03, 0x05, 0x05,
  0x00, 0x3e, 0xd3, 0xfe, 0xf1, 0xf8, 0xfa, 0xfb, 0xfb, 0xfb, 0xfa, 0xfb,
  0xfa, 0xf9, 0xf9, 0xfa, 0xfa, 0xfb, 0xfb, 0xfa, 0xfb, 0xfc, 0xfb, 0xfc,
  0xfc, 0xfc, 0xfc, 0xfc, 0xfc, 0xfb, 0xfc, 0xfd, 0xfc, 0xfc, 0xfd, 0xfc,
  0xfb, 0xfb, 0xfc, 0xfb, 0xfc, 0xfb, 0xfa, 0xfb, 0xf9, 0xf8, 0xf8, 0xf7,
  0xff, 0xe2, 0x3c, 0x03, 0x04, 0x06, 0x05, 0x04, 0x04, 0x03, 0x03, 0x03,
  0x02, 0x02, 0x01, 0x01, 0x01, 0x01, 0x00, 0x00, 0x01, 0x01, 0x02, 0x01,
  0x00, 0x00, 0x00, 0x00, 0x01, 0x02, 0x01, 0x01, 0x01, 0x02, 0x01, 0x00,
  0x00, 0x00, 0x00, 0x00, 0x00, 0x00, 0x00, 0x00, 0x00, 0x00, 0x00, 0x00,
  0x00, 0x00, 0x00, 0x00, 0x00, 0x00, 0x00, 0x00, 0x00, 0x00, 0x00, 0x00,
  0x00, 0x00, 0x00, 0x00, 0x00, 0x00, 0x00, 0x00, 0x00, 0x00, 0x00, 0x00,
  0x00, 0x00, 0x00, 0x00, 0x00, 0x00, 0x00, 0x00, 0x00, 0x00, 0x01, 0x02,
  0x01, 0x01, 0x01, 0x01, 0x01, 0x01, 0x01, 0x01, 0x02, 0x01, 0x02, 0x04,
  0x06, 0x07, 0x07, 0x00, 0x45, 0xdb, 0xff, 0xf7, 0xf6, 0xfa, 0xfc, 0xfe,
  0xfd, 0xfb, 0xfc, 0xfb, 0xfc, 0xfb, 0xfb, 0xfc, 0xfc, 0xfb, 0xfb, 0xfc,
  0xfb, 0xfa, 0xfa, 0xf9, 0xfa, 0xfa, 0xfa, 0xfa, 0xf9, 0xfa, 0xfb, 0xfa,
  0xfa, 0xfa, 0xfb, 0xfb, 0xfa, 0xfb, 0xfc, 0xfb, 0xfc, 0xfc, 0xfb, 0xfc,
  0xfc, 0xfa, 0xf6, 0xf8, 0xfe, 0xcc, 0x3f, 0x00, 0x0c, 0x04, 0x04, 0x03,
  0x02, 0x01, 0x02, 0x01, 0x00, 0x00, 0x00, 0x00, 0x00, 0x00, 0x00, 0x00,
  0x00, 0x00, 0x00, 0x00, 0x00, 0x00, 0x00, 0x00, 0x00, 0x00, 0x00, 0x00,
  0x00, 0x02, 0x06, 0x0d, 0x00, 0x72, 0xed, 0xfe, 0xf2, 0xf8, 0xfd, 0xfe,
  0xfd, 0xfb, 0xfc, 0xfb, 0xfb, 0xfa, 0xfa, 0xfb, 0xfa, 0xfb, 0xfc, 0xfb,
  0xfa, 0xfb, 0xfb, 0xfa, 0xfb, 0xfb, 0xfb, 0xfa, 0xfb, 0xfb, 0xfc, 0xfc,
  0xfb, 0xfb, 0xfc, 0xfc, 0xfc, 0xfd, 0xfc, 0xfc, 0xfb, 0xfa, 0xfc, 0xfd,
  0xfc, 0xfa, 0xf8, 0xf7, 0xfe, 0xf6, 0x89, 0x0d, 0x01, 0x05, 0x03, 0x02,
  0x01, 0x00, 0x00, 0x00, 0x00, 0x00, 0x00, 0x00, 0x00, 0x00, 0x00, 0x00,
  0x01, 0x01, 0x01, 0x01, 0x01, 0x00, 0x00, 0x00, 0x00, 0x00, 0x00, 0x00,
  0x00, 0x00, 0x00, 0x00, 0x00, 0x00, 0x00, 0x00, 0x00, 0x00, 0x00, 0x00,
  0x00, 0x00, 0x00, 0x00, 0x00, 0x00, 0x00, 0x00, 0x00, 0x00, 0x00, 0x00,
  0x00, 0x00, 0x00, 0x00, 0x00, 0x00, 0x00, 0x00, 0x00, 0x00, 0x00, 0x00,
  0x00, 0x00, 0x00, 0x00, 0x00, 0x00, 0x00, 0x00, 0x00, 0x00, 0x00, 0x00,
  0x00, 0x00, 0x00, 0x00, 0x00, 0x00, 0x00, 0x00, 0x00, 0x00, 0x00, 0x00,
  0x01, 0x01, 0x02, 0x01, 0x02, 0x03, 0x04, 0x04, 0x03, 0x00, 0x4c, 0xe3,
  0xfe, 0xf8, 0xfb, 0xfa, 0xfb, 0xfd, 0xfc, 0xfc, 0xfc, 0xfc, 0xfc, 0xfd,
  0xfe, 0xfd, 0xfc, 0xfd, 0xfc, 0xfb, 0xfc, 0xfc, 0xfc, 0xfb, 0xfb, 0xfc,
  0xfb, 0xfa, 0xfb, 0xfa, 0xf9, 0xfa, 0xfb, 0xfa, 0xfb, 0xfb, 0xfb, 0xfb,
  0xfb, 0xfa, 0xfb, 0xfa, 0xf9, 0xf9, 0xf8, 0xf7, 0xf3, 0xfd, 0xec, 0x72,
  0x00, 0x02, 0x06, 0x05, 0x01, 0x00, 0x00, 0x00, 0x00, 0x00, 0x00, 0x01,
  0x00, 0x00, 0x00, 0x00, 0x00, 0x00, 0x00, 0x00, 0x00, 0x00, 0x00, 0x00,
  0x00, 0x00, 0x00, 0x00, 0x01, 0x01, 0x00, 0x07, 0x00, 0x7f, 0xf7, 0xfe,
  0xf5, 0xf9, 0xfa, 0xfa, 0xfa, 0xfa, 0xfb, 0xfb, 0xfa, 0xfb, 0xfb, 0xfb,
  0xfb, 0xfc, 0xfc, 0xfb, 0xfb, 0xfa, 0xfb, 0xfc, 0xfb, 0xfc, 0xfc, 0xfb,
  0xfc, 0xfc, 0xfc, 0xfc, 0xfb, 0xfc, 0xfd, 0xfd, 0xfd, 0xfd, 0xfc, 0xfc,
  0xfc, 0xfb, 0xfa, 0xfb, 0xfa, 0xfa, 0xfa, 0xfa, 0xfa, 0xfa, 0xfb, 0xfb,
  0xfb, 0xfb, 0xfa, 0xfb, 0xfa, 0xfb, 0xfc, 0xfb, 0xfa, 0xfb, 0xfa, 0xfb,
  0xfc, 0xfb, 0xfb, 0xfb, 0xfc, 0xfb, 0xfa, 0xfb, 0xfc, 0xfb, 0xfc, 0xfc,
  0xfc, 0xfc, 0xfb, 0xfb, 0xfc, 0xfc, 0xfc, 0xfb, 0xfa, 0xfb, 0xfb, 0xfa,
  0xfb, 0xfa, 0xfb, 0xfa, 0xfb, 0xfb, 0xfc, 0xfb, 0xfc, 0xfb, 0xfc, 0xfd,
  0xfc, 0xfb, 0xfc, 0xfc, 0xfc, 0xfb, 0xfc, 0xfb, 0xfc, 0xfb, 0xfa, 0xfb,
  0xfc, 0xfc, 0xfb, 0xfa, 0xfb, 0xfc, 0xfb, 0xfc, 0xfb, 0xfc, 0xfb, 0xfa,
  0xfb, 0xfc, 0xfb, 0xfc, 0xfb, 0xfb, 0xfb, 0xfc, 0xfb, 0xfa, 0xfa, 0xfb,
  0xfc, 0xfd, 0xfc, 0xfd, 0xfc, 0xfb, 0xfb, 0xfa, 0xf9, 0xf9, 0xf8, 0xf7,
  0xf6, 0xf7, 0xfa, 0x96, 0x16, 0x00, 0x03, 0x00, 0x02, 0x01, 0x00, 0x00,
  0x00, 0x00, 0x00, 0x00, 0x00, 0x00, 0x00, 0x00, 0x00, 0x00, 0x00, 0x00,
  0x00, 0x00, 0x00, 0x00, 0x00, 0x00, 0x00, 0x00, 0x00, 0x00, 0x00, 0x03,
  0x07, 0x09, 0x00, 0x14, 0xd1, 0xfe, 0xf8, 0xf9, 0xfc, 0xfc, 0xfc, 0xfb,
  0xfa, 0xfb, 0xfc, 0xfc, 0xfb, 0xfa, 0xfa, 0xfb, 0xfb, 0xfa, 0xfb, 0xfc,
  0xfb, 0xfc, 0xfb, 0xfa, 0xfb, 0xfb, 0xfb, 0xfa, 0xfa, 0xfb, 0xfc, 0xfb,
  0xfc, 0xfb, 0xfb, 0xfc, 0xfb, 0xfb, 0xfc, 0xfd, 0xfc, 0xf8, 0xff, 0xa2,
  0x1e, 0x00, 0x04, 0x05, 0x03, 0x01, 0x00, 0x00, 0x00, 0x00, 0x00, 0x00,
  0x00, 0x00, 0x01, 0x01, 0x00, 0x00, 0x00, 0x00, 0x00, 0x00, 0x00, 0x00,
  0x00, 0x00, 0x00, 0x00, 0x00, 0x00, 0x00, 0x00, 0x00, 0x00, 0x00, 0x01,
  0x00, 0x00, 0x00, 0x00, 0x00, 0x00, 0x00, 0x00, 0x00, 0x00, 0x00, 0x00,
  0x00, 0x00, 0x00, 0x00, 0x00, 0x00, 0x02, 0x04, 0x0b, 0x01, 0x0e, 0x85,
  0xf4, 0xfb, 0xf8, 0xfc, 0xfb, 0xfc, 0xfc, 0xfd, 0xfc, 0xfd, 0xfb, 0xfa,
  0xfb, 0xfa, 0xfb, 0xfb, 0xfa, 0xfb, 0xfc, 0xfc, 0xfc, 0xfd, 0xfc, 0xfc,
  0xfd, 0xfc, 0xfb, 0xfc, 0xfb, 0xfb, 0xfb, 0xfa, 0xfb, 0xfb, 0xfa, 0xfa,
  0xfa, 0xfa, 0xf9, 0xf8, 0xf9, 0xf8, 0xf7, 0xf8, 0xf7, 0xf4, 0xfa, 0xfa,
  0x9d, 0x0e, 0x00, 0x0c, 0x06, 0x02, 0x00, 0x00, 0x00, 0x00, 0x01, 0x00,
  0x00, 0x00, 0x00, 0x00, 0x00, 0x00, 0x01, 0x00, 0x00, 0x00, 0x00, 0x00,
  0x00, 0x00, 0x00, 0x00, 0x00, 0x00, 0x00, 0x00, 0x00, 0x00, 0x00, 0x00,
  0x00, 0x00, 0x00, 0x03, 0x05, 0x05, 0x06, 0x9e, 0xfb, 0xf6, 0xf2, 0xf8,
  0xfb, 0xfc, 0xfb, 0xfb, 0xfa, 0xfb, 0xfa, 0xf9, 0xfa, 0xfb, 0xfa, 0xfb,
  0xfc, 0xfb, 0xfa, 0xfb, 0xfb, 0xfc, 0xfb, 0xfc, 0xfc, 0xfc, 0xfc, 0xfb,
  0xfc, 0xfd, 0xfd, 0xfc, 0xfd, 0xfc, 0xfb, 0xfc, 0xfc, 0xfc, 0xfc, 0xfb,
  0xfa, 0xfa, 0xf9, 0xf6, 0xf1, 0xfb, 0xf5, 0x8e, 0x09, 0x01, 0x04, 0x04,
  0x03, 0x03, 0x04, 0x03, 0x03, 0x02, 0x01, 0x01, 0x00, 0x01, 0x00, 0x00,
  0x00, 0x00, 0x00, 0x00, 0x00, 0x00, 0x00, 0x00, 0x00, 0x00, 0x00, 0x00,
  0x01, 0x01, 0x01, 0x00, 0x00, 0x00, 0x00, 0x00, 0x00, 0x00, 0x00, 0x00,
  0x00, 0x00, 0x00, 0x00, 0x00, 0x00, 0x00, 0x00, 0x00, 0x00, 0x00, 0x00,
  0x00, 0x00, 0x00, 0x00, 0x00, 0x00, 0x00, 0x00, 0x00, 0x00, 0x00, 0x00,
  0x00, 0x00, 0x00, 0x00, 0x00, 0x00, 0x00, 0x00, 0x00, 0x00, 0x00, 0x00,
  0x00, 0x00, 0x00, 0x00, 0x00, 0x00, 0x00, 0x00, 0x01, 0x01, 0x01, 0x00,
  0x00, 0x00, 0x01, 0x01, 0x02, 0x02, 0x03, 0x06, 0x09, 0x03, 0x0d, 0x87,
  0xf6, 0xfa, 0xf1, 0xf9, 0xfc, 0xfd, 0xfc, 0xfa, 0xfb, 0xfb, 0xfc, 0xfb,
  0xfa, 0xfb, 0xfc, 0xfb, 0xfa, 0xfb, 0xfa, 0xfb, 0xfa, 0xf9, 0xf9, 0xfa,
  0xfa, 0xf9, 0xfa, 0xfb, 0xfa, 0xfa, 0xfa, 0xfa, 0xfb, 0xfa, 0xfb, 0xfc,
  0xfb, 0xfb, 0xfb, 0xfb, 0xfc, 0xfc, 0xfd, 0xfb, 0xf9, 0xf9, 0xfe, 0xfe,
  0x9b, 0x00, 0x0b, 0x05, 0x04, 0x04, 0x03, 0x02, 0x01, 0x02, 0x01, 0x00,
  0x00, 0x00, 0x00, 0x00, 0x00, 0x00, 0x00, 0x00, 0x00, 0x00, 0x00, 0x00,
  0x00, 0x00, 0x00, 0x00, 0x00, 0x00, 0x01, 0x04, 0x07, 0x02, 0x30, 0xc5,
  0xff, 0xf8, 0xf3, 0xf9, 0xfd, 0xff, 0xfd, 0xfc, 0xfb, 0xfc, 0xfb, 0xfb,
  0xfb, 0xfb, 0xfb, 0xfb, 0xfc, 0xfb, 0xfa, 0xfb, 0xfb, 0xfa, 0xfb, 0xfb,
  0xfb, 0xfb, 0xfb, 0xfb, 0xfc, 0xfc, 0xfb, 0xfb, 0xfc, 0xfc, 0xfb, 0xfc,
  0xfb, 0xfc, 0xfb, 0xfa, 0xfb, 0xfc, 0xfb, 0xfa, 0xf6, 0xf7, 0xfe, 0xd2,
  0x3e, 0x00, 0x07, 0x04, 0x02, 0x01, 0x01, 0x00, 0x00, 0x00, 0x00, 0x00,
  0x00, 0x00, 0x00, 0x00, 0x00, 0x00, 0x00, 0x00, 0x00, 0x00, 0x00, 0x00,
  0x00, 0x00, 0x00, 0x00, 0x00, 0x00, 0x00, 0x00, 0x00, 0x00, 0x00, 0x00,
  0x00, 0x00, 0x00, 0x00, 0x00, 0x00, 0x00, 0x00, 0x00, 0x00, 0x00, 0x00,
  0x00, 0x00, 0x00, 0x00, 0x00, 0x00, 0x00, 0x00, 0x00, 0x00, 0x00, 0x00,
  0x00, 0x00, 0x00, 0x00, 0x00, 0x00, 0x00, 0x00, 0x00, 0x00, 0x00, 0x00,
  0x00, 0x00, 0x00, 0x00, 0x00, 0x00, 0x00, 0x00, 0x00, 0x00, 0x00, 0x00,
  0x00, 0x00, 0x00, 0x00, 0x00, 0x00, 0x00, 0x01, 0x01, 0x02, 0x02, 0x03,
  0x04, 0x03, 0x06, 0x03, 0x0a, 0xa6, 0xfc, 0xfb, 0xf8, 0xfa, 0xfa, 0xfd,
  0xfd, 0xfc, 0xfb, 0xfd, 0xfd, 0xfd, 0xfd, 0xfc, 0xfc, 0xfd, 0xfc, 0xfb,
  0xfc, 0xfb, 0xfc, 0xfb, 0xfa, 0xfb, 0xfa, 0xfa, 0xfa, 0xfb, 0xfa, 0xfa,
  0xfb, 0xfa, 0xfa, 0xfa, 0xfb, 0xfa, 0xfa, 0xfb, 0xfb, 0xfa, 0xf9, 0xf8,
  0xf9, 0xf8, 0xf6, 0xf5, 0xff, 0xce, 0x1f, 0x02, 0x05, 0x04, 0x01, 0x00,
  0x00, 0x00, 0x00, 0x00, 0x00, 0x01, 0x01, 0x00, 0x00, 0x00, 0x00, 0x00,
  0x00, 0x00, 0x00, 0x00, 0x00, 0x00, 0x00, 0x00, 0x00, 0x00, 0x00, 0x00,
  0x00, 0x07, 0x00, 0x7e, 0xf6, 0xfe, 0xf5, 0xf8, 0xfa, 0xfa, 0xfa, 0xfa,
  0xfb, 0xfb, 0xfa, 0xfb, 0xfa, 0xfb, 0xfc, 0xfc, 0xfc, 0xfc, 0xfb, 0xfb,
  0xfb, 0xfc, 0xfb, 0xfb, 0xfb, 0xfb, 0xfb, 0xfc, 0xfb, 0xfb, 0xfc, 0xfc,
  0xfc, 0xfb, 0xfc, 0xfc, 0xfd, 0xfc, 0xfc, 0xfb, 0xfa, 0xfa, 0xfb, 0xfc,
  0xfb, 0xfb, 0xfb, 0xfb, 0xfb, 0xfb, 0xfa, 0xfa, 0xfb, 0xfc, 0xfc, 0xfb,
  0xfa, 0xfb, 0xfb, 0xfa, 0xfb, 0xfb, 0xfc, 0xfc, 0xfc, 0xfc, 0xfc, 0xfb,
  0xfb, 0xfc, 0xfb, 0xfc, 0xfb, 0xfa, 0xfb, 0xfb, 0xfb, 0xfb, 0xfb, 0xfb,
  0xfb, 0xfb, 0xfa, 0xfb, 0xfc, 0xfb, 0xfc, 0xfb, 0xfa, 0xfb, 0xfb, 0xfc,
  0xfc, 0xfb, 0xfb, 0xfb, 0xfc, 0xfc, 0xfc, 0xfb, 0xfc, 0xfb, 0xfc, 0xfc,
  0xfb, 0xfc, 0xfb, 0xfa, 0xfa, 0xfb, 0xfb, 0xfb, 0xfb, 0xfa, 0xfb, 0xfc,
  0xfb, 0xfc, 0xfc, 0xfb, 0xfa, 0xfb, 0xfc, 0xfc, 0xfc, 0xfb, 0xfc, 0xfc,
  0xfc, 0xfc, 0xfc, 0xfb, 0xfb, 0xfb, 0xfc, 0xfd, 0xfd, 0xfc, 0xfd, 0xfc,
  0xfb, 0xfb, 0xfa, 0xf9, 0xf9, 0xf8, 0xf6, 0xf7, 0xe3, 0x3d, 0x00, 0x03,
  0x01, 0x00, 0x00, 0x00, 0x00, 0x00, 0x00, 0x00, 0x00, 0x00, 0x00, 0x00,
  0x00, 0x00, 0x00, 0x00, 0x00, 0x00, 0x00, 0x00, 0x00, 0x00, 0x00, 0x00,
  0x00, 0x00, 0x00, 0x00, 0x00, 0x03, 0x07, 0x09, 0x00, 0x14, 0xd1, 0xfe,
  0xf8, 0xf9, 0xfc, 0xfc, 0xfc, 0xfb, 0xfa, 0xfa, 0xfb, 0xfa, 0xfb, 0xfb,
  0xfb, 0xfa, 0xfb, 0xfc, 0xfb, 0xfa, 0xfb, 0xfc, 0xfb, 0xfb, 0xfb, 0xfa,
  0xfb, 0xfb, 0xfb, 0xfb, 0xfc, 0xfc, 0xfc, 0xfb, 0xfb, 0xfc, 0xfc, 0xfb,
  0xfc, 0xfd, 0xfc, 0xf7, 0xff, 0xa1, 0x1f, 0x00, 0x04, 0x05, 0x02, 0x00,
  0x00, 0x00, 0x00, 0x00, 0x00, 0x00, 0x00, 0x00, 0x00, 0x00, 0x00, 0x00,
  0x00, 0x00, 0x00, 0x00, 0x00, 0x00, 0x00, 0x00, 0x00, 0x00, 0x00, 0x00,
  0x00, 0x00, 0x00, 0x00, 0x00, 0x01, 0x00, 0x00, 0x00, 0x00, 0x00, 0x00,
  0x00, 0x00, 0x00, 0x00, 0x00, 0x00, 0x00, 0x00, 0x00, 0x00, 0x00, 0x00,
  0x00, 0x03, 0x06, 0x0a, 0x00, 0x26, 0xb0, 0xff, 0xf6, 0xf9, 0xfa, 0xfb,
  0xfd, 0xfe, 0xfc, 0xfb, 0xfa, 0xfb, 0xfa, 0xfa, 0xfb, 0xfb, 0xfb, 0xfb,
  0xfc, 0xfc, 0xfc, 0xfc, 0xfd, 0xfc, 0xfd, 0xfc, 0xfb, 0xfc, 0xfb, 0xfc,
  0xfb, 0xfa, 0xfa, 0xfa, 0xf9, 0xfa, 0xf9, 0xf9, 0xf9, 0xf9, 0xf9, 0xf8,
  0xf8, 0xf7, 0xf8, 0xf7, 0xf6, 0xfc, 0xed, 0x74, 0x09, 0x04, 0x0b, 0x02,
  0x02, 0x00, 0x00, 0x00, 0x01, 0x01, 0x00, 0x00, 0x00, 0x00, 0x00, 0x00,
  0x00, 0x00, 0x00, 0x00, 0x00, 0x00, 0x00, 0x00, 0x00, 0x00, 0x00, 0x00,
  0x00, 0x00, 0x00, 0x00, 0x00, 0x00, 0x00, 0x01, 0x01, 0x03, 0x02, 0x01,
  0x48, 0xe0, 0xff, 0xf1, 0xf5, 0xf8, 0xfb, 0xfb, 0xfb, 0xfc, 0xfb, 0xfa,
  0xfa, 0xfa, 0xf9, 0xfa, 0xfa, 0xfb, 0xfc, 0xfb, 0xfa, 0xfa, 0xfb, 0xfc,
  0xfb, 0xfb, 0xfb, 0xfb, 0xfc, 0xfb, 0xfc, 0xfc, 0xfb, 0xfc, 0xfd, 0xfc,
  0xfb, 0xfb, 0xfb, 0xfb, 0xfb, 0xfb, 0xfa, 0xfa, 0xf9, 0xf6, 0xf0, 0xff,
  0xcf, 0x2a, 0x00, 0x04, 0x04, 0x03, 0x02, 0x03, 0x03, 0x02, 0x01, 0x02,
  0x01, 0x00, 0x00, 0x00, 0x00, 0x00, 0x00, 0x00, 0x00, 0x00, 0x00, 0x00,
  0x00, 0x00, 0x00, 0x00, 0x00, 0x00, 0x00, 0x00, 0x00, 0x00, 0x00, 0x00,
  0x00, 0x00, 0x00, 0x00, 0x00, 0x00, 0x00, 0x00, 0x00, 0x00, 0x00, 0x00,
  0x00, 0x00, 0x00, 0x00, 0x00, 0x00, 0x00, 0x00, 0x00, 0x00, 0x00, 0x00,
  0x00, 0x00, 0x00, 0x00, 0x00, 0x00, 0x00, 0x00, 0x00, 0x00, 0x00, 0x00,
  0x00, 0x00, 0x00, 0x00, 0x00, 0x00, 0x00, 0x00, 0x00, 0x00, 0x00, 0x00,
  0x00, 0x00, 0x00, 0x00, 0x00, 0x00, 0x00, 0x00, 0x00, 0x01, 0x02, 0x02,
  0x02, 0x04, 0x05, 0x08, 0x00, 0x3a, 0xcb, 0xfe, 0xf4, 0xf5, 0xfc, 0xfc,
  0xfb, 0xfa, 0xfb, 0xfa, 0xfb, 0xfa, 0xfa, 0xfb, 0xfb, 0xfa, 0xfa, 0xfa,
  0xfa, 0xfb, 0xfa, 0xfa, 0xfa, 0xf9, 0xfa, 0xfa, 0xfb, 0xfb, 0xfa, 0xfb,
  0xfc, 0xfb, 0xfb, 0xfb, 0xfc, 0xfd, 0xfc, 0xfc, 0xfc, 0xfc, 0xfc, 0xfd,
  0xfd, 0xfc, 0xfc, 0xfa, 0xfb, 0xff, 0xda, 0x4a, 0x02, 0x0a, 0x04, 0x03,
  0x03, 0x03, 0x02, 0x02, 0x01, 0x00, 0x00, 0x00, 0x00, 0x00, 0x00, 0x00,
  0x00, 0x00, 0x00, 0x00, 0x00, 0x00, 0x00, 0x00, 0x00, 0x00, 0x01, 0x03,
  0x03, 0x03, 0x08, 0x00, 0x8c, 0xf8, 0xff, 0xf8, 0xf8, 0xfa, 0xfd, 0xfd,
  0xfd, 0xfd, 0xfb, 0xfb, 0xfc, 0xfb, 0xfb, 0xfb, 0xfb, 0xfb, 0xfc, 0xfb,
  0xfa, 0xfb, 0xfb, 0xfa, 0xfb, 0xfc, 0xfc, 0xfc, 0xfc, 0xfc, 0xfc, 0xfb,
  0xfc, 0xfc, 0xfb, 0xfc, 0xfc, 0xfc, 0xfc, 0xfb, 0xfb, 0xfb, 0xfb, 0xfb,
  0xfb, 0xfa, 0xf4, 0xfd, 0xf2, 0x7c, 0x09, 0x04, 0x09, 0x04, 0x01, 0x02,
  0x01, 0x01, 0x00, 0x00, 0x00, 0x00, 0x00, 0x00, 0x00, 0x00, 0x00, 0x00,
  0x00, 0x00, 0x00, 0x00, 0x00, 0x00, 0x00, 0x00, 0x00, 0x00, 0x00, 0x00,
  0x00, 0x00, 0x00, 0x00, 0x00, 0x00, 0x00, 0x00, 0x00, 0x00, 0x00, 0x00,
  0x00, 0x00, 0x00, 0x00, 0x00, 0x00, 0x00, 0x00, 0x00, 0x00, 0x00, 0x00,
  0x00, 0x00, 0x00, 0x00, 0x00, 0x00, 0x00, 0x00, 0x00, 0x00, 0x00, 0x00,
  0x00, 0x00, 0x00, 0x00, 0x00, 0x00, 0x00, 0x00, 0x00, 0x00, 0x00, 0x00,
  0x00, 0x00, 0x00, 0x00, 0x00, 0x00, 0x00, 0x00, 0x00, 0x00, 0x00, 0x00,
  0x00, 0x00, 0x01, 0x01, 0x02, 0x03, 0x03, 0x04, 0x05, 0x06, 0x00, 0x41,
  0xdc, 0xfe, 0xf0, 0xf7, 0xfa, 0xfc, 0xfd, 0xfc, 0xfc, 0xfc, 0xfd, 0xfd,
  0xfd, 0xfd, 0xfd, 0xfd, 0xfc, 0xfb, 0xfc, 0xfc, 0xfc, 0xfb, 0xfa, 0xfa,
  0xfb, 0xfb, 0xfa, 0xfb, 0xfa, 0xfa, 0xfb, 0xfa, 0xfb, 0xfb, 0xfa, 0xfa,
  0xfb, 0xfc, 0xfb, 0xfa, 0xf9, 0xf9, 0xf8, 0xf7, 0xf8, 0xf3, 0xfa, 0xf5,
  0x84, 0x00, 0x01, 0x01, 0x01, 0x00, 0x00, 0x00, 0x00, 0x00, 0x00, 0x00,
  0x00, 0x00, 0x00, 0x00, 0x00, 0x00, 0x00, 0x00, 0x00, 0x00, 0x00, 0x00,
  0x00, 0x00, 0x00, 0x00, 0x00, 0x00, 0x00, 0x06, 0x00, 0x7e, 0xf6, 0xff,
  0xf5, 0xf8, 0xfa, 0xfb, 0xfb, 0xfa, 0xfb, 0xfb, 0xfb, 0xfa, 0xfa, 0xfb,
  0xfc, 0xfc, 0xfc, 0xfb, 0xfc, 0xfc, 0xfb, 0xfb, 0xfc, 0xfc, 0xfc, 0xfc,
  0xfc, 0xfb, 0xfa, 0xfb, 0xfb, 0xfc, 0xfc, 0xfb, 0xfc, 0xfb, 0xfc, 0xfb,
  0xfc, 0xfb, 0xfa, 0xfa, 0xfb, 0xfc, 0xfc, 0xfb, 0xfb, 0xfc, 0xfc, 0xfc,
  0xfb, 0xfb, 0xfb, 0xfb, 0xfb, 0xfb, 0xfc, 0xfb, 0xfa, 0xfa, 0xfb, 0xfc,
  0xfc, 0xfd, 0xfd, 0xfc, 0xfb, 0xfb, 0xfb, 0xfc, 0xfb, 0xfc, 0xfc, 0xfb,
  0xfb, 0xfa, 0xfa, 0xfa, 0xfa, 0xfa, 0xfa, 0xfa, 0xfa, 0xfb, 0xfc, 0xfc,
  0xfc, 0xfb, 0xfa, 0xfa, 0xfa, 0xfb, 0xfb, 0xfc, 0xfc, 0xfc, 0xfc, 0xfc,
  0xfc, 0xfc, 0xfb, 0xfc, 0xfd, 0xfd, 0xfb, 0xfc, 0xfa, 0xfa, 0xfa, 0xfa,
  0xfa, 0xfa, 0xfb, 0xfa, 0xfa, 0xfb, 0xfc, 0xfc, 0xfb, 0xfa, 0xfb, 0xfc,
  0xfb, 0xfb, 0xfb, 0xfc, 0xfb, 0xfb, 0xfb, 0xfb, 0xfc, 0xfc, 0xfc, 0xfc,
  0xfd, 0xfc, 0xfd, 0xfd, 0xfc, 0xfd, 0xfc, 0xfb, 0xfb, 0xfa, 0xfa, 0xf9,
  0xf8, 0xf8, 0x90, 0x0e, 0x00, 0x07, 0x03, 0x01, 0x00, 0x00, 0x00, 0x00,
  0x00, 0x00, 0x00, 0x00, 0x00, 0x00, 0x00, 0x00, 0x00, 0x00, 0x00, 0x00,
  0x00, 0x00, 0x00, 0x00, 0x00, 0x00, 0x00, 0x00, 0x00, 0x00, 0x00, 0x03,
  0x07, 0x09, 0x00, 0x15, 0xd1, 0xfe, 0xf8, 0xf9, 0xfc, 0xfb, 0xfc, 0xfb,
  0xfb, 0xfc, 0xfb, 0xfb, 0xfb, 0xfa, 0xfa, 0xfb, 0xfb, 0xfc, 0xfb, 0xfa,
  0xfb, 0xfc, 0xfc, 0xfb, 0xfa, 0xfb, 0xfb, 0xfc, 0xfb, 0xfb, 0xfc, 0xfb,
  0xfb, 0xfc, 0xfc, 0xfb, 0xfc, 0xfb, 0xfc, 0xfd, 0xfc, 0xf7, 0xff, 0xa0,
  0x1f, 0x00, 0x04, 0x05, 0x02, 0x00, 0x00, 0x00, 0x00, 0x00, 0x00, 0x00,
  0x00, 0x00, 0x00, 0x00, 0x00, 0x00, 0x00, 0x00, 0x00, 0x00, 0x00, 0x00,
  0x00, 0x00, 0x00, 0x00, 0x00, 0x00, 0x00, 0x00, 0x00, 0x00, 0x00, 0x00,
  0x00, 0x00, 0x00, 0x00, 0x00, 0x00, 0x00, 0x00, 0x00, 0x00, 0x00, 0x00,
  0x00, 0x00, 0x00, 0x00, 0x00, 0x00, 0x00, 0x00, 0x01, 0x07, 0x07, 0x00,
  0x43, 0xd2, 0xfe, 0xf0, 0xf6, 0xfa, 0xfd, 0xfe, 0xfc, 0xfb, 0xfb, 0xfa,
  0xf9, 0xfa, 0xfb, 0xfb, 0xfc, 0xfc, 0xfb, 0xfb, 0xfb, 0xfc, 0xfc, 0xfc,
  0xfd, 0xfc, 0xfb, 0xfc, 0xfb, 0xfb, 0xfc, 0xfa, 0xfa, 0xf9, 0xf9, 0xf9,
  0xfa, 0xfa, 0xfa, 0xfa, 0xfa, 0xf9, 0xf9, 0xf8, 0xf7, 0xf8, 0xf6, 0xf4,
  0xff, 0xdc, 0x4d, 0x02, 0x06, 0x07, 0x03, 0x04, 0x02, 0x01, 0x00, 0x00,
  0x00, 0x00, 0x00, 0x00, 0x01, 0x00, 0x00, 0x00, 0x00, 0x00, 0x00, 0x00,
  0x00, 0x00, 0x00, 0x00, 0x00, 0x00, 0x00, 0x00, 0x00, 0x00, 0x00, 0x00,
  0x00, 0x04, 0x04, 0x02, 0x03, 0x0a, 0xa9, 0xfd, 0xf9, 0xf5, 0xf9, 0xfb,
  0xfc, 0xfd, 0xfc, 0xfb, 0xfc, 0xfb, 0xfb, 0xfa, 0xf9, 0xfa, 0xfa, 0xfb,
  0xfb, 0xfb, 0xfc, 0xfb, 0xfa, 0xfc, 0xfc, 0xfc, 0xfc, 0xfc, 0xfb, 0xfc,
  0xfb, 0xfc, 0xfc, 0xfc, 0xfd, 0xfc, 0xfb, 0xfb, 0xfa, 0xfa, 0xfa, 0xf9,
  0xf9, 0xf9, 0xf9, 0xf3, 0xfb, 0xeb, 0x70, 0x00, 0x02, 0x04, 0x04, 0x03,
  0x03, 0x02, 0x02, 0x01, 0x01, 0x01, 0x01, 0x01, 0x00, 0x00, 0x00, 0x00,
  0x00, 0x00, 0x00, 0x00, 0x00, 0x00, 0x00, 0x00, 0x00, 0x00, 0x00, 0x00,
  0x00, 0x00, 0x00, 0x00, 0x00, 0x00, 0x00, 0x00, 0x00, 0x00, 0x00, 0x00,
  0x00, 0x00, 0x00, 0x00, 0x00, 0x00, 0x00, 0x00, 0x00, 0x00, 0x00, 0x00,
  0x00, 0x00, 0x00, 0x00, 0x00, 0x00, 0x00, 0x00, 0x00, 0x00, 0x00, 0x00,
  0x00, 0x00, 0x00, 0x00, 0x00, 0x00, 0x00, 0x00, 0x00, 0x00, 0x00, 0x00,
  0x00, 0x00, 0x00, 0x00, 0x00, 0x00, 0x00, 0x00, 0x00, 0x00, 0x00, 0x00,
  0x00, 0x00, 0x01, 0x00, 0x01, 0x02, 0x02, 0x03, 0x04, 0x05, 0x02, 0x04,
  0x75, 0xf2, 0xfd, 0xf3, 0xfa, 0xfa, 0xfa, 0xfb, 0xfa, 0xfb, 0xfa, 0xfa,
  0xfb, 0xfb, 0xfb, 0xfb, 0xfa, 0xfb, 0xfb, 0xfa, 0xfb, 0xfb, 0xfb, 0xfa,
  0xfa, 0xfb, 0xfa, 0xfa, 0xfa, 0xfb, 0xfc, 0xfb, 0xfc, 0xfc, 0xfc, 0xfc,
  0xfd, 0xfd, 0xfd, 0xfd, 0xfd, 0xfd, 0xfd, 0xfd, 0xfd, 0xfb, 0xf6, 0xfa,
  0xfc, 0xa4, 0x02, 0x0d, 0x07, 0x05, 0x04, 0x03, 0x02, 0x02, 0x01, 0x01,
  0x00, 0x00, 0x00, 0x00, 0x00, 0x00, 0x00, 0x00, 0x00, 0x00, 0x00, 0x00,
  0x00, 0x00, 0x00, 0x01, 0x02, 0x04, 0x05, 0x06, 0x01, 0x44, 0xd9, 0xff,
  0xfc, 0xfa, 0xfb, 0xfc, 0xfd, 0xfd, 0xfc, 0xfc, 0xfb, 0xfb, 0xfb, 0xfc,
  0xfc, 0xfc, 0xfc, 0xfc, 0xfb, 0xfc, 0xfb, 0xfa, 0xfb, 0xfa, 0xfa, 0xfb,
  0xfb, 0xfb, 0xfb, 0xfb, 0xfb, 0xfc, 0xfc, 0xfc, 0xfc, 0xfb, 0xfb, 0xfb,
  0xfb, 0xfb, 0xfa, 0xfa, 0xf9, 0xf9, 0xfa, 0xf6, 0xf7, 0xfc, 0xb7, 0x27,
  0x00, 0x09, 0x06, 0x04, 0x02, 0x01, 0x01, 0x00, 0x00, 0x00, 0x00, 0x00,
  0x00, 0x00, 0x00, 0x00, 0x00, 0x00, 0x00, 0x00, 0x00, 0x00, 0x00, 0x00,
  0x00, 0x00, 0x00, 0x00, 0x00, 0x00, 0x00, 0x00, 0x00, 0x00, 0x00, 0x00,
  0x00, 0x00, 0x00, 0x00, 0x00, 0x00, 0x00, 0x00, 0x00, 0x00, 0x00, 0x00,
  0x00, 0x00, 0x00, 0x00, 0x00, 0x00, 0x00, 0x00, 0x00, 0x00, 0x00, 0x00,
  0x00, 0x00, 0x00, 0x00, 0x00, 0x00, 0x00, 0x00, 0x00, 0x00, 0x00, 0x00,
  0x00, 0x00, 0x00, 0x00, 0x00, 0x00, 0x00, 0x00, 0x00, 0x00, 0x00, 0x00,
  0x00, 0x00, 0x00, 0x00, 0x00, 0x00, 0x00, 0x00, 0x00, 0x01, 0x02, 0x02,
  0x03, 0x03, 0x04, 0x07, 0x05, 0x05, 0x91, 0xf5, 0xf7, 0xf1, 0xf9, 0xfb,
  0xfd, 0xfd, 0xfc, 0xfb, 0xfc, 0xfc, 0xfc, 0xfc, 0xfc, 0xfc, 0xfc, 0xfc,
  0xfb, 0xfb, 0xfb, 0xfb, 0xfa, 0xfb, 0xfa, 0xfa, 0xfb, 0xfa, 0xfb, 0xfb,
  0xfa, 0xfb, 0xfb, 0xfb, 0xfb, 0xfb, 0xfb, 0xfb, 0xfb, 0xfa, 0xf9, 0xf8,
  0xf8, 0xf8, 0xf8, 0xf6, 0xf4, 0xfe, 0xdc, 0x2e, 0x02, 0x00, 0x01, 0x02,
  0x02, 0x02, 0x01, 0x00, 0x00, 0x00, 0x00, 0x00, 0x00, 0x00, 0x00, 0x00,
  0x00, 0x00, 0x00, 0x00, 0x00, 0x00, 0x00, 0x00, 0x00, 0x00, 0x00, 0x00,
  0x00, 0x07, 0x00, 0x7e, 0xf6, 0xff, 0xf5, 0xf8, 0xfa, 0xfb, 0xfc, 0xfb,
  0xfa, 0xfa, 0xfb, 0xfb, 0xfa, 0xfb, 0xfb, 0xfb, 0xfb, 0xfc, 0xfb, 0xfc,
  0xfb, 0xfa, 0xfb, 0xfb, 0xfb, 0xfb, 0xfb, 0xfb, 0xfa, 0xfb, 0xfc, 0xfc,
  0xfc, 0xfb, 0xfb, 0xfc, 0xfb, 0xfb, 0xfc, 0xfb, 0xfa, 0xfa, 0xfb, 0xfc,
  0xfb, 0xfc, 0xfc, 0xfb, 0xfc, 0xfb, 0xfa, 0xfa, 0xfb, 0xfb, 0xfb, 0xfc,
  0xfb, 0xfb, 0xfb, 0xfa, 0xfb, 0xfc, 0xfc, 0xfc, 0xfd, 0xfc, 0xfb, 0xfc,
  0xfb, 0xfb, 0xfc, 0xfb, 0xfa, 0xfb, 0xfc, 0xfa, 0xfb, 0xfb, 0xfb, 0xfb,
  0xfb, 0xfb, 0xfb, 0xfb, 0xfb, 0xfb, 0xfc, 0xfb, 0xfb, 0xfb, 0xfb, 0xfb,
  0xfc, 0xfb, 0xfb, 0xfb, 0xfb, 0xfb, 0xfb, 0xfc, 0xfb, 0xfc, 0xfc, 0xfc,
  0xfb, 0xfb, 0xfb, 0xfb, 0xfb, 0xfb, 0xfb, 0xfb, 0xfa, 0xfb, 0xfb, 0xfa,
  0xfb, 0xfb, 0xfa, 0xfb, 0xfc, 0xfb, 0xfc, 0xfd, 0xfc, 0xfb, 0xfc, 0xfb,
  0xfb, 0xfb, 0xfb, 0xfb, 0xfb, 0xfd, 0xfd, 0xfd, 0xfe, 0xfe, 0xfd, 0xfc,
  0xfd, 0xfc, 0xfb, 0xfa, 0xfa, 0xf9, 0xfa, 0xe1, 0x32, 0x00, 0x07, 0x08,
  0x03, 0x01, 0x00, 0x00, 0x00, 0x00, 0x00, 0x00, 0x00, 0x00, 0x00, 0x00,
  0x00, 0x00, 0x00, 0x00, 0x00, 0x00, 0x00, 0x00, 0x00, 0x00, 0x00, 0x00,
  0x00, 0x00, 0x00, 0x00, 0x00, 0x03, 0x07, 0x09, 0x00, 0x14, 0xd0, 0xfd,
  0xf8, 0xf8, 0xfb, 0xfc, 0xfb, 0xfa, 0xfb, 0xfb, 0xfb, 0xfb, 0xfb, 0xfb,
  0xfb, 0xfb, 0xfa, 0xfb, 0xfa, 0xfb, 0xfb, 0xfb, 0xfb, 0xfb, 0xfb, 0xfb,
  0xfc, 0xfc, 0xfc, 0xfc, 0xfb, 0xfc, 0xfc, 0xfb, 0xfb, 0xfc, 0xfb, 0xfb,
  0xfc, 0xfd, 0xfc, 0xf8, 0xff, 0x9f, 0x1e, 0x00, 0x04, 0x05, 0x02, 0x00,
  0x00, 0x00, 0x00, 0x00, 0x00, 0x00, 0x00, 0x00, 0x00, 0x00, 0x00, 0x00,
  0x00, 0x00, 0x00, 0x00, 0x00, 0x00, 0x00, 0x00, 0x00, 0x00, 0x00, 0x00,
  0x00, 0x00, 0x00, 0x00, 0x00, 0x00, 0x00, 0x00, 0x00, 0x00, 0x00, 0x00,
  0x00, 0x00, 0x00, 0x00, 0x00, 0x00, 0x00, 0x00, 0x00, 0x00, 0x00, 0x00,
  0x00, 0x00, 0x00, 0x02, 0x0a, 0x02, 0x04, 0x69, 0xe8, 0xf8, 0xf0, 0xfa,
  0xfd, 0xfd, 0xfd, 0xfb, 0xfa, 0xfa, 0xfa, 0xfa, 0xfb, 0xfb, 0xfb, 0xfc,
  0xfc, 0xfc, 0xfc, 0xfc, 0xfd, 0xfd, 0xfd, 0xfc, 0xfb, 0xfb, 0xfa, 0xfb,
  0xfb, 0xfa, 0xfa, 0xfa, 0xfa, 0xfa, 0xfb, 0xfa, 0xfb, 0xfb, 0xfa, 0xfa,
  0xf9, 0xf8, 0xf8, 0xf8, 0xf7, 0xf5, 0xf7, 0xff, 0xc5, 0x30, 0x00, 0x0b,
  0x07, 0x05, 0x03, 0x02, 0x01, 0x01, 0x01, 0x01, 0x01, 0x01, 0x01, 0x00,
  0x00, 0x00, 0x00, 0x00, 0x00, 0x00, 0x00, 0x00, 0x00, 0x00, 0x00, 0x00,
  0x00, 0x00, 0x00, 0x00, 0x00, 0x00, 0x01, 0x04, 0x06, 0x01, 0x00, 0x52,
  0xe5, 0xff, 0xf5, 0xfa, 0xfb, 0xfc, 0xfb, 0xfc, 0xfd, 0xfc, 0xfc, 0xfc,
  0xfa, 0xfa, 0xfa, 0xfa, 0xfa, 0xfb, 0xfb, 0xfb, 0xfb, 0xfb, 0xfb, 0xfb,
  0xfb, 0xfb, 0xfb, 0xfb, 0xfc, 0xfb, 0xfc, 0xfd, 0xfc, 0xfb, 0xfc, 0xfc,
  0xfc, 0xfc, 0xfb, 0xfb, 0xfa, 0xf9, 0xf8, 0xf8, 0xf7, 0xf2, 0xff, 0xb9,
  0x12, 0x00, 0x03, 0x04, 0x03, 0x02, 0x02, 0x02, 0x01, 0x01, 0x00, 0x00,
  0x00, 0x00, 0x00, 0x00, 0x00, 0x00, 0x00, 0x00, 0x00, 0x00, 0x00, 0x00,
  0x00, 0x00, 0x00, 0x00, 0x00, 0x00, 0x00, 0x00, 0x00, 0x00, 0x00, 0x00,
  0x00, 0x00, 0x00, 0x00, 0x00, 0x00, 0x00, 0x00, 0x00, 0x00, 0x00, 0x00,
  0x00, 0x00, 0x00, 0x00, 0x00, 0x00, 0x00, 0x00, 0x00, 0x00, 0x00, 0x00,
  0x00, 0x00, 0x00, 0x00, 0x00, 0x00, 0x00, 0x00, 0x00, 0x00, 0x00, 0x00,
  0x00, 0x00, 0x00, 0x00, 0x00, 0x00, 0x00, 0x00, 0x00, 0x00, 0x00, 0x00,
  0x00, 0x00, 0x00, 0x00, 0x00, 0x00, 0x00, 0x00, 0x01, 0x00, 0x01, 0x02,
  0x01, 0x02, 0x02, 0x03, 0x05, 0x00, 0x27, 0xb9, 0xfd, 0xf6, 0xf6, 0xf9,
  0xf9, 0xfa, 0xfb, 0xfa, 0xfb, 0xfb, 0xfb, 0xfa, 0xfb, 0xfa, 0xfa, 0xfb,
  0xfa, 0xfb, 0xfb, 0xfa, 0xfb, 0xfb, 0xfb, 0xfb, 0xfb, 0xfb, 0xfb, 0xfc,
  0xfb, 0xfc, 0xfc, 0xfd, 0xfd, 0xfd, 0xfc, 0xfc, 0xfc, 0xfc, 0xfc, 0xfc,
  0xfd, 0xfe, 0xfe, 0xfb, 0xf5, 0xf4, 0xff, 0xe8, 0x57, 0x02, 0x0b, 0x06,
  0x03, 0x03, 0x03, 0x02, 0x02, 0x01, 0x00, 0x00, 0x00, 0x00, 0x00, 0x00,
  0x00, 0x00, 0x00, 0x00, 0x00, 0x00, 0x00, 0x01, 0x00, 0x01, 0x02, 0x04,
  0x05, 0x07, 0x0d, 0xa9, 0xfb, 0xfb, 0xf7, 0xfb, 0xfc, 0xfc, 0xfc, 0xfc,
  0xfc, 0xfc, 0xfc, 0xfc, 0xfc, 0xfc, 0xfc, 0xfd, 0xfd, 0xfc, 0xfb, 0xfc,
  0xfb, 0xfa, 0xfb, 0xfb, 0xfb, 0xfb, 0xfb, 0xfb, 0xfa, 0xfa, 0xfb, 0xfc,
  0xfc, 0xfc, 0xfc, 0xfb, 0xfa, 0xfa, 0xfb, 0xfa, 0xf9, 0xf9, 0xf8, 0xf8,
  0xf7, 0xef, 0xfd, 0xe3, 0x59, 0x02, 0x04, 0x06, 0x04, 0x02, 0x02, 0x02,
  0x01, 0x01, 0x00, 0x00, 0x00, 0x00, 0x00, 0x00, 0x00, 0x00, 0x00, 0x00,
  0x00, 0x00, 0x00, 0x00, 0x00, 0x00, 0x00, 0x00, 0x00, 0x00, 0x00, 0x00,
  0x00, 0x00, 0x00, 0x00, 0x00, 0x00, 0x00, 0x00, 0x00, 0x00, 0x00, 0x00,
  0x00, 0x00, 0x00, 0x00, 0x00, 0x00, 0x00, 0x00, 0x00, 0x00, 0x00, 0x00,
  0x00, 0x00, 0x00, 0x00, 0x00, 0x00, 0x00, 0x00, 0x00, 0x00, 0x00, 0x00,
  0x00, 0x00, 0x00, 0x00, 0x00, 0x00, 0x00, 0x00, 0x00, 0x00, 0x00, 0x00,
  0x00, 0x00, 0x00, 0x00, 0x00, 0x00, 0x00, 0x00, 0x00, 0x00, 0x00, 0x00,
  0x00, 0x00, 0x00, 0x00, 0x01, 0x01, 0x02, 0x02, 0x03, 0x05, 0x07, 0x00,
  0x2d, 0xca, 0xff, 0xf0, 0xf9, 0xfb, 0xfb, 0xfb, 0xfb, 0xfc, 0xfc, 0xfb,
  0xfb, 0xfc, 0xfc, 0xfb, 0xfc, 0xfc, 0xfb, 0xfa, 0xfa, 0xfa, 0xfb, 0xfa,
  0xf9, 0xfa, 0xfb, 0xfb, 0xfb, 0xfa, 0xfa, 0xfb, 0xfc, 0xfb, 0xfa, 0xfb,
  0xfa, 0xfb, 0xfb, 0xfa, 0xf9, 0xf9, 0xf9, 0xf9, 0xf8, 0xf7, 0xf4, 0xf8,
  0xfb, 0xa5, 0x0b, 0x00, 0x03, 0x04, 0x03, 0x03, 0x02, 0x01, 0x00, 0x01,
  0x01, 0x01, 0x00, 0x00, 0x00, 0x00, 0x01, 0x00, 0x00, 0x00, 0x00, 0x00,
  0x00, 0x00, 0x00, 0x00, 0x00, 0x00, 0x00, 0x08, 0x00, 0x7d, 0xf6, 0xff,
  0xf5, 0xf8, 0xfa, 0xfb, 0xfc, 0xfc, 0xfb, 0xfb, 0xfb, 0xfb, 0xfa, 0xfb,
  0xfb, 0xfa, 0xfb, 0xfc, 0xfc, 0xfc, 0xfb, 0xfa, 0xfa, 0xfa, 0xfa, 0xfa,
  0xfa, 0xfa, 0xfa, 0xfb, 0xfc, 0xfb, 0xfc, 0xfb, 0xfa, 0xfc, 0xfc, 0xfb,
  0xfc, 0xfb, 0xfa, 0xfa, 0xfa, 0xfb, 0xfc, 0xfc, 0xfc, 0xfb, 0xfc, 0xfb,
  0xfb, 0xfb, 0xfb, 0xfb, 0xfc, 0xfc, 0xfb, 0xfa, 0xfa, 0xfa, 0xfb, 0xfc,
  0xfc, 0xfd, 0xfd, 0xfc, 0xfb, 0xfc, 0xfc, 0xfc, 0xfb, 0xfb, 0xfb, 0xfa,
  0xfb, 0xfa, 0xfa, 0xfb, 0xfc, 0xfc, 0xfc, 0xfc, 0xfb, 0xfa, 0xfb, 0xfb,
  0xfb, 0xfb, 0xfc, 0xfc, 0xfc, 0xfc, 0xfc, 0xfb, 0xfa, 0xfa, 0xfa, 0xfa,
  0xfb, 0xfc, 0xfc, 0xfc, 0xfc, 0xfc, 0xfc, 0xfc, 0xfc, 0xfc, 0xfc, 0xfc,
  0xfc, 0xfb, 0xfa, 0xfb, 0xfb, 0xfa, 0xfa, 0xfa, 0xfb, 0xfc, 0xfb, 0xfc,
  0xfd, 0xfc, 0xfc, 0xfc, 0xfc, 0xfc, 0xfc, 0xfc, 0xfc, 0xfc, 0xfc, 0xfc,
  0xfc, 0xfd, 0xfd, 0xfd, 0xfd, 0xfd, 0xfd, 0xfc, 0xf9, 0xf8, 0xf9, 0xfc,
  0xf9, 0x8c, 0x08, 0x00, 0x07, 0x05, 0x03, 0x00, 0x00, 0x00, 0x00, 0x00,
  0x00, 0x00, 0x00, 0x00, 0x00, 0x00, 0x00, 0x00, 0x00, 0x00, 0x00, 0x00,
  0x00, 0x00, 0x00, 0x00, 0x00, 0x00, 0x00, 0x00, 0x00, 0x00, 0x00, 0x03,
  0x07, 0x09, 0x00, 0x12, 0xd0, 0xfc, 0xf8, 0xf8, 0xfb, 0xfb, 0xfb, 0xfb,
  0xfb, 0xfb, 0xfb, 0xfa, 0xfb, 0xfc, 0xfc, 0xfb, 0xfb, 0xfa, 0xfb, 0xfc,
  0xfb, 0xfa, 0xfb, 0xfa, 0xfb, 0xfc, 0xfb, 0xfb, 0xfc, 0xfc, 0xfb, 0xfc,
  0xfc, 0xfb, 0xfc, 0xfc, 0xfb, 0xfa, 0xfb, 0xfc, 0xfb, 0xf7, 0xff, 0x9e,
  0x1d, 0x00, 0x04, 0x05, 0x02, 0x00, 0x00, 0x00, 0x00, 0x00, 0x00, 0x00,
  0x00, 0x00, 0x00, 0x00, 0x00, 0x00, 0x00, 0x00, 0x00, 0x00, 0x00, 0x00,
  0x00, 0x00, 0x00, 0x00, 0x00, 0x00, 0x00, 0x00, 0x00, 0x00, 0x00, 0x00,
  0x00, 0x00, 0x00, 0x00, 0x00, 0x00, 0x00, 0x00, 0x00, 0x00, 0x00, 0x00,
  0x00, 0x00, 0x00, 0x00, 0x00, 0x00, 0x00, 0x00, 0x00, 0x01, 0x04, 0x08,
  0x00, 0x15, 0x95, 0xfd, 0xf2, 0xf6, 0xfa, 0xfa, 0xfc, 0xfb, 0xfb, 0xfc,
  0xfb, 0xfb, 0xfb, 0xfc, 0xfb, 0xfc, 0xfd, 0xfd, 0xfd, 0xfc, 0xfd, 0xfd,
  0xfc, 0xfc, 0xfb, 0xfb, 0xfb, 0xfa, 0xfa, 0xfb, 0xfb, 0xfb, 0xfa, 0xfa,
  0xfa, 0xfa, 0xfb, 0xfb, 0xfb, 0xfa, 0xfa, 0xf9, 0xf9, 0xf9, 0xf7, 0xf8,
  0xf5, 0xf9, 0xfe, 0xac, 0x1e, 0x00, 0x10, 0x03, 0x04, 0x03, 0x02, 0x02,
  0x01, 0x02, 0x02, 0x01, 0x00, 0x00, 0x00, 0x00, 0x00, 0x00, 0x00, 0x00,
  0x00, 0x00, 0x00, 0x00, 0x00, 0x00, 0x01, 0x01, 0x00, 0x00, 0x00, 0x00,
  0x02, 0x03, 0x02, 0x01, 0x19, 0xbc, 0xfa, 0xf7, 0xf6, 0xf9, 0xfb, 0xfb,
  0xfc, 0xfb, 0xfc, 0xfc, 0xfb, 0xfb, 0xfb, 0xfb, 0xfb, 0xfa, 0xfa, 0xfb,
  0xfb, 0xfb, 0xfa, 0xfb, 0xfc, 0xfb, 0xfa, 0xfa, 0xfb, 0xfc, 0xfb, 0xfc,
  0xfc, 0xfd, 0xfc, 0xfb, 0xfb, 0xfc, 0xfc, 0xfb, 0xfb, 0xfb, 0xfa, 0xf9,
  0xf7, 0xf8, 0xf1, 0xfb, 0xe2, 0x58, 0x00, 0x05, 0x04, 0x01, 0x01, 0x00,
  0x01, 0x01, 0x01, 0x01, 0x00, 0x00, 0x00, 0x00, 0x00, 0x00, 0x00, 0x00,
  0x00, 0x00, 0x00, 0x00, 0x00, 0x00, 0x00, 0x00, 0x00, 0x01, 0x00, 0x00,
  0x00, 0x00, 0x00, 0x00, 0x00, 0x00, 0x00, 0x00, 0x00, 0x00, 0x01, 0x00,
  0x00, 0x00, 0x00, 0x00, 0x00, 0x00, 0x00, 0x00, 0x00, 0x00, 0x00, 0x00,
  0x00, 0x00, 0x00, 0x00, 0x00, 0x00, 0x00, 0x00, 0x00, 0x00, 0x00, 0x00,
  0x00, 0x00, 0x00, 0x00, 0x00, 0x00, 0x00, 0x00, 0x00, 0x00, 0x00, 0x00,
  0x00, 0x00, 0x01, 0x00, 0x00, 0x00, 0x00, 0x00, 0x00, 0x00, 0x00, 0x00,
  0x00, 0x00, 0x01, 0x01, 0x01, 0x01, 0x02, 0x01, 0x01, 0x02, 0x05, 0x07,
  0x02, 0x5e, 0xe6, 0xfd, 0xf1, 0xf9, 0xf9, 0xfa, 0xfb, 0xfa, 0xfb, 0xfb,
  0xfa, 0xfb, 0xfa, 0xfb, 0xfb, 0xfa, 0xfb, 0xfb, 0xfa, 0xfb, 0xfb, 0xfb,
  0xfa, 0xfa, 0xfb, 0xfb, 0xfc, 0xfb, 0xfc, 0xfc, 0xfd, 0xfe, 0xfe, 0xfd,
  0xfd, 0xfd, 0xfd, 0xfd, 0xfd, 0xfd, 0xfd, 0xfe, 0xfe, 0xfb, 0xf7, 0xf5,
  0xfb, 0xfe, 0xb8, 0x0e, 0x0a, 0x06, 0x04, 0x04, 0x03, 0x02, 0x01, 0x00,
  0x00, 0x00, 0x00, 0x00, 0x00, 0x00, 0x00, 0x00, 0x00, 0x00, 0x00, 0x00,
  0x00, 0x01, 0x01, 0x01, 0x02, 0x05, 0x05, 0x00, 0x5e, 0xec, 0xff, 0xf5,
  0xf5, 0xfa, 0xfc, 0xfb, 0xfb, 0xfb, 0xfb, 0xfb, 0xfb, 0xfb, 0xfb, 0xfb,
  0xfc, 0xfd, 0xfd, 0xfc, 0xfc, 0xfc, 0xfb, 0xfa, 0xfa, 0xfa, 0xfa, 0xfa,
  0xfa, 0xfa, 0xfa, 0xfb, 0xfb, 0xfb, 0xfb, 0xfb, 0xfb, 0xfb, 0xfa, 0xfb,
  0xfa, 0xf9, 0xfa, 0xf9, 0xf7, 0xf9, 0xf0, 0xf8, 0xf7, 0x92, 0x0e, 0x00,
  0x03, 0x00, 0x02, 0x01, 0x01, 0x01, 0x01, 0x01, 0x00, 0x00, 0x00, 0x00,
  0x00, 0x00, 0x00, 0x00, 0x00, 0x00, 0x00, 0x00, 0x00, 0x00, 0x00, 0x00,
  0x00, 0x00, 0x00, 0x00, 0x00, 0x00, 0x00, 0x00, 0x00, 0x00, 0x00, 0x00,
  0x00, 0x00, 0x00, 0x00, 0x00, 0x00, 0x00, 0x00, 0x00, 0x00, 0x00, 0x00,
  0x00, 0x00, 0x00, 0x00, 0x00, 0x00, 0x00, 0x00, 0x00, 0x00, 0x00, 0x00,
  0x00, 0x00, 0x00, 0x00, 0x00, 0x00, 0x00, 0x00, 0x00, 0x00, 0x00, 0x00,
  0x00, 0x00, 0x00, 0x00, 0x00, 0x00, 0x00, 0x00, 0x00, 0x00, 0x00, 0x00,
  0x00, 0x00, 0x00, 0x00, 0x00, 0x00, 0x00, 0x00, 0x00, 0x00, 0x00, 0x01,
  0x01, 0x01, 0x02, 0x03, 0x04, 0x03, 0x00, 0x7b, 0xf0, 0xf8, 0xf6, 0xfa,
  0xfa, 0xfa, 0xfb, 0xfb, 0xfb, 0xfc, 0xfb, 0xfc, 0xfc, 0xfc, 0xfb, 0xfb,
  0xfb, 0xfa, 0xfb, 0xfb, 0xfa, 0xf9, 0xfa, 0xfa, 0xfa, 0xfa, 0xfa, 0xfb,
  0xfb, 0xfb, 0xfc, 0xfc, 0xfb, 0xfa, 0xfb, 0xfa, 0xfa, 0xfa, 0xfa, 0xfa,
  0xfa, 0xf9, 0xf9, 0xf7, 0xf6, 0xf4, 0xf9, 0xf5, 0x55, 0x06, 0x02, 0x07,
  0x05, 0x04, 0x03, 0x02, 0x01, 0x01, 0x01, 0x00, 0x00, 0x00, 0x00, 0x00,
  0x00, 0x00, 0x00, 0x00, 0x00, 0x00, 0x00, 0x00, 0x00, 0x00, 0x00, 0x00,
  0x00, 0x07, 0x00, 0x7d, 0xf6, 0xff, 0xf5, 0xf8, 0xfa, 0xfb, 0xfc, 0xfc,
  0xfc, 0xfa, 0xfa, 0xfb, 0xfa, 0xfb, 0xfb, 0xfb, 0xfb, 0xfb, 0xfb, 0xfb,
  0xfb, 0xfb, 0xfb, 0xfb, 0xfb, 0xfb, 0xfb, 0xfb, 0xfb, 0xfb, 0xfc, 0xfb,
  0xfc, 0xfb, 0xfb, 0xfb, 0xfb, 0xfb, 0xfc, 0xfb, 0xfb, 0xfb, 0xfb, 0xfb,
  0xfb, 0xfc, 0xfb, 0xfc, 0xfc, 0xfc, 0xfc, 0xfc, 0xfc, 0xfc, 0xfc, 0xfc,
  0xfb, 0xfb, 0xfb, 0xfb, 0xfb, 0xfc, 0xfb, 0xfc, 0xfc, 0xfb, 0xfc, 0xfb,
  0xfb, 0xfb, 0xfc, 0xfc, 0xfc, 0xfb, 0xfb, 0xfb, 0xfa, 0xfb, 0xfb, 0xfb,
  0xfb, 0xfc, 0xfb, 0xfb, 0xfb, 0xfb, 0xfa, 0xfb, 0xfc, 0xfb, 0xfb, 0xfb,
  0xfc, 0xfb, 0xfa, 0xfb, 0xfb, 0xfa, 0xfb, 0xfb, 0xfb, 0xfb, 0xfb, 0xfb,
  0xfb, 0xfb, 0xfb, 0xfb, 0xfc, 0xfb, 0xfc, 0xfb, 0xfb, 0xfb, 0xfb, 0xfb,
  0xfb, 0xfb, 0xfc, 0xfb, 0xfc, 0xfc, 0xfc, 0xfc, 0xfb, 0xfb, 0xfb, 0xfb,
  0xfb, 0xfb, 0xfb, 0xfb, 0xfb, 0xfb, 0xfc, 0xfd, 0xfd, 0xfc, 0xfd, 0xfe,
  0xfe, 0xfc, 0xf8, 0xf6, 0xf8, 0xfd, 0xe2, 0x2c, 0x01, 0x01, 0x01, 0x02,
  0x01, 0x00, 0x00, 0x00, 0x00, 0x00, 0x00, 0x00, 0x00, 0x00, 0x00, 0x00,
  0x00, 0x00, 0x00, 0x00, 0x00, 0x00, 0x00, 0x00, 0x00, 0x00, 0x00, 0x00,
  0x00, 0x00, 0x00, 0x00, 0x00, 0x03, 0x07, 0x09, 0x00, 0x11, 0xd0, 0xfc,
  0xf8, 0xf8, 0xfa, 0xfa, 0xfa, 0xfa, 0xfa, 0xfa, 0xfa, 0xfb, 0xfb, 0xfc,
  0xfb, 0xfb, 0xfa, 0xfb, 0xfb, 0xfc, 0xfb, 0xfb, 0xfa, 0xfa, 0xfb, 0xfc,
  0xfc, 0xfc, 0xfb, 0xfb, 0xfb, 0xfc, 0xfd, 0xfc, 0xfb, 0xfc, 0xfb, 0xfa,
  0xfb, 0xfc, 0xfb, 0xf6, 0xff, 0x9b, 0x1c, 0x00, 0x04, 0x05, 0x02, 0x00,
  0x00, 0x00, 0x00, 0x00, 0x00, 0x00, 0x00, 0x00, 0x00, 0x00, 0x00, 0x00,
  0x00, 0x00, 0x00, 0x00, 0x00, 0x00, 0x00, 0x00, 0x00, 0x00, 0x00, 0x00,
  0x00, 0x00, 0x00, 0x00, 0x00, 0x00, 0x00, 0x00, 0x00, 0x00, 0x00, 0x00,
  0x00, 0x00, 0x00, 0x00, 0x00, 0x00, 0x00, 0x00, 0x00, 0x00, 0x00, 0x00,
  0x00, 0x00, 0x00, 0x01, 0x01, 0x04, 0x04, 0x00, 0x2e, 0xbd, 0xff, 0xf4,
  0xf5, 0xf8, 0xfb, 0xfd, 0xfe, 0xfc, 0xfb, 0xfc, 0xfb, 0xfb, 0xfb, 0xfc,
  0xfd, 0xfc, 0xfc, 0xfd, 0xfe, 0xfd, 0xfd, 0xfc, 0xfb, 0xfc, 0xfb, 0xfa,
  0xfb, 0xfa, 0xfa, 0xfa, 0xfb, 0xfb, 0xfb, 0xfb, 0xfb, 0xfb, 0xfc, 0xfb,
  0xfa, 0xf9, 0xf8, 0xf8, 0xf8, 0xf8, 0xf7, 0xf3, 0xfc, 0xfa, 0x8f, 0x12,
  0x04, 0x0d, 0x02, 0x04, 0x03, 0x03, 0x02, 0x02, 0x01, 0x01, 0x00, 0x00,
  0x00, 0x00, 0x00, 0x00, 0x00, 0x00, 0x00, 0x00, 0x00, 0x00, 0x00, 0x00,
  0x00, 0x01, 0x01, 0x01, 0x01, 0x02, 0x02, 0x02, 0x00, 0x04, 0x7a, 0xf6,
  0xfb, 0xf4, 0xf7, 0xf8, 0xf9, 0xfa, 0xfb, 0xfc, 0xfb, 0xfb, 0xfc, 0xfc,
  0xfc, 0xfc, 0xfb, 0xfa, 0xfb, 0xfa, 0xfa, 0xfa, 0xfb, 0xfa, 0xfb, 0xfc,
  0xfb, 0xfb, 0xfc, 0xfb, 0xfc, 0xfd, 0xfd, 0xfc, 0xfc, 0xfc, 0xfc, 0xfb,
  0xfb, 0xfa, 0xfa, 0xfa, 0xfa, 0xfa, 0xf7, 0xf5, 0xef, 0xfc, 0x9e, 0x0c,
  0x04, 0x08, 0x03, 0x00, 0x00, 0x00, 0x00, 0x00, 0x00, 0x00, 0x00, 0x00,
  0x00, 0x00, 0x00, 0x00, 0x00, 0x00, 0x00, 0x00, 0x00, 0x00, 0x00, 0x00,
  0x00, 0x00, 0x00, 0x00, 0x00, 0x00, 0x00, 0x00, 0x00, 0x00, 0x00, 0x00,
  0x00, 0x00, 0x00, 0x00, 0x00, 0x00, 0x00, 0x00, 0x00, 0x00, 0x00, 0x00,
  0x00, 0x00, 0x00, 0x00, 0x00, 0x00, 0x00, 0x00, 0x00, 0x00, 0x00, 0x00,
  0x00, 0x00, 0x00, 0x00, 0x00, 0x00, 0x00, 0x00, 0x00, 0x00, 0x00, 0x00,
  0x00, 0x00, 0x00, 0x00, 0x00, 0x00, 0x00, 0x00, 0x00, 0x00, 0x00, 0x00,
  0x00, 0x00, 0x00, 0x00, 0x00, 0x00, 0x00, 0x01, 0x00, 0x00, 0x00, 0x01,
  0x01, 0x01, 0x00, 0x01, 0x04, 0x0b, 0x01, 0x0f, 0x98, 0xf8, 0xf9, 0xf3,
  0xfa, 0xfa, 0xfb, 0xfa, 0xfa, 0xfb, 0xfb, 0xfa, 0xfa, 0xfb, 0xfb, 0xfa,
  0xfa, 0xfa, 0xfb, 0xfb, 0xfa, 0xfa, 0xfb, 0xfb, 0xfb, 0xfb, 0xfb, 0xfc,
  0xfc, 0xfd, 0xfd, 0xfd, 0xfd, 0xfc, 0xfc, 0xfc, 0xfc, 0xfc, 0xfc, 0xfc,
  0xfc, 0xfc, 0xfc, 0xfb, 0xfb, 0xfa, 0xfb, 0xff, 0xef, 0x6a, 0x00, 0x07,
  0x06, 0x04, 0x03, 0x02, 0x00, 0x00, 0x00, 0x00, 0x00, 0x00, 0x00, 0x00,
  0x00, 0x00, 0x00, 0x00, 0x00, 0x00, 0x00, 0x00, 0x02, 0x03, 0x03, 0x04,
  0x04, 0x19, 0xc0, 0xff, 0xfb, 0xf5, 0xf6, 0xfa, 0xfc, 0xfb, 0xfb, 0xfa,
  0xfa, 0xfa, 0xfa, 0xfa, 0xfb, 0xfb, 0xfc, 0xfd, 0xfc, 0xfd, 0xfd, 0xfc,
  0xfb, 0xfb, 0xfa, 0xfa, 0xfa, 0xfa, 0xfa, 0xfa, 0xfa, 0xfb, 0xfa, 0xfa,
  0xfa, 0xfb, 0xfb, 0xfb, 0xfa, 0xfa, 0xf9, 0xf9, 0xfa, 0xf9, 0xf8, 0xf5,
  0xf1, 0xff, 0xc3, 0x32, 0x00, 0x04, 0x00, 0x00, 0x00, 0x00, 0x00, 0x01,
  0x00, 0x00, 0x00, 0x00, 0x00, 0x00, 0x00, 0x00, 0x00, 0x00, 0x00, 0x00,
  0x00, 0x00, 0x00, 0x00, 0x00, 0x00, 0x00, 0x00, 0x00, 0x00, 0x00, 0x00,
  0x01, 0x00, 0x00, 0x00, 0x00, 0x00, 0x00, 0x00, 0x00, 0x00, 0x00, 0x00,
  0x00, 0x00, 0x00, 0x00, 0x00, 0x00, 0x00, 0x00, 0x00, 0x00, 0x00, 0x00,
  0x00, 0x00, 0x00, 0x00, 0x00, 0x00, 0x00, 0x00, 0x00, 0x00, 0x00, 0x00,
  0x00, 0x00, 0x00, 0x00, 0x00, 0x00, 0x00, 0x00, 0x00, 0x00, 0x00, 0x00,
  0x00, 0x00, 0x00, 0x00, 0x00, 0x00, 0x00, 0x00, 0x00, 0x00, 0x00, 0x00,
  0x00, 0x00, 0x00, 0x00, 0x00, 0x00, 0x00, 0x01, 0x01, 0x01, 0x02, 0x05,
  0x00, 0x20, 0xb8, 0xff, 0xf1, 0xfa, 0xf9, 0xf9, 0xfa, 0xfa, 0xfa, 0xfb,
  0xfc, 0xfb, 0xfb, 0xfc, 0xfb, 0xfb, 0xfb, 0xfa, 0xfa, 0xfa, 0xf9, 0xfa,
  0xfb, 0xfa, 0xf9, 0xfa, 0xfb, 0xfb, 0xfb, 0xfb, 0xfb, 0xfc, 0xfb, 0xfa,
  0xfa, 0xf9, 0xfa, 0xfb, 0xfb, 0xfb, 0xfa, 0xf9, 0xf9, 0xf8, 0xf8, 0xf6,
  0xf6, 0xff, 0xcd, 0x23, 0x01, 0x08, 0x07, 0x05, 0x03, 0x02, 0x01, 0x01,
  0x01, 0x00, 0x00, 0x00, 0x00, 0x00, 0x00, 0x00, 0x00, 0x00, 0x00, 0x00,
  0x00, 0x00, 0x00, 0x00, 0x00, 0x00, 0x00, 0x08, 0x00, 0x7d, 0xf6, 0xfe,
  0xf5, 0xf8, 0xfa, 0xfb, 0xfc, 0xfb, 0xfb, 0xfb, 0xfb, 0xfb, 0xfa, 0xfb,
  0xfb, 0xfb, 0xfb, 0xfa, 0xfa, 0xfb, 0xfc, 0xfc, 0xfc, 0xfc, 0xfc, 0xfc,
  0xfc, 0xfc, 0xfc, 0xfc, 0xfc, 0xfb, 0xfc, 0xfb, 0xfb, 0xfb, 0xfb, 0xfc,
  0xfc, 0xfc, 0xfc, 0xfc, 0xfc, 0xfb, 0xfb, 0xfc, 0xfb, 0xfb, 0xfb, 0xfb,
  0xfb, 0xfb, 0xfc, 0xfd, 0xfc, 0xfb, 0xfb, 0xfb, 0xfb, 0xfb, 0xfb, 0xfb,
  0xfc, 0xfb, 0xfb, 0xfc, 0xfb, 0xfa, 0xfb, 0xfb, 0xfb, 0xfb, 0xfb, 0xfc,
  0xfc, 0xfb, 0xfa, 0xfb, 0xfc, 0xfc, 0xfc, 0xfb, 0xfc, 0xfb, 0xfb, 0xfa,
  0xfb, 0xfb, 0xfc, 0xfb, 0xfc, 0xfb, 0xfc, 0xfb, 0xfa, 0xfb, 0xfb, 0xfb,
  0xfa, 0xfa, 0xfb, 0xfb, 0xfb, 0xfb, 0xfb, 0xfb, 0xfb, 0xfb, 0xfc, 0xfb,
  0xfc, 0xfb, 0xfb, 0xfc, 0xfc, 0xfc, 0xfc, 0xfc, 0xfc, 0xfb, 0xfc, 0xfc,
  0xfb, 0xfc, 0xfb, 0xfa, 0xfa, 0xfa, 0xfa, 0xfa, 0xfb, 0xfb, 0xfb, 0xfb,
  0xfc, 0xfd, 0xfd, 0xfd, 0xfd, 0xfe, 0xff, 0xfd, 0xf9, 0xf6, 0xfc, 0xfc,
  0x93, 0x04, 0x00, 0x02, 0x00, 0x00, 0x00, 0x00, 0x00, 0x00, 0x00, 0x00,
  0x00, 0x00, 0x00, 0x00, 0x00, 0x00, 0x00, 0x00, 0x00, 0x00, 0x00, 0x00,
  0x00, 0x00, 0x00, 0x00, 0x00, 0x00, 0x00, 0x00, 0x00, 0x00, 0x00, 0x03,
  0x07, 0x09, 0x00, 0x12, 0xd1, 0xfd, 0xf8, 0xf7, 0xf9, 0xfa, 0xf9, 0xf9,
  0xf9, 0xf9, 0xfa, 0xfb, 0xfb, 0xfc, 0xfb, 0xfb, 0xfa, 0xfc, 0xfc, 0xfc,
  0xfb, 0xfa, 0xfa, 0xfa, 0xfb, 0xfc, 0xfd, 0xfd, 0xfc, 0xfc, 0xfc, 0xfc,
  0xfc, 0xfc, 0xfc, 0xfb, 0xfb, 0xfa, 0xfa, 0xfb, 0xfa, 0xf5, 0xff, 0x99,
  0x1b, 0x00, 0x04, 0x05, 0x02, 0x00, 0x00, 0x00, 0x00, 0x00, 0x00, 0x00,
  0x00, 0x00, 0x00, 0x00, 0x00, 0x00, 0x00, 0x00, 0x00, 0x00, 0x00, 0x00,
  0x00, 0x00, 0x00, 0x00, 0x00, 0x00, 0x00, 0x00, 0x00, 0x00, 0x00, 0x00,
  0x00, 0x00, 0x00, 0x00, 0x00, 0x00, 0x00, 0x00, 0x00, 0x00, 0x00, 0x00,
  0x00, 0x00, 0x01, 0x00, 0x00, 0x00, 0x00, 0x00, 0x00, 0x00, 0x01, 0x01,
  0x05, 0x03, 0x00, 0x45, 0xd9, 0xff, 0xf3, 0xf6, 0xfa, 0xfd, 0xfd, 0xfc,
  0xfc, 0xfc, 0xfc, 0xfc, 0xfb, 0xfc, 0xfd, 0xfc, 0xfd, 0xfd, 0xfd, 0xfd,
  0xfc, 0xfc, 0xfc, 0xfb, 0xfb, 0xfb, 0xfa, 0xf9, 0xfb, 0xfb, 0xfb, 0xfc,
  0xfc, 0xfc, 0xfc, 0xfc, 0xfc, 0xfb, 0xfb, 0xfa, 0xf9, 0xf9, 0xf9, 0xf8,
  0xf9, 0xf7, 0xf5, 0xfe, 0xf0, 0x74, 0x09, 0x07, 0x0b, 0x02, 0x04, 0x04,
  0x03, 0x02, 0x00, 0x00, 0x00, 0x00, 0x00, 0x00, 0x00, 0x00, 0x00, 0x00,
  0x00, 0x00, 0x00, 0x00, 0x00, 0x01, 0x01, 0x01, 0x02, 0x02, 0x03, 0x04,
  0x03, 0x01, 0x02, 0x32, 0xde, 0xfd, 0xf6, 0xf6, 0xf8, 0xf9, 0xf9, 0xfa,
  0xfb, 0xfc, 0xfb, 0xfc, 0xfd, 0xfd, 0xfc, 0xfc, 0xfb, 0xfa, 0xfb, 0xfa,
  0xfa, 0xf9, 0xfa, 0xfb, 0xfa, 0xfb, 0xfb, 0xfc, 0xfc, 0xfb, 0xfc, 0xfd,
  0xfc, 0xfd, 0xfc, 0xfc, 0xfb, 0xfb, 0xfb, 0xfb, 0xfb, 0xfb, 0xfa, 0xf9,
  0xf8, 0xee, 0xfc, 0xd2, 0x41, 0x00, 0x07, 0x08, 0x03, 0x00, 0x00, 0x00,
  0x00, 0x00, 0x00, 0x00, 0x00, 0x00, 0x00, 0x00, 0x00, 0x00, 0x00, 0x00,
  0x00, 0x00, 0x00, 0x00, 0x00, 0x00, 0x00, 0x00, 0x00, 0x00, 0x00, 0x00,
  0x00, 0x00, 0x00, 0x00, 0x00, 0x00, 0x00, 0x00, 0x00, 0x00, 0x00, 0x00,
  0x00, 0x00, 0x00, 0x00, 0x00, 0x00, 0x00, 0x00, 0x00, 0x00, 0x00, 0x00,
  0x00, 0x00, 0x00, 0x00, 0x00, 0x00, 0x00, 0x00, 0x00, 0x00, 0x00, 0x00,
  0x00, 0x00, 0x00, 0x00, 0x00, 0x00, 0x00, 0x00, 0x00, 0x00, 0x00, 0x00,
  0x00, 0x00, 0x00, 0x00, 0x00, 0x00, 0x00, 0x00, 0x00, 0x00, 0x00, 0x00,
  0x00, 0x01, 0x00, 0x00, 0x00, 0x01, 0x00, 0x00, 0x00, 0x01, 0x04, 0x07,
  0x06, 0x00, 0x37, 0xc8, 0xff, 0xf3, 0xf8, 0xf9, 0xfa, 0xfb, 0xfb, 0xfc,
  0xfc, 0xfb, 0xfb, 0xfa, 0xfa, 0xfa, 0xfb, 0xfb, 0xfa, 0xfb, 0xfb, 0xfb,
  0xfc, 0xfb, 0xfc, 0xfb, 0xfb, 0xfc, 0xfc, 0xfd, 0xfe, 0xfd, 0xfc, 0xfd,
  0xfc, 0xfb, 0xfb, 0xfb, 0xfb, 0xfb, 0xfc, 0xfb, 0xfb, 0xfb, 0xfc, 0xfc,
  0xfb, 0xfd, 0xff, 0xcb, 0x1e, 0x06, 0x07, 0x05, 0x03, 0x00, 0x00, 0x00,
  0x00, 0x00, 0x00, 0x00, 0x00, 0x00, 0x00, 0x00, 0x00, 0x00, 0x00, 0x00,
  0x00, 0x00, 0x03, 0x04, 0x07, 0x04, 0x00, 0x76, 0xf4, 0xfe, 0xfa, 0xf9,
  0xfa, 0xfb, 0xfc, 0xfb, 0xfa, 0xfb, 0xfa, 0xfb, 0xfb, 0xfb, 0xfb, 0xfb,
  0xfc, 0xfd, 0xfd, 0xfd, 0xfd, 0xfc, 0xfb, 0xfb, 0xfb, 0xfb, 0xfb, 0xfb,
  0xfb, 0xfb, 0xfa, 0xfa, 0xfb, 0xfb, 0xfa, 0xfb, 0xfb, 0xfb, 0xfa, 0xfa,
  0xf9, 0xfa, 0xfa, 0xf8, 0xf9, 0xef, 0xfc, 0xe6, 0x64, 0x04, 0x04, 0x05,
  0x02, 0x00, 0x00, 0x00, 0x00, 0x00, 0x00, 0x01, 0x00, 0x00, 0x00, 0x00,
  0x00, 0x00, 0x00, 0x00, 0x00, 0x00, 0x00, 0x00, 0x00, 0x00, 0x00, 0x00,
  0x00, 0x00, 0x00, 0x00, 0x00, 0x00, 0x01, 0x01, 0x00, 0x00, 0x00, 0x00,
  0x00, 0x00, 0x00, 0x00, 0x00, 0x00, 0x00, 0x00, 0x00, 0x00, 0x00, 0x00,
  0x00, 0x00, 0x00, 0x00, 0x00, 0x00, 0x00, 0x00, 0x00, 0x00, 0x00, 0x00,
  0x00, 0x00, 0x00, 0x00, 0x00, 0x00, 0x00, 0x00, 0x00, 0x00, 0x00, 0x00,
  0x00, 0x00, 0x00, 0x00, 0x00, 0x00, 0x00, 0x00, 0x00, 0x00, 0x00, 0x00,
  0x00, 0x00, 0x00, 0x00, 0x00, 0x00, 0x00, 0x00, 0x00, 0x00, 0x00, 0x00,
  0x00, 0x00, 0x00, 0x00, 0x01, 0x06, 0x05, 0x00, 0x63, 0xeb, 0xf8, 0xf3,
  0xf8, 0xf8, 0xf9, 0xf9, 0xf9, 0xfa, 0xfb, 0xfc, 0xfc, 0xfc, 0xfb, 0xfb,
  0xfb, 0xfb, 0xfa, 0xfa, 0xfa, 0xfb, 0xfa, 0xfb, 0xfa, 0xfa, 0xfa, 0xfa,
  0xfa, 0xfb, 0xfb, 0xfc, 0xfb, 0xfa, 0xfa, 0xf9, 0xfb, 0xfb, 0xfa, 0xfb,
  0xfa, 0xf9, 0xfa, 0xfa, 0xf9, 0xf8, 0xf8, 0xfb, 0xff, 0x7e, 0x10, 0x02,
  0x06, 0x05, 0x03, 0x02, 0x02, 0x02, 0x01, 0x00, 0x01, 0x00, 0x00, 0x00,
  0x00, 0x00, 0x00, 0x00, 0x00, 0x00, 0x00, 0x00, 0x00, 0x00, 0x00, 0x00,
  0x00, 0x07, 0x00, 0x7e, 0xf6, 0xff, 0xf5, 0xf8, 0xfa, 0xfb, 0xfc, 0xfc,
  0xfc, 0xfc, 0xfb, 0xfa, 0xfa, 0xfa, 0xfa, 0xfa, 0xfa, 0xfa, 0xfb, 0xfb,
  0xfc, 0xfb, 0xfb, 0xfb, 0xfb, 0xfb, 0xfb, 0xfb, 0xfc, 0xfb, 0xfb, 0xfc,
  0xfc, 0xfb, 0xfa, 0xfc, 0xfc, 0xfb, 0xfb, 0xfb, 0xfb, 0xfb, 0xfb, 0xfc,
  0xfc, 0xfb, 0xfc, 0xfc, 0xfc, 0xfb, 0xfa, 0xfa, 0xfc, 0xfc, 0xfc, 0xfb,
  0xfa, 0xfa, 0xfa, 0xfa, 0xfa, 0xfa, 0xfb, 0xfc, 0xfc, 0xfb, 0xfb, 0xfb,
  0xfb, 0xfc, 0xfb, 0xfa, 0xfb, 0xfc, 0xfb, 0xfb, 0xfb, 0xfa, 0xfb, 0xfb,
  0xfb, 0xfc, 0xfb, 0xfc, 0xfb, 0xfb, 0xfa, 0xfb, 0xfc, 0xfc, 0xfc, 0xfc,
  0xfb, 0xfa, 0xfa, 0xfa, 0xfa, 0xfa, 0xfb, 0xfb, 0xfc, 0xfc, 0xfc, 0xfc,
  0xfc, 0xfc, 0xfc, 0xfc, 0xfb, 0xfb, 0xfc, 0xfb, 0xfa, 0xfb, 0xfc, 0xfc,
  0xfc, 0xfc, 0xfb, 0xfc, 0xfb, 0xfb, 0xfc, 0xfc, 0xfb, 0xfa, 0xfb, 0xfb,
  0xfa, 0xfb, 0xfc, 0xfc, 0xfc, 0xfc, 0xfc, 0xfd, 0xfe, 0xfe, 0xfd, 0xfe,
  0xfe, 0xfd, 0xfb, 0xfb, 0xff, 0xde, 0x2f, 0x03, 0x04, 0x03, 0x01, 0x00,
  0x00, 0x00, 0x00, 0x00, 0x00, 0x00, 0x00, 0x00, 0x00, 0x00, 0x00, 0x00,
  0x00, 0x00, 0x00, 0x00, 0x00, 0x00, 0x00, 0x00, 0x00, 0x00, 0x00, 0x00,
  0x00, 0x00, 0x00, 0x00, 0x01, 0x03, 0x07, 0x09, 0x00, 0x14, 0xd2, 0xfe,
  0xf8, 0xf8, 0xf9, 0xf9, 0xf9, 0xfa, 0xf9, 0xfa, 0xfa, 0xfa, 0xfb, 0xfc,
  0xfc, 0xfa, 0xfa, 0xfb, 0xfb, 0xfb, 0xfb, 0xfa, 0xfa, 0xfb, 0xfb, 0xfc,
  0xfd, 0xfc, 0xfc, 0xfd, 0xfd, 0xfc, 0xfb, 0xfc, 0xfb, 0xfb, 0xfa, 0xfa,
  0xf9, 0xf9, 0xf8, 0xf4, 0xff, 0x99, 0x1b, 0x00, 0x04, 0x05, 0x02, 0x00,
  0x00, 0x00, 0x00, 0x00, 0x00, 0x00, 0x00, 0x00, 0x00, 0x00, 0x00, 0x00,
  0x00, 0x00, 0x00, 0x00, 0x00, 0x00, 0x00, 0x00, 0x00, 0x00, 0x00, 0x00,
  0x00, 0x00, 0x00, 0x00, 0x00, 0x00, 0x00, 0x00, 0x00, 0x00, 0x00, 0x00,
  0x00, 0x00, 0x00, 0x00, 0x00, 0x00, 0x00, 0x00, 0x00, 0x00, 0x00, 0x00,
  0x00, 0x00, 0x00, 0x00, 0x00, 0x01, 0x02, 0x06, 0x03, 0x02, 0x64, 0xea,
  0xfc, 0xf7, 0xfa, 0xfa, 0xfa, 0xfc, 0xfd, 0xfd, 0xfd, 0xfc, 0xfb, 0xfc,
  0xfd, 0xfc, 0xfd, 0xfd, 0xfc, 0xfc, 0xfc, 0xfb, 0xfb, 0xfb, 0xfa, 0xfa,
  0xf9, 0xfa, 0xfa, 0xfa, 0xfa, 0xfb, 0xfb, 0xfb, 0xfb, 0xfb, 0xfc, 0xfc,
  0xfb, 0xfa, 0xf9, 0xfa, 0xf9, 0xf9, 0xfa, 0xfa, 0xf7, 0xf4, 0xff, 0xe2,
  0x5b, 0x00, 0x0c, 0x07, 0x03, 0x04, 0x02, 0x02, 0x01, 0x00, 0x00, 0x00,
  0x00, 0x00, 0x00, 0x00, 0x00, 0x00, 0x00, 0x00, 0x00, 0x00, 0x00, 0x01,
  0x02, 0x02, 0x02, 0x03, 0x05, 0x06, 0x04, 0x00, 0x0f, 0x9c, 0xff, 0xfa,
  0xf6, 0xf9, 0xf9, 0xf9, 0xfa, 0xfa, 0xfb, 0xfc, 0xfb, 0xfc, 0xfd, 0xfc,
  0xfc, 0xfb, 0xfa, 0xfa, 0xfb, 0xfb, 0xfa, 0xfa, 0xf9, 0xfa, 0xfb, 0xfa,
  0xfb, 0xfb, 0xfc, 0xfb, 0xfc, 0xfd, 0xfc, 0xfd, 0xfc, 0xfb, 0xfc, 0xfc,
  0xfc, 0xfd, 0xfc, 0xfc, 0xf9, 0xf9, 0xf6, 0xf5, 0xf7, 0x83, 0x06, 0x03,
  0x04, 0x04, 0x02, 0x00, 0x00, 0x00, 0x00, 0x00, 0x00, 0x00, 0x00, 0x00,
  0x00, 0x00, 0x00, 0x00, 0x00, 0x00, 0x00, 0x00, 0x00, 0x00, 0x00, 0x00,
  0x00, 0x00, 0x00, 0x00, 0x00, 0x00, 0x00, 0x00, 0x00, 0x00, 0x00, 0x00,
  0x00, 0x00, 0x00, 0x00, 0x00, 0x00, 0x00, 0x00, 0x00, 0x00, 0x00, 0x00,
  0x00, 0x00, 0x00, 0x00, 0x00, 0x00, 0x00, 0x00, 0x00, 0x00, 0x00, 0x00,
  0x00, 0x00, 0x00, 0x00, 0x00, 0x00, 0x00, 0x00, 0x00, 0x00, 0x00, 0x00,
  0x00, 0x00, 0x00, 0x00, 0x00, 0x00, 0x00, 0x00, 0x00, 0x00, 0x00, 0x00,
  0x00, 0x00, 0x00, 0x00, 0x00, 0x00, 0x00, 0x00, 0x00, 0x00, 0x00, 0x01,
  0x01, 0x00, 0x00, 0x00, 0x03, 0x03, 0x04, 0x03, 0x05, 0x6d, 0xec, 0xfc,
  0xf1, 0xf8, 0xf8, 0xfa, 0xfc, 0xfc, 0xfc, 0xfc, 0xfb, 0xfb, 0xfb, 0xfa,
  0xfb, 0xfc, 0xfb, 0xfb, 0xfc, 0xfc, 0xfc, 0xfc, 0xfc, 0xfc, 0xfb, 0xfc,
  0xfd, 0xfd, 0xfd, 0xfe, 0xfd, 0xfd, 0xfc, 0xfc, 0xfc, 0xfc, 0xfb, 0xfc,
  0xfb, 0xfa, 0xfa, 0xfa, 0xfa, 0xfa, 0xf9, 0xf7, 0xfc, 0xf6, 0x89, 0x01,
  0x02, 0x05, 0x01, 0x00, 0x00, 0x00, 0x00, 0x00, 0x00, 0x00, 0x00, 0x00,
  0x00, 0x00, 0x00, 0x00, 0x00, 0x00, 0x00, 0x00, 0x03, 0x07, 0x08, 0x02,
  0x27, 0xd2, 0xff, 0xfd, 0xfc, 0xfd, 0xfc, 0xfc, 0xfc, 0xfb, 0xfa, 0xfb,
  0xfa, 0xfb, 0xfb, 0xfb, 0xfb, 0xfb, 0xfc, 0xfc, 0xfc, 0xfc, 0xfc, 0xfc,
  0xfc, 0xfc, 0xfc, 0xfc, 0xfc, 0xfb, 0xfb, 0xfb, 0xfb, 0xfb, 0xfb, 0xfb,
  0xfa, 0xfa, 0xfb, 0xfb, 0xfa, 0xfa, 0xfa, 0xfa, 0xf9, 0xf9, 0xf5, 0xf4,
  0xfa, 0x9f, 0x16, 0x00, 0x07, 0x05, 0x03, 0x00, 0x00, 0x00, 0x00, 0x00,
  0x00, 0x00, 0x00, 0x00, 0x00, 0x00, 0x00, 0x00, 0x00, 0x00, 0x00, 0x00,
  0x00, 0x00, 0x00, 0x00, 0x00, 0x00, 0x00, 0x00, 0x00, 0x00, 0x00, 0x00,
  0x00, 0x00, 0x00, 0x00, 0x00, 0x00, 0x00, 0x00, 0x00, 0x00, 0x00, 0x00,
  0x00, 0x00, 0x00, 0x00, 0x00, 0x00, 0x00, 0x00, 0x00, 0x00, 0x00, 0x00,
  0x00, 0x00, 0x00, 0x00, 0x00, 0x00, 0x00, 0x00, 0x00, 0x00, 0x00, 0x00,
  0x00, 0x00, 0x00, 0x00, 0x00, 0x00, 0x00, 0x00, 0x00, 0x00, 0x00, 0x00,
  0x00, 0x00, 0x00, 0x00, 0x00, 0x00, 0x00, 0x00, 0x00, 0x00, 0x00, 0x00,
  0x00, 0x00, 0x00, 0x00, 0x00, 0x00, 0x00, 0x00, 0x00, 0x00, 0x02, 0x06,
  0x0a, 0x04, 0x18, 0xa1, 0xff, 0xee, 0xf8, 0xf7, 0xf7, 0xf8, 0xf8, 0xf9,
  0xfa, 0xfb, 0xfb, 0xfb, 0xfb, 0xfb, 0xfb, 0xfa, 0xfb, 0xfb, 0xfb, 0xfa,
  0xfa, 0xfa, 0xfa, 0xfa, 0xf9, 0xfa, 0xfb, 0xfb, 0xfb, 0xfc, 0xfb, 0xfa,
  0xfa, 0xfa, 0xfa, 0xfb, 0xfa, 0xfb, 0xfa, 0xfa, 0xfc, 0xfc, 0xfb, 0xfa,
  0xfb, 0xfc, 0xfc, 0xe4, 0x3d, 0x01, 0x03, 0x04, 0x03, 0x03, 0x02, 0x02,
  0x01, 0x00, 0x01, 0x01, 0x00, 0x00, 0x00, 0x00, 0x00, 0x00, 0x00, 0x00,
  0x00, 0x00, 0x00, 0x00, 0x00, 0x00, 0x00, 0x06, 0x00, 0x7f, 0xf6, 0xfe,
  0xf5, 0xf8, 0xfa, 0xfb, 0xfb, 0xfb, 0xfc, 0xfb, 0xfb, 0xfb, 0xfb, 0xfb,
  0xfb, 0xfb, 0xfa, 0xfb, 0xfb, 0xfc, 0xfb, 0xfb, 0xfc, 0xfc, 0xfc, 0xfc,
  0xfb, 0xfb, 0xfb, 0xfc, 0xfc, 0xfb, 0xfc, 0xfb, 0xfb, 0xfc, 0xfb, 0xfc,
  0xfc, 0xfc, 0xfc, 0xfc, 0xfb, 0xfc, 0xfc, 0xfb, 0xfc, 0xfd, 0xfc, 0xfb,
  0xfb, 0xfb, 0xfb, 0xfb, 0xfc, 0xfb, 0xfb, 0xfb, 0xfb, 0xfb, 0xfb, 0xfb,
  0xfb, 0xfc, 0xfc, 0xfb, 0xfc, 0xfc, 0xfc, 0xfc, 0xfb, 0xfb, 0xfb, 0xfc,
  0xfb, 0xfc, 0xfc, 0xfb, 0xfb, 0xfb, 0xfb, 0xfc, 0xfc, 0xfc, 0xfc, 0xfb,
  0xfb, 0xfb, 0xfb, 0xfb, 0xfc, 0xfc, 0xfb, 0xfb, 0xfb, 0xfb, 0xfb, 0xfb,
  0xfb, 0xfc, 0xfb, 0xfb, 0xfc, 0xfc, 0xfb, 0xfb, 0xfb, 0xfc, 0xfc, 0xfb,
  0xfc, 0xfb, 0xfb, 0xfb, 0xfb, 0xfb, 0xfb, 0xfb, 0xfa, 0xfb, 0xfb, 0xfc,
  0xfb, 0xfc, 0xfb, 0xfb, 0xfb, 0xfb, 0xfa, 0xfb, 0xfb, 0xfc, 0xfb, 0xfc,
  0xfd, 0xfd, 0xfd, 0xfe, 0xfe, 0xfd, 0xfd, 0xfd, 0xfc, 0xff, 0xf8, 0x8a,
  0x01, 0x05, 0x09, 0x05, 0x02, 0x00, 0x00, 0x00, 0x00, 0x00, 0x00, 0x00,
  0x00, 0x00, 0x00, 0x00, 0x00, 0x00, 0x00, 0x00, 0x00, 0x00, 0x00, 0x00,
  0x00, 0x00, 0x00, 0x00, 0x00, 0x00, 0x00, 0x00, 0x00, 0x00, 0x01, 0x04,
  0x07, 0x09, 0x00, 0x15, 0xd2, 0xfe, 0xf7, 0xf8, 0xf9, 0xf8, 0xf9, 0xf9,
  0xf9, 0xfa, 0xfb, 0xfa, 0xfb, 0xfb, 0xfb, 0xfb, 0xfb, 0xfa, 0xfb, 0xfb,
  0xfb, 0xfb, 0xfb, 0xfb, 0xfc, 0xfc, 0xfd, 0xfc, 0xfc, 0xfc, 0xfc, 0xfc,
  0xfc, 0xfb, 0xfb, 0xfa, 0xfa, 0xf9, 0xf8, 0xf8, 0xf8, 0xf3, 0xff, 0x98,
  0x1a, 0x00, 0x04, 0x05, 0x03, 0x01, 0x00, 0x00, 0x00, 0x00, 0x00, 0x00,
  0x00, 0x00, 0x00, 0x00, 0x00, 0x00, 0x00, 0x00, 0x00, 0x00, 0x00, 0x00,
  0x00, 0x00, 0x00, 0x00, 0x00, 0x00, 0x00, 0x00, 0x00, 0x00, 0x00, 0x00,
  0x00, 0x00, 0x00, 0x00, 0x00, 0x00, 0x00, 0x00, 0x00, 0x00, 0x00, 0x00,
  0x00, 0x00, 0x00, 0x00, 0x00, 0x00, 0x00, 0x00, 0x00, 0x00, 0x00, 0x02,
  0x03, 0x05, 0x07, 0x02, 0x0f, 0x8f, 0xf9, 0xfc, 0xf7, 0xf8, 0xfa, 0xfc,
  0xfc, 0xfc, 0xfc, 0xfc, 0xfb, 0xfc, 0xfd, 0xfd, 0xfd, 0xfc, 0xfc, 0xfc,
  0xfc, 0xfb, 0xfb, 0xfa, 0xfa, 0xf9, 0xfa, 0xf9, 0xf9, 0xfa, 0xfa, 0xfb,
  0xfc, 0xfc, 0xfc, 0xfc, 0xfc, 0xfc, 0xfb, 0xfa, 0xfa, 0xfa, 0xfa, 0xfa,
  0xfb, 0xfb, 0xf8, 0xf3, 0xf5, 0xff, 0xce, 0x3e, 0x00, 0x0e, 0x03, 0x03,
  0x03, 0x02, 0x00, 0x00, 0x00, 0x00, 0x00, 0x00, 0x00, 0x00, 0x00, 0x00,
  0x00, 0x00, 0x00, 0x00, 0x00, 0x01, 0x02, 0x03, 0x03, 0x03, 0x06, 0x07,
  0x03, 0x03, 0x4c, 0xf0, 0xfb, 0xf8, 0xfa, 0xfa, 0xfa, 0xfa, 0xfa, 0xfb,
  0xfb, 0xfc, 0xfb, 0xfc, 0xfc, 0xfd, 0xfc, 0xfa, 0xfa, 0xfa, 0xfb, 0xfa,
  0xfb, 0xfa, 0xfa, 0xfa, 0xfa, 0xfb, 0xfb, 0xfb, 0xfc, 0xfc, 0xfc, 0xfd,
  0xfc, 0xfd, 0xfc, 0xfc, 0xfd, 0xfd, 0xfd, 0xfe, 0xfd, 0xfc, 0xf9, 0xf9,
  0xf1, 0xff, 0xc1, 0x2e, 0x00, 0x04, 0x01, 0x02, 0x00, 0x00, 0x00, 0x00,
  0x00, 0x00, 0x00, 0x00, 0x00, 0x00, 0x00, 0x00, 0x00, 0x00, 0x00, 0x00,
  0x00, 0x00, 0x00, 0x00, 0x00, 0x00, 0x00, 0x00, 0x00, 0x00, 0x00, 0x00,
  0x00, 0x00, 0x00, 0x00, 0x00, 0x00, 0x00, 0x00, 0x00, 0x00, 0x00, 0x00,
  0x00, 0x00, 0x00, 0x00, 0x00, 0x00, 0x00, 0x00, 0x00, 0x00, 0x00, 0x00,
  0x00, 0x00, 0x00, 0x00, 0x00, 0x00, 0x00, 0x00, 0x00, 0x00, 0x00, 0x00,
  0x00, 0x00, 0x00, 0x00, 0x00, 0x00, 0x00, 0x00, 0x00, 0x00, 0x00, 0x00,
  0x00, 0x00, 0x00, 0x00, 0x00, 0x00, 0x00, 0x00, 0x00, 0x00, 0x00, 0x00,
  0x00, 0x00, 0x00, 0x00, 0x00, 0x01, 0x00, 0x00, 0x00, 0x00, 0x01, 0x01,
  0x00, 0x03, 0x00, 0x1e, 0xad, 0xfe, 0xf2, 0xf4, 0xf8, 0xfa, 0xfc, 0xfd,
  0xfd, 0xfc, 0xfb, 0xfa, 0xfa, 0xfa, 0xfb, 0xfc, 0xfc, 0xfc, 0xfb, 0xfc,
  0xfd, 0xfd, 0xfd, 0xfd, 0xfc, 0xfc, 0xfd, 0xfc, 0xfd, 0xfd, 0xfd, 0xfc,
  0xfc, 0xfc, 0xfc, 0xfc, 0xfb, 0xfc, 0xfb, 0xfa, 0xf9, 0xf9, 0xfa, 0xf9,
  0xf7, 0xf4, 0xf7, 0xff, 0xe2, 0x34, 0x00, 0x03, 0x01, 0x00, 0x00, 0x00,
  0x00, 0x00, 0x00, 0x00, 0x00, 0x00, 0x00, 0x00, 0x00, 0x00, 0x00, 0x00,
  0x00, 0x00, 0x02, 0x07, 0x02, 0x09, 0x8e, 0xf8, 0xfd, 0xfa, 0xfc, 0xfd,
  0xfd, 0xfc, 0xfb, 0xfb, 0xfa, 0xfb, 0xfb, 0xfa, 0xfa, 0xfb, 0xfb, 0xfc,
  0xfb, 0xfb, 0xfb, 0xfb, 0xfb, 0xfb, 0xfc, 0xfd, 0xfc, 0xfb, 0xfb, 0xfa,
  0xfb, 0xfc, 0xfc, 0xfc, 0xfc, 0xfb, 0xfa, 0xfb, 0xfa, 0xfa, 0xfb, 0xfb,
  0xfb, 0xf9, 0xf8, 0xf8, 0xf0, 0xff, 0xd5, 0x4a, 0x00, 0x04, 0x05, 0x04,
  0x01, 0x00, 0x00, 0x00, 0x00, 0x00, 0x00, 0x00, 0x00, 0x00, 0x00, 0x00,
  0x00, 0x00, 0x00, 0x00, 0x00, 0x00, 0x00, 0x00, 0x00, 0x00, 0x00, 0x00,
  0x00, 0x00, 0x00, 0x00, 0x00, 0x00, 0x00, 0x00, 0x00, 0x00, 0x00, 0x00,
  0x00, 0x00, 0x00, 0x00, 0x00, 0x00, 0x00, 0x00, 0x00, 0x00, 0x00, 0x00,
  0x00, 0x00, 0x00, 0x00, 0x00, 0x00, 0x00, 0x00, 0x00, 0x00, 0x00, 0x00,
  0x00, 0x00, 0x00, 0x00, 0x00, 0x00, 0x00, 0x00, 0x00, 0x00, 0x00, 0x00,
  0x00, 0x00, 0x00, 0x00, 0x00, 0x00, 0x00, 0x00, 0x00, 0x00, 0x00, 0x00,
  0x00, 0x00, 0x01, 0x00, 0x00, 0x00, 0x00, 0x00, 0x00, 0x00, 0x00, 0x00,
  0x00, 0x00, 0x00, 0x00, 0x01, 0x05, 0x09, 0x06, 0x00, 0x51, 0xe8, 0xf7,
  0xf2, 0xf8, 0xf8, 0xf7, 0xf8, 0xf9, 0xf9, 0xfa, 0xfa, 0xfa, 0xfb, 0xfc,
  0xfb, 0xfb, 0xfa, 0xfa, 0xfa, 0xfb, 0xfb, 0xfb, 0xfb, 0xfa, 0xf9, 0xfa,
  0xfb, 0xfa, 0xfb, 0xfc, 0xfb, 0xfa, 0xfb, 0xfb, 0xfa, 0xfa, 0xfb, 0xfb,
  0xfb, 0xfb, 0xfc, 0xfd, 0xfd, 0xfc, 0xfc, 0xfc, 0xf9, 0xff, 0x9b, 0x19,
  0x00, 0x05, 0x04, 0x03, 0x02, 0x01, 0x01, 0x00, 0x00, 0x00, 0x00, 0x00,
  0x00, 0x00, 0x00, 0x00, 0x00, 0x00, 0x00, 0x00, 0x00, 0x00, 0x00, 0x00,
  0x00, 0x07, 0x00, 0x7f, 0xf7, 0xfe, 0xf5, 0xf8, 0xfa, 0xfb, 0xfa, 0xfb,
  0xfc, 0xfc, 0xfc, 0xfc, 0xfc, 0xfc, 0xfc, 0xfb, 0xfa, 0xfb, 0xfc, 0xfb,
  0xfc, 0xfc, 0xfd, 0xfd, 0xfc, 0xfd, 0xfc, 0xfc, 0xfc, 0xfc, 0xfc, 0xfb,
  0xfc, 0xfc, 0xfc, 0xfb, 0xfb, 0xfc, 0xfd, 0xfc, 0xfc, 0xfc, 0xfc, 0xfc,
  0xfb, 0xfb, 0xfc, 0xfc, 0xfb, 0xfb, 0xfc, 0xfc, 0xfb, 0xfb, 0xfb, 0xfb,
  0xfc, 0xfc, 0xfc, 0xfc, 0xfc, 0xfc, 0xfc, 0xfc, 0xfb, 0xfc, 0xfb, 0xfb,
  0xfc, 0xfc, 0xfc, 0xfb, 0xfc, 0xfc, 0xfc, 0xfb, 0xfb, 0xfc, 0xfc, 0xfc,
  0xfc, 0xfb, 0xfc, 0xfc, 0xfb, 0xfc, 0xfb, 0xfb, 0xfa, 0xfb, 0xfc, 0xfb,
  0xfc, 0xfc, 0xfc, 0xfc, 0xfc, 0xfc, 0xfc, 0xfb, 0xfc, 0xfc, 0xfd, 0xfd,
  0xfb, 0xfc, 0xfa, 0xfb, 0xfc, 0xfc, 0xfb, 0xfc, 0xfb, 0xfb, 0xfa, 0xfa,
  0xfa, 0xfa, 0xfb, 0xfb, 0xfb, 0xfc, 0xfc, 0xfc, 0xfc, 0xfb, 0xfa, 0xfa,
  0xfb, 0xfa, 0xfb, 0xfb, 0xfc, 0xfb, 0xfc, 0xfc, 0xfd, 0xfe, 0xfe, 0xfc,
  0xfc, 0xfb, 0xfc, 0xfe, 0xd3, 0x28, 0x04, 0x07, 0x05, 0x04, 0x03, 0x01,
  0x00, 0x00, 0x00, 0x00, 0x00, 0x00, 0x00, 0x00, 0x00, 0x00, 0x00, 0x00,
  0x00, 0x00, 0x00, 0x00, 0x00, 0x00, 0x00, 0x00, 0x00, 0x00, 0x00, 0x00,
  0x00, 0x00, 0x01, 0x00, 0x02, 0x04, 0x07, 0x09, 0x00, 0x16, 0xd3, 0xfe,
  0xf7, 0xf7, 0xf9, 0xf9, 0xf8, 0xf9, 0xfa, 0xfa, 0xfb, 0xfa, 0xfb, 0xfa,
  0xfa, 0xfb, 0xfc, 0xfb, 0xfb, 0xfc, 0xfc, 0xfc, 0xfc, 0xfc, 0xfb, 0xfc,
  0xfd, 0xfd, 0xfd, 0xfb, 0xfb, 0xfc, 0xfc, 0xfb, 0xfa, 0xfa, 0xf9, 0xf9,
  0xf8, 0xf8, 0xf8, 0xf3, 0xff, 0x97, 0x19, 0x00, 0x04, 0x05, 0x03, 0x02,
  0x00, 0x00, 0x00, 0x00, 0x00, 0x00, 0x00, 0x00, 0x00, 0x00, 0x00, 0x00,
  0x00, 0x00, 0x00, 0x00, 0x00, 0x00, 0x00, 0x00, 0x00, 0x00, 0x00, 0x00,
  0x00, 0x00, 0x00, 0x00, 0x00, 0x00, 0x00, 0x00, 0x00, 0x00, 0x00, 0x00,
  0x00, 0x00, 0x00, 0x00, 0x00, 0x00, 0x00, 0x00, 0x00, 0x00, 0x00, 0x00,
  0x00, 0x00, 0x00, 0x00, 0x00, 0x01, 0x03, 0x03, 0x05, 0x07, 0x01, 0x2c,
  0xbb, 0xff, 0xf9, 0xf6, 0xfa, 0xfb, 0xfb, 0xfb, 0xfb, 0xfb, 0xfc, 0xfc,
  0xfd, 0xfc, 0xfe, 0xfc, 0xfb, 0xfb, 0xfb, 0xfb, 0xfa, 0xfb, 0xfa, 0xf9,
  0xfa, 0xfa, 0xfa, 0xfb, 0xfb, 0xfb, 0xfc, 0xfd, 0xfd, 0xfd, 0xfd, 0xfc,
  0xfb, 0xfb, 0xfb, 0xfb, 0xfb, 0xfb, 0xfc, 0xfb, 0xf9, 0xf7, 0xf5, 0xf9,
  0xff, 0xb1, 0x1b, 0x00, 0x0b, 0x03, 0x04, 0x01, 0x00, 0x00, 0x00, 0x00,
  0x00, 0x00, 0x00, 0x00, 0x00, 0x00, 0x00, 0x00, 0x00, 0x00, 0x00, 0x01,
  0x02, 0x02, 0x03, 0x04, 0x06, 0x07, 0x00, 0x20, 0xb9, 0xff, 0xf8, 0xf8,
  0xfa, 0xfa, 0xfb, 0xfa, 0xfa, 0xfa, 0xfb, 0xfc, 0xfc, 0xfc, 0xfb, 0xfc,
  0xfc, 0xfb, 0xfb, 0xfb, 0xfa, 0xfb, 0xfa, 0xfa, 0xfb, 0xfa, 0xfa, 0xfb,
  0xfb, 0xfb, 0xfb, 0xfc, 0xfd, 0xfd, 0xfd, 0xfd, 0xfc, 0xfc, 0xfd, 0xfd,
  0xfe, 0xfe, 0xfe, 0xfc, 0xf9, 0xf6, 0xf5, 0xf6, 0x71, 0x00, 0x02, 0x02,
  0x00, 0x00, 0x00, 0x00, 0x00, 0x00, 0x00, 0x00, 0x00, 0x00, 0x00, 0x00,
  0x00, 0x00, 0x00, 0x00, 0x00, 0x00, 0x00, 0x00, 0x00, 0x00, 0x00, 0x00,
  0x00, 0x00, 0x00, 0x00, 0x00, 0x01, 0x00, 0x00, 0x00, 0x00, 0x00, 0x00,
  0x00, 0x00, 0x00, 0x00, 0x00, 0x00, 0x00, 0x00, 0x00, 0x01, 0x00, 0x00,
  0x00, 0x00, 0x00, 0x00, 0x00, 0x00, 0x00, 0x00, 0x00, 0x00, 0x00, 0x00,
  0x00, 0x00, 0x00, 0x00, 0x00, 0x00, 0x00, 0x00, 0x00, 0x00, 0x01, 0x00,
  0x00, 0x00, 0x00, 0x00, 0x00, 0x00, 0x00, 0x00, 0x00, 0x00, 0x00, 0x00,
  0x00, 0x00, 0x00, 0x00, 0x00, 0x00, 0x00, 0x00, 0x01, 0x01, 0x01, 0x00,
  0x00, 0x00, 0x00, 0x00, 0x00, 0x00, 0x00, 0x02, 0x03, 0x01, 0x59, 0xe0,
  0xfe, 0xf1, 0xfa, 0xfc, 0xfd, 0xfd, 0xfc, 0xfc, 0xfa, 0xf9, 0xfa, 0xfb,
  0xfb, 0xfc, 0xfb, 0xfb, 0xfb, 0xfc, 0xfc, 0xfc, 0xfe, 0xfd, 0xfc, 0xfd,
  0xfc, 0xfd, 0xfd, 0xfc, 0xfc, 0xfd, 0xfc, 0xfb, 0xfb, 0xfb, 0xfb, 0xfc,
  0xfb, 0xfa, 0xf9, 0xf9, 0xfa, 0xf9, 0xf7, 0xf6, 0xf5, 0xfc, 0xfc, 0xa7,
  0x0e, 0x00, 0x04, 0x02, 0x02, 0x01, 0x00, 0x00, 0x00, 0x00, 0x00, 0x00,
  0x00, 0x00, 0x00, 0x00, 0x00, 0x00, 0x01, 0x01, 0x03, 0x02, 0x00, 0x42,
  0xe4, 0xfe, 0xf9, 0xf8, 0xfb, 0xfc, 0xfc, 0xfc, 0xfb, 0xfa, 0xfb, 0xfa,
  0xfb, 0xfb, 0xfb, 0xfa, 0xfb, 0xfc, 0xfb, 0xfc, 0xfc, 0xfc, 0xfc, 0xfc,
  0xfc, 0xfd, 0xfc, 0xfb, 0xfb, 0xfb, 0xfb, 0xfc, 0xfc, 0xfc, 0xfc, 0xfb,
  0xfa, 0xfa, 0xfb, 0xfb, 0xfc, 0xfc, 0xfc, 0xfa, 0xf7, 0xf1, 0xf4, 0xf9,
  0x8e, 0x12, 0x01, 0x07, 0x03, 0x02, 0x00, 0x00, 0x00, 0x00, 0x00, 0x00,
  0x00, 0x00, 0x00, 0x00, 0x00, 0x00, 0x00, 0x00, 0x00, 0x00, 0x00, 0x00,
  0x00, 0x00, 0x00, 0x00, 0x00, 0x00, 0x00, 0x00, 0x00, 0x00, 0x00, 0x00,
  0x00, 0x00, 0x00, 0x00, 0x00, 0x00, 0x00, 0x00, 0x00, 0x00, 0x00, 0x00,
  0x00, 0x00, 0x00, 0x00, 0x00, 0x00, 0x00, 0x00, 0x00, 0x00, 0x00, 0x00,
  0x00, 0x00, 0x00, 0x00, 0x00, 0x00, 0x00, 0x00, 0x00, 0x00, 0x00, 0x00,
  0x00, 0x00, 0x00, 0x00, 0x00, 0x00, 0x00, 0x00, 0x00, 0x00, 0x00, 0x00,
  0x00, 0x00, 0x00, 0x00, 0x00, 0x00, 0x00, 0x00, 0x00, 0x00, 0x00, 0x00,
  0x00, 0x00, 0x00, 0x00, 0x00, 0x00, 0x00, 0x00, 0x00, 0x00, 0x00, 0x02,
  0x03, 0x03, 0x01, 0x16, 0x9a, 0xff, 0xee, 0xf7, 0xf8, 0xf8, 0xf8, 0xf9,
  0xf9, 0xf9, 0xfa, 0xfa, 0xfb, 0xfc, 0xfc, 0xfb, 0xfb, 0xfb, 0xfa, 0xfb,
  0xfa, 0xfa, 0xfa, 0xfa, 0xf9, 0xfa, 0xfb, 0xfb, 0xfb, 0xfb, 0xfb, 0xfb,
  0xfa, 0xfb, 0xfb, 0xfa, 0xfb, 0xfc, 0xfc, 0xfc, 0xfd, 0xfd, 0xfe, 0xfe,
  0xfd, 0xf9, 0xf5, 0xf8, 0xf6, 0x5a, 0x04, 0x03, 0x05, 0x03, 0x02, 0x01,
  0x00, 0x00, 0x00, 0x00, 0x00, 0x00, 0x00, 0x00, 0x00, 0x00, 0x00, 0x00,
  0x00, 0x00, 0x00, 0x00, 0x00, 0x00, 0x00, 0x07, 0x00, 0x80, 0xf7, 0xfe,
  0xf5, 0xf8, 0xfa, 0xfa, 0xfa, 0xfb, 0xfc, 0xfc, 0xfb, 0xfc, 0xfc, 0xfc,
  0xfc, 0xfb, 0xfb, 0xfc, 0xfb, 0xfb, 0xfc, 0xfd, 0xfd, 0xfc, 0xfb, 0xfc,
  0xfd, 0xfc, 0xfc, 0xfc, 0xfb, 0xfc, 0xfc, 0xfb, 0xfb, 0xfc, 0xfc, 0xfc,
  0xfc, 0xfc, 0xfb, 0xfc, 0xfc, 0xfb, 0xfb, 0xfc, 0xfc, 0xfc, 0xfc, 0xfc,
  0xfc, 0xfc, 0xfc, 0xfc, 0xfc, 0xfc, 0xfc, 0xfc, 0xfb, 0xfc, 0xfc, 0xfc,
  0xfc, 0xfb, 0xfc, 0xfb, 0xfc, 0xfc, 0xfc, 0xfc, 0xfc, 0xfc, 0xfc, 0xfc,
  0xfc, 0xfc, 0xfc, 0xfc, 0xfc, 0xfb, 0xfb, 0xfb, 0xfc, 0xfc, 0xfc, 0xfc,
  0xfc, 0xfb, 0xfb, 0xfc, 0xfb, 0xfc, 0xfc, 0xfc, 0xfc, 0xfc, 0xfc, 0xfb,
  0xfc, 0xfb, 0xfc, 0xfc, 0xfc, 0xfc, 0xfb, 0xfc, 0xfb, 0xfa, 0xfb, 0xfc,
  0xfb, 0xfc, 0xfc, 0xfb, 0xfb, 0xfb, 0xfb, 0xfb, 0xfa, 0xfb, 0xfc, 0xfc,
  0xfb, 0xfb, 0xfb, 0xfa, 0xfb, 0xfb, 0xfa, 0xfa, 0xfa, 0xfa, 0xfb, 0xfc,
  0xfb, 0xfc, 0xfd, 0xff, 0xfd, 0xfa, 0xf7, 0xf8, 0xff, 0xf5, 0x83, 0x00,
  0x07, 0x06, 0x03, 0x03, 0x03, 0x02, 0x01, 0x00, 0x00, 0x00, 0x00, 0x00,
  0x00, 0x00, 0x00, 0x00, 0x00, 0x00, 0x00, 0x00, 0x00, 0x00, 0x00, 0x00,
  0x00, 0x00, 0x00, 0x00, 0x00, 0x00, 0x00, 0x00, 0x00, 0x01, 0x02, 0x05,
  0x08, 0x09, 0x01, 0x18, 0xd4, 0xfe, 0xf8, 0xf7, 0xf8, 0xf9, 0xf8, 0xf9,
  0xfa, 0xfa, 0xfb, 0xfa, 0xfa, 0xfb, 0xfb, 0xfb, 0xfb, 0xfc, 0xfc, 0xfb,
  0xfc, 0xfc, 0xfc, 0xfb, 0xfb, 0xfc, 0xfc, 0xfc, 0xfc, 0xfc, 0xfc, 0xfb,
  0xfc, 0xfb, 0xfa, 0xfa, 0xf9, 0xf8, 0xf7, 0xf8, 0xf7, 0xf4, 0xff, 0x98,
  0x19, 0x00, 0x04, 0x05, 0x02, 0x01, 0x00, 0x00, 0x00, 0x00, 0x00, 0x00,
  0x00, 0x00, 0x00, 0x00, 0x00, 0x00, 0x00, 0x00, 0x00, 0x00, 0x00, 0x00,
  0x00, 0x00, 0x00, 0x00, 0x00, 0x00, 0x00, 0x00, 0x00, 0x00, 0x00, 0x00,
  0x00, 0x00, 0x00, 0x00, 0x00, 0x00, 0x00, 0x00, 0x00, 0x00, 0x00, 0x00,
  0x00, 0x00, 0x00, 0x00, 0x00, 0x00, 0x00, 0x00, 0x00, 0x00, 0x01, 0x02,
  0x02, 0x03, 0x04, 0x07, 0x09, 0x00, 0x4b, 0xde, 0xff, 0xf8, 0xf9, 0xfc,
  0xfb, 0xfa, 0xfa, 0xfa, 0xfb, 0xfc, 0xfd, 0xfd, 0xfd, 0xfd, 0xfc, 0xfb,
  0xfa, 0xfa, 0xfa, 0xfa, 0xfa, 0xf9, 0xfa, 0xfb, 0xfb, 0xfa, 0xfc, 0xfb,
  0xfc, 0xfd, 0xfd, 0xfd, 0xfd, 0xfc, 0xfb, 0xfc, 0xfc, 0xfc, 0xfc, 0xfc,
  0xfc, 0xfd, 0xfd, 0xfb, 0xfa, 0xf6, 0xfa, 0xf8, 0x92, 0x0c, 0x08, 0x09,
  0x03, 0x01, 0x00, 0x00, 0x00, 0x00, 0x00, 0x00, 0x00, 0x00, 0x00, 0x00,
  0x00, 0x00, 0x00, 0x00, 0x00, 0x01, 0x01, 0x02, 0x03, 0x04, 0x06, 0x02,
  0x0a, 0x6c, 0xff, 0xfa, 0xf8, 0xf8, 0xf9, 0xfa, 0xfb, 0xfa, 0xfa, 0xfb,
  0xfb, 0xfc, 0xfb, 0xfb, 0xfc, 0xfb, 0xfc, 0xfc, 0xfc, 0xfb, 0xfb, 0xfb,
  0xfb, 0xfb, 0xfb, 0xfa, 0xfb, 0xfa, 0xfb, 0xfb, 0xfc, 0xfb, 0xfc, 0xfc,
  0xfc, 0xfc, 0xfc, 0xfc, 0xfd, 0xfd, 0xfe, 0xfe, 0xfd, 0xfc, 0xf9, 0xf1,
  0xff, 0xb7, 0x2a, 0x02, 0x09, 0x03, 0x00, 0x00, 0x00, 0x00, 0x00, 0x00,
  0x00, 0x00, 0x00, 0x00, 0x00, 0x00, 0x00, 0x00, 0x00, 0x00, 0x00, 0x00,
  0x00, 0x00, 0x00, 0x00, 0x00, 0x00, 0x00, 0x00, 0x00, 0x00, 0x00, 0x00,
  0x00, 0x00, 0x00, 0x00, 0x00, 0x00, 0x00, 0x00, 0x00, 0x00, 0x00, 0x00,
  0x00, 0x00, 0x00, 0x00, 0x00, 0x00, 0x00, 0x00, 0x00, 0x00, 0x00, 0x00,
  0x00, 0x00, 0x00, 0x00, 0x00, 0x00, 0x00, 0x00, 0x00, 0x00, 0x00, 0x00,
  0x00, 0x00, 0x00, 0x00, 0x00, 0x00, 0x00, 0x00, 0x00, 0x00, 0x00, 0x00,
  0x00, 0x00, 0x00, 0x00, 0x00, 0x00, 0x00, 0x00, 0x00, 0x00, 0x00, 0x00,
  0x00, 0x01, 0x01, 0x00, 0x00, 0x00, 0x00, 0x00, 0x00, 0x00, 0x00, 0x00,
  0x01, 0x03, 0x09, 0x01, 0x16, 0x9d, 0xfc, 0xf8, 0xfb, 0xfe, 0xfd, 0xfc,
  0xfc, 0xfb, 0xfa, 0xf9, 0xfa, 0xfb, 0xfb, 0xfb, 0xfb, 0xfc, 0xfb, 0xfc,
  0xfd, 0xfc, 0xfd, 0xfd, 0xfd, 0xfd, 0xfd, 0xfc, 0xfc, 0xfc, 0xfc, 0xfc,
  0xfc, 0xfb, 0xfc, 0xfc, 0xfb, 0xfc, 0xfb, 0xfb, 0xfa, 0xf9, 0xfa, 0xf9,
  0xf8, 0xf8, 0xf7, 0xf8, 0xfd, 0xee, 0x4c, 0x01, 0x04, 0x08, 0x05, 0x02,
  0x00, 0x00, 0x00, 0x00, 0x00, 0x00, 0x00, 0x00, 0x00, 0x00, 0x00, 0x01,
  0x02, 0x01, 0x04, 0x00, 0x18, 0xad, 0xfd, 0xfa, 0xf6, 0xf8, 0xfa, 0xfc,
  0xfc, 0xfb, 0xfb, 0xfb, 0xfb, 0xfa, 0xfb, 0xfa, 0xfa, 0xfb, 0xfb, 0xfc,
  0xfb, 0xfc, 0xfc, 0xfc, 0xfd, 0xfc, 0xfc, 0xfc, 0xfb, 0xfc, 0xfc, 0xfc,
  0xfb, 0xfc, 0xfd, 0xfc, 0xfc, 0xfb, 0xfa, 0xfa, 0xfa, 0xfa, 0xfc, 0xfd,
  0xfc, 0xfa, 0xf7, 0xed, 0xff, 0xc8, 0x3b, 0x00, 0x06, 0x06, 0x00, 0x00,
  0x00, 0x00, 0x00, 0x00, 0x00, 0x00, 0x00, 0x00, 0x00, 0x00, 0x00, 0x00,
  0x00, 0x00, 0x00, 0x00, 0x00, 0x00, 0x00, 0x00, 0x00, 0x00, 0x00, 0x00,
  0x00, 0x00, 0x00, 0x00, 0x00, 0x00, 0x00, 0x00, 0x00, 0x00, 0x00, 0x00,
  0x00, 0x00, 0x00, 0x00, 0x00, 0x00, 0x00, 0x00, 0x00, 0x00, 0x00, 0x00,
  0x00, 0x00, 0x00, 0x00, 0x00, 0x00, 0x00, 0x00, 0x00, 0x00, 0x00, 0x00,
  0x00, 0x00, 0x00, 0x00, 0x00, 0x00, 0x00, 0x00, 0x00, 0x00, 0x00, 0x00,
  0x00, 0x00, 0x00, 0x00, 0x00, 0x00, 0x00, 0x00, 0x00, 0x00, 0x00, 0x00,
  0x00, 0x00, 0x00, 0x00, 0x00, 0x00, 0x00, 0x00, 0x00, 0x00, 0x00, 0x00,
  0x00, 0x00, 0x00, 0x00, 0x00, 0x01, 0x02, 0x01, 0x01, 0x00, 0x4a, 0xe7,
  0xf8, 0xf4, 0xf8, 0xf7, 0xf8, 0xf9, 0xf9, 0xf9, 0xfa, 0xfa, 0xfb, 0xfc,
  0xfb, 0xfb, 0xfc, 0xfb, 0xfa, 0xfb, 0xfa, 0xfa, 0xfa, 0xfa, 0xf9, 0xfa,
  0xfb, 0xfb, 0xfb, 0xfa, 0xfb, 0xfc, 0xfb, 0xfc, 0xfc, 0xfb, 0xfb, 0xfb,
  0xfc, 0xfd, 0xfc, 0xfd, 0xfe, 0xff, 0xfd, 0xf8, 0xf5, 0xf2, 0xfd, 0xbb,
  0x2d, 0x00, 0x05, 0x04, 0x03, 0x02, 0x00, 0x00, 0x00, 0x00, 0x00, 0x00,
  0x00, 0x00, 0x00, 0x00, 0x00, 0x00, 0x00, 0x00, 0x00, 0x00, 0x00, 0x00,
  0x00, 0x06, 0x00, 0x81, 0xf7, 0xff, 0xf5, 0xf8, 0xfa, 0xfa, 0xfb, 0xfb,
  0xfb, 0xfb, 0xfb, 0xfc, 0xfd, 0xfc, 0xfb, 0xfc, 0xfc, 0xfb, 0xfc, 0xfb,
  0xfc, 0xfc, 0xfc, 0xfc, 0xfb, 0xfb, 0xfb, 0xfb, 0xfb, 0xfb, 0xfc, 0xfb,
  0xfc, 0xfb, 0xfc, 0xfd, 0xfd, 0xfd, 0xfc, 0xfd, 0xfc, 0xfb, 0xfc, 0xfc,
  0xfc, 0xfd, 0xfc, 0xfd, 0xfd, 0xfd, 0xfd, 0xfd, 0xfd, 0xfd, 0xfd, 0xfd,
  0xfd, 0xfc, 0xfb, 0xfc, 0xfd, 0xfd, 0xfc, 0xfb, 0xfb, 0xfb, 0xfc, 0xfd,
  0xfd, 0xfd, 0xfc, 0xfc, 0xfc, 0xfb, 0xfc, 0xfd, 0xfd, 0xfd, 0xfd, 0xfc,
  0xfc, 0xfc, 0xfb, 0xfc, 0xfd, 0xfc, 0xfb, 0xfc, 0xfc, 0xfb, 0xfc, 0xfd,
  0xfd, 0xfd, 0xfd, 0xfd, 0xfc, 0xfb, 0xfc, 0xfc, 0xfb, 0xfc, 0xfd, 0xfc,
  0xfb, 0xfb, 0xfc, 0xfb, 0xfa, 0xfb, 0xfb, 0xfc, 0xfc, 0xfb, 0xfc, 0xfc,
  0xfc, 0xfc, 0xfb, 0xfa, 0xfb, 0xfc, 0xfb, 0xfa, 0xfa, 0xfb, 0xfc, 0xfb,
  0xfa, 0xfa, 0xfa, 0xfb, 0xfa, 0xfb, 0xfc, 0xfb, 0xfd, 0xfe, 0xfd, 0xf9,
  0xf4, 0xf8, 0xfe, 0xca, 0x26, 0x05, 0x06, 0x04, 0x03, 0x03, 0x02, 0x02,
  0x01, 0x00, 0x00, 0x00, 0x00, 0x00, 0x00, 0x00, 0x00, 0x00, 0x00, 0x00,
  0x00, 0x00, 0x00, 0x00, 0x00, 0x00, 0x00, 0x00, 0x00, 0x00, 0x00, 0x00,
  0x00, 0x00, 0x01, 0x01, 0x02, 0x05, 0x07, 0x0a, 0x02, 0x18, 0xd5, 0xfe,
  0xf8, 0xf8, 0xf9, 0xf9, 0xf8, 0xf9, 0xfa, 0xfa, 0xfb, 0xfa, 0xf9, 0xfb,
  0xfa, 0xfc, 0xfc, 0xfc, 0xfc, 0xfb, 0xfc, 0xfd, 0xfc, 0xfb, 0xfc, 0xfc,
  0xfc, 0xfb, 0xfb, 0xfb, 0xfb, 0xfa, 0xfb, 0xfb, 0xfb, 0xfa, 0xf9, 0xf8,
  0xf8, 0xf9, 0xf8, 0xf4, 0xff, 0x99, 0x1a, 0x00, 0x04, 0x05, 0x03, 0x01,
  0x00, 0x00, 0x00, 0x00, 0x00, 0x00, 0x00, 0x00, 0x00, 0x00, 0x00, 0x00,
  0x00, 0x00, 0x00, 0x00, 0x00, 0x00, 0x00, 0x00, 0x00, 0x00, 0x00, 0x00,
  0x00, 0x00, 0x00, 0x00, 0x00, 0x00, 0x00, 0x00, 0x00, 0x00, 0x00, 0x00,
  0x00, 0x00, 0x00, 0x00, 0x00, 0x00, 0x00, 0x00, 0x00, 0x00, 0x00, 0x00,
  0x00, 0x00, 0x00, 0x00, 0x01, 0x02, 0x01, 0x02, 0x03, 0x05, 0x09, 0x04,
  0x01, 0x6e, 0xed, 0xff, 0xf7, 0xfa, 0xfb, 0xfa, 0xf9, 0xfa, 0xfb, 0xfc,
  0xfc, 0xfc, 0xfc, 0xfc, 0xfc, 0xfb, 0xfb, 0xfa, 0xf9, 0xf9, 0xfa, 0xfa,
  0xfa, 0xfb, 0xfa, 0xfa, 0xfb, 0xfb, 0xfc, 0xfc, 0xfd, 0xfd, 0xfc, 0xfc,
  0xfb, 0xfc, 0xfc, 0xfb, 0xfd, 0xfd, 0xfc, 0xfd, 0xfe, 0xfe, 0xfd, 0xf8,
  0xf4, 0xfc, 0xef, 0x78, 0x03, 0x0b, 0x05, 0x02, 0x00, 0x00, 0x00, 0x00,
  0x00, 0x00, 0x00, 0x00, 0x00, 0x00, 0x00, 0x00, 0x00, 0x00, 0x00, 0x00,
  0x01, 0x02, 0x03, 0x04, 0x03, 0x00, 0x37, 0xd3, 0xfb, 0xf8, 0xf9, 0xf9,
  0xfa, 0xfc, 0xfb, 0xfb, 0xfb, 0xfa, 0xfb, 0xfc, 0xfb, 0xfb, 0xfb, 0xfc,
  0xfd, 0xfd, 0xfc, 0xfb, 0xfb, 0xfa, 0xfa, 0xfb, 0xfb, 0xfa, 0xfb, 0xfa,
  0xfb, 0xfb, 0xfc, 0xfc, 0xfc, 0xfc, 0xfb, 0xfb, 0xfb, 0xfc, 0xfd, 0xfc,
  0xfc, 0xfd, 0xfc, 0xfc, 0xf7, 0xf6, 0xf5, 0x5e, 0x00, 0x07, 0x09, 0x04,
  0x01, 0x00, 0x00, 0x00, 0x00, 0x00, 0x00, 0x00, 0x00, 0x00, 0x00, 0x00,
  0x00, 0x00, 0x00, 0x00, 0x00, 0x00, 0x00, 0x00, 0x00, 0x00, 0x00, 0x00,
  0x00, 0x00, 0x00, 0x00, 0x00, 0x00, 0x00, 0x00, 0x00, 0x00, 0x00, 0x00,
  0x00, 0x00, 0x00, 0x00, 0x00, 0x00, 0x00, 0x00, 0x00, 0x00, 0x00, 0x00,
  0x00, 0x00, 0x00, 0x00, 0x00, 0x00, 0x00, 0x00, 0x00, 0x00, 0x00, 0x00,
  0x00, 0x00, 0x00, 0x00, 0x00, 0x00, 0x00, 0x00, 0x00, 0x00, 0x00, 0x00,
  0x00, 0x00, 0x00, 0x00, 0x00, 0x00, 0x00, 0x00, 0x00, 0x00, 0x00, 0x00,
  0x00, 0x00, 0x00, 0x00, 0x00, 0x01, 0x00, 0x00, 0x01, 0x00, 0x00, 0x00,
  0x00, 0x00, 0x00, 0x00, 0x00, 0x00, 0x01, 0x03, 0x09, 0x05, 0x00, 0x4e,
  0xd8, 0xff, 0xf7, 0xfd, 0xfc, 0xfb, 0xfb, 0xfa, 0xfb, 0xfa, 0xfa, 0xfb,
  0xfa, 0xfa, 0xfb, 0xfc, 0xfb, 0xfc, 0xfd, 0xfd, 0xfc, 0xfd, 0xfe, 0xfd,
  0xfd, 0xfc, 0xfb, 0xfb, 0xfb, 0xfb, 0xfc, 0xfb, 0xfc, 0xfc, 0xfb, 0xfc,
  0xfb, 0xfa, 0xfa, 0xf9, 0xfa, 0xf9, 0xf8, 0xf8, 0xf8, 0xf9, 0xf9, 0xfc,
  0xbb, 0x1b, 0x00, 0x0c, 0x06, 0x02, 0x00, 0x00, 0x00, 0x00, 0x00, 0x00,
  0x00, 0x00, 0x00, 0x00, 0x00, 0x02, 0x03, 0x06, 0x00, 0x03, 0x61, 0xf1,
  0xfc, 0xf8, 0xf8, 0xf9, 0xfa, 0xfb, 0xfc, 0xfb, 0xfa, 0xfa, 0xfa, 0xfa,
  0xfa, 0xfa, 0xfb, 0xfc, 0xfc, 0xfc, 0xfb, 0xfc, 0xfd, 0xfc, 0xfb, 0xfb,
  0xfb, 0xfb, 0xfc, 0xfb, 0xfc, 0xfb, 0xfc, 0xfc, 0xfc, 0xfb, 0xfc, 0xfb,
  0xfa, 0xf9, 0xf9, 0xfa, 0xfb, 0xfb, 0xfb, 0xfb, 0xf5, 0xf6, 0xfa, 0x7d,
  0x0b, 0x00, 0x0a, 0x03, 0x00, 0x00, 0x00, 0x00, 0x00, 0x00, 0x00, 0x00,
  0x00, 0x00, 0x00, 0x00, 0x00, 0x00, 0x00, 0x00, 0x00, 0x00, 0x00, 0x00,
  0x00, 0x00, 0x00, 0x00, 0x00, 0x00, 0x00, 0x00, 0x00, 0x00, 0x00, 0x00,
  0x00, 0x00, 0x00, 0x00, 0x00, 0x00, 0x00, 0x00, 0x00, 0x00, 0x00, 0x00,
  0x00, 0x00, 0x00, 0x00, 0x00, 0x00, 0x00, 0x00, 0x00, 0x00, 0x00, 0x00,
  0x00, 0x00, 0x00, 0x00, 0x00, 0x00, 0x00, 0x00, 0x00, 0x00, 0x00, 0x00,
  0x00, 0x00, 0x00, 0x00, 0x00, 0x00, 0x00, 0x00, 0x00, 0x00, 0x00, 0x00,
  0x00, 0x00, 0x00, 0x00, 0x00, 0x00, 0x00, 0x00, 0x00, 0x00, 0x00, 0x00,
  0x00, 0x00, 0x00, 0x00, 0x00, 0x00, 0x00, 0x00, 0x00, 0x00, 0x00, 0x00,
  0x00, 0x01, 0x03, 0x01, 0x13, 0x8f, 0xff, 0xf0, 0xf7, 0xf8, 0xf8, 0xf9,
  0xf8, 0xf9, 0xfa, 0xfa, 0xfb, 0xfc, 0xfb, 0xfb, 0xfc, 0xfb, 0xfa, 0xfa,
  0xfb, 0xfb, 0xfb, 0xfa, 0xf9, 0xfa, 0xfb, 0xfb, 0xfb, 0xfa, 0xfb, 0xfc,
  0xfc, 0xfb, 0xfb, 0xfc, 0xfb, 0xfc, 0xfb, 0xfc, 0xfd, 0xfd, 0xfe, 0xfe,
  0xfd, 0xfa, 0xf8, 0xf8, 0xf7, 0xff, 0x77, 0x06, 0x02, 0x06, 0x04, 0x03,
  0x01, 0x00, 0x00, 0x00, 0x00, 0x00, 0x00, 0x00, 0x00, 0x00, 0x00, 0x00,
  0x00, 0x00, 0x00, 0x00, 0x01, 0x01, 0x01, 0x06, 0x00, 0x83, 0xf8, 0xfe,
  0xf5, 0xf8, 0xfa, 0xfb, 0xfb, 0xfc, 0xfc, 0xfc, 0xfb, 0xfc, 0xfd, 0xfc,
  0xfb, 0xfb, 0xfb, 0xfc, 0xfc, 0xfb, 0xfc, 0xfc, 0xfc, 0xfd, 0xfc, 0xfc,
  0xfc, 0xfb, 0xfc, 0xfc, 0xfb, 0xfb, 0xfc, 0xfb, 0xfc, 0xfc, 0xfd, 0xfd,
  0xfd, 0xfd, 0xfc, 0xfb, 0xfc, 0xfd, 0xfd, 0xfd, 0xfd, 0xfd, 0xfd, 0xfd,
  0xfc, 0xfc, 0xfc, 0xfd, 0xfc, 0xfd, 0xfc, 0xfb, 0xfc, 0xfb, 0xfc, 0xfc,
  0xfb, 0xfc, 0xfc, 0xfb, 0xfc, 0xfc, 0xfc, 0xfd, 0xfc, 0xfb, 0xfc, 0xfb,
  0xfc, 0xfd, 0xfc, 0xfd, 0xfd, 0xfd, 0xfd, 0xfc, 0xfd, 0xfc, 0xfb, 0xfb,
  0xfc, 0xfb, 0xfb, 0xfb, 0xfc, 0xfc, 0xfc, 0xfc, 0xfc, 0xfd, 0xfc, 0xfb,
  0xfc, 0xfc, 0xfb, 0xfc, 0xfd, 0xfc, 0xfb, 0xfb, 0xfb, 0xfc, 0xfc, 0xfc,
  0xfb, 0xfc, 0xfc, 0xfb, 0xfb, 0xfb, 0xfc, 0xfb, 0xfc, 0xfb, 0xfa, 0xfa,
  0xfa, 0xfb, 0xfb, 0xfa, 0xfb, 0xfb, 0xfa, 0xfb, 0xfb, 0xfb, 0xfb, 0xfa,
  0xfa, 0xfb, 0xfb, 0xfc, 0xfd, 0xfa, 0xf7, 0xff, 0xec, 0x73, 0x00, 0x0a,
  0x06, 0x04, 0x03, 0x03, 0x02, 0x01, 0x01, 0x00, 0x00, 0x00, 0x00, 0x00,
  0x00, 0x00, 0x00, 0x00, 0x00, 0x00, 0x00, 0x00, 0x00, 0x00, 0x00, 0x00,
  0x00, 0x00, 0x00, 0x00, 0x00, 0x00, 0x00, 0x00, 0x01, 0x01, 0x02, 0x05,
  0x07, 0x0a, 0x02, 0x18, 0xd6, 0xfe, 0xf7, 0xf7, 0xfa, 0xfa, 0xfa, 0xfa,
  0xf9, 0xf9, 0xf9, 0xf9, 0xfa, 0xfb, 0xfa, 0xfb, 0xfb, 0xfb, 0xfc, 0xfb,
  0xfc, 0xfc, 0xfb, 0xfb, 0xfc, 0xfd, 0xfc, 0xfb, 0xfb, 0xfa, 0xfa, 0xfb,
  0xfa, 0xfb, 0xfb, 0xfa, 0xfa, 0xf9, 0xf8, 0xf9, 0xf9, 0xf6, 0xff, 0x9a,
  0x1c, 0x00, 0x04, 0x05, 0x03, 0x02, 0x00, 0x00, 0x00, 0x00, 0x00, 0x00,
  0x00, 0x00, 0x00, 0x00, 0x00, 0x00, 0x00, 0x00, 0x00, 0x00, 0x00, 0x00,
  0x00, 0x00, 0x00, 0x00, 0x00, 0x00, 0x00, 0x00, 0x00, 0x00, 0x00, 0x00,
  0x00, 0x00, 0x00, 0x00, 0x00, 0x00, 0x00, 0x00, 0x00, 0x00, 0x00, 0x00,
  0x00, 0x00, 0x00, 0x00, 0x00, 0x00, 0x00, 0x00, 0x00, 0x00, 0x00, 0x01,
  0x00, 0x01, 0x02, 0x03, 0x04, 0x09, 0x02, 0x11, 0x90, 0xf7, 0xfc, 0xf4,
  0xfa, 0xf9, 0xf9, 0xfa, 0xfc, 0xfb, 0xfb, 0xfb, 0xfb, 0xfb, 0xfc, 0xfb,
  0xfb, 0xfa, 0xfa, 0xf9, 0xfa, 0xfb, 0xfb, 0xfa, 0xfa, 0xfa, 0xfb, 0xfb,
  0xfc, 0xfd, 0xfc, 0xfd, 0xfd, 0xfc, 0xfd, 0xfd, 0xfc, 0xfc, 0xfc, 0xfd,
  0xfc, 0xfd, 0xfe, 0xfe, 0xfd, 0xfa, 0xf7, 0xf8, 0xfe, 0xdd, 0x52, 0x00,
  0x08, 0x05, 0x04, 0x02, 0x00, 0x00, 0x00, 0x00, 0x00, 0x00, 0x00, 0x00,
  0x00, 0x00, 0x00, 0x00, 0x00, 0x00, 0x00, 0x02, 0x04, 0x05, 0x00, 0x14,
  0x8d, 0xff, 0xf5, 0xfb, 0xfb, 0xfb, 0xfc, 0xfc, 0xfc, 0xfb, 0xfa, 0xfb,
  0xfa, 0xfb, 0xfc, 0xfc, 0xfc, 0xfd, 0xfc, 0xfc, 0xfc, 0xfb, 0xfb, 0xfa,
  0xfa, 0xfb, 0xfa, 0xfb, 0xfa, 0xfa, 0xfb, 0xfc, 0xfb, 0xfd, 0xfc, 0xfb,
  0xfb, 0xfb, 0xfc, 0xfb, 0xfc, 0xfc, 0xfb, 0xfb, 0xfa, 0xfb, 0xf7, 0xff,
  0x9e, 0x1d, 0x01, 0x07, 0x05, 0x03, 0x00, 0x00, 0x00, 0x00, 0x00, 0x00,
  0x00, 0x00, 0x00, 0x00, 0x00, 0x00, 0x00, 0x00, 0x00, 0x00, 0x00, 0x00,
  0x00, 0x00, 0x00, 0x00, 0x00, 0x00, 0x00, 0x00, 0x00, 0x00, 0x00, 0x00,
  0x00, 0x00, 0x00, 0x00, 0x00, 0x00, 0x00, 0x00, 0x00, 0x00, 0x00, 0x00,
  0x00, 0x00, 0x00, 0x00, 0x00, 0x00, 0x00, 0x00, 0x00, 0x00, 0x00, 0x00,
  0x00, 0x00, 0x00, 0x00, 0x00, 0x00, 0x00, 0x00, 0x00, 0x00, 0x00, 0x00,
  0x00, 0x00, 0x00, 0x00, 0x00, 0x00, 0x00, 0x00, 0x00, 0x00, 0x00, 0x00,
  0x00, 0x00, 0x00, 0x00, 0x00, 0x00, 0x00, 0x00, 0x00, 0x00, 0x00, 0x01,
  0x00, 0x00, 0x00, 0x01, 0x00, 0x00, 0x00, 0x00, 0x00, 0x00, 0x00, 0x00,
  0x00, 0x03, 0x03, 0x06, 0x00, 0x13, 0x91, 0xfd, 0xf9, 0xf8, 0xf9, 0xf9,
  0xf9, 0xfa, 0xfb, 0xfa, 0xf9, 0xfa, 0xfa, 0xfb, 0xfc, 0xfc, 0xfc, 0xfc,
  0xfd, 0xfd, 0xfc, 0xfd, 0xfe, 0xfd, 0xfd, 0xfc, 0xfb, 0xfc, 0xfb, 0xfc,
  0xfd, 0xfb, 0xfc, 0xfc, 0xfb, 0xfc, 0xfb, 0xfa, 0xfb, 0xfa, 0xfa, 0xf9,
  0xf8, 0xf9, 0xf9, 0xf8, 0xf6, 0xfb, 0xf4, 0x67, 0x05, 0x02, 0x06, 0x01,
  0x00, 0x00, 0x00, 0x00, 0x00, 0x00, 0x00, 0x00, 0x00, 0x00, 0x00, 0x02,
  0x06, 0x0a, 0x00, 0x2b, 0xca, 0xfd, 0xf7, 0xf8, 0xf9, 0xfa, 0xfa, 0xfb,
  0xfc, 0xfb, 0xfa, 0xfb, 0xfb, 0xfb, 0xfa, 0xfb, 0xfc, 0xfb, 0xfc, 0xfb,
  0xfc, 0xfb, 0xfc, 0xfc, 0xfb, 0xfc, 0xfb, 0xfb, 0xfb, 0xfc, 0xfb, 0xfb,
  0xfc, 0xfd, 0xfc, 0xfc, 0xfb, 0xfa, 0xfa, 0xf9, 0xfa, 0xf9, 0xfa, 0xfa,
  0xfa, 0xfb, 0xf4, 0xff, 0xbd, 0x2f, 0x00, 0x06, 0x07, 0x02, 0x00, 0x00,
  0x00, 0x00, 0x00, 0x00, 0x00, 0x00, 0x00, 0x00, 0x00, 0x00, 0x00, 0x00,
  0x00, 0x00, 0x00, 0x00, 0x00, 0x00, 0x00, 0x00, 0x00, 0x00, 0x00, 0x00,
  0x00, 0x00, 0x00, 0x00, 0x00, 0x00, 0x00, 0x00, 0x00, 0x00, 0x00, 0x00,
  0x00, 0x00, 0x00, 0x00, 0x00, 0x00, 0x00, 0x00, 0x00, 0x00, 0x00, 0x00,
  0x00, 0x00, 0x00, 0x00, 0x00, 0x00, 0x00, 0x00, 0x00, 0x00, 0x00, 0x01,
  0x00, 0x00, 0x00, 0x00, 0x00, 0x00, 0x00, 0x00, 0x00, 0x00, 0x00, 0x00,
  0x00, 0x00, 0x00, 0x00, 0x00, 0x00, 0x00, 0x00, 0x00, 0x00, 0x00, 0x00,
  0x00, 0x00, 0x00, 0x00, 0x00, 0x00, 0x00, 0x00, 0x00, 0x00, 0x00, 0x00,
  0x00, 0x00, 0x00, 0x00, 0x00, 0x00, 0x00, 0x02, 0x06, 0x05, 0x00, 0x3e,
  0xdc, 0xfa, 0xf4, 0xf7, 0xf8, 0xf9, 0xf8, 0xf9, 0xfa, 0xfa, 0xfb, 0xfc,
  0xfb, 0xfb, 0xfc, 0xfb, 0xfa, 0xfb, 0xfa, 0xfa, 0xfb, 0xfa, 0xf9, 0xfa,
  0xfb, 0xfa, 0xfa, 0xfa, 0xfb, 0xfc, 0xfb, 0xfc, 0xfc, 0xfc, 0xfc, 0xfc,
  0xfb, 0xfc, 0xfd, 0xfd, 0xfe, 0xfd, 0xfd, 0xfd, 0xfc, 0xfc, 0xf9, 0xfe,
  0xd9, 0x43, 0x00, 0x07, 0x07, 0x03, 0x01, 0x00, 0x00, 0x00, 0x00, 0x00,
  0x00, 0x00, 0x00, 0x00, 0x00, 0x00, 0x00, 0x00, 0x00, 0x00, 0x01, 0x00,
  0x02, 0x07, 0x00, 0x85, 0xf8, 0xff, 0xf5, 0xf8, 0xfa, 0xfb, 0xfc, 0xfc,
  0xfd, 0xfd, 0xfc, 0xfb, 0xfc, 0xfd, 0xfc, 0xfb, 0xfc, 0xfb, 0xfc, 0xfb,
  0xfc, 0xfd, 0xfd, 0xfc, 0xfc, 0xfd, 0xfc, 0xfb, 0xfc, 0xfb, 0xfc, 0xfc,
  0xfb, 0xfc, 0xfb, 0xfc, 0xfc, 0xfc, 0xfc, 0xfd, 0xfc, 0xfb, 0xfc, 0xfd,
  0xfc, 0xfc, 0xfc, 0xfc, 0xfd, 0xfc, 0xfc, 0xfb, 0xfc, 0xfd, 0xfd, 0xfc,
  0xfb, 0xfc, 0xfb, 0xfc, 0xfc, 0xfb, 0xfc, 0xfb, 0xfb, 0xfc, 0xfb, 0xfc,
  0xfb, 0xfc, 0xfd, 0xfd, 0xfc, 0xfb, 0xfc, 0xfd, 0xfc, 0xfc, 0xfc, 0xfd,
  0xfc, 0xfb, 0xfc, 0xfc, 0xfb, 0xfc, 0xfc, 0xfc, 0xfc, 0xfc, 0xfc, 0xfc,
  0xfb, 0xfc, 0xfd, 0xfd, 0xfc, 0xfb, 0xfc, 0xfc, 0xfb, 0xfc, 0xfc, 0xfb,
  0xfc, 0xfc, 0xfc, 0xfb, 0xfb, 0xfb, 0xfc, 0xfb, 0xfb, 0xfc, 0xfb, 0xfc,
  0xfc, 0xfb, 0xfb, 0xfc, 0xfb, 0xfa, 0xfb, 0xfb, 0xfa, 0xfb, 0xfc, 0xfb,
  0xfa, 0xfb, 0xfb, 0xfb, 0xfa, 0xfa, 0xf9, 0xfa, 0xfa, 0xfb, 0xfc, 0xfa,
  0xfc, 0xfe, 0xb3, 0x12, 0x06, 0x07, 0x05, 0x04, 0x03, 0x02, 0x02, 0x01,
  0x00, 0x00, 0x00, 0x00, 0x00, 0x00, 0x00, 0x00, 0x00, 0x00, 0x00, 0x00,
  0x00, 0x00, 0x00, 0x00, 0x00, 0x00, 0x00, 0x00, 0x00, 0x00, 0x00, 0x00,
  0x00, 0x00, 0x01, 0x01, 0x02, 0x05, 0x07, 0x0a, 0x02, 0x18, 0xd6, 0xfe,
  0xf8, 0xf8, 0xfb, 0xfb, 0xfb, 0xfa, 0xf9, 0xfa, 0xfa, 0xf9, 0xfa, 0xfb,
  0xfa, 0xfb, 0xfb, 0xfa, 0xfb, 0xfc, 0xfb, 0xfc, 0xfb, 0xfc, 0xfd, 0xfc,
  0xfb, 0xfa, 0xfa, 0xfa, 0xfa, 0xfb, 0xfa, 0xfb, 0xfc, 0xfb, 0xfb, 0xfa,
  0xfa, 0xfb, 0xfa, 0xf6, 0xff, 0x9d, 0x1d, 0x00, 0x04, 0x05, 0x03, 0x00,
  0x00, 0x00, 0x00, 0x00, 0x00, 0x00, 0x00, 0x00, 0x00, 0x00, 0x00, 0x00,
  0x00, 0x00, 0x00, 0x00, 0x00, 0x00, 0x00, 0x00, 0x00, 0x00, 0x00, 0x00,
  0x00, 0x00, 0x00, 0x00, 0x00, 0x00, 0x00, 0x00, 0x00, 0x00, 0x00, 0x00,
  0x00, 0x00, 0x00, 0x00, 0x00, 0x00, 0x00, 0x00, 0x00, 0x00, 0x00, 0x00,
  0x00, 0x00, 0x00, 0x00, 0x00, 0x00, 0x01, 0x02, 0x01, 0x01, 0x02, 0x06,
  0x0b, 0x00, 0x25, 0xb1, 0xfd, 0xf7, 0xf4, 0xfa, 0xf9, 0xfa, 0xfb, 0xfb,
  0xfc, 0xfc, 0xfb, 0xfb, 0xfc, 0xfb, 0xfa, 0xfb, 0xfb, 0xfa, 0xfa, 0xfb,
  0xfa, 0xfb, 0xfb, 0xfb, 0xfb, 0xfb, 0xfc, 0xfd, 0xfc, 0xfd, 0xfd, 0xfc,
  0xfd, 0xfc, 0xfb, 0xfb, 0xfb, 0xfc, 0xfc, 0xfd, 0xfe, 0xfd, 0xfe, 0xfd,
  0xfc, 0xfa, 0xfd, 0xff, 0xca, 0x38, 0x00, 0x0a, 0x08, 0x04, 0x00, 0x00,
  0x00, 0x00, 0x00, 0x00, 0x00, 0x00, 0x00, 0x00, 0x00, 0x00, 0x00, 0x00,
  0x00, 0x02, 0x06, 0x05, 0x00, 0x53, 0xeb, 0xf9, 0xf3, 0xfa, 0xfc, 0xfe,
  0xfe, 0xfd, 0xfc, 0xfc, 0xfb, 0xfa, 0xfa, 0xfb, 0xfc, 0xfc, 0xfd, 0xfd,
  0xfd, 0xfc, 0xfc, 0xfb, 0xfb, 0xfa, 0xfa, 0xfb, 0xfb, 0xfa, 0xfa, 0xfb,
  0xfb, 0xfb, 0xfb, 0xfc, 0xfc, 0xfc, 0xfb, 0xfb, 0xfc, 0xfb, 0xfc, 0xfb,
  0xfa, 0xf7, 0xf6, 0xf7, 0xfb, 0xe7, 0x48, 0x00, 0x03, 0x04, 0x02, 0x02,
  0x01, 0x00, 0x00, 0x00, 0x00, 0x00, 0x00, 0x00, 0x00, 0x00, 0x00, 0x00,
  0x00, 0x00, 0x00, 0x00, 0x00, 0x00, 0x00, 0x00, 0x00, 0x00, 0x00, 0x00,
  0x00, 0x00, 0x00, 0x00, 0x00, 0x00, 0x00, 0x00, 0x00, 0x00, 0x00, 0x00,
  0x00, 0x00, 0x00, 0x00, 0x00, 0x00, 0x00, 0x00, 0x00, 0x00, 0x00, 0x00,
  0x00, 0x00, 0x00, 0x00, 0x00, 0x00, 0x00, 0x00, 0x00, 0x00, 0x00, 0x00,
  0x00, 0x00, 0x00, 0x00, 0x00, 0x00, 0x00, 0x00, 0x00, 0x00, 0x00, 0x00,
  0x00, 0x00, 0x00, 0x00, 0x00, 0x00, 0x00, 0x00, 0x00, 0x00, 0x00, 0x00,
  0x00, 0x00, 0x00, 0x00, 0x00, 0x00, 0x00, 0x00, 0x00, 0x01, 0x00, 0x00,
  0x00, 0x00, 0x00, 0x00, 0x00, 0x00, 0x00, 0x00, 0x00, 0x03, 0x03, 0x00,
  0x42, 0xcf, 0xff, 0xf1, 0xf6, 0xf7, 0xf9, 0xfb, 0xfa, 0xf9, 0xfa, 0xf9,
  0xfa, 0xfb, 0xfb, 0xfc, 0xfc, 0xfc, 0xfd, 0xfd, 0xfc, 0xfd, 0xfe, 0xfd,
  0xfd, 0xfc, 0xfb, 0xfb, 0xfc, 0xfd, 0xfc, 0xfb, 0xfc, 0xfc, 0xfb, 0xfc,
  0xfb, 0xfb, 0xfb, 0xfa, 0xfa, 0xf9, 0xf8, 0xf9, 0xfa, 0xf8, 0xf7, 0xf5,
  0xfc, 0xd5, 0x2d, 0x00, 0x06, 0x00, 0x01, 0x01, 0x00, 0x00, 0x00, 0x00,
  0x00, 0x00, 0x00, 0x00, 0x01, 0x02, 0x0a, 0x00, 0x11, 0x88, 0xfa, 0xf8,
  0xf5, 0xf8, 0xf9, 0xfa, 0xfa, 0xfb, 0xfa, 0xfb, 0xfc, 0xfb, 0xfb, 0xfb,
  0xfb, 0xfb, 0xfc, 0xfc, 0xfc, 0xfb, 0xfc, 0xfc, 0xfc, 0xfc, 0xfb, 0xfc,
  0xfb, 0xfa, 0xfb, 0xfc, 0xfb, 0xfb, 0xfc, 0xfc, 0xfb, 0xfc, 0xfb, 0xfb,
  0xfa, 0xf9, 0xfa, 0xfa, 0xf9, 0xf9, 0xf9, 0xf6, 0xf8, 0xf7, 0x74, 0x08,
  0x00, 0x07, 0x03, 0x02, 0x00, 0x00, 0x00, 0x00, 0x00, 0x00, 0x00, 0x00,
  0x00, 0x00, 0x00, 0x00, 0x00, 0x00, 0x00, 0x00, 0x00, 0x00, 0x00, 0x00,
  0x00, 0x00, 0x00, 0x00, 0x00, 0x00, 0x00, 0x00, 0x00, 0x00, 0x01, 0x00,
  0x00, 0x00, 0x00, 0x00, 0x00, 0x00, 0x00, 0x00, 0x00, 0x00, 0x00, 0x00,
  0x00, 0x00, 0x00, 0x00, 0x00, 0x00, 0x00, 0x00, 0x00, 0x00, 0x00, 0x00,
  0x00, 0x00, 0x00, 0x00, 0x00, 0x00, 0x00, 0x00, 0x00, 0x00, 0x00, 0x00,
  0x00, 0x00, 0x00, 0x00, 0x00, 0x00, 0x00, 0x00, 0x00, 0x00, 0x00, 0x00,
  0x00, 0x00, 0x00, 0x00, 0x00, 0x00, 0x00, 0x00, 0x00, 0x00, 0x00, 0x00,
  0x00, 0x00, 0x00, 0x00, 0x00, 0x00, 0x00, 0x00, 0x00, 0x00, 0x00, 0x00,
  0x00, 0x01, 0x06, 0x08, 0x00, 0x08, 0x78, 0xff, 0xf3, 0xf7, 0xf8, 0xf8,
  0xf8, 0xfa, 0xfb, 0xfb, 0xfc, 0xfb, 0xfc, 0xfb, 0xfc, 0xfb, 0xfa, 0xfb,
  0xfb, 0xfa, 0xfb, 0xfa, 0xf9, 0xf9, 0xfa, 0xfb, 0xfa, 0xfb, 0xfc, 0xfb,
  0xfb, 0xfc, 0xfc, 0xfc, 0xfc, 0xfc, 0xfc, 0xfc, 0xfd, 0xfe, 0xfd, 0xfd,
  0xfe, 0xfe, 0xfd, 0xfd, 0xfc, 0xf6, 0xfe, 0x92, 0x11, 0x00, 0x07, 0x04,
  0x01, 0x00, 0x00, 0x00, 0x00, 0x00, 0x00, 0x00, 0x00, 0x00, 0x00, 0x00,
  0x00, 0x00, 0x00, 0x00, 0x00, 0x00, 0x03, 0x07, 0x00, 0x86, 0xf8, 0xff,
  0xf6, 0xf9, 0xfb, 0xfc, 0xfd, 0xfc, 0xfc, 0xfc, 0xfc, 0xfb, 0xfc, 0xfc,
  0xfb, 0xfc, 0xfc, 0xfb, 0xfc, 0xfb, 0xfc, 0xfc, 0xfc, 0xfc, 0xfc, 0xfc,
  0xfc, 0xfb, 0xfc, 0xfb, 0xfc, 0xfc, 0xfb, 0xfc, 0xfb, 0xfb, 0xfc, 0xfc,
  0xfc, 0xfc, 0xfc, 0xfb, 0xfc, 0xfc, 0xfc, 0xfc, 0xfc, 0xfc, 0xfc, 0xfc,
  0xfc, 0xfb, 0xfc, 0xfc, 0xfc, 0xfc, 0xfb, 0xfc, 0xfc, 0xfc, 0xfb, 0xfc,
  0xfb, 0xfb, 0xfa, 0xfb, 0xfc, 0xfb, 0xfc, 0xfc, 0xfb, 0xfc, 0xfc, 0xfc,
  0xfc, 0xfc, 0xfc, 0xfc, 0xfc, 0xfc, 0xfc, 0xfb, 0xfc, 0xfc, 0xfc, 0xfc,
  0xfc, 0xfb, 0xfc, 0xfd, 0xfc, 0xfc, 0xfd, 0xfc, 0xfb, 0xfc, 0xfc, 0xfc,
  0xfc, 0xfc, 0xfc, 0xfc, 0xfc, 0xfb, 0xfc, 0xfc, 0xfc, 0xfc, 0xfc, 0xfc,
  0xfc, 0xfc, 0xfb, 0xfc, 0xfd, 0xfd, 0xfc, 0xfb, 0xfc, 0xfc, 0xfb, 0xfb,
  0xfb, 0xfb, 0xfb, 0xfb, 0xfc, 0xfb, 0xfb, 0xfc, 0xfb, 0xfa, 0xfa, 0xf9,
  0xf9, 0xfa, 0xf9, 0xfa, 0xfa, 0xfa, 0xfe, 0xdd, 0x55, 0x00, 0x0b, 0x05,
  0x04, 0x03, 0x02, 0x01, 0x00, 0x00, 0x01, 0x00, 0x00, 0x00, 0x00, 0x00,
  0x00, 0x00, 0x00, 0x00, 0x00, 0x00, 0x00, 0x00, 0x00, 0x00, 0x00, 0x00,
  0x00, 0x00, 0x00, 0x00, 0x00, 0x00, 0x00, 0x00, 0x00, 0x01, 0x02, 0x04,
  0x07, 0x0a, 0x01, 0x18, 0xd6, 0xfe, 0xf8, 0xf8, 0xfa, 0xfb, 0xfb, 0xfa,
  0xfa, 0xfa, 0xfa, 0xfa, 0xfa, 0xfb, 0xfb, 0xfa, 0xfb, 0xfc, 0xfc, 0xfb,
  0xfc, 0xfd, 0xfc, 0xfb, 0xfc, 0xfc, 0xfb, 0xfa, 0xfa, 0xf9, 0xfa, 0xf9,
  0xfa, 0xfa, 0xfb, 0xfc, 0xfc, 0xfb, 0xfb, 0xfc, 0xfb, 0xf7, 0xff, 0x9f,
  0x1e, 0x00, 0x04, 0x05, 0x03, 0x00, 0x00, 0x00, 0x00, 0x00, 0x00, 0x00,
  0x00, 0x00, 0x00, 0x00, 0x00, 0x00, 0x00, 0x00, 0x00, 0x00, 0x00, 0x00,
  0x00, 0x00, 0x00, 0x00, 0x00, 0x00, 0x00, 0x00, 0x00, 0x00, 0x00, 0x00,
  0x00, 0x00, 0x00, 0x00, 0x00, 0x00, 0x00, 0x00, 0x00, 0x00, 0x00, 0x00,
  0x00, 0x00, 0x00, 0x00, 0x00, 0x00, 0x00, 0x00, 0x00, 0x00, 0x00, 0x00,
  0x01, 0x01, 0x00, 0x01, 0x02, 0x03, 0x07, 0x07, 0x00, 0x3c, 0xca, 0xfe,
  0xf4, 0xf6, 0xf9, 0xf9, 0xfb, 0xfb, 0xfc, 0xfc, 0xfb, 0xfa, 0xfb, 0xfb,
  0xfb, 0xfb, 0xfb, 0xfa, 0xfa, 0xfb, 0xfa, 0xfb, 0xfc, 0xfb, 0xfb, 0xfc,
  0xfd, 0xfc, 0xfd, 0xfe, 0xfe, 0xfd, 0xfc, 0xfc, 0xfb, 0xfb, 0xfc, 0xfc,
  0xfd, 0xfc, 0xfd, 0xfe, 0xfe, 0xfd, 0xfe, 0xfd, 0xfb, 0xfe, 0xfd, 0xb4,
  0x1b, 0x03, 0x06, 0x05, 0x02, 0x00, 0x00, 0x00, 0x00, 0x00, 0x00, 0x00,
  0x00, 0x00, 0x00, 0x00, 0x00, 0x01, 0x00, 0x03, 0x06, 0x00, 0x29, 0xb0,
  0xff, 0xf1, 0xf6, 0xfa, 0xfc, 0xfe, 0xfe, 0xfd, 0xfd, 0xfc, 0xfb, 0xfb,
  0xfb, 0xfc, 0xfd, 0xfc, 0xfd, 0xfd, 0xfd, 0xfc, 0xfc, 0xfb, 0xfa, 0xfb,
  0xfa, 0xf9, 0xfa, 0xf9, 0xfa, 0xfb, 0xfa, 0xfa, 0xfb, 0xfc, 0xfb, 0xfc,
  0xfb, 0xfa, 0xfb, 0xfb, 0xfb, 0xfa, 0xf9, 0xf7, 0xf5, 0xf3, 0xff, 0x83,
  0x10, 0x00, 0x05, 0x03, 0x01, 0x01, 0x01, 0x00, 0x00, 0x00, 0x00, 0x00,
  0x00, 0x00, 0x00, 0x00, 0x00, 0x00, 0x00, 0x00, 0x00, 0x00, 0x00, 0x00,
  0x00, 0x00, 0x00, 0x00, 0x00, 0x00, 0x00, 0x00, 0x00, 0x00, 0x00, 0x00,
  0x00, 0x00, 0x00, 0x00, 0x00, 0x00, 0x00, 0x00, 0x00, 0x00, 0x00, 0x00,
  0x00, 0x00, 0x00, 0x00, 0x00, 0x00, 0x00, 0x00, 0x00, 0x00, 0x00, 0x00,
  0x00, 0x00, 0x00, 0x00, 0x00, 0x00, 0x00, 0x00, 0x00, 0x00, 0x00, 0x00,
  0x00, 0x00, 0x00, 0x00, 0x00, 0x00, 0x00, 0x00, 0x00, 0x00, 0x00, 0x00,
  0x00, 0x00, 0x00, 0x00, 0x00, 0x00, 0x00, 0x00, 0x00, 0x00, 0x00, 0x00,
  0x00, 0x00, 0x00, 0x00, 0x00, 0x00, 0x00, 0x00, 0x00, 0x00, 0x00, 0x00,
  0x00, 0x00, 0x00, 0x00, 0x06, 0x00, 0x0e, 0x84, 0xfe, 0xf4, 0xf2, 0xf7,
  0xfa, 0xfb, 0xfb, 0xfa, 0xf9, 0xfa, 0xfa, 0xfb, 0xfc, 0xfb, 0xfc, 0xfd,
  0xfc, 0xfc, 0xfd, 0xfe, 0xfd, 0xfe, 0xfd, 0xfc, 0xfd, 0xfc, 0xfb, 0xfc,
  0xfc, 0xfb, 0xfc, 0xfc, 0xfc, 0xfc, 0xfb, 0xfc, 0xfb, 0xfa, 0xfa, 0xf9,
  0xf8, 0xf9, 0xf9, 0xf9, 0xf8, 0xf5, 0xf8, 0xfc, 0x8e, 0x14, 0x00, 0x05,
  0x02, 0x03, 0x01, 0x00, 0x00, 0x00, 0x00, 0x00, 0x00, 0x02, 0x02, 0x03,
  0x06, 0x00, 0x53, 0xe7, 0xfe, 0xf5, 0xf7, 0xf8, 0xf9, 0xf9, 0xf9, 0xfa,
  0xfa, 0xfb, 0xfc, 0xfd, 0xfc, 0xfd, 0xfc, 0xfb, 0xfc, 0xfc, 0xfc, 0xfb,
  0xfc, 0xfc, 0xfc, 0xfc, 0xfb, 0xfb, 0xfc, 0xfb, 0xfb, 0xfc, 0xfc, 0xfc,
  0xfc, 0xfc, 0xfc, 0xfc, 0xfb, 0xfa, 0xf9, 0xfa, 0xf9, 0xfa, 0xf9, 0xf7,
  0xf6, 0xf1, 0xfe, 0xb6, 0x2a, 0x00, 0x06, 0x05, 0x02, 0x01, 0x00, 0x00,
  0x00, 0x00, 0x00, 0x00, 0x00, 0x00, 0x00, 0x00, 0x00, 0x00, 0x00, 0x00,
  0x00, 0x00, 0x00, 0x00, 0x00, 0x00, 0x00, 0x00, 0x00, 0x00, 0x00, 0x00,
  0x00, 0x00, 0x00, 0x00, 0x00, 0x01, 0x00, 0x00, 0x00, 0x00, 0x00, 0x00,
  0x00, 0x00, 0x00, 0x00, 0x00, 0x00, 0x00, 0x00, 0x00, 0x00, 0x00, 0x00,
  0x00, 0x00, 0x00, 0x00, 0x00, 0x00, 0x00, 0x00, 0x00, 0x01, 0x00, 0x00,
  0x00, 0x00, 0x00, 0x00, 0x00, 0x00, 0x00, 0x00, 0x00, 0x00, 0x00, 0x00,
  0x00, 0x00, 0x00, 0x00, 0x00, 0x00, 0x00, 0x00, 0x00, 0x00, 0x00, 0x00,
  0x00, 0x00, 0x00, 0x00, 0x00, 0x00, 0x00, 0x00, 0x00, 0x00, 0x00, 0x00,
  0x00, 0x00, 0x00, 0x00, 0x00, 0x00, 0x00, 0x01, 0x04, 0x05, 0x03, 0x00,
  0x27, 0xc3, 0xfd, 0xf6, 0xf7, 0xf6, 0xf8, 0xfa, 0xfb, 0xfc, 0xfb, 0xfb,
  0xfb, 0xfc, 0xfc, 0xfc, 0xfb, 0xfc, 0xfc, 0xfb, 0xfb, 0xfa, 0xf9, 0xfa,
  0xf9, 0xfa, 0xfb, 0xfb, 0xfc, 0xfb, 0xfc, 0xfd, 0xfd, 0xfd, 0xfd, 0xfd,
  0xfd, 0xfd, 0xfd, 0xfd, 0xfe, 0xfe, 0xfd, 0xfe, 0xfe, 0xfc, 0xfa, 0xf4,
  0xfe, 0xea, 0x5d, 0x00, 0x03, 0x01, 0x01, 0x00, 0x00, 0x00, 0x00, 0x00,
  0x00, 0x00, 0x00, 0x00, 0x00, 0x00, 0x00, 0x00, 0x00, 0x01, 0x01, 0x01,
  0x03, 0x07, 0x00, 0x88, 0xf9, 0xff, 0xf6, 0xf8, 0xfb, 0xfd, 0xfd, 0xfc,
  0xfb, 0xfb, 0xfc, 0xfc, 0xfc, 0xfb, 0xfb, 0xfc, 0xfc, 0xfb, 0xfc, 0xfc,
  0xfc, 0xfb, 0xfb, 0xfb, 0xfb, 0xfb, 0xfb, 0xfc, 0xfb, 0xfc, 0xfd, 0xfc,
  0xfb, 0xfc, 0xfc, 0xfc, 0xfb, 0xfb, 0xfb, 0xfb, 0xfb, 0xfc, 0xfb, 0xfb,
  0xfb, 0xfb, 0xfb, 0xfb, 0xfb, 0xfb, 0xfb, 0xfb, 0xfb, 0xfb, 0xfb, 0xfb,
  0xfb, 0xfb, 0xfb, 0xfb, 0xfb, 0xfc, 0xfb, 0xfa, 0xfa, 0xfb, 0xfc, 0xfb,
  0xfc, 0xfb, 0xfb, 0xfb, 0xfb, 0xfb, 0xfb, 0xfb, 0xfb, 0xfb, 0xfb, 0xfb,
  0xfb, 0xfb, 0xfb, 0xfb, 0xfb, 0xfb, 0xfc, 0xfb, 0xfc, 0xfd, 0xfd, 0xfd,
  0xfd, 0xfc, 0xfb, 0xfb, 0xfc, 0xfb, 0xfb, 0xfb, 0xfb, 0xfb, 0xfc, 0xfc,
  0xfc, 0xfc, 0xfc, 0xfb, 0xfc, 0xfb, 0xfb, 0xfb, 0xfc, 0xfc, 0xfc, 0xfc,
  0xfc, 0xfb, 0xfc, 0xfc, 0xfc, 0xfc, 0xfc, 0xfc, 0xfc, 0xfc, 0xfc, 0xfb,
  0xfb, 0xfb, 0xfb, 0xfb, 0xfa, 0xfa, 0xf9, 0xfa, 0xf8, 0xf8, 0xf7, 0xfb,
  0xf8, 0x95, 0x04, 0x06, 0x05, 0x03, 0x02, 0x02, 0x02, 0x01, 0x00, 0x01,
  0x00, 0x00, 0x00, 0x00, 0x00, 0x00, 0x00, 0x00, 0x00, 0x00, 0x00, 0x00,
  0x00, 0x00, 0x00, 0x00, 0x00, 0x00, 0x00, 0x00, 0x00, 0x00, 0x00, 0x00,
  0x00, 0x00, 0x00, 0x00, 0x01, 0x04, 0x07, 0x09, 0x00, 0x17, 0xd5, 0xfe,
  0xf8, 0xf8, 0xfb, 0xfc, 0xfb, 0xfb, 0xfb, 0xfa, 0xfb, 0xfb, 0xfa, 0xfa,
  0xfb, 0xfa, 0xfb, 0xfc, 0xfb, 0xfb, 0xfb, 0xfc, 0xfc, 0xfb, 0xfc, 0xfb,
  0xfb, 0xfb, 0xf9, 0xf9, 0xfa, 0xf9, 0xf9, 0xfa, 0xfb, 0xfb, 0xfc, 0xfb,
  0xfb, 0xfc, 0xfb, 0xf7, 0xff, 0xa1, 0x1f, 0x00, 0x04, 0x05, 0x03, 0x00,
  0x00, 0x00, 0x00, 0x00, 0x00, 0x00, 0x00, 0x00, 0x00, 0x00, 0x00, 0x00,
  0x00, 0x00, 0x00, 0x00, 0x00, 0x00, 0x00, 0x00, 0x00, 0x00, 0x00, 0x00,
  0x00, 0x00, 0x00, 0x00, 0x00, 0x00, 0x00, 0x00, 0x00, 0x00, 0x00, 0x00,
  0x00, 0x00, 0x00, 0x00, 0x00, 0x00, 0x00, 0x00, 0x00, 0x00, 0x00, 0x00,
  0x00, 0x00, 0x00, 0x00, 0x00, 0x00, 0x01, 0x00, 0x01, 0x01, 0x01, 0x02,
  0x03, 0x04, 0x02, 0x01, 0x54, 0xdd, 0xfd, 0xee, 0xf6, 0xf7, 0xf9, 0xfc,
  0xfb, 0xfb, 0xfa, 0xfb, 0xfa, 0xfa, 0xfa, 0xfa, 0xfb, 0xfb, 0xfb, 0xfb,
  0xfb, 0xfb, 0xfc, 0xfc, 0xfc, 0xfd, 0xfc, 0xfd, 0xfe, 0xfd, 0xfe, 0xfd,
  0xfc, 0xfc, 0xfb, 0xfb, 0xfc, 0xfc, 0xfc, 0xfd, 0xfd, 0xfe, 0xfe, 0xfe,
  0xfe, 0xfd, 0xfc, 0xf9, 0xff, 0xf9, 0x93, 0x08, 0x01, 0x05, 0x03, 0x03,
  0x01, 0x00, 0x00, 0x00, 0x00, 0x00, 0x00, 0x00, 0x00, 0x00, 0x00, 0x02,
  0x02, 0x03, 0x00, 0x03, 0x75, 0xfb, 0xf8, 0xf7, 0xf8, 0xfa, 0xfc, 0xfd,
  0xfc, 0xfd, 0xfd, 0xfc, 0xfc, 0xfc, 0xfc, 0xfd, 0xfe, 0xfd, 0xfd, 0xfe,
  0xfd, 0xfc, 0xfc, 0xfb, 0xfb, 0xfa, 0xfb, 0xfa, 0xf9, 0xfa, 0xfb, 0xfb,
  0xfb, 0xfb, 0xfb, 0xfb, 0xfc, 0xfc, 0xfb, 0xfa, 0xfb, 0xfa, 0xf9, 0xfa,
  0xf9, 0xf8, 0xf6, 0xfd, 0xc3, 0x2b, 0x00, 0x05, 0x05, 0x03, 0x02, 0x01,
  0x01, 0x00, 0x00, 0x00, 0x00, 0x00, 0x00, 0x00, 0x00, 0x00, 0x00, 0x00,
  0x00, 0x00, 0x00, 0x00, 0x00, 0x00, 0x00, 0x00, 0x00, 0x00, 0x00, 0x00,
  0x00, 0x00, 0x00, 0x00, 0x00, 0x00, 0x00, 0x00, 0x00, 0x00, 0x00, 0x00,
  0x00, 0x00, 0x00, 0x00, 0x00, 0x00, 0x00, 0x00, 0x00, 0x00, 0x00, 0x00,
  0x00, 0x00, 0x00, 0x00, 0x00, 0x00, 0x00, 0x00, 0x00, 0x00, 0x00, 0x00,
  0x00, 0x00, 0x00, 0x00, 0x00, 0x00, 0x00, 0x00, 0x00, 0x00, 0x00, 0x00,
  0x00, 0x00, 0x00, 0x00, 0x00, 0x00, 0x00, 0x00, 0x00, 0x00, 0x00, 0x00,
  0x00, 0x00, 0x00, 0x00, 0x00, 0x00, 0x00, 0x00, 0x00, 0x00, 0x00, 0x00,
  0x00, 0x00, 0x00, 0x00, 0x00, 0x00, 0x00, 0x00, 0x00, 0x00, 0x06, 0x05,
  0x00, 0x2f, 0xbe, 0xfd, 0xf1, 0xf8, 0xf9, 0xfb, 0xfa, 0xf9, 0xf9, 0xfa,
  0xfb, 0xfa, 0xfb, 0xfc, 0xfc, 0xfd, 0xfd, 0xfd, 0xfd, 0xfe, 0xfe, 0xfd,
  0xfd, 0xfe, 0xfd, 0xfc, 0xfc, 0xfb, 0xfc, 0xfc, 0xfb, 0xfc, 0xfb, 0xfb,
  0xfb, 0xfc, 0xfb, 0xfa, 0xfa, 0xf9, 0xf8, 0xf9, 0xf8, 0xf8, 0xf8, 0xf7,
  0xf3, 0xfa, 0xe8, 0x52, 0x00, 0x06, 0x06, 0x04, 0x01, 0x00, 0x00, 0x00,
  0x00, 0x00, 0x02, 0x03, 0x03, 0x0a, 0x00, 0x27, 0xb6, 0xff, 0xf8, 0xf7,
  0xf9, 0xf7, 0xf7, 0xf8, 0xf9, 0xf9, 0xfa, 0xfb, 0xfc, 0xfd, 0xfc, 0xfd,
  0xfd, 0xfc, 0xfb, 0xfb, 0xfc, 0xfc, 0xfb, 0xfc, 0xfb, 0xfc, 0xfd, 0xfc,
  0xfb, 0xfc, 0xfb, 0xfb, 0xfb, 0xfb, 0xfb, 0xfb, 0xfb, 0xfb, 0xfb, 0xfa,
  0xf9, 0xfa, 0xf9, 0xf8, 0xf8, 0xf6, 0xf2, 0xf8, 0xe9, 0x5f, 0x02, 0x03,
  0x09, 0x03, 0x02, 0x00, 0x00, 0x00, 0x00, 0x00, 0x00, 0x00, 0x00, 0x00,
  0x00, 0x00, 0x00, 0x00, 0x00, 0x00, 0x00, 0x00, 0x00, 0x00, 0x00, 0x00,
  0x00, 0x00, 0x00, 0x00, 0x00, 0x00, 0x00, 0x00, 0x00, 0x00, 0x00, 0x00,
  0x00, 0x00, 0x00, 0x00, 0x00, 0x00, 0x01, 0x00, 0x00, 0x00, 0x00, 0x00,
  0x00, 0x00, 0x00, 0x00, 0x00, 0x00, 0x00, 0x00, 0x00, 0x00, 0x00, 0x00,
  0x00, 0x00, 0x00, 0x00, 0x00, 0x00, 0x00, 0x00, 0x00, 0x00, 0x00, 0x00,
  0x00, 0x00, 0x00, 0x00, 0x00, 0x00, 0x00, 0x00, 0x00, 0x00, 0x00, 0x00,
  0x00, 0x00, 0x00, 0x00, 0x00, 0x00, 0x00, 0x00, 0x00, 0x00, 0x00, 0x00,
  0x00, 0x00, 0x00, 0x00, 0x00, 0x00, 0x00, 0x00, 0x00, 0x00, 0x00, 0x00,
  0x00, 0x00, 0x01, 0x02, 0x03, 0x00, 0x01, 0x58, 0xf8, 0xf5, 0xf5, 0xf7,
  0xf9, 0xfb, 0xfc, 0xfb, 0xfc, 0xfd, 0xfc, 0xfb, 0xfb, 0xfb, 0xfb, 0xfb,
  0xfb, 0xfb, 0xfa, 0xf9, 0xfa, 0xfa, 0xfa, 0xf9, 0xfa, 0xfb, 0xfc, 0xfc,
  0xfd, 0xfc, 0xfe, 0xfe, 0xfe, 0xfe, 0xfe, 0xfe, 0xfe, 0xfe, 0xfe, 0xfe,
  0xfe, 0xfe, 0xfd, 0xfb, 0xf8, 0xf6, 0xf2, 0xff, 0xb6, 0x27, 0x01, 0x03,
  0x01, 0x01, 0x00, 0x00, 0x00, 0x00, 0x00, 0x00, 0x00, 0x00, 0x00, 0x00,
  0x00, 0x00, 0x00, 0x01, 0x02, 0x02, 0x03, 0x08, 0x00, 0x8a, 0xfa, 0xff,
  0xf6, 0xf8, 0xfb, 0xfd, 0xfd, 0xfc, 0xfc, 0xfc, 0xfc, 0xfc, 0xfb, 0xfc,
  0xfc, 0xfc, 0xfc, 0xfc, 0xfc, 0xfb, 0xfb, 0xfb, 0xfb, 0xfb, 0xfc, 0xfc,
  0xfc, 0xfb, 0xfb, 0xfc, 0xfc, 0xfc, 0xfc, 0xfc, 0xfc, 0xfc, 0xfc, 0xfc,
  0xfb, 0xfc, 0xfd, 0xfc, 0xfc, 0xfc, 0xfc, 0xfc, 0xfc, 0xfc, 0xfc, 0xfc,
  0xfc, 0xfc, 0xfc, 0xfc, 0xfc, 0xfc, 0xfc, 0xfc, 0xfd, 0xfc, 0xfb, 0xfc,
  0xfb, 0xfb, 0xfb, 0xfc, 0xfb, 0xfc, 0xfc, 0xfc, 0xfc, 0xfc, 0xfc, 0xfc,
  0xfc, 0xfb, 0xfb, 0xfb, 0xfb, 0xfb, 0xfc, 0xfc, 0xfc, 0xfc, 0xfc, 0xfc,
  0xfb, 0xfc, 0xfc, 0xfc, 0xfc, 0xfc, 0xfd, 0xfc, 0xfb, 0xfc, 0xfb, 0xfc,
  0xfc, 0xfc, 0xfc, 0xfc, 0xfb, 0xfb, 0xfb, 0xfc, 0xfc, 0xfc, 0xfb, 0xfc,
  0xfd, 0xfc, 0xfb, 0xfc, 0xfb, 0xfb, 0xfb, 0xfc, 0xfc, 0xfb, 0xfc, 0xfb,
  0xfa, 0xfb, 0xfc, 0xfc, 0xfb, 0xfc, 0xfc, 0xfc, 0xfc, 0xfc, 0xfb, 0xf9,
  0xf9, 0xf9, 0xf7, 0xf4, 0xf5, 0xfe, 0xc5, 0x37, 0x00, 0x0c, 0x03, 0x02,
  0x00, 0x00, 0x01, 0x01, 0x01, 0x00, 0x00, 0x00, 0x00, 0x00, 0x00, 0x00,
  0x00, 0x00, 0x00, 0x00, 0x00, 0x00, 0x00, 0x00, 0x00, 0x00, 0x00, 0x00,
  0x00, 0x00, 0x00, 0x00, 0x00, 0x00, 0x00, 0x00, 0x00, 0x00, 0x00, 0x03,
  0x07, 0x09, 0x00, 0x16, 0xd4, 0xfd, 0xf8, 0xf8, 0xfb, 0xfc, 0xfd, 0xfc,
  0xfb, 0xfb, 0xfb, 0xfa, 0xfc, 0xfb, 0xfa, 0xfb, 0xfc, 0xfb, 0xfc, 0xfc,
  0xfb, 0xfc, 0xfc, 0xfb, 0xfb, 0xfb, 0xfa, 0xfa, 0xfa, 0xfa, 0xf9, 0xf9,
  0xfa, 0xf9, 0xfa, 0xfb, 0xfc, 0xfb, 0xfc, 0xfd, 0xfb, 0xf7, 0xff, 0xa2,
  0x1f, 0x00, 0x04, 0x05, 0x03, 0x00, 0x00, 0x00, 0x00, 0x00, 0x00, 0x00,
  0x00, 0x00, 0x00, 0x00, 0x00, 0x00, 0x00, 0x00, 0x00, 0x00, 0x00, 0x00,
  0x00, 0x00, 0x00, 0x00, 0x00, 0x00, 0x00, 0x00, 0x00, 0x00, 0x00, 0x00,
  0x00, 0x00, 0x00, 0x00, 0x00, 0x00, 0x00, 0x00, 0x00, 0x00, 0x00, 0x00,
  0x00, 0x00, 0x00, 0x00, 0x00, 0x00, 0x00, 0x00, 0x00, 0x00, 0x00, 0x00,
  0x00, 0x00, 0x00, 0x00, 0x00, 0x01, 0x01, 0x01, 0x02, 0x00, 0x05, 0x76,
  0xee, 0xfa, 0xec, 0xf8, 0xf9, 0xfc, 0xfb, 0xfb, 0xfa, 0xfa, 0xfa, 0xf9,
  0xf9, 0xfa, 0xfa, 0xfa, 0xfa, 0xfa, 0xfa, 0xfb, 0xfc, 0xfc, 0xfc, 0xfc,
  0xfd, 0xfe, 0xfe, 0xfe, 0xfd, 0xfc, 0xfd, 0xfc, 0xfb, 0xfc, 0xfc, 0xfd,
  0xfd, 0xfd, 0xfd, 0xfe, 0xfe, 0xff, 0xfe, 0xfd, 0xfa, 0xf9, 0xfa, 0xff,
  0xed, 0x71, 0x02, 0x01, 0x08, 0x04, 0x02, 0x00, 0x00, 0x00, 0x00, 0x00,
  0x00, 0x00, 0x00, 0x00, 0x01, 0x03, 0x06, 0x06, 0x00, 0x3d, 0xcf, 0xff,
  0xf5, 0xfb, 0xfb, 0xfb, 0xfc, 0xfc, 0xfd, 0xfd, 0xfd, 0xfc, 0xfd, 0xfc,
  0xfd, 0xfe, 0xfe, 0xfe, 0xfe, 0xfe, 0xfd, 0xfc, 0xfd, 0xfc, 0xfb, 0xfb,
  0xfa, 0xfa, 0xf9, 0xfa, 0xfa, 0xfa, 0xfa, 0xfa, 0xfa, 0xfb, 0xfb, 0xfc,
  0xfb, 0xfa, 0xfb, 0xfa, 0xf9, 0xf9, 0xf9, 0xf8, 0xf6, 0xf6, 0x56, 0x01,
  0x01, 0x06, 0x04, 0x03, 0x02, 0x02, 0x01, 0x00, 0x00, 0x00, 0x00, 0x00,
  0x00, 0x00, 0x00, 0x00, 0x00, 0x00, 0x00, 0x00, 0x00, 0x00, 0x00, 0x00,
  0x00, 0x00, 0x00, 0x00, 0x00, 0x00, 0x00, 0x00, 0x00, 0x00, 0x00, 0x00,
  0x00, 0x00, 0x00, 0x00, 0x00, 0x00, 0x00, 0x00, 0x00, 0x00, 0x00, 0x00,
  0x00, 0x00, 0x00, 0x00, 0x00, 0x00, 0x00, 0x00, 0x00, 0x00, 0x00, 0x00,
  0x00, 0x00, 0x00, 0x00, 0x00, 0x00, 0x00, 0x00, 0x00, 0x00, 0x00, 0x00,
  0x00, 0x00, 0x00, 0x00, 0x00, 0x00, 0x00, 0x00, 0x00, 0x00, 0x00, 0x00,
  0x00, 0x00, 0x00, 0x00, 0x00, 0x00, 0x00, 0x00, 0x00, 0x00, 0x00, 0x00,
  0x00, 0x00, 0x00, 0x00, 0x00, 0x00, 0x00, 0x00, 0x00, 0x00, 0x00, 0x00,
  0x00, 0x00, 0x00, 0x01, 0x04, 0x07, 0x00, 0x05, 0x6d, 0xf4, 0xf7, 0xf6,
  0xf9, 0xf9, 0xf9, 0xfa, 0xfa, 0xfa, 0xfb, 0xfb, 0xfb, 0xfb, 0xfc, 0xfd,
  0xfe, 0xfe, 0xfe, 0xfe, 0xfe, 0xfe, 0xfe, 0xfe, 0xfd, 0xfc, 0xfc, 0xfb,
  0xfb, 0xfb, 0xfc, 0xfb, 0xfc, 0xfd, 0xfc, 0xfb, 0xfc, 0xfb, 0xfa, 0xf9,
  0xf9, 0xf8, 0xf8, 0xf7, 0xf8, 0xf7, 0xf4, 0xf4, 0xff, 0xb7, 0x28, 0x01,
  0x0e, 0x04, 0x02, 0x00, 0x00, 0x00, 0x00, 0x00, 0x02, 0x03, 0x07, 0x05,
  0x07, 0x74, 0xf8, 0xfa, 0xf4, 0xf8, 0xf8, 0xf8, 0xf8, 0xf9, 0xf9, 0xf8,
  0xfa, 0xfb, 0xfc, 0xfc, 0xfd, 0xfc, 0xfd, 0xfc, 0xfb, 0xfc, 0xfc, 0xfc,
  0xfc, 0xfc, 0xfb, 0xfc, 0xfc, 0xfb, 0xfb, 0xfb, 0xfb, 0xfb, 0xfa, 0xfb,
  0xfa, 0xfa, 0xfa, 0xfa, 0xfb, 0xfa, 0xfa, 0xf9, 0xf8, 0xf8, 0xf8, 0xf6,
  0xf2, 0xff, 0x9d, 0x19, 0x00, 0x06, 0x06, 0x03, 0x02, 0x00, 0x00, 0x00,
  0x00, 0x00, 0x00, 0x00, 0x00, 0x00, 0x00, 0x00, 0x00, 0x00, 0x00, 0x00,
  0x00, 0x00, 0x00, 0x00, 0x00, 0x00, 0x00, 0x00, 0x00, 0x00, 0x00, 0x00,
  0x00, 0x00, 0x00, 0x00, 0x00, 0x00, 0x00, 0x00, 0x00, 0x00, 0x00, 0x00,
  0x01, 0x00, 0x00, 0x00, 0x00, 0x00, 0x00, 0x00, 0x00, 0x00, 0x00, 0x00,
  0x00, 0x00, 0x00, 0x00, 0x00, 0x00, 0x00, 0x00, 0x00, 0x00, 0x00, 0x00,
  0x00, 0x00, 0x00, 0x00, 0x00, 0x00, 0x00, 0x00, 0x00, 0x00, 0x00, 0x00,
  0x00, 0x00, 0x00, 0x00, 0x00, 0x00, 0x00, 0x00, 0x00, 0x00, 0x00, 0x00,
  0x00, 0x00, 0x00, 0x00, 0x00, 0x00, 0x00, 0x00, 0x00, 0x00, 0x00, 0x00,
  0x00, 0x00, 0x00, 0x00, 0x00, 0x00, 0x01, 0x00, 0x00, 0x01, 0x03, 0x03,
  0x00, 0x17, 0xb2, 0xfd, 0xf7, 0xf7, 0xfa, 0xfb, 0xfb, 0xfc, 0xfc, 0xfd,
  0xfc, 0xfb, 0xfb, 0xfa, 0xfb, 0xfb, 0xfa, 0xfa, 0xf9, 0xfa, 0xf9, 0xf8,
  0xf9, 0xfa, 0xfa, 0xfb, 0xfc, 0xfd, 0xfd, 0xfd, 0xfd, 0xfd, 0xfd, 0xfd,
  0xfd, 0xfd, 0xfd, 0xfd, 0xfd, 0xfd, 0xfd, 0xfd, 0xfc, 0xfa, 0xf8, 0xf8,
  0xf3, 0xf7, 0xf7, 0x7a, 0x00, 0x02, 0x03, 0x03, 0x03, 0x00, 0x00, 0x00,
  0x00, 0x00, 0x00, 0x00, 0x00, 0x00, 0x00, 0x00, 0x00, 0x01, 0x01, 0x02,
  0x03, 0x09, 0x00, 0x8b, 0xfa, 0xff, 0xf6, 0xf7, 0xfa, 0xfc, 0xfd, 0xfc,
  0xfb, 0xfb, 0xfb, 0xfb, 0xfc, 0xfd, 0xfd, 0xfd, 0xfd, 0xfd, 0xfc, 0xfc,
  0xfc, 0xfc, 0xfc, 0xfc, 0xfb, 0xfb, 0xfb, 0xfc, 0xfc, 0xfc, 0xfc, 0xfc,
  0xfb, 0xfb, 0xfb, 0xfb, 0xfb, 0xfb, 0xfb, 0xfc, 0xfd, 0xfc, 0xfc, 0xfd,
  0xfd, 0xfd, 0xfd, 0xfd, 0xfd, 0xfd, 0xfd, 0xfd, 0xfd, 0xfd, 0xfd, 0xfd,
  0xfc, 0xfc, 0xfd, 0xfc, 0xfb, 0xfc, 0xfc, 0xfb, 0xfb, 0xfb, 0xfc, 0xfd,
  0xfd, 0xfd, 0xfd, 0xfd, 0xfd, 0xfd, 0xfd, 0xfc, 0xfc, 0xfc, 0xfc, 0xfc,
  0xfd, 0xfd, 0xfd, 0xfd, 0xfd, 0xfc, 0xfb, 0xfc, 0xfd, 0xfc, 0xfd, 0xfc,
  0xfd, 0xfc, 0xfb, 0xfb, 0xfc, 0xfd, 0xfd, 0xfd, 0xfd, 0xfd, 0xfc, 0xfc,
  0xfc, 0xfb, 0xfb, 0xfb, 0xfb, 0xfc, 0xfc, 0xfc, 0xfb, 0xfb, 0xfb, 0xfc,
  0xfc, 0xfb, 0xfc, 0xfc, 0xfb, 0xfa, 0xfa, 0xfb, 0xfb, 0xfb, 0xfc, 0xfc,
  0xfd, 0xfd, 0xfc, 0xfb, 0xfb, 0xfa, 0xfa, 0xfa, 0xf8, 0xf3, 0xf8, 0xf3,
  0x7e, 0x03, 0x08, 0x07, 0x03, 0x01, 0x00, 0x00, 0x00, 0x00, 0x00, 0x00,
  0x00, 0x00, 0x00, 0x00, 0x00, 0x00, 0x00, 0x00, 0x00, 0x00, 0x00, 0x00,
  0x00, 0x00, 0x00, 0x00, 0x00, 0x00, 0x00, 0x00, 0x00, 0x00, 0x00, 0x00,
  0x00, 0x00, 0x00, 0x00, 0x00, 0x03, 0x07, 0x09, 0x00, 0x14, 0xd4, 0xfc,
  0xf7, 0xf8, 0xfb, 0xfc, 0xfc, 0xfc, 0xfc, 0xfb, 0xfb, 0xfb, 0xfb, 0xfb,
  0xfb, 0xfb, 0xfb, 0xfb, 0xfc, 0xfc, 0xfb, 0xfc, 0xfc, 0xfb, 0xfb, 0xfa,
  0xfa, 0xf9, 0xf9, 0xf9, 0xf9, 0xf8, 0xf9, 0xfa, 0xfa, 0xfb, 0xfc, 0xfc,
  0xfc, 0xfc, 0xfb, 0xf7, 0xff, 0xa3, 0x1f, 0x00, 0x04, 0x05, 0x03, 0x00,
  0x00, 0x00, 0x00, 0x00, 0x00, 0x00, 0x00, 0x00, 0x00, 0x00, 0x00, 0x00,
  0x00, 0x00, 0x00, 0x00, 0x00, 0x00, 0x00, 0x00, 0x00, 0x00, 0x00, 0x00,
  0x00, 0x00, 0x00, 0x00, 0x00, 0x00, 0x00, 0x00, 0x00, 0x00, 0x00, 0x00,
  0x00, 0x00, 0x00, 0x00, 0x00, 0x00, 0x00, 0x00, 0x00, 0x00, 0x00, 0x00,
  0x00, 0x00, 0x00, 0x00, 0x00, 0x00, 0x00, 0x00, 0x00, 0x00, 0x00, 0x00,
  0x00, 0x00, 0x00, 0x04, 0x00, 0x1b, 0xa2, 0xfc, 0xf2, 0xf3, 0xfa, 0xf9,
  0xfb, 0xfc, 0xfb, 0xfa, 0xf9, 0xf9, 0xf9, 0xf9, 0xf9, 0xf9, 0xf9, 0xf9,
  0xfa, 0xfb, 0xfc, 0xfb, 0xfc, 0xfd, 0xfd, 0xfd, 0xfd, 0xfd, 0xfd, 0xfc,
  0xfd, 0xfd, 0xfc, 0xfb, 0xfc, 0xfc, 0xfc, 0xfc, 0xfc, 0xfd, 0xfe, 0xfd,
  0xfd, 0xfc, 0xfa, 0xf9, 0xf8, 0xf7, 0xff, 0xdc, 0x51, 0x03, 0x03, 0x05,
  0x01, 0x01, 0x00, 0x00, 0x00, 0x00, 0x00, 0x00, 0x00, 0x00, 0x00, 0x04,
  0x05, 0x02, 0x0e, 0x8f, 0xfd, 0xf3, 0xf8, 0xfa, 0xfc, 0xfc, 0xfc, 0xfc,
  0xfc, 0xfc, 0xfd, 0xfd, 0xfd, 0xfd, 0xfd, 0xfd, 0xfd, 0xfd, 0xfd, 0xfd,
  0xfd, 0xfd, 0xfc, 0xfb, 0xfb, 0xfb, 0xfb, 0xfa, 0xf9, 0xfa, 0xf9, 0xf9,
  0xf9, 0xf9, 0xfa, 0xfa, 0xfa, 0xfb, 0xfb, 0xfb, 0xfb, 0xfa, 0xf8, 0xf7,
  0xf7, 0xf8, 0xfe, 0xa4, 0x13, 0x00, 0x04, 0x04, 0x03, 0x02, 0x01, 0x01,
  0x01, 0x00, 0x00, 0x00, 0x00, 0x00, 0x00, 0x00, 0x00, 0x00, 0x00, 0x00,
  0x00, 0x00, 0x00, 0x00, 0x00, 0x00, 0x00, 0x00, 0x00, 0x00, 0x00, 0x00,
  0x00, 0x00, 0x00, 0x00, 0x00, 0x00, 0x00, 0x00, 0x00, 0x00, 0x00, 0x00,
  0x00, 0x00, 0x00, 0x00, 0x00, 0x00, 0x00, 0x00, 0x00, 0x00, 0x00, 0x00,
  0x00, 0x00, 0x00, 0x00, 0x00, 0x00, 0x00, 0x00, 0x00, 0x00, 0x00, 0x00,
  0x00, 0x00, 0x00, 0x00, 0x00, 0x00, 0x00, 0x00, 0x00, 0x00, 0x00, 0x00,
  0x00, 0x00, 0x00, 0x00, 0x00, 0x00, 0x00, 0x00, 0x00, 0x00, 0x00, 0x00,
  0x00, 0x00, 0x00, 0x00, 0x00, 0x00, 0x00, 0x00, 0x00, 0x00, 0x00, 0x00,
  0x00, 0x00, 0x00, 0x00, 0x00, 0x00, 0x00, 0x00, 0x00, 0x01, 0x02, 0x05,
  0x04, 0x00, 0x24, 0xb4, 0xff, 0xf2, 0xf7, 0xf8, 0xf9, 0xfa, 0xfb, 0xfb,
  0xfb, 0xfc, 0xfb, 0xfb, 0xfc, 0xfd, 0xfd, 0xfd, 0xfd, 0xfd, 0xfd, 0xfd,
  0xfd, 0xfd, 0xfd, 0xfc, 0xfb, 0xfa, 0xfa, 0xfa, 0xfb, 0xfc, 0xfc, 0xfc,
  0xfb, 0xfb, 0xfc, 0xfb, 0xfa, 0xf9, 0xf8, 0xf8, 0xf7, 0xf8, 0xf7, 0xf7,
  0xf6, 0xf3, 0xfa, 0xf9, 0x75, 0x08, 0x07, 0x07, 0x03, 0x01, 0x00, 0x00,
  0x00, 0x00, 0x00, 0x02, 0x0b, 0x00, 0x3b, 0xcf, 0xff, 0xf1, 0xf3, 0xf7,
  0xf9, 0xf8, 0xf8, 0xf8, 0xf8, 0xf8, 0xf8, 0xfa, 0xfb, 0xfb, 0xfc, 0xfc,
  0xfc, 0xfc, 0xfb, 0xfb, 0xfb, 0xfb, 0xfb, 0xfb, 0xfc, 0xfc, 0xfc, 0xfc,
  0xfc, 0xfc, 0xfc, 0xfb, 0xfa, 0xf9, 0xf9, 0xf9, 0xf8, 0xf9, 0xfa, 0xfa,
  0xfa, 0xfa, 0xf8, 0xf7, 0xf6, 0xf3, 0xf9, 0xdd, 0x49, 0x00, 0x01, 0x04,
  0x03, 0x03, 0x01, 0x00, 0x00, 0x00, 0x00, 0x00, 0x00, 0x00, 0x00, 0x00,
  0x00, 0x00, 0x00, 0x00, 0x00, 0x00, 0x00, 0x00, 0x00, 0x00, 0x00, 0x00,
  0x00, 0x00, 0x00, 0x00, 0x00, 0x00, 0x00, 0x00, 0x00, 0x00, 0x00, 0x00,
  0x00, 0x00, 0x00, 0x00, 0x00, 0x00, 0x00, 0x01, 0x00, 0x00, 0x00, 0x00,
  0x00, 0x00, 0x00, 0x00, 0x00, 0x00, 0x00, 0x00, 0x00, 0x00, 0x00, 0x00,
  0x00, 0x00, 0x00, 0x00, 0x00, 0x00, 0x00, 0x00, 0x00, 0x00, 0x00, 0x00,
  0x00, 0x00, 0x00, 0x00, 0x00, 0x00, 0x00, 0x00, 0x00, 0x00, 0x00, 0x00,
  0x00, 0x00, 0x00, 0x00, 0x00, 0x00, 0x00, 0x00, 0x00, 0x00, 0x00, 0x00,
  0x00, 0x00, 0x00, 0x00, 0x00, 0x00, 0x00, 0x00, 0x00, 0x00, 0x00, 0x00,
  0x01, 0x01, 0x00, 0x01, 0x04, 0x07, 0x03, 0x01, 0x4e, 0xf4, 0xfc, 0xfa,
  0xfb, 0xfa, 0xfa, 0xfb, 0xfc, 0xfd, 0xfc, 0xfb, 0xfb, 0xfa, 0xfa, 0xfa,
  0xf9, 0xf8, 0xf9, 0xf9, 0xf8, 0xf8, 0xf9, 0xf9, 0xfa, 0xfb, 0xfb, 0xfc,
  0xfc, 0xfc, 0xfc, 0xfc, 0xfc, 0xfc, 0xfc, 0xfc, 0xfc, 0xfc, 0xfc, 0xfc,
  0xfb, 0xfb, 0xfa, 0xf9, 0xf9, 0xf8, 0xf7, 0xee, 0xff, 0xca, 0x37, 0x00,
  0x06, 0x06, 0x04, 0x00, 0x00, 0x00, 0x00, 0x00, 0x00, 0x00, 0x00, 0x00,
  0x00, 0x00, 0x00, 0x00, 0x02, 0x01, 0x03, 0x09, 0x00, 0x8a, 0xf9, 0xff,
  0xf4, 0xf5, 0xf9, 0xfb, 0xfc, 0xfc, 0xfc, 0xfc, 0xfc, 0xfc, 0xfc, 0xfc,
  0xfc, 0xfc, 0xfc, 0xfc, 0xfc, 0xfc, 0xfc, 0xfc, 0xfc, 0xfc, 0xfc, 0xfc,
  0xfc, 0xfc, 0xfc, 0xfc, 0xfc, 0xfc, 0xfc, 0xfc, 0xfc, 0xfc, 0xfc, 0xfc,
  0xfc, 0xfc, 0xfc, 0xfc, 0xfc, 0xfc, 0xfc, 0xfc, 0xfc, 0xfc, 0xfc, 0xfc,
  0xfc, 0xfc, 0xfc, 0xfc, 0xfc, 0xfc, 0xfc, 0xfc, 0xfc, 0xfc, 0xfc, 0xfc,
  0xfc, 0xfc, 0xfc, 0xfc, 0xfc, 0xfc, 0xfc, 0xfc, 0xfc, 0xfc, 0xfc, 0xfc,
  0xfc, 0xfc, 0xfc, 0xfc, 0xfc, 0xfc, 0xfc, 0xfc, 0xfc, 0xfc, 0xfc, 0xfc,
  0xfc, 0xfc, 0xfc, 0xfc, 0xfc, 0xfc, 0xfc, 0xfc, 0xfc, 0xfc, 0xfc, 0xfc,
  0xfc, 0xfc, 0xfc, 0xfc, 0xfc, 0xfc, 0xfc, 0xfc, 0xfc, 0xfc, 0xfc, 0xfc,
  0xfc, 0xfc, 0xfc, 0xfc, 0xfc, 0xfc, 0xfc, 0xfc, 0xfb, 0xfa, 0xfa, 0xfa,
  0xfa, 0xfa, 0xfa, 0xfa, 0xfb, 0xfb, 0xfc, 0xfc, 0xfc, 0xfc, 0xfc, 0xfb,
  0xfa, 0xfa, 0xf7, 0xf5, 0xfd, 0xc2, 0x35, 0x00, 0x09, 0x03, 0x03, 0x01,
  0x00, 0x00, 0x00, 0x00, 0x00, 0x00, 0x00, 0x00, 0x00, 0x00, 0x00, 0x00,
  0x00, 0x00, 0x00, 0x00, 0x00, 0x00, 0x00, 0x00, 0x00, 0x00, 0x00, 0x00,
  0x00, 0x00, 0x00, 0x00, 0x00, 0x00, 0x00, 0x00, 0x00, 0x00, 0x00, 0x03,
  0x07, 0x09, 0x00, 0x14, 0xd1, 0xfb, 0xf5, 0xf8, 0xfb, 0xfc, 0xfc, 0xfb,
  0xfb, 0xfc, 0xfc, 0xfb, 0xfc, 0xfc, 0xfc, 0xfc, 0xfc, 0xfc, 0xfc, 0xfc,
  0xfc, 0xfc, 0xfc, 0xfc, 0xfb, 0xfa, 0xf9, 0xf7, 0xf8, 0xf7, 0xf7, 0xf7,
  0xf8, 0xfa, 0xfa, 0xfb, 0xfb, 0xfb, 0xfa, 0xfb, 0xfa, 0xf6, 0xfe, 0xa1,
  0x1c, 0x00, 0x04, 0x05, 0x03, 0x00, 0x00, 0x00, 0x00, 0x00, 0x00, 0x00,
  0x00, 0x00, 0x00, 0x00, 0x00, 0x00, 0x00, 0x00, 0x00, 0x00, 0x00, 0x00,
  0x00, 0x00, 0x00, 0x00, 0x00, 0x00, 0x00, 0x00, 0x00, 0x00, 0x00, 0x00,
  0x00, 0x00, 0x00, 0x01, 0x00, 0x00, 0x00, 0x00, 0x00, 0x00, 0x00, 0x00,
  0x00, 0x00, 0x00, 0x00, 0x00, 0x00, 0x00, 0x00, 0x00, 0x00, 0x00, 0x00,
  0x00, 0x00, 0x00, 0x00, 0x00, 0x00, 0x00, 0x00, 0x02, 0x04, 0x05, 0x00,
  0x3b, 0xc9, 0xff, 0xf1, 0xf7, 0xf7, 0xf9, 0xfa, 0xfb, 0xfa, 0xf9, 0xf9,
  0xf8, 0xf8, 0xf7, 0xf8, 0xf9, 0xf9, 0xf9, 0xfa, 0xfb, 0xfc, 0xfc, 0xfc,
  0xfc, 0xfc, 0xfc, 0xfc, 0xfc, 0xfc, 0xfc, 0xfc, 0xfc, 0xfb, 0xfb, 0xfb,
  0xfb, 0xfb, 0xfb, 0xfc, 0xfd, 0xfc, 0xfb, 0xfb, 0xfa, 0xf9, 0xf6, 0xf5,
  0xf6, 0xff, 0xc8, 0x30, 0x00, 0x03, 0x01, 0x02, 0x02, 0x01, 0x00, 0x00,
  0x00, 0x00, 0x00, 0x00, 0x00, 0x01, 0x04, 0x00, 0x4e, 0xdc, 0xfc, 0xed,
  0xf6, 0xf8, 0xfb, 0xfb, 0xfa, 0xfb, 0xfb, 0xfb, 0xfb, 0xfb, 0xfb, 0xfb,
  0xfb, 0xfb, 0xfc, 0xfc, 0xfc, 0xfc, 0xfc, 0xfc, 0xfc, 0xfc, 0xfc, 0xfc,
  0xfb, 0xfa, 0xf9, 0xf8, 0xf8, 0xf8, 0xf8, 0xf8, 0xf8, 0xf9, 0xfa, 0xfa,
  0xfb, 0xfb, 0xfb, 0xfa, 0xf7, 0xf4, 0xf3, 0xf4, 0xea, 0x3f, 0x00, 0x04,
  0x04, 0x02, 0x01, 0x01, 0x01, 0x01, 0x00, 0x00, 0x00, 0x00, 0x00, 0x00,
  0x00, 0x00, 0x00, 0x00, 0x00, 0x00, 0x00, 0x00, 0x00, 0x00, 0x00, 0x00,
  0x00, 0x00, 0x00, 0x00, 0x00, 0x00, 0x00, 0x00, 0x00, 0x00, 0x00, 0x00,
  0x00, 0x00, 0x00, 0x00, 0x00, 0x00, 0x00, 0x00, 0x00, 0x00, 0x00, 0x00,
  0x00, 0x00, 0x00, 0x00, 0x00, 0x00, 0x00, 0x00, 0x00, 0x00, 0x00, 0x00,
  0x00, 0x00, 0x00, 0x00, 0x00, 0x00, 0x00, 0x00, 0x00, 0x00, 0x00, 0x00,
  0x00, 0x00, 0x00, 0x00, 0x00, 0x00, 0x00, 0x00, 0x00, 0x00, 0x00, 0x00,
  0x00, 0x00, 0x00, 0x00, 0x00, 0x00, 0x00, 0x00, 0x00, 0x00, 0x00, 0x00,
  0x00, 0x00, 0x00, 0x00, 0x00, 0x00, 0x00, 0x00, 0x00, 0x00, 0x00, 0x00,
  0x00, 0x00, 0x00, 0x00, 0x00, 0x01, 0x05, 0x01, 0x03, 0x64, 0xef, 0xf6,
  0xf2, 0xf5, 0xf9, 0xfa, 0xfc, 0xfc, 0xfc, 0xfc, 0xfc, 0xfc, 0xfc, 0xfc,
  0xfc, 0xfc, 0xfc, 0xfc, 0xfc, 0xfc, 0xfc, 0xfc, 0xfc, 0xfb, 0xfa, 0xfa,
  0xf9, 0xf9, 0xfa, 0xfa, 0xfb, 0xfc, 0xfc, 0xfc, 0xfc, 0xfc, 0xfa, 0xfa,
  0xf9, 0xf8, 0xf7, 0xf7, 0xf8, 0xf8, 0xf8, 0xf7, 0xf7, 0xff, 0xcf, 0x38,
  0x00, 0x0d, 0x02, 0x03, 0x02, 0x01, 0x00, 0x00, 0x00, 0x05, 0x06, 0x11,
  0x8f, 0xfc, 0xfa, 0xf2, 0xf6, 0xf9, 0xfb, 0xf9, 0xfa, 0xf9, 0xf9, 0xfa,
  0xfa, 0xfc, 0xfe, 0xfd, 0xfe, 0xfd, 0xfe, 0xfe, 0xfd, 0xfd, 0xfd, 0xfd,
  0xfd, 0xfd, 0xfe, 0xfe, 0xfd, 0xfd, 0xfe, 0xfe, 0xfd, 0xfd, 0xfc, 0xfb,
  0xfb, 0xfa, 0xfa, 0xfa, 0xfc, 0xfc, 0xfb, 0xfc, 0xfb, 0xf9, 0xf6, 0xf5,
  0xfe, 0x93, 0x12, 0x00, 0x02, 0x02, 0x01, 0x01, 0x01, 0x00, 0x00, 0x00,
  0x00, 0x00, 0x00, 0x00, 0x00, 0x00, 0x00, 0x00, 0x00, 0x00, 0x00, 0x00,
  0x00, 0x00, 0x00, 0x00, 0x00, 0x00, 0x00, 0x00, 0x00, 0x00, 0x00, 0x00,
  0x00, 0x00, 0x00, 0x00, 0x00, 0x00, 0x00, 0x00, 0x00, 0x00, 0x00, 0x00,
  0x00, 0x00, 0x00, 0x00, 0x00, 0x00, 0x00, 0x00, 0x00, 0x00, 0x00, 0x00,
  0x00, 0x00, 0x00, 0x00, 0x00, 0x00, 0x00, 0x00, 0x00, 0x00, 0x00, 0x00,
  0x00, 0x00, 0x00, 0x00, 0x00, 0x00, 0x00, 0x00, 0x00, 0x00, 0x00, 0x00,
  0x00, 0x00, 0x00, 0x00, 0x00, 0x00, 0x00, 0x00, 0x00, 0x00, 0x00, 0x00,
  0x00, 0x00, 0x00, 0x00, 0x00, 0x00, 0x00, 0x00, 0x00, 0x00, 0x00, 0x00,
  0x00, 0x00, 0x00, 0x00, 0x00, 0x00, 0x01, 0x01, 0x00, 0x01, 0x04, 0x06,
  0x05, 0x00, 0x11, 0xb0, 0xfd, 0xfe, 0xfc, 0xfd, 0xfc, 0xfd, 0xfd, 0xfe,
  0xfe, 0xfd, 0xfd, 0xfc, 0xfb, 0xfb, 0xfb, 0xfa, 0xfb, 0xfa, 0xfa, 0xfb,
  0xfc, 0xfc, 0xfc, 0xfd, 0xfe, 0xfe, 0xfe, 0xfe, 0xfe, 0xfe, 0xfe, 0xfe,
  0xfe, 0xfe, 0xfe, 0xfe, 0xfd, 0xfe, 0xfc, 0xfb, 0xfc, 0xfb, 0xfb, 0xf9,
  0xf7, 0xf3, 0xf4, 0xf9, 0x93, 0x0b, 0x05, 0x07, 0x04, 0x00, 0x00, 0x00,
  0x00, 0x00, 0x00, 0x00, 0x00, 0x00, 0x00, 0x00, 0x00, 0x00, 0x02, 0x02,
  0x04, 0x0a, 0x00, 0x8b, 0xfa, 0xff, 0xf7, 0xf8, 0xfa, 0xfd, 0xfe, 0xfe,
  0xfe, 0xfe, 0xfe, 0xfe, 0xfe, 0xfe, 0xfe, 0xfe, 0xfe, 0xfe, 0xfe, 0xfe,
  0xfe, 0xfe, 0xfe, 0xfe, 0xfe, 0xfe, 0xfe, 0xfe, 0xfe, 0xfe, 0xfe, 0xfe,
  0xfe, 0xfe, 0xfe, 0xfe, 0xfe, 0xfe, 0xfe, 0xfe, 0xfe, 0xfe, 0xfe, 0xfd,
  0xfe, 0xfe, 0xfe, 0xfe, 0xfe, 0xfd, 0xfd, 0xfe, 0xfe, 0xfe, 0xfe, 0xfd,
  0xfe, 0xfe, 0xfe, 0xfe, 0xfe, 0xfe, 0xfe, 0xfe, 0xfe, 0xfe, 0xfe, 0xfd,
  0xfe, 0xfe, 0xfd, 0xfe, 0xfe, 0xfe, 0xfe, 0xfe, 0xfe, 0xfe, 0xfe, 0xfe,
  0xfe, 0xfe, 0xfd, 0xfd, 0xfd, 0xfd, 0xfe, 0xfe, 0xfe, 0xfe, 0xfe, 0xfe,
  0xfe, 0xfe, 0xfe, 0xfe, 0xfd, 0xfe, 0xfe, 0xfe, 0xfe, 0xfe, 0xfe, 0xfe,
  0xfe, 0xfe, 0xfe, 0xfe, 0xfe, 0xfe, 0xfe, 0xfe, 0xfe, 0xfe, 0xfe, 0xfe,
  0xfe, 0xfe, 0xfd, 0xfc, 0xfc, 0xfc, 0xfb, 0xfc, 0xfc, 0xfc, 0xfc, 0xfe,
  0xfe, 0xfe, 0xfe, 0xfe, 0xfe, 0xfd, 0xfc, 0xfb, 0xf7, 0xf8, 0xfc, 0x83,
  0x07, 0x05, 0x04, 0x04, 0x03, 0x00, 0x00, 0x00, 0x00, 0x00, 0x00, 0x00,
  0x00, 0x00, 0x00, 0x00, 0x00, 0x00, 0x00, 0x00, 0x00, 0x00, 0x00, 0x01,
  0x00, 0x00, 0x00, 0x00, 0x00, 0x00, 0x00, 0x00, 0x00, 0x00, 0x00, 0x00,
  0x00, 0x00, 0x00, 0x00, 0x00, 0x03, 0x07, 0x09, 0x00, 0x14, 0xd1, 0xfb,
  0xf8, 0xfa, 0xfd, 0xfe, 0xfe, 0xfe, 0xfe, 0xfe, 0xfd, 0xfd, 0xfe, 0xfe,
  0xfe, 0xfe, 0xfe, 0xfd, 0xfd, 0xfd, 0xfd, 0xfe, 0xfe, 0xfd, 0xfc, 0xfc,
  0xfb, 0xf9, 0xf9, 0xf8, 0xf8, 0xf8, 0xfa, 0xfb, 0xfc, 0xfd, 0xfd, 0xfd,
  0xfc, 0xfc, 0xfb, 0xf7, 0xff, 0xa1, 0x1b, 0x00, 0x04, 0x05, 0x02, 0x00,
  0x00, 0x00, 0x00, 0x00, 0x00, 0x00, 0x00, 0x00, 0x00, 0x00, 0x00, 0x00,
  0x00, 0x00, 0x00, 0x00, 0x00, 0x00, 0x00, 0x00, 0x00, 0x00, 0x00, 0x00,
  0x00, 0x00, 0x00, 0x00, 0x00, 0x00, 0x00, 0x00, 0x00, 0x00, 0x00, 0x00,
  0x00, 0x00, 0x00, 0x00, 0x00, 0x00, 0x00, 0x00, 0x00, 0x00, 0x00, 0x00,
  0x00, 0x00, 0x00, 0x00, 0x00, 0x00, 0x00, 0x00, 0x00, 0x00, 0x00, 0x00,
  0x00, 0x00, 0x04, 0x04, 0x06, 0x02, 0x04, 0x64, 0xe8, 0xfb, 0xf2, 0xf9,
  0xfb, 0xfc, 0xfd, 0xfd, 0xfc, 0xfa, 0xfa, 0xf9, 0xf8, 0xf9, 0xfa, 0xfb,
  0xfb, 0xfc, 0xfe, 0xfe, 0xfe, 0xfe, 0xfe, 0xfe, 0xfe, 0xfe, 0xfe, 0xfe,
  0xfe, 0xfd, 0xfd, 0xfd, 0xfd, 0xfd, 0xfd, 0xfd, 0xfd, 0xfd, 0xfd, 0xfd,
  0xfc, 0xfc, 0xfc, 0xf9, 0xf8, 0xf6, 0xf5, 0xfb, 0xff, 0xa0, 0x13, 0x00,
  0x07, 0x02, 0x03, 0x02, 0x00, 0x00, 0x00, 0x00, 0x00, 0x00, 0x00, 0x02,
  0x04, 0x13, 0xa0, 0xff, 0xf0, 0xf3, 0xf6, 0xf9, 0xfc, 0xfb, 0xfc, 0xfc,
  0xfd, 0xfd, 0xfd, 0xfd, 0xfd, 0xfd, 0xfd, 0xfe, 0xfe, 0xfd, 0xfd, 0xfd,
  0xfd, 0xfd, 0xfe, 0xfe, 0xfe, 0xfd, 0xfd, 0xfc, 0xfb, 0xfa, 0xfa, 0xf9,
  0xfa, 0xfa, 0xfa, 0xfb, 0xfc, 0xfc, 0xfd, 0xfd, 0xfe, 0xfc, 0xf9, 0xf3,
  0xf5, 0xf8, 0x90, 0x09, 0x00, 0x06, 0x03, 0x00, 0x00, 0x00, 0x00, 0x00,
  0x00, 0x00, 0x00, 0x00, 0x00, 0x00, 0x00, 0x00, 0x00, 0x00, 0x00, 0x00,
  0x00, 0x00, 0x00, 0x00, 0x00, 0x00, 0x00, 0x00, 0x00, 0x00, 0x00, 0x00,
  0x00, 0x00, 0x00, 0x00, 0x00, 0x00, 0x00, 0x00, 0x00, 0x00, 0x00, 0x00,
  0x00, 0x00, 0x00, 0x00, 0x00, 0x00, 0x00, 0x00, 0x00, 0x00, 0x00, 0x00,
  0x00, 0x00, 0x00, 0x00, 0x00, 0x00, 0x01, 0x00, 0x00, 0x00, 0x00, 0x00,
  0x00, 0x00, 0x00, 0x00, 0x00, 0x00, 0x00, 0x00, 0x00, 0x00, 0x00, 0x00,
  0x01, 0x01, 0x00, 0x00, 0x00, 0x00, 0x00, 0x00, 0x00, 0x00, 0x00, 0x00,
  0x00, 0x00, 0x00, 0x00, 0x00, 0x00, 0x00, 0x00, 0x00, 0x00, 0x00, 0x00,
  0x00, 0x00, 0x00, 0x00, 0x00, 0x00, 0x00, 0x00, 0x00, 0x00, 0x00, 0x00,
  0x04, 0x06, 0x00, 0x1f, 0xaa, 0xff, 0xf2, 0xf5, 0xfa, 0xfd, 0xfe, 0xff,
  0xfe, 0xfe, 0xfe, 0xfe, 0xfd, 0xfd, 0xfd, 0xfe, 0xfe, 0xfe, 0xfe, 0xfe,
  0xfd, 0xfd, 0xfd, 0xfc, 0xfc, 0xfc, 0xfb, 0xfb, 0xfc, 0xfc, 0xfc, 0xfd,
  0xfd, 0xfe, 0xfe, 0xfe, 0xfd, 0xfc, 0xfb, 0xfa, 0xf9, 0xf9, 0xfa, 0xfa,
  0xf9, 0xfa, 0xf9, 0xfc, 0xfd, 0x87, 0x0d, 0x07, 0x06, 0x04, 0x03, 0x00,
  0x02, 0x02, 0x01, 0x09, 0x00, 0x49, 0xda, 0xfd, 0xf4, 0xf2, 0xf3, 0xf4,
  0xf5, 0xf3, 0xf2, 0xf1, 0xf1, 0xf1, 0xf3, 0xf5, 0xf6, 0xf6, 0xf6, 0xf6,
  0xf6, 0xf6, 0xf5, 0xf5, 0xf4, 0xf4, 0xf4, 0xf5, 0xf6, 0xf6, 0xf6, 0xf7,
  0xf8, 0xf8, 0xf7, 0xf7, 0xf6, 0xf4, 0xf3, 0xf2, 0xf2, 0xf2, 0xf4, 0xf4,
  0xf4, 0xf4, 0xf4, 0xf1, 0xf1, 0xfa, 0xd3, 0x3e, 0x00, 0x02, 0x03, 0x00,
  0x00, 0x00, 0x00, 0x00, 0x00, 0x00, 0x00, 0x00, 0x00, 0x00, 0x00, 0x00,
  0x00, 0x00, 0x00, 0x00, 0x00, 0x00, 0x00, 0x00, 0x00, 0x00, 0x00, 0x00,
  0x00, 0x00, 0x00, 0x00, 0x00, 0x00, 0x00, 0x00, 0x00, 0x00, 0x00, 0x00,
  0x00, 0x00, 0x00, 0x00, 0x00, 0x00, 0x00, 0x00, 0x00, 0x00, 0x00, 0x00,
  0x00, 0x00, 0x00, 0x00, 0x00, 0x00, 0x00, 0x00, 0x00, 0x00, 0x00, 0x00,
  0x00, 0x00, 0x00, 0x00, 0x00, 0x00, 0x00, 0x00, 0x00, 0x00, 0x00, 0x00,
  0x00, 0x00, 0x00, 0x00, 0x00, 0x00, 0x00, 0x00, 0x00, 0x00, 0x00, 0x00,
  0x00, 0x00, 0x00, 0x00, 0x00, 0x00, 0x00, 0x00, 0x00, 0x00, 0x00, 0x00,
  0x00, 0x00, 0x00, 0x00, 0x00, 0x00, 0x00, 0x00, 0x00, 0x00, 0x00, 0x00,
  0x00, 0x00, 0x00, 0x01, 0x03, 0x04, 0x04, 0x01, 0x01, 0x49, 0xef, 0xfc,
  0xf7, 0xf8, 0xf8, 0xf8, 0xf7, 0xf6, 0xf6, 0xf5, 0xf4, 0xf3, 0xf2, 0xf1,
  0xf1, 0xf1, 0xf2, 0xf2, 0xf2, 0xf4, 0xf5, 0xf6, 0xf7, 0xf8, 0xf9, 0xf9,
  0xf9, 0xf9, 0xf9, 0xf9, 0xf9, 0xf9, 0xf9, 0xf9, 0xf9, 0xf8, 0xf7, 0xf6,
  0xf5, 0xf4, 0xf3, 0xf2, 0xf2, 0xf1, 0xef, 0xef, 0xe7, 0xf9, 0xd6, 0x43,
  0x00, 0x05, 0x02, 0x02, 0x00, 0x00, 0x00, 0x00, 0x00, 0x00, 0x00, 0x00,
  0x00, 0x00, 0x00, 0x01, 0x02, 0x03, 0x04, 0x0a, 0x00, 0x84, 0xf4, 0xfd,
  0xf6, 0xf8, 0xf9, 0xfa, 0xf9, 0xf8, 0xf8, 0xf7, 0xf7, 0xf6, 0xf6, 0xf5,
  0xf5, 0xf5, 0xf5, 0xf6, 0xf6, 0xf7, 0xf7, 0xf7, 0xf7, 0xf6, 0xf6, 0xf6,
  0xf6, 0xf6, 0xf6, 0xf5, 0xf6, 0xf6, 0xf6, 0xf6, 0xf7, 0xf7, 0xf7, 0xf7,
  0xf7, 0xf7, 0xf7, 0xf7, 0xf7, 0xf6, 0xf6, 0xf6, 0xf6, 0xf6, 0xf6, 0xf7,
  0xf7, 0xf6, 0xf6, 0xf6, 0xf6, 0xf6, 0xf6, 0xf7, 0xf7, 0xf7, 0xf7, 0xf7,
  0xf6, 0xf6, 0xf6, 0xf6, 0xf6, 0xf6, 0xf6, 0xf6, 0xf6, 0xf6, 0xf6, 0xf6,
  0xf6, 0xf7, 0xf7, 0xf7, 0xf7, 0xf6, 0xf6, 0xf6, 0xf6, 0xf7, 0xf7, 0xf7,
  0xf6, 0xf6, 0xf6, 0xf6, 0xf6, 0xf6, 0xf6, 0xf6, 0xf6, 0xf7, 0xf7, 0xf6,
  0xf6, 0xf6, 0xf6, 0xf6, 0xf6, 0xf6, 0xf6, 0xf6, 0xf6, 0xf6, 0xf6, 0xf6,
  0xf6, 0xf6, 0xf6, 0xf6, 0xf6, 0xf6, 0xf6, 0xf6, 0xf5, 0xf5, 0xf5, 0xf4,
  0xf4, 0xf4, 0xf4, 0xf4, 0xf5, 0xf6, 0xf6, 0xf6, 0xf6, 0xf6, 0xf6, 0xf5,
  0xf4, 0xf2, 0xef, 0xfc, 0xd0, 0x40, 0x00, 0x08, 0x02, 0x03, 0x01, 0x00,
  0x00, 0x00, 0x00, 0x00, 0x00, 0x00, 0x00, 0x00, 0x00, 0x00, 0x00, 0x00,
  0x00, 0x00, 0x00, 0x00, 0x00, 0x00, 0x00, 0x00, 0x00, 0x00, 0x00, 0x00,
  0x00, 0x00, 0x00, 0x00, 0x00, 0x00, 0x00, 0x00, 0x00, 0x00, 0x00, 0x03,
  0x07, 0x09, 0x00, 0x12, 0xc8, 0xf6, 0xf2, 0xf4, 0xf7, 0xf8, 0xf8, 0xf9,
  0xf8, 0xf8, 0xf7, 0xf6, 0xf6, 0xf6, 0xf6, 0xf7, 0xf6, 0xf7, 0xf7, 0xf7,
  0xf7, 0xf8, 0xf8, 0xf7, 0xf5, 0xf3, 0xf2, 0xf1, 0xf1, 0xf0, 0xf0, 0xf1,
  0xf2, 0xf3, 0xf4, 0xf6, 0xf7, 0xf6, 0xf5, 0xf4, 0xf3, 0xee, 0xfb, 0x98,
  0x19, 0x00, 0x04, 0x05, 0x03, 0x01, 0x00, 0x00, 0x00, 0x00, 0x00, 0x00,
  0x00, 0x00, 0x00, 0x00, 0x00, 0x00, 0x00, 0x00, 0x00, 0x00, 0x00, 0x00,
  0x00, 0x00, 0x00, 0x00, 0x00, 0x00, 0x00, 0x00, 0x00, 0x00, 0x00, 0x00,
  0x00, 0x00, 0x00, 0x00, 0x00, 0x00, 0x00, 0x00, 0x00, 0x00, 0x00, 0x00,
  0x00, 0x00, 0x00, 0x00, 0x00, 0x00, 0x00, 0x00, 0x00, 0x00, 0x00, 0x00,
  0x00, 0x00, 0x00, 0x00, 0x00, 0x00, 0x00, 0x00, 0x02, 0x02, 0x03, 0x07,
  0x00, 0x13, 0x94, 0xfb, 0xf6, 0xf1, 0xf6, 0xf6, 0xf5, 0xf4, 0xf3, 0xf1,
  0xf1, 0xf1, 0xf0, 0xf1, 0xf1, 0xf2, 0xf3, 0xf5, 0xf7, 0xf8, 0xf9, 0xf9,
  0xf9, 0xf9, 0xf9, 0xf9, 0xf9, 0xf9, 0xf7, 0xf6, 0xf6, 0xf5, 0xf5, 0xf4,
  0xf4, 0xf3, 0xf3, 0xf4, 0xf4, 0xf3, 0xf3, 0xf3, 0xf2, 0xf2, 0xf1, 0xef,
  0xef, 0xee, 0xf4, 0xef, 0x6a, 0x01, 0x01, 0x07, 0x01, 0x02, 0x01, 0x01,
  0x01, 0x02, 0x02, 0x02, 0x02, 0x04, 0x00, 0x57, 0xe0, 0xf5, 0xe9, 0xf0,
  0xf0, 0xf2, 0xf4, 0xf4, 0xf6, 0xf6, 0xf7, 0xf8, 0xf9, 0xf9, 0xf9, 0xf9,
  0xf9, 0xf8, 0xf8, 0xf7, 0xf7, 0xf7, 0xf7, 0xf7, 0xf8, 0xf9, 0xf8, 0xf8,
  0xf7, 0xf7, 0xf6, 0xf5, 0xf3, 0xf3, 0xf2, 0xf2, 0xf2, 0xf2, 0xf2, 0xf4,
  0xf5, 0xf5, 0xf6, 0xf4, 0xf0, 0xee, 0xf5, 0xde, 0x2b, 0x00, 0x02, 0x04,
  0x02, 0x00, 0x00, 0x00, 0x00, 0x00, 0x00, 0x00, 0x00, 0x00, 0x00, 0x00,
  0x00, 0x00, 0x01, 0x00, 0x00, 0x00, 0x00, 0x00, 0x00, 0x00, 0x00, 0x00,
  0x00, 0x00, 0x00, 0x00, 0x00, 0x00, 0x00, 0x00, 0x00, 0x00, 0x00, 0x00,
  0x00, 0x00, 0x00, 0x00, 0x00, 0x00, 0x00, 0x00, 0x00, 0x00, 0x00, 0x00,
  0x00, 0x00, 0x00, 0x00, 0x00, 0x00, 0x00, 0x00, 0x00, 0x00, 0x00, 0x00,
  0x01, 0x01, 0x01, 0x00, 0x00, 0x00, 0x00, 0x00, 0x00, 0x00, 0x00, 0x00,
  0x00, 0x00, 0x00, 0x00, 0x00, 0x00, 0x01, 0x01, 0x01, 0x00, 0x00, 0x00,
  0x00, 0x00, 0x00, 0x00, 0x01, 0x01, 0x00, 0x00, 0x00, 0x01, 0x01, 0x00,
  0x00, 0x00, 0x00, 0x00, 0x00, 0x00, 0x00, 0x00, 0x00, 0x00, 0x00, 0x00,
  0x00, 0x00, 0x00, 0x00, 0x00, 0x00, 0x03, 0x06, 0x02, 0x00, 0x50, 0xe7,
  0xf4, 0xf2, 0xf6, 0xfa, 0xfa, 0xfa, 0xf9, 0xf8, 0xf8, 0xf8, 0xf7, 0xf7,
  0xf7, 0xf8, 0xf9, 0xf9, 0xf8, 0xf9, 0xf8, 0xf7, 0xf6, 0xf4, 0xf4, 0xf3,
  0xf2, 0xf3, 0xf4, 0xf5, 0xf5, 0xf6, 0xf7, 0xf8, 0xf8, 0xf8, 0xf7, 0xf6,
  0xf5, 0xf4, 0xf3, 0xf3, 0xf3, 0xf3, 0xf3, 0xf4, 0xf5, 0xf3, 0xfb, 0xce,
  0x3b, 0x00, 0x0b, 0x03, 0x02, 0x01, 0x03, 0x04, 0x07, 0x03, 0x1f, 0xad,
  0xff, 0xff, 0xfe, 0xfd, 0xfc, 0xfc, 0xfc, 0xfc, 0xfa, 0xfa, 0xfa, 0xfa,
  0xfb, 0xfb, 0xfc, 0xfc, 0xfc, 0xfd, 0xfc, 0xfc, 0xfc, 0xfc, 0xfb, 0xfb,
  0xfb, 0xfb, 0xfc, 0xfc, 0xfc, 0xfd, 0xfd, 0xfd, 0xfd, 0xfd, 0xfc, 0xfb,
  0xfb, 0xfa, 0xfa, 0xfb, 0xfb, 0xfc, 0xfc, 0xfc, 0xfc, 0xf9, 0xfb, 0xfc,
  0x79, 0x09, 0x01, 0x06, 0x04, 0x00, 0x00, 0x00, 0x00, 0x00, 0x00, 0x00,
  0x00, 0x00, 0x00, 0x00, 0x00, 0x00, 0x00, 0x00, 0x00, 0x00, 0x00, 0x00,
  0x00, 0x00, 0x00, 0x00, 0x00, 0x00, 0x00, 0x00, 0x00, 0x00, 0x00, 0x00,
  0x00, 0x00, 0x00, 0x00, 0x00, 0x00, 0x00, 0x00, 0x00, 0x00, 0x00, 0x00,
  0x00, 0x00, 0x00, 0x00, 0x00, 0x00, 0x00, 0x00, 0x00, 0x00, 0x00, 0x00,
  0x00, 0x00, 0x00, 0x00, 0x00, 0x00, 0x00, 0x00, 0x00, 0x00, 0x00, 0x00,
  0x00, 0x00, 0x00, 0x00, 0x00, 0x00, 0x00, 0x00, 0x00, 0x00, 0x00, 0x00,
  0x00, 0x00, 0x00, 0x00, 0x00, 0x00, 0x00, 0x00, 0x00, 0x00, 0x00, 0x00,
  0x00, 0x00, 0x00, 0x00, 0x00, 0x00, 0x00, 0x00, 0x00, 0x00, 0x00, 0x00,
  0x00, 0x00, 0x00, 0x00, 0x00, 0x00, 0x00, 0x00, 0x00, 0x00, 0x01, 0x01,
  0x01, 0x02, 0x00, 0x0c, 0xad, 0xff, 0xfe, 0xfe, 0xff, 0xfe, 0xfe, 0xfd,
  0xfd, 0xfc, 0xfc, 0xfc, 0xfb, 0xfa, 0xfa, 0xfa, 0xfa, 0xfb, 0xfb, 0xfb,
  0xfc, 0xfc, 0xfd, 0xfd, 0xfd, 0xfd, 0xfd, 0xfd, 0xfd, 0xfe, 0xfe, 0xfe,
  0xfe, 0xfe, 0xfd, 0xfe, 0xfd, 0xfc, 0xfc, 0xfc, 0xfb, 0xfb, 0xfb, 0xfb,
  0xfa, 0xfa, 0xf7, 0xf9, 0xfd, 0xae, 0x1a, 0x00, 0x01, 0x03, 0x02, 0x00,
  0x00, 0x00, 0x00, 0x00, 0x00, 0x00, 0x00, 0x00, 0x00, 0x01, 0x01, 0x02,
  0x04, 0x0b, 0x00, 0x8f, 0xfc, 0xff, 0xfe, 0xff, 0xff, 0xff, 0xfe, 0xfd,
  0xfd, 0xfc, 0xfc, 0xfc, 0xfc, 0xfc, 0xfb, 0xfb, 0xfb, 0xfb, 0xfc, 0xfc,
  0xfc, 0xfc, 0xfc, 0xfc, 0xfc, 0xfc, 0xfc, 0xfc, 0xfc, 0xfb, 0xfc, 0xfc,
  0xfc, 0xfc, 0xfc, 0xfc, 0xfc, 0xfc, 0xfc, 0xfc, 0xfc, 0xfb, 0xfc, 0xfc,
  0xfb, 0xfb, 0xfb, 0xfb, 0xfc, 0xfc, 0xfc, 0xfc, 0xfc, 0xfc, 0xfc, 0xfc,
  0xfc, 0xfc, 0xfc, 0xfc, 0xfc, 0xfc, 0xfc, 0xfc, 0xfc, 0xfc, 0xfc, 0xfc,
  0xfc, 0xfc, 0xfc, 0xfc, 0xfc, 0xfc, 0xfc, 0xfc, 0xfc, 0xfc, 0xfc, 0xfc,
  0xfc, 0xfc, 0xfc, 0xfd, 0xfc, 0xfd, 0xfc, 0xfc, 0xfc, 0xfc, 0xfc, 0xfc,
  0xfc, 0xfc, 0xfd, 0xfd, 0xfd, 0xfc, 0xfc, 0xfc, 0xfc, 0xfc, 0xfc, 0xfc,
  0xfc, 0xfc, 0xfc, 0xfc, 0xfc, 0xfd, 0xfd, 0xfc, 0xfc, 0xfc, 0xfc, 0xfc,
  0xfc, 0xfc, 0xfc, 0xfc, 0xfc, 0xfc, 0xfc, 0xfb, 0xfb, 0xfb, 0xfc, 0xfc,
  0xfc, 0xfc, 0xfc, 0xfc, 0xfc, 0xfc, 0xfc, 0xf9, 0xf9, 0xff, 0x83, 0x0c,
  0x05, 0x06, 0x01, 0x00, 0x00, 0x00, 0x00, 0x00, 0x00, 0x00, 0x00, 0x00,
  0x00, 0x00, 0x00, 0x00, 0x00, 0x00, 0x00, 0x00, 0x00, 0x00, 0x00, 0x00,
  0x00, 0x01, 0x00, 0x00, 0x00, 0x00, 0x00, 0x00, 0x00, 0x00, 0x00, 0x00,
  0x00, 0x00, 0x00, 0x00, 0x00, 0x03, 0x07, 0x08, 0x00, 0x12, 0xd5, 0xfd,
  0xfb, 0xfc, 0xfd, 0xfd, 0xfe, 0xfe, 0xfe, 0xfd, 0xfe, 0xfd, 0xfd, 0xfd,
  0xfd, 0xfd, 0xfd, 0xfd, 0xfe, 0xfe, 0xfe, 0xfd, 0xfe, 0xfd, 0xfc, 0xfb,
  0xfb, 0xfb, 0xfb, 0xfa, 0xfa, 0xfb, 0xfb, 0xfc, 0xfc, 0xfd, 0xfe, 0xfe,
  0xfe, 0xfe, 0xfd, 0xfa, 0xff, 0x9e, 0x1a, 0x00, 0x04, 0x05, 0x02, 0x00,
  0x00, 0x00, 0x00, 0x00, 0x00, 0x00, 0x00, 0x00, 0x00, 0x00, 0x00, 0x00,
  0x00, 0x00, 0x00, 0x00, 0x00, 0x00, 0x00, 0x00, 0x00, 0x00, 0x00, 0x00,
  0x00, 0x00, 0x00, 0x00, 0x00, 0x00, 0x00, 0x00, 0x00, 0x00, 0x00, 0x00,
  0x00, 0x00, 0x00, 0x00, 0x00, 0x00, 0x00, 0x00, 0x00, 0x00, 0x00, 0x00,
  0x00, 0x00, 0x00, 0x00, 0x00, 0x00, 0x00, 0x00, 0x00, 0x00, 0x00, 0x00,
  0x00, 0x00, 0x00, 0x00, 0x02, 0x08, 0x08, 0x00, 0x30, 0xbc, 0xff, 0xf7,
  0xfd, 0xfc, 0xfb, 0xfb, 0xfa, 0xfa, 0xf9, 0xf9, 0xf9, 0xf9, 0xfa, 0xfa,
  0xfb, 0xfc, 0xfc, 0xfd, 0xfd, 0xfe, 0xfe, 0xfe, 0xfe, 0xfe, 0xfe, 0xfe,
  0xfd, 0xfd, 0xfc, 0xfc, 0xfc, 0xfb, 0xfc, 0xfb, 0xfb, 0xfb, 0xfb, 0xfb,
  0xfb, 0xfb, 0xfc, 0xfc, 0xfc, 0xfc, 0xfc, 0xfc, 0xfb, 0xff, 0xe1, 0x5d,
  0x06, 0x03, 0x04, 0x01, 0x02, 0x02, 0x02, 0x03, 0x04, 0x04, 0x04, 0x00,
  0x2c, 0xc1, 0xff, 0xf6, 0xfa, 0xfa, 0xfb, 0xfb, 0xfb, 0xfc, 0xfc, 0xfd,
  0xfd, 0xfe, 0xfe, 0xfe, 0xfe, 0xfe, 0xfe, 0xfe, 0xfe, 0xfe, 0xfd, 0xfd,
  0xfd, 0xfd, 0xfd, 0xfd, 0xfd, 0xfd, 0xfc, 0xfc, 0xfc, 0xfb, 0xfb, 0xfb,
  0xfb, 0xfa, 0xfa, 0xfa, 0xfa, 0xfb, 0xfb, 0xfc, 0xfc, 0xfc, 0xf9, 0xfc,
  0xfb, 0x7f, 0x01, 0x00, 0x04, 0x04, 0x02, 0x00, 0x00, 0x00, 0x00, 0x00,
  0x00, 0x00, 0x00, 0x00, 0x00, 0x00, 0x00, 0x00, 0x00, 0x00, 0x00, 0x00,
  0x00, 0x00, 0x00, 0x00, 0x00, 0x00, 0x00, 0x00, 0x00, 0x00, 0x00, 0x00,
  0x00, 0x00, 0x00, 0x00, 0x00, 0x00, 0x00, 0x00, 0x00, 0x00, 0x00, 0x00,
  0x00, 0x00, 0x00, 0x00, 0x00, 0x00, 0x00, 0x00, 0x00, 0x00, 0x00, 0x00,
  0x00, 0x00, 0x00, 0x00, 0x00, 0x00, 0x00, 0x00, 0x00, 0x00, 0x00, 0x00,
  0x00, 0x00, 0x00, 0x00, 0x00, 0x00, 0x00, 0x00, 0x00, 0x00, 0x00, 0x00,
  0x00, 0x00, 0x00, 0x00, 0x00, 0x00, 0x00, 0x00, 0x00, 0x00, 0x00, 0x00,
  0x00, 0x00, 0x00, 0x00, 0x00, 0x00, 0x00, 0x00, 0x00, 0x00, 0x00, 0x00,
  0x00, 0x00, 0x00, 0x00, 0x00, 0x00, 0x00, 0x00, 0x00, 0x00, 0x00, 0x00,
  0x02, 0x04, 0x04, 0x00, 0x14, 0x98, 0xff, 0xfa, 0xfb, 0xfe, 0xfe, 0xfe,
  0xfd, 0xfd, 0xfc, 0xfc, 0xfc, 0xfc, 0xfc, 0xfd, 0xfe, 0xfe, 0xfe, 0xfe,
  0xfe, 0xfd, 0xfc, 0xfc, 0xfc, 0xfb, 0xfb, 0xfb, 0xfb, 0xfc, 0xfc, 0xfc,
  0xfd, 0xfd, 0xfd, 0xfd, 0xfd, 0xfc, 0xfc, 0xfb, 0xfb, 0xfa, 0xfa, 0xfa,
  0xfb, 0xfb, 0xfc, 0xfa, 0xfd, 0xfb, 0x94, 0x13, 0x05, 0x05, 0x01, 0x00,
  0x02, 0x05, 0x09, 0x02, 0x6c, 0xe4, 0xf2, 0xf1, 0xf3, 0xf5, 0xf6, 0xf6,
  0xf6, 0xf5, 0xf4, 0xf4, 0xf4, 0xf5, 0xf5, 0xf6, 0xf7, 0xf7, 0xf7, 0xf7,
  0xf7, 0xf6, 0xf6, 0xf6, 0xf6, 0xf6, 0xf7, 0xf7, 0xf7, 0xf7, 0xf7, 0xf7,
  0xf8, 0xf7, 0xf7, 0xf7, 0xf7, 0xf6, 0xf5, 0xf5, 0xf4, 0xf4, 0xf4, 0xf5,
  0xf5, 0xf6, 0xf5, 0xf8, 0xf6, 0xbf, 0x29, 0x00, 0x05, 0x07, 0x03, 0x00,
  0x00, 0x00, 0x00, 0x00, 0x00, 0x00, 0x00, 0x00, 0x00, 0x00, 0x00, 0x00,
  0x00, 0x01, 0x01, 0x00, 0x00, 0x00, 0x00, 0x00, 0x00, 0x00, 0x00, 0x00,
  0x00, 0x00, 0x00, 0x00, 0x00, 0x00, 0x00, 0x00, 0x00, 0x00, 0x00, 0x00,
  0x00, 0x00, 0x00, 0x01, 0x00, 0x00, 0x00, 0x00, 0x00, 0x00, 0x00, 0x00,
  0x00, 0x00, 0x00, 0x00, 0x00, 0x00, 0x00, 0x00, 0x00, 0x00, 0x00, 0x00,
  0x00, 0x00, 0x00, 0x01, 0x00, 0x00, 0x00, 0x00, 0x00, 0x00, 0x00, 0x00,
  0x00, 0x00, 0x00, 0x00, 0x00, 0x00, 0x00, 0x00, 0x00, 0x00, 0x00, 0x00,
  0x00, 0x00, 0x00, 0x00, 0x00, 0x00, 0x00, 0x00, 0x00, 0x00, 0x00, 0x00,
  0x00, 0x00, 0x00, 0x00, 0x00, 0x00, 0x00, 0x00, 0x00, 0x00, 0x00, 0x00,
  0x00, 0x00, 0x00, 0x00, 0x00, 0x00, 0x00, 0x02, 0x01, 0x02, 0x47, 0xd7,
  0xf4, 0xf2, 0xf3, 0xf4, 0xf4, 0xf4, 0xf4, 0xf3, 0xf3, 0xf2, 0xf2, 0xf2,
  0xf3, 0xf3, 0xf4, 0xf5, 0xf6, 0xf6, 0xf7, 0xf7, 0xf8, 0xf8, 0xf8, 0xf8,
  0xf8, 0xf8, 0xf8, 0xf8, 0xf8, 0xf8, 0xf8, 0xf8, 0xf8, 0xf7, 0xf7, 0xf6,
  0xf5, 0xf4, 0xf4, 0xf2, 0xf1, 0xf1, 0xf1, 0xef, 0xef, 0xe9, 0xef, 0xe7,
  0x71, 0x05, 0x01, 0x02, 0x02, 0x00, 0x00, 0x00, 0x00, 0x00, 0x00, 0x00,
  0x00, 0x00, 0x01, 0x02, 0x02, 0x03, 0x04, 0x0b, 0x00, 0x8b, 0xf5, 0xf7,
  0xf5, 0xf7, 0xf7, 0xf7, 0xf7, 0xf7, 0xf7, 0xf7, 0xf8, 0xf7, 0xf7, 0xf7,
  0xf7, 0xf7, 0xf7, 0xf8, 0xf7, 0xf7, 0xf7, 0xf7, 0xf7, 0xf7, 0xf7, 0xf7,
  0xf7, 0xf7, 0xf7, 0xf7, 0xf7, 0xf7, 0xf7, 0xf7, 0xf7, 0xf7, 0xf7, 0xf8,
  0xf8, 0xf8, 0xf8, 0xf8, 0xf8, 0xf8, 0xf9, 0xf9, 0xf9, 0xf9, 0xf8, 0xf8,
  0xf8, 0xf8, 0xf8, 0xf8, 0xf7, 0xf7, 0xf7, 0xf7, 0xf7, 0xf7, 0xf7, 0xf7,
  0xf7, 0xf7, 0xf7, 0xf7, 0xf7, 0xf7, 0xf7, 0xf7, 0xf7, 0xf7, 0xf7, 0xf7,
  0xf7, 0xf7, 0xf7, 0xf7, 0xf7, 0xf7, 0xf8, 0xf8, 0xf8, 0xf8, 0xf8, 0xf8,
  0xf7, 0xf7, 0xf7, 0xf7, 0xf7, 0xf7, 0xf7, 0xf7, 0xf7, 0xf7, 0xf7, 0xf7,
  0xf7, 0xf7, 0xf7, 0xf6, 0xf6, 0xf6, 0xf6, 0xf6, 0xf6, 0xf5, 0xf5, 0xf5,
  0xf5, 0xf5, 0xf5, 0xf5, 0xf5, 0xf5, 0xf6, 0xf6, 0xf6, 0xf6, 0xf6, 0xf6,
  0xf6, 0xf6, 0xf7, 0xf6, 0xf6, 0xf6, 0xf6, 0xf6, 0xf7, 0xf7, 0xf6, 0xf6,
  0xf5, 0xf4, 0xf7, 0xd0, 0x3e, 0x00, 0x0a, 0x03, 0x01, 0x00, 0x00, 0x00,
  0x00, 0x00, 0x00, 0x00, 0x00, 0x00, 0x00, 0x00, 0x00, 0x00, 0x00, 0x00,
  0x00, 0x00, 0x00, 0x00, 0x00, 0x00, 0x00, 0x00, 0x00, 0x00, 0x00, 0x00,
  0x00, 0x00, 0x00, 0x00, 0x00, 0x00, 0x00, 0x00, 0x00, 0x00, 0x00, 0x02,
  0x05, 0x06, 0x00, 0x10, 0xd3, 0xf6, 0xf5, 0xf5, 0xf7, 0xf7, 0xf6, 0xf6,
  0xf6, 0xf6, 0xf5, 0xf5, 0xf5, 0xf5, 0xf5, 0xf5, 0xf5, 0xf6, 0xf6, 0xf6,
  0xf6, 0xf6, 0xf6, 0xf6, 0xf6, 0xf5, 0xf5, 0xf4, 0xf4, 0xf4, 0xf3, 0xf3,
  0xf3, 0xf3, 0xf3, 0xf3, 0xf3, 0xf2, 0xf1, 0xf0, 0xef, 0xeb, 0xed, 0x8f,
  0x17, 0x00, 0x03, 0x04, 0x01, 0x00, 0x00, 0x00, 0x00, 0x00, 0x00, 0x00,
  0x00, 0x00, 0x00, 0x00, 0x00, 0x00, 0x00, 0x00, 0x00, 0x00, 0x00, 0x00,
  0x00, 0x00, 0x00, 0x00, 0x00, 0x00, 0x00, 0x00, 0x00, 0x00, 0x00, 0x00,
  0x00, 0x00, 0x00, 0x00, 0x00, 0x00, 0x00, 0x00, 0x00, 0x00, 0x00, 0x00,
  0x00, 0x00, 0x00, 0x00, 0x00, 0x00, 0x00, 0x00, 0x00, 0x00, 0x00, 0x00,
  0x00, 0x00, 0x00, 0x00, 0x00, 0x00, 0x00, 0x00, 0x00, 0x00, 0x02, 0x05,
  0x0a, 0x04, 0x01, 0x4c, 0xd2, 0xf8, 0xf5, 0xf6, 0xf7, 0xf6, 0xf4, 0xf4,
  0xf3, 0xf2, 0xf3, 0xf3, 0xf4, 0xf5, 0xf6, 0xf7, 0xf8, 0xf8, 0xf8, 0xf8,
  0xf8, 0xf8, 0xf8, 0xf7, 0xf7, 0xf7, 0xf7, 0xf6, 0xf6, 0xf5, 0xf5, 0xf5,
  0xf5, 0xf5, 0xf5, 0xf4, 0xf3, 0xf4, 0xf3, 0xf2, 0xf1, 0xf0, 0xf0, 0xf0,
  0xef, 0xee, 0xef, 0xeb, 0xf8, 0xc9, 0x42, 0x02, 0x05, 0x03, 0x03, 0x03,
  0x03, 0x02, 0x03, 0x05, 0x03, 0x02, 0x85, 0xed, 0xed, 0xec, 0xf3, 0xf4,
  0xf4, 0xf5, 0xf5, 0xf6, 0xf6, 0xf6, 0xf6, 0xf5, 0xf5, 0xf5, 0xf5, 0xf5,
  0xf5, 0xf5, 0xf5, 0xf5, 0xf6, 0xf7, 0xf7, 0xf8, 0xf8, 0xf8, 0xf8, 0xf8,
  0xf8, 0xf8, 0xf9, 0xf9, 0xf8, 0xf7, 0xf6, 0xf5, 0xf4, 0xf4, 0xf4, 0xf5,
  0xf5, 0xf5, 0xf4, 0xf4, 0xf3, 0xf2, 0xc7, 0x20, 0x00, 0x00, 0x02, 0x03,
  0x01, 0x00, 0x00, 0x00, 0x00, 0x00, 0x00, 0x00, 0x00, 0x00, 0x00, 0x00,
  0x00, 0x00, 0x00, 0x00, 0x00, 0x00, 0x00, 0x00, 0x00, 0x00, 0x00, 0x00,
  0x00, 0x00, 0x00, 0x00, 0x00, 0x00, 0x00, 0x00, 0x00, 0x00, 0x00, 0x00,
  0x00, 0x00, 0x00, 0x00, 0x00, 0x00, 0x00, 0x00, 0x00, 0x00, 0x00, 0x00,
  0x00, 0x00, 0x00, 0x00, 0x00, 0x00, 0x00, 0x00, 0x00, 0x00, 0x00, 0x00,
  0x00, 0x00, 0x00, 0x00, 0x00, 0x00, 0x00, 0x00, 0x00, 0x00, 0x00, 0x00,
  0x00, 0x00, 0x00, 0x00, 0x00, 0x00, 0x00, 0x00, 0x00, 0x00, 0x00, 0x00,
  0x00, 0x00, 0x00, 0x00, 0x00, 0x00, 0x00, 0x00, 0x00, 0x00, 0x00, 0x00,
  0x00, 0x00, 0x00, 0x00, 0x00, 0x00, 0x00, 0x00, 0x00, 0x00, 0x00, 0x00,
  0x00, 0x00, 0x00, 0x00, 0x00, 0x00, 0x01, 0x03, 0x03, 0x00, 0x00, 0x42,
  0xdc, 0xfd, 0xfa, 0xf9, 0xfa, 0xfa, 0xfa, 0xfa, 0xfa, 0xf9, 0xf9, 0xf9,
  0xf8, 0xf7, 0xf7, 0xf6, 0xf6, 0xf6, 0xf6, 0xf6, 0xf6, 0xf5, 0xf5, 0xf5,
  0xf5, 0xf5, 0xf6, 0xf7, 0xf7, 0xf7, 0xf8, 0xf8, 0xf8, 0xf8, 0xf8, 0xf8,
  0xf8, 0xf9, 0xf9, 0xfa, 0xfa, 0xfa, 0xf9, 0xf9, 0xf8, 0xf7, 0xf4, 0xf6,
  0xd6, 0x57, 0x00, 0x06, 0x00, 0x00, 0x01, 0x04, 0x03, 0x08, 0x57, 0x83,
  0x86, 0x87, 0x85, 0x87, 0x88, 0x89, 0x88, 0x86, 0x86, 0x85, 0x86, 0x86,
  0x87, 0x89, 0x8a, 0x8b, 0x8b, 0x8a, 0x8a, 0x89, 0x89, 0x89, 0x89, 0x88,
  0x89, 0x8a, 0x8a, 0x8b, 0x8c, 0x8d, 0x8e, 0x8e, 0x8d, 0x8c, 0x8b, 0x89,
  0x87, 0x86, 0x85, 0x85, 0x85, 0x86, 0x87, 0x88, 0x86, 0x8c, 0x87, 0x43,
  0x04, 0x00, 0x04, 0x03, 0x01, 0x00, 0x00, 0x00, 0x00, 0x00, 0x00, 0x00,
  0x00, 0x00, 0x00, 0x00, 0x00, 0x00, 0x00, 0x00, 0x00, 0x00, 0x00, 0x00,
  0x00, 0x00, 0x00, 0x00, 0x00, 0x00, 0x00, 0x00, 0x00, 0x00, 0x00, 0x00,
  0x00, 0x00, 0x00, 0x00, 0x00, 0x00, 0x00, 0x00, 0x00, 0x00, 0x00, 0x00,
  0x00, 0x00, 0x00, 0x00, 0x00, 0x00, 0x00, 0x00, 0x00, 0x00, 0x00, 0x00,
  0x00, 0x00, 0x00, 0x00, 0x00, 0x00, 0x00, 0x00, 0x00, 0x00, 0x01, 0x00,
  0x00, 0x00, 0x00, 0x00, 0x00, 0x00, 0x00, 0x00, 0x00, 0x00, 0x00, 0x00,
  0x00, 0x00, 0x00, 0x00, 0x00, 0x00, 0x00, 0x00, 0x00, 0x00, 0x00, 0x00,
  0x00, 0x00, 0x00, 0x00, 0x00, 0x00, 0x00, 0x00, 0x00, 0x00, 0x00, 0x00,
  0x00, 0x00, 0x00, 0x00, 0x00, 0x00, 0x00, 0x00, 0x00, 0x00, 0x00, 0x00,
  0x01, 0x02, 0x03, 0x03, 0x08, 0x5e, 0x87, 0x85, 0x85, 0x87, 0x86, 0x85,
  0x83, 0x82, 0x81, 0x80, 0x80, 0x81, 0x82, 0x84, 0x85, 0x86, 0x87, 0x89,
  0x8b, 0x8d, 0x8e, 0x8e, 0x90, 0x90, 0x90, 0x90, 0x90, 0x90, 0x90, 0x90,
  0x90, 0x90, 0x8f, 0x8e, 0x8b, 0x89, 0x87, 0x85, 0x83, 0x81, 0x7f, 0x7d,
  0x7d, 0x7b, 0x7b, 0x7a, 0x7b, 0x85, 0x68, 0x0d, 0x00, 0x01, 0x01, 0x00,
  0x00, 0x00, 0x00, 0x00, 0x00, 0x01, 0x01, 0x00, 0x01, 0x02, 0x03, 0x02,
  0x04, 0x08, 0x00, 0x46, 0x89, 0x91, 0x8c, 0x8e, 0x8f, 0x8f, 0x8e, 0x8e,
  0x8c, 0x8c, 0x8c, 0x8b, 0x8b, 0x8b, 0x8b, 0x8b, 0x8b, 0x8b, 0x8b, 0x8b,
  0x8b, 0x8b, 0x8b, 0x8b, 0x8b, 0x8b, 0x8a, 0x8a, 0x8a, 0x8a, 0x8a, 0x8b,
  0x8c, 0x8b, 0x8b, 0x8b, 0x8b, 0x8c, 0x8c, 0x8c, 0x8d, 0x8d, 0x8e, 0x8e,
  0x8f, 0x8f, 0x8f, 0x8f, 0x8e, 0x8e, 0x8e, 0x8c, 0x8c, 0x8c, 0x8b, 0x8b,
  0x8b, 0x8b, 0x8b, 0x8b, 0x8b, 0x8a, 0x8a, 0x8a, 0x8a, 0x8a, 0x8b, 0x8b,
  0x8b, 0x8b, 0x8a, 0x8a, 0x8a, 0x8a, 0x8a, 0x8c, 0x8b, 0x8b, 0x8b, 0x8b,
  0x8c, 0x8c, 0x8c, 0x8c, 0x8c, 0x8c, 0x8c, 0x8b, 0x8b, 0x8a, 0x8a, 0x8a,
  0x8a, 0x8a, 0x8a, 0x8a, 0x8a, 0x8a, 0x8a, 0x8a, 0x8a, 0x89, 0x89, 0x88,
  0x87, 0x87, 0x87, 0x87, 0x86, 0x86, 0x85, 0x86, 0x86, 0x87, 0x86, 0x87,
  0x88, 0x89, 0x89, 0x89, 0x89, 0x8a, 0x8a, 0x8a, 0x8a, 0x89, 0x89, 0x88,
  0x87, 0x89, 0x8a, 0x8a, 0x89, 0x88, 0x86, 0x87, 0x89, 0x54, 0x10, 0x01,
  0x04, 0x02, 0x01, 0x00, 0x00, 0x00, 0x00, 0x00, 0x00, 0x00, 0x00, 0x00,
  0x00, 0x00, 0x00, 0x00, 0x00, 0x00, 0x00, 0x00, 0x00, 0x00, 0x00, 0x00,
  0x00, 0x00, 0x00, 0x00, 0x00, 0x00, 0x00, 0x00, 0x00, 0x00, 0x00, 0x00,
  0x00, 0x00, 0x00, 0x00, 0x00, 0x01, 0x03, 0x03, 0x00, 0x06, 0x6e, 0x88,
  0x85, 0x87, 0x8b, 0x8b, 0x8b, 0x8a, 0x8a, 0x89, 0x87, 0x86, 0x86, 0x86,
  0x85, 0x86, 0x87, 0x88, 0x89, 0x89, 0x8a, 0x8a, 0x8a, 0x8a, 0x89, 0x87,
  0x85, 0x84, 0x83, 0x82, 0x81, 0x81, 0x81, 0x82, 0x82, 0x81, 0x81, 0x80,
  0x7e, 0x7b, 0x7a, 0x74, 0x78, 0x40, 0x09, 0x00, 0x01, 0x02, 0x00, 0x00,
  0x00, 0x00, 0x00, 0x00, 0x00, 0x00, 0x00, 0x00, 0x00, 0x00, 0x00, 0x00,
  0x00, 0x00, 0x00, 0x00, 0x00, 0x00, 0x00, 0x00, 0x00, 0x00, 0x00, 0x00,
  0x00, 0x00, 0x00, 0x00, 0x00, 0x00, 0x00, 0x00, 0x00, 0x00, 0x00, 0x00,
  0x00, 0x00, 0x00, 0x00, 0x00, 0x00, 0x00, 0x00, 0x00, 0x00, 0x00, 0x00,
  0x00, 0x00, 0x00, 0x00, 0x00, 0x00, 0x00, 0x00, 0x00, 0x00, 0x00, 0x00,
  0x00, 0x00, 0x00, 0x00, 0x00, 0x02, 0x03, 0x06, 0x01, 0x07, 0x4f, 0x8f,
  0x87, 0x89, 0x89, 0x88, 0x85, 0x84, 0x84, 0x83, 0x84, 0x84, 0x86, 0x87,
  0x89, 0x8a, 0x8d, 0x8f, 0x8f, 0x90, 0x91, 0x91, 0x90, 0x8f, 0x8f, 0x8e,
  0x8b, 0x8a, 0x88, 0x86, 0x87, 0x86, 0x85, 0x85, 0x85, 0x84, 0x84, 0x83,
  0x82, 0x80, 0x7e, 0x7d, 0x7b, 0x79, 0x78, 0x77, 0x78, 0x7a, 0x7e, 0x87,
  0x51, 0x0a, 0x00, 0x06, 0x02, 0x03, 0x02, 0x03, 0x03, 0x04, 0x01, 0x06,
  0x5b, 0x83, 0x7a, 0x7d, 0x83, 0x86, 0x84, 0x87, 0x87, 0x88, 0x89, 0x88,
  0x8a, 0x89, 0x89, 0x88, 0x87, 0x87, 0x87, 0x87, 0x87, 0x88, 0x89, 0x8a,
  0x8b, 0x8d, 0x8e, 0x90, 0x90, 0x90, 0x90, 0x91, 0x90, 0x8f, 0x8d, 0x8b,
  0x88, 0x87, 0x86, 0x86, 0x86, 0x86, 0x86, 0x85, 0x85, 0x83, 0x84, 0x7d,
  0x48, 0x00, 0x00, 0x01, 0x00, 0x00, 0x00, 0x00, 0x00, 0x00, 0x00, 0x00,
  0x00, 0x00, 0x00, 0x00, 0x00, 0x00, 0x00, 0x00, 0x00, 0x00, 0x00, 0x00,
  0x00, 0x00, 0x00, 0x00, 0x00, 0x00, 0x00, 0x00, 0x00, 0x01, 0x00, 0x00,
  0x00, 0x00, 0x00, 0x00, 0x00, 0x00, 0x00, 0x00, 0x00, 0x00, 0x00, 0x00,
  0x00, 0x00, 0x00, 0x00, 0x00, 0x00, 0x00, 0x00, 0x00, 0x00, 0x00, 0x00,
  0x00, 0x00, 0x00, 0x00, 0x00, 0x00, 0x00, 0x00, 0x00, 0x00, 0x00, 0x00,
  0x00, 0x00, 0x00, 0x00, 0x00, 0x00, 0x00, 0x00, 0x00, 0x00, 0x00, 0x00,
  0x00, 0x00, 0x00, 0x00, 0x00, 0x00, 0x00, 0x00, 0x00, 0x00, 0x00, 0x00,
  0x00, 0x00, 0x00, 0x00, 0x00, 0x00, 0x00, 0x00, 0x00, 0x00, 0x00, 0x00,
  0x00, 0x00, 0x00, 0x00, 0x00, 0x00, 0x00, 0x00, 0x00, 0x00, 0x00, 0x00,
  0x00, 0x00, 0x00, 0x01, 0x01, 0x0d, 0x5d, 0x97, 0x94, 0x93, 0x96, 0x95,
  0x95, 0x93, 0x92, 0x92, 0x91, 0x8f, 0x8d, 0x8c, 0x8c, 0x8b, 0x8b, 0x8b,
  0x8a, 0x89, 0x87, 0x86, 0x86, 0x86, 0x86, 0x87, 0x88, 0x89, 0x8b, 0x8c,
  0x8e, 0x8e, 0x8f, 0x8f, 0x8f, 0x8f, 0x8e, 0x8f, 0x8f, 0x90, 0x91, 0x90,
  0x90, 0x8f, 0x8d, 0x8c, 0x89, 0x88, 0x88, 0x52, 0x00, 0x02, 0x00, 0x00,
  0x00, 0x01, 0x00, 0x02, 0x06, 0x07, 0x08, 0x09, 0x08, 0x08, 0x08, 0x07,
  0x07, 0x06, 0x06, 0x06, 0x06, 0x06, 0x07, 0x07, 0x06, 0x06, 0x06, 0x06,
  0x06, 0x07, 0x07, 0x07, 0x07, 0x07, 0x07, 0x06, 0x06, 0x07, 0x08, 0x09,
  0x09, 0x09, 0x09, 0x08, 0x07, 0x07, 0x07, 0x06, 0x06, 0x06, 0x06, 0x06,
  0x06, 0x07, 0x06, 0x07, 0x05, 0x00, 0x00, 0x00, 0x00, 0x00, 0x00, 0x00,
  0x00, 0x00, 0x00, 0x00, 0x00, 0x00, 0x00, 0x00, 0x00, 0x00, 0x00, 0x00,
  0x00, 0x00, 0x00, 0x00, 0x00, 0x00, 0x00, 0x00, 0x00, 0x00, 0x00, 0x00,
  0x00, 0x00, 0x00, 0x00, 0x00, 0x00, 0x00, 0x00, 0x00, 0x00, 0x00, 0x00,
  0x00, 0x00, 0x00, 0x00, 0x00, 0x00, 0x00, 0x00, 0x00, 0x00, 0x00, 0x00,
  0x00, 0x00, 0x00, 0x00, 0x00, 0x00, 0x00, 0x00, 0x00, 0x00, 0x00, 0x00,
  0x00, 0x00, 0x00, 0x00, 0x00, 0x00, 0x00, 0x00, 0x00, 0x00, 0x00, 0x00,
  0x00, 0x00, 0x00, 0x00, 0x00, 0x00, 0x00, 0x00, 0x00, 0x00, 0x00, 0x00,
  0x00, 0x00, 0x00, 0x00, 0x00, 0x00, 0x00, 0x00, 0x00, 0x00, 0x00, 0x00,
  0x01, 0x00, 0x00, 0x00, 0x00, 0x00, 0x00, 0x00, 0x00, 0x00, 0x00, 0x00,
  0x00, 0x00, 0x00, 0x00, 0x00, 0x00, 0x00, 0x01, 0x02, 0x03, 0x02, 0x03,
  0x08, 0x09, 0x08, 0x07, 0x07, 0x06, 0x06, 0x06, 0x05, 0x05, 0x06, 0x06,
  0x06, 0x06, 0x06, 0x06, 0x06, 0x08, 0x09, 0x09, 0x0a, 0x0a, 0x0a, 0x0a,
  0x0a, 0x0a, 0x0a, 0x0a, 0x09, 0x09, 0x09, 0x09, 0x0a, 0x09, 0x08, 0x07,
  0x07, 0x06, 0x06, 0x06, 0x06, 0x05, 0x05, 0x05, 0x05, 0x05, 0x04, 0x06,
  0x08, 0x02, 0x00, 0x00, 0x00, 0x00, 0x00, 0x00, 0x00, 0x00, 0x01, 0x00,
  0x00, 0x00, 0x01, 0x02, 0x03, 0x03, 0x03, 0x03, 0x03, 0x05, 0x09, 0x0b,
  0x0b, 0x0a, 0x0a, 0x0a, 0x09, 0x09, 0x08, 0x08, 0x06, 0x07, 0x07, 0x07,
  0x07, 0x07, 0x07, 0x06, 0x06, 0x06, 0x06, 0x07, 0x07, 0x06, 0x06, 0x06,
  0x06, 0x06, 0x06, 0x06, 0x06, 0x07, 0x07, 0x07, 0x07, 0x07, 0x07, 0x07,
  0x07, 0x07, 0x07, 0x07, 0x07, 0x08, 0x08, 0x08, 0x08, 0x08, 0x08, 0x08,
  0x08, 0x07, 0x07, 0x06, 0x06, 0x06, 0x06, 0x06, 0x06, 0x06, 0x06, 0x06,
  0x06, 0x06, 0x06, 0x06, 0x06, 0x07, 0x07, 0x06, 0x06, 0x06, 0x06, 0x06,
  0x07, 0x07, 0x07, 0x07, 0x07, 0x07, 0x07, 0x07, 0x07, 0x07, 0x07, 0x07,
  0x07, 0x06, 0x06, 0x06, 0x06, 0x06, 0x06, 0x06, 0x06, 0x06, 0x06, 0x06,
  0x06, 0x06, 0x06, 0x07, 0x07, 0x07, 0x06, 0x06, 0x06, 0x06, 0x06, 0x06,
  0x06, 0x05, 0x06, 0x06, 0x06, 0x06, 0x07, 0x07, 0x07, 0x07, 0x08, 0x07,
  0x08, 0x09, 0x07, 0x06, 0x07, 0x06, 0x06, 0x07, 0x07, 0x06, 0x07, 0x07,
  0x06, 0x07, 0x06, 0x00, 0x00, 0x00, 0x00, 0x01, 0x00, 0x00, 0x00, 0x00,
  0x00, 0x00, 0x00, 0x00, 0x00, 0x00, 0x00, 0x00, 0x00, 0x00, 0x00, 0x00,
  0x00, 0x00, 0x00, 0x00, 0x00, 0x00, 0x00, 0x00, 0x00, 0x00, 0x00, 0x00,
  0x00, 0x00, 0x00, 0x00, 0x00, 0x00, 0x00, 0x00, 0x00, 0x00, 0x00, 0x00,
  0x00, 0x01, 0x00, 0x00, 0x04, 0x07, 0x06, 0x06, 0x07, 0x08, 0x08, 0x08,
  0x07, 0x06, 0x06, 0x06, 0x06, 0x06, 0x05, 0x06, 0x06, 0x07, 0x07, 0x07,
  0x08, 0x08, 0x08, 0x08, 0x08, 0x08, 0x06, 0x06, 0x06, 0x06, 0x05, 0x05,
  0x05, 0x05, 0x06, 0x05, 0x05, 0x05, 0x04, 0x04, 0x04, 0x04, 0x03, 0x01,
  0x00, 0x00, 0x00, 0x00, 0x00, 0x00, 0x00, 0x00, 0x00, 0x00, 0x00, 0x00,
  0x00, 0x00, 0x00, 0x00, 0x00, 0x00, 0x00, 0x00, 0x00, 0x00, 0x00, 0x00,
  0x00, 0x00, 0x00, 0x00, 0x00, 0x00, 0x00, 0x00, 0x00, 0x00, 0x00, 0x00,
  0x00, 0x00, 0x00, 0x00, 0x00, 0x00, 0x00, 0x00, 0x00, 0x00, 0x00, 0x00,
  0x00, 0x00, 0x00, 0x00, 0x00, 0x00, 0x00, 0x00, 0x00, 0x00, 0x00, 0x00,
  0x00, 0x00, 0x00, 0x00, 0x00, 0x00, 0x00, 0x00, 0x00, 0x00, 0x00, 0x00,
  0x00, 0x01, 0x03, 0x01, 0x02, 0x09, 0x07, 0x07, 0x07, 0x07, 0x06, 0x06,
  0x07, 0x07, 0x07, 0x06, 0x07, 0x07, 0x07, 0x07, 0x08, 0x08, 0x09, 0x0a,
  0x0b, 0x0b, 0x0b, 0x0b, 0x0a, 0x0a, 0x09, 0x08, 0x06, 0x06, 0x06, 0x06,
  0x06, 0x06, 0x06, 0x06, 0x07, 0x06, 0x06, 0x06, 0x06, 0x06, 0x05, 0x04,
  0x05, 0x04, 0x05, 0x04, 0x04, 0x07, 0x09, 0x05, 0x02, 0x03, 0x02, 0x03,
  0x03, 0x02, 0x02, 0x01, 0x00, 0x00, 0x03, 0x05, 0x05, 0x05, 0x07, 0x07,
  0x07, 0x07, 0x07, 0x07, 0x07, 0x07, 0x08, 0x09, 0x09, 0x08, 0x06, 0x06,
  0x06, 0x06, 0x06, 0x06, 0x07, 0x06, 0x07, 0x08, 0x08, 0x09, 0x0a, 0x0a,
  0x0b, 0x0b, 0x0a, 0x09, 0x08, 0x07, 0x07, 0x06, 0x06, 0x06, 0x06, 0x06,
  0x06, 0x06, 0x06, 0x05, 0x06, 0x04, 0x00, 0x01, 0x01, 0x00, 0x00, 0x00,
  0x00, 0x00, 0x00, 0x00, 0x00, 0x00, 0x00, 0x00, 0x00, 0x00, 0x00, 0x00,
  0x00, 0x00, 0x00, 0x00, 0x00, 0x00, 0x00, 0x00, 0x00, 0x00, 0x00, 0x00,
  0x00, 0x00, 0x00, 0x00, 0x00, 0x00, 0x00, 0x00, 0x00, 0x00, 0x00, 0x00,
  0x00, 0x00, 0x00, 0x00, 0x00, 0x00, 0x00, 0x00, 0x00, 0x00, 0x00, 0x00,
  0x00, 0x00, 0x00, 0x00, 0x00, 0x00, 0x00, 0x00, 0x00, 0x00, 0x00, 0x00,
  0x00, 0x00, 0x00, 0x00, 0x00, 0x00, 0x00, 0x00, 0x00, 0x00, 0x00, 0x00,
  0x00, 0x00, 0x00, 0x00, 0x00, 0x00, 0x00, 0x00, 0x00, 0x00, 0x00, 0x00,
  0x00, 0x00, 0x00, 0x00, 0x00, 0x00, 0x00, 0x00, 0x00, 0x00, 0x00, 0x00,
  0x00, 0x00, 0x00, 0x00, 0x00, 0x00, 0x00, 0x00, 0x00, 0x00, 0x00, 0x00,
  0x00, 0x01, 0x00, 0x00, 0x00, 0x00, 0x00, 0x00, 0x00, 0x00, 0x01, 0x00,
  0x01, 0x09, 0x0a, 0x0a, 0x0b, 0x0b, 0x0b, 0x0a, 0x0a, 0x0a, 0x09, 0x08,
  0x08, 0x07, 0x07, 0x07, 0x07, 0x07, 0x07, 0x06, 0x06, 0x06, 0x06, 0x06,
  0x07, 0x07, 0x07, 0x07, 0x07, 0x08, 0x08, 0x09, 0x0a, 0x09, 0x09, 0x0a,
  0x09, 0x08, 0x08, 0x08, 0x09, 0x08, 0x08, 0x08, 0x08, 0x07, 0x07, 0x06,
  0x07, 0x06, 0x00, 0x00, 0x00, 0x00, 0x00, 0x00, 0x00, 0x00, 0x01, 0x02,
  0x02, 0x02, 0x02, 0x02, 0x02, 0x02, 0x02, 0x02, 0x02, 0x02, 0x02, 0x02,
  0x02, 0x02, 0x02, 0x02, 0x02, 0x02, 0x02, 0x02, 0x02, 0x02, 0x02, 0x02,
  0x02, 0x02, 0x02, 0x02, 0x02, 0x02, 0x02, 0x02, 0x02, 0x02, 0x02, 0x02,
  0x02, 0x02, 0x02, 0x02, 0x02, 0x02, 0x02, 0x02, 0x02, 0x02, 0x02, 0x02,
  0x01, 0x00, 0x00, 0x00, 0x00, 0x00, 0x00, 0x00, 0x00, 0x00, 0x00, 0x00,
  0x00, 0x00, 0x00, 0x00, 0x00, 0x00, 0x00, 0x00, 0x00, 0x00, 0x00, 0x00,
  0x01, 0x00, 0x00, 0x00, 0x00, 0x00, 0x00, 0x00, 0x00, 0x00, 0x00, 0x00,
  0x00, 0x00, 0x00, 0x00, 0x00, 0x00, 0x00, 0x00, 0x00, 0x00, 0x00, 0x00,
  0x00, 0x00, 0x00, 0x00, 0x00, 0x00, 0x00, 0x00, 0x00, 0x00, 0x00, 0x00,
  0x00, 0x00, 0x00, 0x00, 0x00, 0x00, 0x00, 0x00, 0x00, 0x00, 0x00, 0x00,
  0x00, 0x00, 0x00, 0x00, 0x00, 0x00, 0x00, 0x00, 0x00, 0x00, 0x00, 0x00,
  0x00, 0x00, 0x00, 0x00, 0x00, 0x00, 0x00, 0x00, 0x00, 0x00, 0x00, 0x00,
  0x00, 0x00, 0x00, 0x00, 0x00, 0x00, 0x00, 0x00, 0x00, 0x00, 0x00, 0x00,
  0x00, 0x00, 0x00, 0x00, 0x00, 0x00, 0x00, 0x00, 0x00, 0x00, 0x00, 0x00,
  0x00, 0x00, 0x01, 0x02, 0x04, 0x02, 0x02, 0x02, 0x02, 0x02, 0x02, 0x02,
  0x02, 0x02, 0x02, 0x02, 0x02, 0x02, 0x02, 0x02, 0x02, 0x02, 0x02, 0x02,
  0x02, 0x02, 0x02, 0x02, 0x02, 0x02, 0x02, 0x02, 0x02, 0x02, 0x02, 0x02,
  0x02, 0x02, 0x02, 0x02, 0x02, 0x02, 0x02, 0x02, 0x02, 0x02, 0x02, 0x02,
  0x02, 0x02, 0x02, 0x02, 0x02, 0x02, 0x00, 0x00, 0x00, 0x00, 0x00, 0x00,
  0x00, 0x00, 0x00, 0x00, 0x00, 0x00, 0x00, 0x01, 0x02, 0x02, 0x03, 0x03,
  0x03, 0x03, 0x04, 0x02, 0x02, 0x02, 0x02, 0x02, 0x02, 0x02, 0x02, 0x02,
  0x02, 0x02, 0x02, 0x02, 0x02, 0x02, 0x02, 0x02, 0x02, 0x02, 0x02, 0x02,
  0x02, 0x02, 0x02, 0x02, 0x02, 0x02, 0x02, 0x02, 0x02, 0x02, 0x02, 0x02,
  0x02, 0x02, 0x02, 0x02, 0x02, 0x02, 0x02, 0x02, 0x02, 0x02, 0x02, 0x02,
  0x02, 0x02, 0x02, 0x02, 0x02, 0x02, 0x02, 0x02, 0x02, 0x02, 0x02, 0x02,
  0x02, 0x02, 0x02, 0x02, 0x02, 0x02, 0x02, 0x02, 0x02, 0x02, 0x02, 0x02,
  0x02, 0x02, 0x02, 0x02, 0x02, 0x02, 0x02, 0x02, 0x02, 0x02, 0x02, 0x02,
  0x02, 0x02, 0x02, 0x02, 0x02, 0x02, 0x02, 0x02, 0x02, 0x02, 0x02, 0x02,
  0x02, 0x02, 0x02, 0x02, 0x02, 0x02, 0x02, 0x02, 0x02, 0x02, 0x02, 0x02,
  0x02, 0x02, 0x02, 0x02, 0x02, 0x02, 0x02, 0x02, 0x02, 0x02, 0x02, 0x02,
  0x02, 0x02, 0x02, 0x02, 0x02, 0x02, 0x02, 0x02, 0x02, 0x02, 0x02, 0x02,
  0x02, 0x02, 0x02, 0x02, 0x02, 0x02, 0x02, 0x02, 0x02, 0x02, 0x00, 0x00,
  0x00, 0x00, 0x00, 0x00, 0x00, 0x00, 0x00, 0x00, 0x00, 0x00, 0x00, 0x00,
  0x00, 0x00, 0x00, 0x00, 0x00, 0x00, 0x00, 0x00, 0x00, 0x00, 0x00, 0x00,
  0x00, 0x00, 0x00, 0x00, 0x00, 0x00, 0x00, 0x00, 0x00, 0x00, 0x00, 0x00,
  0x00, 0x00, 0x00, 0x00, 0x00, 0x00, 0x00, 0x00, 0x00, 0x00, 0x01, 0x02,
  0x02, 0x02, 0x02, 0x02, 0x02, 0x02, 0x02, 0x02, 0x02, 0x02, 0x02, 0x02,
  0x02, 0x02, 0x02, 0x02, 0x02, 0x02, 0x02, 0x02, 0x02, 0x02, 0x02, 0x02,
  0x02, 0x02, 0x02, 0x02, 0x02, 0x02, 0x02, 0x02, 0x02, 0x02, 0x02, 0x02,
  0x02, 0x02, 0x02, 0x02, 0x02, 0x01, 0x00, 0x00, 0x00, 0x00, 0x00, 0x00,
  0x00, 0x00, 0x00, 0x00, 0x00, 0x00, 0x00, 0x00, 0x00, 0x00, 0x00, 0x00,
  0x00, 0x00, 0x00, 0x00, 0x00, 0x00, 0x00, 0x00, 0x00, 0x00, 0x00, 0x00,
  0x00, 0x00, 0x00, 0x00, 0x00, 0x00, 0x00, 0x00, 0x00, 0x00, 0x00, 0x00,
  0x00, 0x00, 0x00, 0x00, 0x00, 0x00, 0x00, 0x00, 0x00, 0x00, 0x00, 0x00,
  0x00, 0x00, 0x00, 0x00, 0x00, 0x00, 0x00, 0x00, 0x00, 0x00, 0x00, 0x00,
  0x00, 0x00, 0x00, 0x00, 0x00, 0x00, 0x00, 0x01, 0x02, 0x04, 0x02, 0x02,
  0x02, 0x02, 0x02, 0x02, 0x02, 0x02, 0x02, 0x02, 0x02, 0x02, 0x02, 0x02,
  0x02, 0x02, 0x02, 0x02, 0x02, 0x02, 0x02, 0x02, 0x02, 0x02, 0x02, 0x02,
  0x02, 0x02, 0x02, 0x02, 0x02, 0x02, 0x02, 0x02, 0x02, 0x02, 0x02, 0x02,
  0x02, 0x02, 0x02, 0x02, 0x02, 0x02, 0x02, 0x02, 0x02, 0x02, 0x02, 0x02,
  0x00, 0x01, 0x04, 0x02, 0x03, 0x02, 0x02, 0x01, 0x01, 0x00, 0x01, 0x00,
  0x01, 0x02, 0x02, 0x02, 0x02, 0x02, 0x02, 0x02, 0x02, 0x02, 0x02, 0x02,
  0x02, 0x02, 0x02, 0x02, 0x02, 0x02, 0x02, 0x02, 0x02, 0x02, 0x02, 0x02,
  0x02, 0x02, 0x02, 0x02, 0x02, 0x02, 0x02, 0x02, 0x02, 0x02, 0x02, 0x02,
  0x02, 0x02, 0x02, 0x02, 0x02, 0x02, 0x02, 0x02, 0x02, 0x02, 0x02, 0x02,
  0x02, 0x01, 0x00, 0x00, 0x00, 0x00, 0x00, 0x00, 0x00, 0x00, 0x00, 0x00,
  0x00, 0x00, 0x00, 0x00, 0x00, 0x00, 0x00, 0x00, 0x00, 0x00, 0x00, 0x00,
  0x00, 0x00, 0x00, 0x00, 0x00, 0x00, 0x00, 0x00, 0x00, 0x00, 0x00, 0x00,
  0x00, 0x00, 0x00, 0x00, 0x00, 0x00, 0x00, 0x00, 0x00, 0x00, 0x00, 0x00,
  0x00, 0x00, 0x00, 0x00, 0x00, 0x00, 0x00, 0x00, 0x00, 0x00, 0x00, 0x00,
  0x00, 0x00, 0x00, 0x00, 0x00, 0x00, 0x00, 0x00, 0x00, 0x00, 0x00, 0x00,
  0x00, 0x00, 0x00, 0x00, 0x00, 0x00, 0x00, 0x00, 0x00, 0x00, 0x00, 0x00,
  0x00, 0x00, 0x00, 0x00, 0x00, 0x00, 0x00, 0x00, 0x00, 0x00, 0x00, 0x00,
  0x00, 0x00, 0x00, 0x00, 0x00, 0x00, 0x00, 0x00, 0x00, 0x00, 0x00, 0x00,
  0x00, 0x00, 0x00, 0x00, 0x00, 0x00, 0x00, 0x00, 0x01, 0x00, 0x00, 0x00,
  0x00, 0x00, 0x00, 0x00, 0x00, 0x01, 0x02, 0x02, 0x02, 0x02, 0x02, 0x02,
  0x02, 0x02, 0x02, 0x02, 0x02, 0x02, 0x02, 0x02, 0x02, 0x02, 0x02, 0x02,
  0x02, 0x02, 0x02, 0x02, 0x02, 0x02, 0x02, 0x02, 0x02, 0x02, 0x02, 0x02,
  0x02, 0x02, 0x02, 0x02, 0x02, 0x02, 0x02, 0x02, 0x02, 0x02, 0x02, 0x02,
  0x02, 0x02, 0x02, 0x02, 0x02, 0x02, 0x01, 0x00, 0x00, 0x00, 0x00, 0x00,
  0x00, 0x00, 0x00, 0x01, 0x03, 0x05, 0x06, 0x06, 0x06, 0x06, 0x06, 0x06,
  0x06, 0x05, 0x05, 0x04, 0x04, 0x04, 0x04, 0x05, 0x05, 0x05, 0x05, 0x05,
  0x05, 0x05, 0x05, 0x05, 0x05, 0x05, 0x05, 0x05, 0x05, 0x05, 0x06, 0x06,
  0x06, 0x06, 0x06, 0x05, 0x05, 0x05, 0x05, 0x05, 0x05, 0x04, 0x05, 0x05,
  0x05, 0x05, 0x05, 0x05, 0x04, 0x04, 0x00, 0x00, 0x00, 0x00, 0x00, 0x00,
  0x00, 0x00, 0x00, 0x00, 0x00, 0x00, 0x00, 0x00, 0x00, 0x00, 0x00, 0x00,
  0x00, 0x00, 0x00, 0x00, 0x00, 0x00, 0x01, 0x00, 0x00, 0x00, 0x00, 0x00,
  0x00, 0x00, 0x00, 0x00, 0x00, 0x00, 0x00, 0x00, 0x00, 0x00, 0x00, 0x00,
  0x00, 0x00, 0x00, 0x00, 0x00, 0x00, 0x00, 0x00, 0x00, 0x00, 0x00, 0x00,
  0x00, 0x00, 0x00, 0x00, 0x00, 0x00, 0x00, 0x00, 0x00, 0x00, 0x00, 0x00,
  0x00, 0x00, 0x00, 0x00, 0x00, 0x00, 0x00, 0x00, 0x00, 0x00, 0x00, 0x00,
  0x00, 0x00, 0x00, 0x00, 0x00, 0x00, 0x00, 0x00, 0x00, 0x00, 0x00, 0x00,
  0x00, 0x00, 0x00, 0x00, 0x00, 0x00, 0x00, 0x00, 0x00, 0x00, 0x00, 0x00,
  0x00, 0x00, 0x00, 0x00, 0x00, 0x00, 0x00, 0x00, 0x00, 0x00, 0x00, 0x00,
  0x00, 0x00, 0x00, 0x00, 0x00, 0x00, 0x00, 0x00, 0x00, 0x01, 0x03, 0x05,
  0x06, 0x06, 0x06, 0x06, 0x06, 0x05, 0x04, 0x04, 0x04, 0x04, 0x04, 0x04,
  0x04, 0x04, 0x05, 0x05, 0x05, 0x05, 0x06, 0x06, 0x06, 0x06, 0x06, 0x06,
  0x06, 0x06, 0x06, 0x06, 0x06, 0x06, 0x06, 0x06, 0x06, 0x06, 0x05, 0x05,
  0x05, 0x04, 0x04, 0x04, 0x04, 0x04, 0x04, 0x04, 0x04, 0x04, 0x04, 0x03,
  0x03, 0x00, 0x00, 0x00, 0x00, 0x00, 0x00, 0x00, 0x00, 0x00, 0x00, 0x00,
  0x01, 0x01, 0x01, 0x02, 0x02, 0x02, 0x02, 0x02, 0x03, 0x04, 0x06, 0x06,
  0x06, 0x06, 0x06, 0x06, 0x06, 0x06, 0x06, 0x05, 0x05, 0x05, 0x05, 0x05,
  0x05, 0x05, 0x05, 0x05, 0x05, 0x05, 0x05, 0x05, 0x06, 0x06, 0x06, 0x06,
  0x06, 0x06, 0x06, 0x06, 0x05, 0x05, 0x05, 0x05, 0x05, 0x05, 0x05, 0x05,
  0x05, 0x05, 0x05, 0x05, 0x05, 0x05, 0x05, 0x05, 0x05, 0x05, 0x05, 0x05,
  0x05, 0x05, 0x05, 0x05, 0x05, 0x05, 0x05, 0x06, 0x06, 0x06, 0x05, 0x05,
  0x05, 0x05, 0x05, 0x05, 0x05, 0x05, 0x05, 0x05, 0x05, 0x05, 0x05, 0x05,
  0x05, 0x05, 0x05, 0x05, 0x05, 0x05, 0x05, 0x05, 0x05, 0x05, 0x06, 0x06,
  0x06, 0x06, 0x06, 0x05, 0x05, 0x05, 0x05, 0x05, 0x05, 0x05, 0x05, 0x05,
  0x05, 0x05, 0x05, 0x05, 0x05, 0x05, 0x05, 0x05, 0x05, 0x05, 0x05, 0x05,
  0x05, 0x05, 0x05, 0x05, 0x05, 0x05, 0x05, 0x06, 0x05, 0x05, 0x05, 0x06,
  0x06, 0x06, 0x05, 0x05, 0x05, 0x05, 0x05, 0x05, 0x05, 0x05, 0x05, 0x05,
  0x05, 0x05, 0x05, 0x03, 0x01, 0x00, 0x00, 0x00, 0x00, 0x00, 0x00, 0x00,
  0x00, 0x00, 0x00, 0x00, 0x00, 0x00, 0x00, 0x00, 0x00, 0x00, 0x00, 0x00,
  0x00, 0x00, 0x00, 0x00, 0x00, 0x00, 0x00, 0x00, 0x00, 0x00, 0x00, 0x00,
  0x00, 0x00, 0x00, 0x00, 0x00, 0x00, 0x00, 0x00, 0x00, 0x00, 0x00, 0x00,
  0x00, 0x00, 0x00, 0x01, 0x02, 0x04, 0x05, 0x05, 0x06, 0x06, 0x06, 0x06,
  0x05, 0x05, 0x05, 0x05, 0x04, 0x04, 0x05, 0x05, 0x05, 0x05, 0x06, 0x06,
  0x06, 0x06, 0x06, 0x06, 0x06, 0x06, 0x05, 0x05, 0x04, 0x04, 0x04, 0x04,
  0x05, 0x05, 0x05, 0x05, 0x05, 0x05, 0x05, 0x04, 0x04, 0x04, 0x03, 0x01,
  0x00, 0x00, 0x00, 0x00, 0x00, 0x00, 0x00, 0x00, 0x00, 0x00, 0x00, 0x00,
  0x00, 0x00, 0x00, 0x00, 0x00, 0x00, 0x00, 0x00, 0x00, 0x00, 0x00, 0x00,
  0x00, 0x00, 0x00, 0x00, 0x00, 0x00, 0x00, 0x00, 0x00, 0x00, 0x00, 0x00,
  0x00, 0x00, 0x00, 0x00, 0x00, 0x00, 0x00, 0x00, 0x00, 0x00, 0x00, 0x00,
  0x00, 0x00, 0x00, 0x00, 0x00, 0x00, 0x00, 0x00, 0x00, 0x00, 0x00, 0x01,
  0x01, 0x00, 0x00, 0x00, 0x00, 0x00, 0x00, 0x00, 0x00, 0x00, 0x00, 0x00,
  0x00, 0x01, 0x02, 0x04, 0x04, 0x05, 0x06, 0x06, 0x05, 0x05, 0x05, 0x04,
  0x04, 0x04, 0x04, 0x04, 0x04, 0x04, 0x05, 0x05, 0x05, 0x06, 0x06, 0x06,
  0x07, 0x07, 0x07, 0x07, 0x06, 0x06, 0x06, 0x06, 0x06, 0x05, 0x05, 0x04,
  0x04, 0x04, 0x04, 0x04, 0x04, 0x04, 0x04, 0x04, 0x04, 0x04, 0x04, 0x04,
  0x04, 0x04, 0x04, 0x04, 0x05, 0x05, 0x04, 0x03, 0x02, 0x03, 0x02, 0x01,
  0x01, 0x01, 0x01, 0x00, 0x00, 0x00, 0x02, 0x03, 0x04, 0x04, 0x04, 0x04,
  0x04, 0x04, 0x05, 0x05, 0x05, 0x05, 0x06, 0x06, 0x06, 0x06, 0x06, 0x05,
  0x05, 0x05, 0x05, 0x05, 0x05, 0x05, 0x05, 0x05, 0x06, 0x06, 0x06, 0x06,
  0x06, 0x06, 0x06, 0x06, 0x06, 0x05, 0x05, 0x04, 0x04, 0x04, 0x04, 0x04,
  0x04, 0x05, 0x05, 0x05, 0x04, 0x04, 0x02, 0x00, 0x00, 0x00, 0x00, 0x00,
  0x00, 0x00, 0x00, 0x00, 0x00, 0x00, 0x00, 0x00, 0x00, 0x00, 0x00, 0x00,
  0x00, 0x00, 0x00, 0x00, 0x00, 0x00, 0x00, 0x00, 0x00, 0x00, 0x00, 0x00,
  0x00, 0x00, 0x00, 0x00, 0x00, 0x00, 0x00, 0x00, 0x00, 0x00, 0x00, 0x00,
  0x00, 0x00, 0x00, 0x00, 0x00, 0x00, 0x00, 0x00, 0x00, 0x00, 0x00, 0x00,
  0x00, 0x00, 0x00, 0x00, 0x00, 0x00, 0x00, 0x00, 0x00, 0x00, 0x00, 0x00,
  0x00, 0x00, 0x00, 0x00, 0x00, 0x00, 0x00, 0x00, 0x00, 0x00, 0x00, 0x00,
  0x00, 0x00, 0x00, 0x00, 0x00, 0x00, 0x00, 0x00, 0x00, 0x00, 0x00, 0x00,
  0x00, 0x00, 0x00, 0x00, 0x00, 0x00, 0x00, 0x00, 0x00, 0x00, 0x00, 0x00,
  0x00, 0x00, 0x00, 0x00, 0x00, 0x00, 0x00, 0x00, 0x00, 0x00, 0x00, 0x00,
  0x00, 0x00, 0x00, 0x00, 0x00, 0x00, 0x00, 0x00, 0x00, 0x00, 0x00, 0x01,
  0x04, 0x05, 0x06, 0x07, 0x07, 0x07, 0x07, 0x06, 0x06, 0x06, 0x06, 0x06,
  0x05, 0x05, 0x06, 0x05, 0x05, 0x05, 0x06, 0x06, 0x05, 0x05, 0x04, 0x04,
  0x04, 0x04, 0x05, 0x05, 0x05, 0x05, 0x06, 0x06, 0x06, 0x06, 0x06, 0x06,
  0x06, 0x06, 0x05, 0x05, 0x05, 0x05, 0x05, 0x05, 0x05, 0x05, 0x05, 0x04,
  0x04, 0x02, 0x00, 0x00, 0x00, 0x00, 0x00, 0x00, 0x00, 0x00, 0x01, 0x02,
  0x03, 0x04, 0x03, 0x03, 0x03, 0x03, 0x03, 0x03, 0x03, 0x03, 0x03, 0x03,
  0x03, 0x03, 0x03, 0x03, 0x03, 0x03, 0x03, 0x03, 0x03, 0x03, 0x03, 0x03,
  0x03, 0x03, 0x03, 0x03, 0x03, 0x03, 0x03, 0x03, 0x03, 0x03, 0x03, 0x03,
  0x03, 0x03, 0x03, 0x03, 0x03, 0x03, 0x03, 0x03, 0x04, 0x03, 0x02, 0x02,
  0x00, 0x00, 0x00, 0x00, 0x00, 0x00, 0x00, 0x00, 0x00, 0x00, 0x00, 0x00,
  0x00, 0x00, 0x00, 0x00, 0x00, 0x00, 0x00, 0x00, 0x00, 0x00, 0x00, 0x00,
  0x00, 0x00, 0x00, 0x00, 0x00, 0x00, 0x00, 0x00, 0x00, 0x00, 0x00, 0x00,
  0x00, 0x00, 0x00, 0x00, 0x00, 0x00, 0x00, 0x00, 0x00, 0x00, 0x00, 0x00,
  0x00, 0x00, 0x00, 0x00, 0x00, 0x00, 0x00, 0x00, 0x00, 0x00, 0x00, 0x00,
  0x00, 0x00, 0x00, 0x00, 0x00, 0x00, 0x00, 0x00, 0x00, 0x00, 0x00, 0x00,
  0x00, 0x00, 0x00, 0x00, 0x00, 0x00, 0x00, 0x00, 0x00, 0x00, 0x00, 0x00,
  0x00, 0x00, 0x00, 0x00, 0x00, 0x00, 0x00, 0x00, 0x00, 0x00, 0x00, 0x00,
  0x00, 0x00, 0x00, 0x00, 0x00, 0x00, 0x00, 0x00, 0x00, 0x00, 0x00, 0x00,
  0x00, 0x00, 0x00, 0x00, 0x00, 0x00, 0x00, 0x00, 0x00, 0x00, 0x00, 0x00,
  0x00, 0x00, 0x00, 0x00, 0x02, 0x03, 0x03, 0x03, 0x03, 0x03, 0x03, 0x03,
  0x03, 0x03, 0x03, 0x03, 0x03, 0x03, 0x03, 0x03, 0x03, 0x03, 0x03, 0x03,
  0x03, 0x03, 0x03, 0x03, 0x03, 0x03, 0x03, 0x03, 0x03, 0x03, 0x03, 0x03,
  0x03, 0x03, 0x03, 0x03, 0x03, 0x03, 0x03, 0x03, 0x03, 0x03, 0x03, 0x03,
  0x03, 0x03, 0x03, 0x03, 0x04, 0x03, 0x01, 0x00, 0x00, 0x00, 0x00, 0x00,
  0x00, 0x00, 0x00, 0x00, 0x00, 0x00, 0x01, 0x00, 0x01, 0x02, 0x01, 0x01,
  0x01, 0x01, 0x02, 0x02, 0x03, 0x04, 0x03, 0x03, 0x03, 0x03, 0x03, 0x03,
  0x03, 0x03, 0x03, 0x03, 0x03, 0x03, 0x03, 0x03, 0x03, 0x03, 0x03, 0x03,
  0x03, 0x03, 0x03, 0x03, 0x03, 0x03, 0x03, 0x03, 0x03, 0x03, 0x03, 0x03,
  0x03, 0x03, 0x03, 0x03, 0x03, 0x03, 0x03, 0x03, 0x03, 0x03, 0x03, 0x03,
  0x03, 0x03, 0x03, 0x04, 0x05, 0x04, 0x03, 0x03, 0x03, 0x03, 0x03, 0x03,
  0x03, 0x03, 0x03, 0x03, 0x03, 0x03, 0x03, 0x03, 0x04, 0x05, 0x04, 0x03,
  0x03, 0x03, 0x03, 0x03, 0x03, 0x03, 0x03, 0x03, 0x03, 0x03, 0x03, 0x03,
  0x03, 0x03, 0x03, 0x03, 0x03, 0x03, 0x03, 0x03, 0x03, 0x03, 0x03, 0x03,
  0x03, 0x03, 0x03, 0x03, 0x03, 0x03, 0x03, 0x03, 0x03, 0x03, 0x03, 0x03,
  0x03, 0x03, 0x03, 0x03, 0x03, 0x03, 0x03, 0x03, 0x03, 0x03, 0x03, 0x03,
  0x03, 0x03, 0x03, 0x03, 0x03, 0x03, 0x03, 0x03, 0x03, 0x03, 0x03, 0x03,
  0x03, 0x03, 0x03, 0x03, 0x03, 0x03, 0x03, 0x04, 0x03, 0x02, 0x01, 0x00,
  0x00, 0x00, 0x00, 0x00, 0x00, 0x00, 0x00, 0x00, 0x00, 0x00, 0x00, 0x00,
  0x00, 0x00, 0x00, 0x00, 0x00, 0x00, 0x00, 0x00, 0x00, 0x00, 0x00, 0x00,
  0x00, 0x00, 0x00, 0x00, 0x00, 0x00, 0x00, 0x00, 0x00, 0x00, 0x00, 0x00,
  0x00, 0x00, 0x00, 0x00, 0x00, 0x00, 0x00, 0x00, 0x00, 0x01, 0x03, 0x03,
  0x03, 0x03, 0x03, 0x03, 0x03, 0x03, 0x03, 0x03, 0x03, 0x03, 0x03, 0x03,
  0x03, 0x03, 0x03, 0x03, 0x03, 0x03, 0x03, 0x03, 0x03, 0x03, 0x03, 0x03,
  0x03, 0x03, 0x03, 0x03, 0x03, 0x03, 0x03, 0x03, 0x03, 0x03, 0x03, 0x03,
  0x03, 0x03, 0x03, 0x03, 0x03, 0x02, 0x00, 0x00, 0x00, 0x00, 0x00, 0x00,
  0x00, 0x00, 0x00, 0x00, 0x00, 0x00, 0x00, 0x00, 0x00, 0x00, 0x00, 0x00,
  0x00, 0x00, 0x00, 0x00, 0x00, 0x00, 0x00, 0x00, 0x00, 0x00, 0x00, 0x00,
  0x00, 0x00, 0x00, 0x00, 0x00, 0x00, 0x00, 0x00, 0x00, 0x00, 0x00, 0x00,
  0x00, 0x00, 0x00, 0x00, 0x00, 0x00, 0x00, 0x00, 0x00, 0x00, 0x00, 0x00,
  0x00, 0x00, 0x00, 0x00, 0x00, 0x00, 0x00, 0x00, 0x00, 0x00, 0x00, 0x00,
  0x00, 0x00, 0x00, 0x00, 0x00, 0x00, 0x01, 0x02, 0x02, 0x03, 0x02, 0x03,
  0x03, 0x03, 0x03, 0x03, 0x03, 0x03, 0x03, 0x03, 0x03, 0x03, 0x03, 0x04,
  0x04, 0x03, 0x03, 0x03, 0x03, 0x03, 0x03, 0x03, 0x03, 0x03, 0x03, 0x03,
  0x03, 0x03, 0x03, 0x03, 0x03, 0x03, 0x03, 0x03, 0x03, 0x03, 0x03, 0x03,
  0x03, 0x03, 0x03, 0x03, 0x03, 0x03, 0x03, 0x03, 0x03, 0x03, 0x03, 0x04,
  0x03, 0x02, 0x03, 0x02, 0x01, 0x02, 0x01, 0x00, 0x01, 0x00, 0x00, 0x01,
  0x01, 0x03, 0x04, 0x03, 0x03, 0x03, 0x03, 0x04, 0x04, 0x03, 0x03, 0x03,
  0x03, 0x03, 0x03, 0x03, 0x03, 0x03, 0x03, 0x03, 0x03, 0x03, 0x03, 0x03,
  0x03, 0x03, 0x03, 0x03, 0x03, 0x03, 0x03, 0x03, 0x03, 0x03, 0x03, 0x03,
  0x03, 0x03, 0x03, 0x03, 0x03, 0x03, 0x03, 0x03, 0x03, 0x03, 0x04, 0x03,
  0x01, 0x00, 0x00, 0x00, 0x00, 0x00, 0x00, 0x00, 0x00, 0x00, 0x00, 0x00,
  0x00, 0x00, 0x00, 0x00, 0x00, 0x00, 0x00, 0x00, 0x00, 0x00, 0x00, 0x00,
  0x00, 0x00, 0x00, 0x00, 0x00, 0x00, 0x00, 0x00, 0x00, 0x00, 0x00, 0x00,
  0x00, 0x00, 0x00, 0x00, 0x00, 0x00, 0x00, 0x00, 0x00, 0x00, 0x00, 0x00,
  0x00, 0x00, 0x00, 0x00, 0x00, 0x00, 0x00, 0x00, 0x00, 0x00, 0x00, 0x00,
  0x00, 0x00, 0x00, 0x01, 0x00, 0x00, 0x00, 0x00, 0x00, 0x00, 0x00, 0x00,
  0x00, 0x00, 0x00, 0x00, 0x00, 0x00, 0x00, 0x00, 0x00, 0x00, 0x00, 0x00,
  0x00, 0x00, 0x00, 0x00, 0x00, 0x00, 0x00, 0x00, 0x00, 0x00, 0x00, 0x00,
  0x00, 0x00, 0x00, 0x00, 0x00, 0x00, 0x00, 0x00, 0x00, 0x00, 0x00, 0x00,
  0x00, 0x00, 0x00, 0x00, 0x00, 0x00, 0x00, 0x00, 0x00, 0x00, 0x00, 0x00,
  0x00, 0x00, 0x00, 0x00, 0x00, 0x00, 0x02, 0x03, 0x03, 0x03, 0x03, 0x03,
  0x03, 0x03, 0x03, 0x03, 0x03, 0x03, 0x03, 0x03, 0x03, 0x03, 0x03, 0x03,
  0x03, 0x03, 0x03, 0x03, 0x03, 0x03, 0x03, 0x03, 0x03, 0x03, 0x03, 0x03,
  0x03, 0x03, 0x03, 0x03, 0x03, 0x03, 0x03, 0x03, 0x03, 0x03, 0x03, 0x03,
  0x03, 0x03, 0x03, 0x03, 0x03, 0x04, 0x03, 0x02, 0x00, 0x00, 0x00, 0x00
};
