static const unsigned char _tmp_aera_boot_mid_right_raw[] = {
  0x00, 0x00, 0x00, 0x00, 0x00, 0x00, 0x00, 0x00, 0x00, 0x00, 0x00, 0x00,
  0x00, 0x00, 0x00, 0x00, 0x00, 0x00, 0x00, 0x00, 0x00, 0x00, 0x00, 0x00,
  0x00, 0x00, 0x00, 0x00, 0x00, 0x00, 0x00, 0x00, 0x00, 0x00, 0x00, 0x00,
  0x00, 0x00, 0x00, 0x00, 0x00, 0x00, 0x00, 0x00, 0x00, 0x00, 0x00, 0x00,
  0x00, 0x00, 0x00, 0x00, 0x00, 0x00, 0x00, 0x00, 0x00, 0x00, 0x00, 0x00,
  0x00, 0x00, 0x00, 0x00, 0x00, 0x00, 0x00, 0x00, 0x00, 0x00, 0x00, 0x00,
  0x00, 0x00, 0x00, 0x00, 0x00, 0x00, 0x00, 0x00, 0x00, 0x00, 0x00, 0x00,
  0x00, 0x00, 0x00, 0x00, 0x00, 0x00, 0x00, 0x00, 0x00, 0x00, 0x00, 0x00,
  0x00, 0x00, 0x00, 0x00, 0x00, 0x00, 0x00, 0x00, 0x00, 0x00, 0x00, 0x00,
  0x00, 0x00, 0x00, 0x00, 0x00, 0x00, 0x00, 0x00, 0x00, 0x00, 0x00, 0x00,
  0x00, 0x00, 0x00, 0x00, 0x00, 0x00, 0x00, 0x00, 0x00, 0x00, 0x00, 0x00,
  0x00, 0x00, 0x00, 0x00, 0x00, 0x00, 0x00, 0x00, 0x00, 0x00, 0x00, 0x00,
  0x00, 0x00, 0x00, 0x00, 0x00, 0x00, 0x00, 0x00, 0x00, 0x00, 0x00, 0x00,
  0x00, 0x00, 0x00, 0x00, 0x00, 0x00, 0x00, 0x00, 0x00, 0x00, 0x00, 0x00,
  0x00, 0x00, 0x00, 0x00, 0x00, 0x00, 0x00, 0x00, 0x00, 0x00, 0x00, 0x00,
  0x00, 0x00, 0x00, 0x00, 0x00, 0x00, 0x00, 0x00, 0x00, 0x00, 0x00, 0x00,
  0x00, 0x00, 0x00, 0x00, 0x00, 0x00, 0x00, 0x00, 0x00, 0x00, 0x00, 0x00,
  0x00, 0x00, 0x00, 0x00, 0x00, 0x00, 0x00, 0x00, 0x00, 0x00, 0x00, 0x00,
  0x00, 0x00, 0x00, 0x00, 0x00, 0x00, 0x00, 0x00, 0x00, 0x00, 0x00, 0x00,
  0x00, 0x00, 0x00, 0x00, 0x00, 0x00, 0x00, 0x00, 0x00, 0x00, 0x00, 0x00,
  0x00, 0x00, 0x00, 0x00, 0x00, 0x00, 0x00, 0x00, 0x00, 0x00, 0x00, 0x00,
  0x00, 0x00, 0x00, 0x00, 0x00, 0x00, 0x00, 0x00, 0x00, 0x00, 0x00, 0x00,
  0x00, 0x00, 0x00, 0x00, 0x00, 0x00, 0x00, 0x00, 0x00, 0x00, 0x00, 0x00,
  0x00, 0x00, 0x00, 0x00, 0x00, 0x00, 0x00, 0x00, 0x00, 0x00, 0x00, 0x00,
  0x00, 0x00, 0x00, 0x00, 0x00, 0x00, 0x00, 0x00, 0x00, 0x00, 0x00, 0x00,
  0x00, 0x00, 0x00, 0x00, 0x00, 0x00, 0x00, 0x00, 0x00, 0x00, 0x00, 0x00,
  0x00, 0x00, 0x00, 0x00, 0x00, 0x00, 0x00, 0x00, 0x00, 0x00, 0x00, 0x00,
  0x00, 0x00, 0x00, 0x00, 0x00, 0x00, 0x00, 0x00, 0x00, 0x00, 0x00, 0x00,
  0x00, 0x00, 0x00, 0x00, 0x00, 0x00, 0x00, 0x00, 0x00, 0x00, 0x00, 0x00,
  0x00, 0x00, 0x00, 0x00, 0x00, 0x00, 0x00, 0x00, 0x00, 0x00, 0x00, 0x00,
  0x00, 0x00, 0x00, 0x00, 0x00, 0x00, 0x00, 0x00, 0x00, 0x00, 0x02, 0x03,
  0x02, 0x03, 0x03, 0x03, 0x03, 0x03, 0x03, 0x03, 0x03, 0x03, 0x03, 0x03,
  0x03, 0x03, 0x03, 0x03, 0x03, 0x03, 0x03, 0x03, 0x03, 0x03, 0x03, 0x03,
  0x03, 0x03, 0x03, 0x03, 0x03, 0x03, 0x03, 0x03, 0x03, 0x03, 0x03, 0x03,
  0x03, 0x03, 0x03, 0x03, 0x03, 0x03, 0x03, 0x03, 0x03, 0x03, 0x03, 0x03,
  0x03, 0x03, 0x03, 0x03, 0x03, 0x03, 0x03, 0x03, 0x03, 0x03, 0x03, 0x03,
  0x03, 0x03, 0x03, 0x03, 0x03, 0x03, 0x03, 0x03, 0x03, 0x03, 0x03, 0x03,
  0x03, 0x03, 0x03, 0x03, 0x03, 0x03, 0x03, 0x03, 0x03, 0x03, 0x03, 0x03,
  0x03, 0x03, 0x03, 0x03, 0x03, 0x03, 0x03, 0x03, 0x03, 0x03, 0x03, 0x03,
  0x03, 0x03, 0x03, 0x03, 0x03, 0x03, 0x03, 0x03, 0x03, 0x03, 0x03, 0x03,
  0x03, 0x03, 0x03, 0x03, 0x01, 0x00, 0x00, 0x00, 0x00, 0x00, 0x00, 0x00,
  0x00, 0x00, 0x00, 0x00, 0x00, 0x00, 0x00, 0x00, 0x00, 0x00, 0x00, 0x00,
  0x00, 0x00, 0x00, 0x00, 0x00, 0x00, 0x00, 0x00, 0x00, 0x00, 0x00, 0x00,
  0x00, 0x00, 0x00, 0x00, 0x00, 0x00, 0x00, 0x00, 0x00, 0x00, 0x00, 0x00,
  0x00, 0x00, 0x00, 0x00, 0x00, 0x00, 0x00, 0x00, 0x00, 0x00, 0x00, 0x00,
  0x00, 0x00, 0x00, 0x00, 0x00, 0x00, 0x00, 0x00, 0x00, 0x00, 0x00, 0x00,
  0x00, 0x00, 0x00, 0x00, 0x00, 0x00, 0x00, 0x00, 0x00, 0x00, 0x00, 0x00,
  0x00, 0x00, 0x00, 0x00, 0x00, 0x00, 0x00, 0x00, 0x00, 0x00, 0x00, 0x00,
  0x00, 0x00, 0x00, 0x00, 0x00, 0x00, 0x00, 0x00, 0x00, 0x00, 0x00, 0x00,
  0x00, 0x00, 0x00, 0x00, 0x00, 0x00, 0x00, 0x00, 0x00, 0x00, 0x00, 0x00,
  0x00, 0x00, 0x00, 0x00, 0x00, 0x00, 0x00, 0x00, 0x00, 0x00, 0x00, 0x00,
  0x00, 0x00, 0x00, 0x00, 0x00, 0x00, 0x00, 0x00, 0x00, 0x00, 0x00, 0x00,
  0x00, 0x00, 0x00, 0x00, 0x00, 0x00, 0x00, 0x00, 0x00, 0x00, 0x00, 0x00,
  0x00, 0x00, 0x00, 0x00, 0x00, 0x00, 0x00, 0x00, 0x00, 0x00, 0x00, 0x00,
  0x00, 0x00, 0x00, 0x00, 0x00, 0x00, 0x00, 0x00, 0x00, 0x00, 0x00, 0x00,
  0x00, 0x00, 0x00, 0x00, 0x00, 0x00, 0x00, 0x02, 0x02, 0x00, 0x00, 0x00,
  0x00, 0x00, 0x00, 0x00, 0x00, 0x00, 0x00, 0x00, 0x00, 0x00, 0x00, 0x00,
  0x00, 0x00, 0x00, 0x00, 0x00, 0x00, 0x00, 0x00, 0x00, 0x00, 0x00, 0x00,
  0x00, 0x00, 0x00, 0x00, 0x00, 0x00, 0x00, 0x00, 0x00, 0x00, 0x00, 0x00,
  0x00, 0x00, 0x00, 0x00, 0x00, 0x00, 0x00, 0x00, 0x00, 0x00, 0x00, 0x00,
  0x00, 0x00, 0x00, 0x00, 0x00, 0x00, 0x00, 0x00, 0x00, 0x00, 0x00, 0x00,
  0x00, 0x00, 0x01, 0x00, 0x2c, 0x49, 0x42, 0x47, 0x4e, 0x51, 0x54, 0x54,
  0x56, 0x57, 0x59, 0x5b, 0x5b, 0x5b, 0x5a, 0x59, 0x57, 0x56, 0x54, 0x53,
  0x52, 0x51, 0x50, 0x4e, 0x4e, 0x4e, 0x4d, 0x4d, 0x4c, 0x4c, 0x4c, 0x4e,
  0x4f, 0x50, 0x51, 0x52, 0x53, 0x54, 0x54, 0x56, 0x57, 0x57, 0x57, 0x56,
  0x56, 0x56, 0x56, 0x55, 0x54, 0x54, 0x53, 0x52, 0x51, 0x51, 0x50, 0x50,
  0x4f, 0x4e, 0x4d, 0x4d, 0x4d, 0x4d, 0x4e, 0x4e, 0x4f, 0x4f, 0x4f, 0x50,
  0x50, 0x51, 0x51, 0x52, 0x52, 0x52, 0x52, 0x53, 0x52, 0x52, 0x51, 0x51,
  0x50, 0x4f, 0x4f, 0x4e, 0x4d, 0x4d, 0x4d, 0x4b, 0x4a, 0x49, 0x48, 0x49,
  0x49, 0x49, 0x4b, 0x4c, 0x4d, 0x50, 0x52, 0x53, 0x55, 0x56, 0x56, 0x56,
  0x55, 0x54, 0x54, 0x54, 0x53, 0x55, 0x54, 0x4c, 0x54, 0x56, 0x1b, 0x00,
  0x02, 0x00, 0x00, 0x00, 0x00, 0x00, 0x00, 0x00, 0x00, 0x00, 0x00, 0x00,
  0x00, 0x00, 0x00, 0x00, 0x00, 0x00, 0x00, 0x00, 0x00, 0x00, 0x00, 0x00,
  0x00, 0x00, 0x00, 0x00, 0x00, 0x00, 0x00, 0x00, 0x00, 0x00, 0x00, 0x00,
  0x00, 0x00, 0x00, 0x00, 0x00, 0x00, 0x00, 0x00, 0x00, 0x00, 0x00, 0x00,
  0x00, 0x00, 0x00, 0x00, 0x00, 0x00, 0x00, 0x00, 0x00, 0x00, 0x00, 0x00,
  0x00, 0x00, 0x00, 0x00, 0x00, 0x04, 0x00, 0x7c, 0xcc, 0xba, 0xbd, 0xc5,
  0xca, 0xce, 0xce, 0xd1, 0xd3, 0xd5, 0xd6, 0xd6, 0xd6, 0xd6, 0xd5, 0xd2,
  0xd1, 0xcf, 0xcd, 0xcb, 0xca, 0xc8, 0xc7, 0xc6, 0xc6, 0xc6, 0xc6, 0xc5,
  0xc5, 0xc5, 0xc6, 0xc7, 0xc8, 0xca, 0xcb, 0xcc, 0xcd, 0xce, 0xcf, 0xd0,
  0xd0, 0xd0, 0xd0, 0xcf, 0xd0, 0xcf, 0xcf, 0xce, 0xce, 0xcd, 0xcc, 0xca,
  0xca, 0xca, 0xca, 0xc9, 0xc8, 0xc7, 0xc7, 0xc7, 0xc7, 0xc8, 0xc9, 0xca,
  0xca, 0xcb, 0xcb, 0xcb, 0xcc, 0xcc, 0xcc, 0xcc, 0xcc, 0xcd, 0xcd, 0xcc,
  0xcb, 0xca, 0xc9, 0xc8, 0xc7, 0xc6, 0xc5, 0xc4, 0xc2, 0xc1, 0xbf, 0xbe,
  0xbe, 0xbd, 0xbf, 0xbf, 0xc1, 0xc3, 0xc5, 0xc8, 0xcb, 0xce, 0xd0, 0xd1,
  0xd1, 0xd1, 0xd1, 0xcf, 0xcd, 0xcb, 0xcc, 0xcb, 0xcc, 0xcc, 0xc7, 0xca,
  0xd8, 0x7c, 0x12, 0x00, 0x01, 0x00, 0x00, 0x00, 0x00, 0x00, 0x00, 0x00,
  0x00, 0x00, 0x00, 0x00, 0x00, 0x00, 0x00, 0x00, 0x00, 0x00, 0x00, 0x00,
  0x00, 0x00, 0x00, 0x00, 0x00, 0x00, 0x00, 0x00, 0x00, 0x00, 0x00, 0x00,
  0x00, 0x00, 0x00, 0x00, 0x00, 0x00, 0x00, 0x00, 0x00, 0x00, 0x00, 0x00,
  0x00, 0x00, 0x00, 0x00, 0x00, 0x00, 0x00, 0x00, 0x00, 0x00, 0x00, 0x00,
  0x00, 0x00, 0x00, 0x00, 0x00, 0x00, 0x00, 0x00, 0x05, 0x00, 0x87, 0xf0,
  0xe6, 0xe2, 0xe6, 0xe7, 0xe8, 0xe8, 0xea, 0xeb, 0xeb, 0xec, 0xec, 0xec,
  0xec, 0xeb, 0xeb, 0xea, 0xe9, 0xe7, 0xe6, 0xe6, 0xe5, 0xe5, 0xe5, 0xe5,
  0xe5, 0xe5, 0xe5, 0xe5, 0xe6, 0xe6, 0xe6, 0xe6, 0xe6, 0xe7, 0xe7, 0xe8,
  0xe8, 0xe8, 0xe8, 0xe8, 0xe8, 0xe8, 0xe8, 0xe8, 0xe9, 0xe8, 0xe8, 0xe8,
  0xe8, 0xe8, 0xe8, 0xe7, 0xe7, 0xe7, 0xe7, 0xe7, 0xe7, 0xe8, 0xe8, 0xe8,
  0xe8, 0xe9, 0xe8, 0xe8, 0xe9, 0xe9, 0xe9, 0xe9, 0xe9, 0xe9, 0xe9, 0xe9,
  0xe8, 0xe8, 0xe8, 0xe8, 0xe7, 0xe6, 0xe4, 0xe4, 0xe2, 0xe1, 0xe1, 0xe0,
  0xde, 0xde, 0xde, 0xde, 0xdf, 0xe1, 0xe3, 0xe4, 0xe6, 0xe7, 0xe8, 0xea,
  0xeb, 0xec, 0xec, 0xeb, 0xea, 0xe9, 0xe7, 0xe6, 0xe5, 0xe5, 0xe5, 0xe5,
  0xe6, 0xe7, 0xe0, 0xf0, 0xd2, 0x43, 0x00, 0x04, 0x00, 0x00, 0x00, 0x00,
  0x00, 0x00, 0x00, 0x00, 0x00, 0x00, 0x00, 0x00, 0x00, 0x00, 0x00, 0x00,
  0x00, 0x00, 0x00, 0x00, 0x00, 0x00, 0x00, 0x00, 0x00, 0x00, 0x00, 0x00,
  0x00, 0x00, 0x00, 0x00, 0x00, 0x00, 0x00, 0x00, 0x00, 0x00, 0x00, 0x00,
  0x00, 0x00, 0x00, 0x00, 0x00, 0x00, 0x00, 0x00, 0x00, 0x00, 0x00, 0x00,
  0x00, 0x00, 0x00, 0x00, 0x00, 0x00, 0x00, 0x00, 0x00, 0x00, 0x00, 0x01,
  0x00, 0x24, 0xaf, 0xe8, 0xd4, 0xda, 0xd9, 0xd9, 0xd9, 0xda, 0xda, 0xda,
  0xda, 0xda, 0xda, 0xda, 0xda, 0xda, 0xda, 0xd9, 0xd8, 0xd7, 0xd8, 0xd7,
  0xd7, 0xd8, 0xd8, 0xd9, 0xd9, 0xd9, 0xd9, 0xd9, 0xda, 0xda, 0xda, 0xd9,
  0xda, 0xda, 0xd9, 0xda, 0xd9, 0xd9, 0xd9, 0xd9, 0xd9, 0xd9, 0xd9, 0xd9,
  0xd9, 0xda, 0xd9, 0xd9, 0xda, 0xda, 0xd9, 0xd9, 0xd9, 0xda, 0xd9, 0xda,
  0xda, 0xda, 0xda, 0xda, 0xda, 0xda, 0xda, 0xda, 0xda, 0xd9, 0xd9, 0xd9,
  0xd9, 0xd9, 0xd9, 0xda, 0xd9, 0xda, 0xda, 0xd9, 0xd8, 0xd7, 0xd6, 0xd4,
  0xd4, 0xd4, 0xd4, 0xd4, 0xd3, 0xd3, 0xd4, 0xd5, 0xd7, 0xd9, 0xd9, 0xda,
  0xda, 0xda, 0xda, 0xda, 0xda, 0xda, 0xda, 0xda, 0xda, 0xd9, 0xd9, 0xd8,
  0xd8, 0xd8, 0xd8, 0xd8, 0xd8, 0xd1, 0xd5, 0xe4, 0x77, 0x04, 0x02, 0x00,
  0x00, 0x00, 0x00, 0x00, 0x00, 0x00, 0x00, 0x00, 0x00, 0x00, 0x00, 0x00,
  0x00, 0x00, 0x00, 0x00, 0x00, 0x00, 0x00, 0x00, 0x00, 0x00, 0x00, 0x00,
  0x00, 0x00, 0x00, 0x00, 0x00, 0x00, 0x00, 0x00, 0x00, 0x00, 0x00, 0x00,
  0x00, 0x00, 0x00, 0x00, 0x00, 0x00, 0x00, 0x00, 0x00, 0x00, 0x00, 0x00,
  0x00, 0x00, 0x00, 0x00, 0x00, 0x00, 0x00, 0x00, 0x00, 0x00, 0x00, 0x00,
  0x00, 0x00, 0x00, 0x06, 0x00, 0x8c, 0xf4, 0xd5, 0xdb, 0xdb, 0xdb, 0xdb,
  0xdb, 0xdb, 0xdb, 0xdb, 0xdb, 0xdb, 0xdb, 0xdb, 0xdb, 0xdb, 0xda, 0xd9,
  0xd9, 0xd9, 0xd8, 0xd9, 0xda, 0xda, 0xdb, 0xdb, 0xdb, 0xdc, 0xdc, 0xdc,
  0xdc, 0xdc, 0xdc, 0xdc, 0xdc, 0xdb, 0xdb, 0xdb, 0xdb, 0xdb, 0xdb, 0xdb,
  0xdb, 0xdb, 0xdb, 0xdb, 0xdb, 0xdb, 0xdb, 0xdb, 0xdb, 0xdb, 0xdb, 0xdc,
  0xdc, 0xdc, 0xdc, 0xdc, 0xdc, 0xdc, 0xdc, 0xdc, 0xdc, 0xdc, 0xdc, 0xdc,
  0xdb, 0xdb, 0xdb, 0xdb, 0xdb, 0xdb, 0xda, 0xda, 0xdb, 0xdb, 0xdb, 0xd9,
  0xd8, 0xd8, 0xd7, 0xd7, 0xd7, 0xd7, 0xd7, 0xd7, 0xd6, 0xd7, 0xd9, 0xda,
  0xdb, 0xdc, 0xdc, 0xdc, 0xdc, 0xdc, 0xdb, 0xdb, 0xdb, 0xdb, 0xdc, 0xdc,
  0xdc, 0xdc, 0xdb, 0xdc, 0xdc, 0xdb, 0xdb, 0xda, 0xd7, 0xd0, 0xe3, 0xca,
  0x47, 0x00, 0x04, 0x00, 0x00, 0x00, 0x00, 0x00, 0x00, 0x00, 0x00, 0x00,
  0x00, 0x00, 0x00, 0x00, 0x00, 0x00, 0x00, 0x00, 0x00, 0x00, 0x00, 0x00,
  0x00, 0x00, 0x00, 0x00, 0x00, 0x00, 0x00, 0x00, 0x00, 0x00, 0x00, 0x00,
  0x00, 0x00, 0x00, 0x00, 0x00, 0x00, 0x00, 0x00, 0x00, 0x00, 0x00, 0x00,
  0x00, 0x00, 0x00, 0x00, 0x00, 0x00, 0x00, 0x00, 0x00, 0x00, 0x00, 0x00,
  0x00, 0x00, 0x00, 0x00, 0x00, 0x00, 0x05, 0x00, 0x86, 0xf1, 0xdb, 0xdc,
  0xdd, 0xdf, 0xe0, 0xdf, 0xdf, 0xdf, 0xdf, 0xdf, 0xdf, 0xdf, 0xde, 0xdd,
  0xdd, 0xdb, 0xdb, 0xdb, 0xdb, 0xda, 0xdb, 0xdb, 0xdc, 0xdd, 0xdd, 0xdd,
  0xdd, 0xde, 0xde, 0xde, 0xde, 0xde, 0xde, 0xde, 0xde, 0xdd, 0xdd, 0xdd,
  0xdd, 0xdd, 0xdd, 0xdd, 0xde, 0xde, 0xde, 0xdd, 0xdd, 0xdd, 0xdd, 0xdd,
  0xdd, 0xde, 0xde, 0xde, 0xde, 0xde, 0xdf, 0xdf, 0xdf, 0xdf, 0xdf, 0xe0,
  0xdf, 0xdf, 0xdf, 0xde, 0xdd, 0xdd, 0xdd, 0xdd, 0xdd, 0xdc, 0xdc, 0xdc,
  0xdc, 0xdc, 0xdb, 0xda, 0xda, 0xda, 0xda, 0xda, 0xda, 0xda, 0xda, 0xda,
  0xda, 0xda, 0xdd, 0xde, 0xdf, 0xdf, 0xdf, 0xdf, 0xdf, 0xdf, 0xdf, 0xdf,
  0xdf, 0xdf, 0xdf, 0xde, 0xde, 0xdf, 0xe0, 0xe0, 0xdf, 0xdf, 0xde, 0xdc,
  0xd7, 0xdb, 0xea, 0x7e, 0x00, 0x03, 0x00, 0x00, 0x00, 0x00, 0x00, 0x00,
  0x00, 0x00, 0x00, 0x00, 0x00, 0x00, 0x00, 0x00, 0x00, 0x00, 0x00, 0x00,
  0x00, 0x00, 0x00, 0x00, 0x00, 0x00, 0x00, 0x00, 0x00, 0x00, 0x00, 0x00,
  0x00, 0x00, 0x00, 0x00, 0x00, 0x00, 0x00, 0x00, 0x00, 0x00, 0x00, 0x00,
  0x00, 0x00, 0x00, 0x00, 0x00, 0x00, 0x00, 0x00, 0x00, 0x00, 0x00, 0x00,
  0x00, 0x00, 0x00, 0x00, 0x00, 0x00, 0x00, 0x00, 0x00, 0x05, 0x00, 0x6d,
  0xe3, 0xe1, 0xda, 0xdd, 0xdf, 0xe1, 0xe2, 0xe1, 0xe1, 0xe1, 0xe1, 0xe1,
  0xe1, 0xe0, 0xdf, 0xdd, 0xdc, 0xdb, 0xdc, 0xdc, 0xdc, 0xdb, 0xdc, 0xdd,
  0xdd, 0xdd, 0xde, 0xdf, 0xdf, 0xdf, 0xdf, 0xdf, 0xde, 0xdf, 0xdf, 0xdf,
  0xdf, 0xde, 0xde, 0xdf, 0xdf, 0xdf, 0xdf, 0xdf, 0xe0, 0xdf, 0xdf, 0xdf,
  0xde, 0xde, 0xde, 0xdf, 0xdf, 0xdf, 0xde, 0xdf, 0xe0, 0xe0, 0xe0, 0xe0,
  0xe0, 0xe1, 0xe1, 0xe1, 0xe1, 0xe1, 0xe0, 0xdf, 0xde, 0xdd, 0xde, 0xdd,
  0xdd, 0xdc, 0xdb, 0xdc, 0xdb, 0xdc, 0xdc, 0xdc, 0xdc, 0xdb, 0xdb, 0xdc,
  0xdc, 0xdc, 0xdc, 0xdc, 0xdd, 0xde, 0xe0, 0xe1, 0xe1, 0xe1, 0xe1, 0xe1,
  0xe1, 0xe1, 0xe1, 0xe1, 0xe1, 0xe0, 0xe0, 0xe0, 0xe0, 0xe1, 0xe1, 0xe1,
  0xe1, 0xdf, 0xdd, 0xdd, 0xd6, 0xe5, 0xcf, 0x51, 0x00, 0x04, 0x00, 0x00,
  0x00, 0x00, 0x00, 0x00, 0x00, 0x00, 0x00, 0x00, 0x00, 0x00, 0x00, 0x00,
  0x00, 0x00, 0x00, 0x00, 0x00, 0x00, 0x00, 0x00, 0x00, 0x00, 0x00, 0x00,
  0x00, 0x00, 0x00, 0x00, 0x00, 0x00, 0x00, 0x00, 0x00, 0x00, 0x00, 0x00,
  0x00, 0x00, 0x00, 0x00, 0x00, 0x00, 0x00, 0x00, 0x00, 0x00, 0x00, 0x00,
  0x00, 0x00, 0x00, 0x00, 0x00, 0x00, 0x00, 0x00, 0x00, 0x00, 0x00, 0x00,
  0x03, 0x00, 0x3e, 0xc3, 0xed, 0xd8, 0xdd, 0xde, 0xe1, 0xe1, 0xe0, 0xe0,
  0xe0, 0xe0, 0xe0, 0xdf, 0xdf, 0xdf, 0xde, 0xdc, 0xdc, 0xdc, 0xdc, 0xdc,
  0xdc, 0xdd, 0xde, 0xde, 0xde, 0xdd, 0xde, 0xdf, 0xde, 0xde, 0xdf, 0xde,
  0xde, 0xde, 0xde, 0xde, 0xdd, 0xde, 0xde, 0xde, 0xde, 0xde, 0xde, 0xde,
  0xde, 0xde, 0xde, 0xdf, 0xdf, 0xdf, 0xde, 0xdf, 0xdf, 0xde, 0xdf, 0xdf,
  0xdf, 0xe0, 0xe1, 0xe0, 0xe0, 0xe0, 0xe0, 0xe0, 0xdf, 0xdf, 0xdf, 0xde,
  0xde, 0xdd, 0xdc, 0xdd, 0xdc, 0xdb, 0xdb, 0xdb, 0xdc, 0xdc, 0xdc, 0xdd,
  0xdd, 0xdd, 0xdd, 0xdd, 0xdd, 0xde, 0xde, 0xdf, 0xe0, 0xdf, 0xe0, 0xe0,
  0xe1, 0xe0, 0xe0, 0xe0, 0xe0, 0xe0, 0xe0, 0xe0, 0xdf, 0xdf, 0xdf, 0xdf,
  0xdf, 0xdf, 0xdf, 0xdf, 0xdf, 0xdd, 0xdc, 0xd8, 0xda, 0xe9, 0x84, 0x00,
  0x04, 0x00, 0x00, 0x00, 0x00, 0x00, 0x00, 0x00, 0x00, 0x00, 0x00, 0x00,
  0x00, 0x00, 0x00, 0x00, 0x00, 0x00, 0x00, 0x00, 0x00, 0x00, 0x00, 0x00,
  0x00, 0x00, 0x00, 0x00, 0x00, 0x00, 0x00, 0x00, 0x00, 0x00, 0x00, 0x00,
  0x00, 0x00, 0x00, 0x00, 0x00, 0x00, 0x00, 0x00, 0x00, 0x00, 0x00, 0x00,
  0x00, 0x00, 0x00, 0x00, 0x00, 0x00, 0x00, 0x00, 0x00, 0x00, 0x00, 0x00,
  0x00, 0x00, 0x00, 0x00, 0x07, 0x00, 0x80, 0xff, 0xd4, 0xda, 0xde, 0xe1,
  0xe1, 0xe0, 0xe0, 0xe0, 0xdf, 0xde, 0xde, 0xdf, 0xde, 0xdd, 0xdc, 0xdd,
  0xdd, 0xdd, 0xdd, 0xdd, 0xde, 0xdd, 0xde, 0xdf, 0xde, 0xde, 0xdf, 0xde,
  0xde, 0xdf, 0xde, 0xdd, 0xdd, 0xdd, 0xdd, 0xde, 0xdd, 0xdd, 0xdd, 0xdd,
  0xde, 0xdf, 0xde, 0xdf, 0xdf, 0xdf, 0xde, 0xde, 0xde, 0xdf, 0xde, 0xdf,
  0xde, 0xde, 0xde, 0xdf, 0xe0, 0xdf, 0xdf, 0xdf, 0xdf, 0xdf, 0xdf, 0xdf,
  0xde, 0xde, 0xdd, 0xde, 0xdd, 0xdc, 0xdd, 0xdc, 0xdb, 0xdc, 0xdc, 0xdd,
  0xdd, 0xdc, 0xdd, 0xde, 0xdd, 0xde, 0xdf, 0xde, 0xdf, 0xe0, 0xe0, 0xdf,
  0xe0, 0xe1, 0xe0, 0xe0, 0xe0, 0xe0, 0xe0, 0xe1, 0xe0, 0xdf, 0xde, 0xde,
  0xdd, 0xdd, 0xdd, 0xdd, 0xdd, 0xde, 0xde, 0xdc, 0xdc, 0xdb, 0xda, 0xd3,
  0xe2, 0xcf, 0x55, 0x00, 0x03, 0x00, 0x00, 0x00, 0x00, 0x00, 0x00, 0x00,
  0x00, 0x00, 0x00, 0x00, 0x00, 0x00, 0x00, 0x00, 0x00, 0x00, 0x00, 0x00,
  0x00, 0x00, 0x00, 0x00, 0x00, 0x00, 0x00, 0x00, 0x00, 0x00, 0x00, 0x00,
  0x00, 0x00, 0x00, 0x00, 0x00, 0x00, 0x00, 0x00, 0x00, 0x00, 0x00, 0x00,
  0x00, 0x00, 0x00, 0x00, 0x00, 0x00, 0x00, 0x00, 0x00, 0x00, 0x00, 0x00,
  0x00, 0x00, 0x00, 0x00, 0x00, 0x00, 0x00, 0x06, 0x00, 0x77, 0xfa, 0xd9,
  0xd9, 0xde, 0xe0, 0xe1, 0xe0, 0xe0, 0xdf, 0xde, 0xdf, 0xde, 0xdf, 0xde,
  0xdd, 0xde, 0xdd, 0xdd, 0xdd, 0xdd, 0xde, 0xde, 0xde, 0xdd, 0xde, 0xde,
  0xdd, 0xde, 0xdf, 0xdf, 0xde, 0xdd, 0xdd, 0xdc, 0xdc, 0xdc, 0xde, 0xdd,
  0xdd, 0xde, 0xdd, 0xde, 0xdd, 0xde, 0xdf, 0xde, 0xdf, 0xdf, 0xdf, 0xde,
  0xdf, 0xde, 0xde, 0xde, 0xde, 0xdf, 0xde, 0xdf, 0xe0, 0xdf, 0xde, 0xdf,
  0xdf, 0xdf, 0xdf, 0xde, 0xdd, 0xde, 0xdd, 0xdd, 0xdd, 0xdc, 0xdd, 0xdd,
  0xdd, 0xdd, 0xdc, 0xdd, 0xdd, 0xdd, 0xde, 0xdf, 0xde, 0xdf, 0xdf, 0xe0,
  0xe1, 0xe0, 0xe0, 0xe1, 0xe0, 0xdf, 0xdf, 0xe0, 0xe0, 0xdf, 0xdf, 0xe0,
  0xde, 0xdd, 0xdd, 0xdc, 0xdc, 0xdd, 0xde, 0xdd, 0xdd, 0xdc, 0xdd, 0xdb,
  0xda, 0xda, 0xd6, 0xd4, 0xe7, 0x93, 0x00, 0x04, 0x00, 0x00, 0x00, 0x00,
  0x00, 0x00, 0x00, 0x00, 0x00, 0x00, 0x00, 0x00, 0x00, 0x00, 0x00, 0x00,
  0x00, 0x00, 0x00, 0x00, 0x00, 0x00, 0x00, 0x00, 0x00, 0x00, 0x00, 0x00,
  0x00, 0x00, 0x00, 0x00, 0x00, 0x00, 0x00, 0x00, 0x00, 0x00, 0x00, 0x00,
  0x00, 0x00, 0x00, 0x00, 0x00, 0x00, 0x00, 0x00, 0x00, 0x00, 0x00, 0x00,
  0x00, 0x00, 0x00, 0x00, 0x00, 0x00, 0x00, 0x00, 0x00, 0x00, 0x05, 0x00,
  0x5e, 0xe3, 0xe2, 0xd8, 0xde, 0xe1, 0xe0, 0xe0, 0xdf, 0xde, 0xde, 0xdd,
  0xde, 0xdf, 0xde, 0xde, 0xde, 0xde, 0xde, 0xdf, 0xde, 0xdd, 0xdd, 0xde,
  0xdd, 0xde, 0xde, 0xdd, 0xdd, 0xde, 0xdf, 0xde, 0xdd, 0xdd, 0xdc, 0xdd,
  0xdd, 0xdc, 0xdd, 0xdd, 0xdd, 0xdd, 0xde, 0xde, 0xde, 0xdf, 0xdf, 0xde,
  0xdf, 0xdf, 0xdf, 0xde, 0xde, 0xde, 0xdd, 0xde, 0xde, 0xdf, 0xe0, 0xe0,
  0xdf, 0xde, 0xdf, 0xde, 0xde, 0xdf, 0xde, 0xde, 0xdd, 0xdc, 0xdd, 0xdd,
  0xdc, 0xdc, 0xdc, 0xdd, 0xde, 0xdd, 0xdd, 0xdd, 0xde, 0xdd, 0xde, 0xdf,
  0xdf, 0xe0, 0xe1, 0xe1, 0xe1, 0xe1, 0xe1, 0xe0, 0xe0, 0xe0, 0xe1, 0xe0,
  0xdf, 0xe0, 0xdf, 0xdd, 0xdc, 0xdd, 0xdd, 0xdc, 0xdd, 0xde, 0xde, 0xdd,
  0xdd, 0xdc, 0xdb, 0xdb, 0xd9, 0xd8, 0xd2, 0xde, 0xd5, 0x64, 0x00, 0x01,
  0x00, 0x00, 0x00, 0x00, 0x00, 0x00, 0x00, 0x00, 0x00, 0x00, 0x00, 0x00,
  0x00, 0x00, 0x00, 0x00, 0x00, 0x00, 0x00, 0x00, 0x00, 0x00, 0x00, 0x00,
  0x00, 0x00, 0x00, 0x00, 0x00, 0x00, 0x00, 0x00, 0x00, 0x00, 0x00, 0x00,
  0x00, 0x00, 0x00, 0x00, 0x00, 0x00, 0x00, 0x00, 0x00, 0x00, 0x00, 0x00,
  0x00, 0x00, 0x00, 0x00, 0x00, 0x00, 0x00, 0x00, 0x00, 0x00, 0x00, 0x00,
  0x00, 0x04, 0x00, 0x3d, 0xc3, 0xec, 0xda, 0xdf, 0xe1, 0xe0, 0xdf, 0xde,
  0xde, 0xde, 0xdd, 0xde, 0xde, 0xdf, 0xdf, 0xdf, 0xe0, 0xdf, 0xde, 0xdf,
  0xde, 0xde, 0xdd, 0xde, 0xdd, 0xdd, 0xde, 0xde, 0xde, 0xdf, 0xdf, 0xde,
  0xdd, 0xdd, 0xdc, 0xdc, 0xdd, 0xdd, 0xde, 0xde, 0xde, 0xdf, 0xde, 0xdf,
  0xde, 0xde, 0xdf, 0xde, 0xde, 0xde, 0xde, 0xdf, 0xde, 0xdd, 0xde, 0xdf,
  0xde, 0xdf, 0xe0, 0xdf, 0xde, 0xdf, 0xdf, 0xdf, 0xdf, 0xde, 0xdd, 0xdd,
  0xdd, 0xdd, 0xdd, 0xdd, 0xdd, 0xdd, 0xdd, 0xde, 0xde, 0xdd, 0xde, 0xde,
  0xde, 0xde, 0xdf, 0xe0, 0xe1, 0xe0, 0xe0, 0xe1, 0xe0, 0xe0, 0xe0, 0xe1,
  0xe1, 0xe1, 0xe0, 0xdf, 0xde, 0xdd, 0xdd, 0xdc, 0xdb, 0xdc, 0xdd, 0xdd,
  0xde, 0xdd, 0xdc, 0xdd, 0xdb, 0xda, 0xdb, 0xd9, 0xd8, 0xd7, 0xd5, 0xe5,
  0xa7, 0x00, 0x05, 0x00, 0x00, 0x00, 0x00, 0x00, 0x00, 0x00, 0x00, 0x00,
  0x00, 0x00, 0x00, 0x00, 0x00, 0x00, 0x00, 0x00, 0x00, 0x00, 0x00, 0x00,
  0x00, 0x00, 0x00, 0x00, 0x00, 0x00, 0x00, 0x00, 0x00, 0x00, 0x00, 0x00,
  0x00, 0x00, 0x00, 0x00, 0x00, 0x00, 0x00, 0x00, 0x00, 0x00, 0x00, 0x00,
  0x00, 0x00, 0x00, 0x00, 0x00, 0x00, 0x00, 0x00, 0x00, 0x00, 0x00, 0x00,
  0x00, 0x00, 0x00, 0x00, 0x00, 0x04, 0x00, 0x76, 0xfc, 0xd9, 0xdf, 0xe0,
  0xdf, 0xde, 0xde, 0xdd, 0xdd, 0xde, 0xde, 0xdf, 0xe0, 0xdf, 0xdf, 0xe0,
  0xe0, 0xdf, 0xde, 0xdf, 0xde, 0xde, 0xde, 0xde, 0xdd, 0xde, 0xde, 0xde,
  0xdf, 0xdf, 0xde, 0xdd, 0xde, 0xdd, 0xdd, 0xde, 0xde, 0xde, 0xde, 0xde,
  0xdd, 0xde, 0xde, 0xdd, 0xdd, 0xde, 0xdf, 0xdf, 0xdf, 0xdf, 0xde, 0xde,
  0xdd, 0xde, 0xdf, 0xde, 0xdf, 0xe0, 0xdf, 0xde, 0xdf, 0xdf, 0xdf, 0xdf,
  0xde, 0xdd, 0xde, 0xde, 0xdd, 0xdd, 0xde, 0xdd, 0xde, 0xde, 0xde, 0xdf,
  0xde, 0xdf, 0xde, 0xdf, 0xde, 0xdf, 0xe0, 0xe0, 0xe1, 0xe0, 0xe0, 0xe0,
  0xe1, 0xe1, 0xe0, 0xe0, 0xe0, 0xdf, 0xdf, 0xdf, 0xdd, 0xdc, 0xdc, 0xdb,
  0xdb, 0xdc, 0xdd, 0xdd, 0xdc, 0xdd, 0xdd, 0xdc, 0xdb, 0xdb, 0xda, 0xd8,
  0xda, 0xd4, 0xdc, 0xd8, 0x66, 0x00, 0x00, 0x00, 0x00, 0x00, 0x00, 0x00,
  0x00, 0x00, 0x00, 0x00, 0x00, 0x00, 0x00, 0x00, 0x00, 0x00, 0x00, 0x00,
  0x00, 0x00, 0x00, 0x00, 0x00, 0x00, 0x00, 0x00, 0x00, 0x00, 0x00, 0x00,
  0x00, 0x00, 0x00, 0x00, 0x00, 0x00, 0x00, 0x00, 0x00, 0x00, 0x00, 0x00,
  0x00, 0x00, 0x00, 0x00, 0x00, 0x00, 0x00, 0x00, 0x00, 0x00, 0x00, 0x00,
  0x00, 0x00, 0x00, 0x00, 0x00, 0x00, 0x00, 0x00, 0x06, 0x00, 0x5d, 0xee,
  0xdc, 0xdf, 0xdf, 0xde, 0xdd, 0xdd, 0xdd, 0xdd, 0xde, 0xdf, 0xdf, 0xe0,
  0xe0, 0xdf, 0xdf, 0xdf, 0xdf, 0xdf, 0xde, 0xdd, 0xdd, 0xdd, 0xde, 0xde,
  0xde, 0xde, 0xde, 0xdf, 0xde, 0xde, 0xde, 0xdd, 0xdd, 0xdd, 0xdd, 0xdd,
  0xde, 0xdf, 0xde, 0xde, 0xde, 0xde, 0xde, 0xde, 0xde, 0xdf, 0xde, 0xde,
  0xdf, 0xdd, 0xdd, 0xdd, 0xde, 0xdf, 0xde, 0xdf, 0xe0, 0xdf, 0xdf, 0xde,
  0xde, 0xde, 0xdf, 0xde, 0xdd, 0xdd, 0xde, 0xde, 0xde, 0xde, 0xde, 0xde,
  0xde, 0xde, 0xde, 0xde, 0xde, 0xde, 0xde, 0xde, 0xdf, 0xe0, 0xe0, 0xe0,
  0xe0, 0xe1, 0xe1, 0xe0, 0xe0, 0xe0, 0xdf, 0xdf, 0xde, 0xde, 0xde, 0xdd,
  0xdc, 0xdc, 0xdb, 0xdc, 0xdc, 0xdc, 0xdc, 0xdd, 0xde, 0xdd, 0xdd, 0xdc,
  0xdc, 0xdb, 0xda, 0xda, 0xd7, 0xd5, 0xe2, 0xc9, 0x3c, 0x04, 0x00, 0x00,
  0x00, 0x00, 0x00, 0x00, 0x00, 0x00, 0x00, 0x00, 0x00, 0x00, 0x00, 0x00,
  0x00, 0x00, 0x00, 0x00, 0x00, 0x00, 0x00, 0x00, 0x00, 0x00, 0x00, 0x00,
  0x00, 0x00, 0x00, 0x00, 0x00, 0x00, 0x00, 0x00, 0x00, 0x00, 0x00, 0x00,
  0x00, 0x00, 0x00, 0x00, 0x00, 0x00, 0x00, 0x00, 0x00, 0x00, 0x00, 0x00,
  0x00, 0x00, 0x00, 0x00, 0x00, 0x00, 0x00, 0x00, 0x00, 0x00, 0x00, 0x05,
  0x00, 0x50, 0xdc, 0xe1, 0xdd, 0xdf, 0xdd, 0xdc, 0xdc, 0xde, 0xde, 0xdf,
  0xdf, 0xe0, 0xe1, 0xe0, 0xe0, 0xe0, 0xdf, 0xdf, 0xde, 0xdf, 0xde, 0xde,
  0xde, 0xde, 0xdd, 0xde, 0xdf, 0xdf, 0xde, 0xdf, 0xdf, 0xde, 0xde, 0xde,
  0xde, 0xde, 0xde, 0xdf, 0xde, 0xdf, 0xde, 0xde, 0xde, 0xde, 0xde, 0xde,
  0xdf, 0xde, 0xde, 0xde, 0xde, 0xde, 0xde, 0xde, 0xdf, 0xde, 0xdf, 0xe0,
  0xdf, 0xdf, 0xdf, 0xdf, 0xdf, 0xdf, 0xde, 0xde, 0xde, 0xdf, 0xdf, 0xdf,
  0xdf, 0xdf, 0xdf, 0xdf, 0xdf, 0xdf, 0xdf, 0xdf, 0xdf, 0xdf, 0xdf, 0xdf,
  0xe0, 0xe0, 0xdf, 0xe0, 0xe0, 0xe0, 0xe0, 0xdf, 0xdf, 0xde, 0xde, 0xdd,
  0xdd, 0xdd, 0xdd, 0xdd, 0xdc, 0xdc, 0xdc, 0xdd, 0xdd, 0xdd, 0xde, 0xdd,
  0xdd, 0xdd, 0xdd, 0xdd, 0xdc, 0xdd, 0xdc, 0xda, 0xd6, 0xdc, 0xe6, 0x98,
  0x00, 0x00, 0x00, 0x00, 0x00, 0x00, 0x00, 0x00, 0x00, 0x00, 0x00, 0x00,
  0x00, 0x00, 0x00, 0x00, 0x00, 0x00, 0x00, 0x00, 0x00, 0x00, 0x00, 0x00,
  0x00, 0x00, 0x00, 0x00, 0x00, 0x00, 0x00, 0x00, 0x00, 0x00, 0x00, 0x00,
  0x00, 0x00, 0x00, 0x00, 0x00, 0x00, 0x00, 0x00, 0x00, 0x00, 0x00, 0x00,
  0x00, 0x00, 0x00, 0x00, 0x00, 0x00, 0x00, 0x00, 0x00, 0x00, 0x00, 0x00,
  0x00, 0x00, 0x01, 0x00, 0x0a, 0x82, 0xf1, 0xd9, 0xdd, 0xdc, 0xdd, 0xdd,
  0xdd, 0xde, 0xdf, 0xe0, 0xe0, 0xe1, 0xe0, 0xe1, 0xe0, 0xe0, 0xe0, 0xdf,
  0xde, 0xdf, 0xdf, 0xde, 0xdd, 0xdd, 0xde, 0xde, 0xde, 0xde, 0xdf, 0xe0,
  0xde, 0xdf, 0xdf, 0xde, 0xde, 0xde, 0xde, 0xdf, 0xdf, 0xde, 0xdd, 0xdd,
  0xdd, 0xdd, 0xde, 0xdf, 0xdf, 0xdf, 0xdf, 0xdf, 0xdf, 0xdf, 0xdf, 0xdf,
  0xde, 0xdf, 0xdf, 0xdf, 0xde, 0xdf, 0xdf, 0xdf, 0xde, 0xde, 0xdf, 0xdf,
  0xde, 0xde, 0xdf, 0xe0, 0xdf, 0xdf, 0xe0, 0xe0, 0xe0, 0xe0, 0xe0, 0xdf,
  0xe0, 0xe0, 0xe0, 0xdf, 0xdf, 0xe0, 0xe0, 0xdf, 0xdf, 0xdf, 0xdf, 0xdf,
  0xdf, 0xdf, 0xde, 0xde, 0xdd, 0xdc, 0xdd, 0xdc, 0xdd, 0xdd, 0xdc, 0xdc,
  0xdd, 0xde, 0xde, 0xde, 0xde, 0xde, 0xdf, 0xdf, 0xdf, 0xdd, 0xdc, 0xda,
  0xda, 0xe6, 0xd1, 0x42, 0x04, 0x00, 0x00, 0x00, 0x00, 0x00, 0x00, 0x00,
  0x00, 0x00, 0x00, 0x00, 0x00, 0x00, 0x00, 0x00, 0x00, 0x00, 0x00, 0x00,
  0x00, 0x00, 0x00, 0x00, 0x00, 0x00, 0x00, 0x00, 0x00, 0x00, 0x00, 0x00,
  0x00, 0x00, 0x00, 0x00, 0x00, 0x00, 0x00, 0x00, 0x00, 0x00, 0x00, 0x00,
  0x00, 0x00, 0x00, 0x00, 0x00, 0x00, 0x00, 0x00, 0x00, 0x00, 0x00, 0x00,
  0x00, 0x00, 0x00, 0x00, 0x00, 0x00, 0x05, 0x00, 0x51, 0xf5, 0xd8, 0xdb,
  0xdb, 0xdc, 0xdd, 0xde, 0xde, 0xdf, 0xe0, 0xe1, 0xe0, 0xe1, 0xe1, 0xe1,
  0xe0, 0xdf, 0xe0, 0xdf, 0xde, 0xdf, 0xde, 0xde, 0xde, 0xde, 0xde, 0xde,
  0xdf, 0xdf, 0xdf, 0xde, 0xde, 0xde, 0xde, 0xde, 0xde, 0xde, 0xde, 0xde,
  0xde, 0xdd, 0xde, 0xde, 0xdd, 0xde, 0xdf, 0xdf, 0xde, 0xde, 0xde, 0xde,
  0xdf, 0xde, 0xdf, 0xdf, 0xde, 0xde, 0xde, 0xdf, 0xde, 0xde, 0xde, 0xdf,
  0xdf, 0xde, 0xdf, 0xdf, 0xdf, 0xdf, 0xdf, 0xde, 0xdf, 0xe0, 0xdf, 0xdf,
  0xdf, 0xdf, 0xe0, 0xdf, 0xdf, 0xe0, 0xdf, 0xdf, 0xdf, 0xdf, 0xdf, 0xde,
  0xde, 0xde, 0xde, 0xde, 0xde, 0xdf, 0xde, 0xdd, 0xdc, 0xdc, 0xdd, 0xdd,
  0xdc, 0xdd, 0xdd, 0xdd, 0xdd, 0xde, 0xdf, 0xdf, 0xdf, 0xdf, 0xe0, 0xe0,
  0xdf, 0xde, 0xdc, 0xdb, 0xdf, 0xe9, 0xb4, 0x06, 0x00, 0x00, 0x00, 0x00,
  0x00, 0x00, 0x00, 0x00, 0x00, 0x00, 0x00, 0x00, 0x00, 0x00, 0x00, 0x00,
  0x00, 0x00, 0x00, 0x00, 0x00, 0x00, 0x00, 0x00, 0x00, 0x00, 0x00, 0x00,
  0x00, 0x00, 0x00, 0x00, 0x00, 0x00, 0x00, 0x00, 0x00, 0x00, 0x00, 0x00,
  0x00, 0x00, 0x00, 0x00, 0x00, 0x00, 0x00, 0x00, 0x00, 0x00, 0x00, 0x00,
  0x00, 0x00, 0x00, 0x00, 0x00, 0x00, 0x00, 0x00, 0x00, 0x04, 0x00, 0x4b,
  0xe5, 0xdb, 0xd8, 0xda, 0xdb, 0xde, 0xdf, 0xdf, 0xe0, 0xe0, 0xe1, 0xe1,
  0xe0, 0xe0, 0xe0, 0xe0, 0xdf, 0xe0, 0xe0, 0xdf, 0xdf, 0xde, 0xde, 0xdf,
  0xdf, 0xdf, 0xdf, 0xdf, 0xde, 0xde, 0xdf, 0xde, 0xde, 0xdf, 0xdf, 0xdf,
  0xdf, 0xde, 0xde, 0xde, 0xdd, 0xde, 0xde, 0xdd, 0xde, 0xdf, 0xde, 0xdd,
  0xde, 0xde, 0xde, 0xde, 0xdf, 0xde, 0xde, 0xdf, 0xdf, 0xdf, 0xde, 0xdf,
  0xdf, 0xdf, 0xe0, 0xe0, 0xdf, 0xdf, 0xe0, 0xdf, 0xdf, 0xdf, 0xdf, 0xe0,
  0xdf, 0xe0, 0xe0, 0xe0, 0xe0, 0xe1, 0xe0, 0xe0, 0xe0, 0xdf, 0xde, 0xde,
  0xde, 0xdf, 0xde, 0xdd, 0xde, 0xde, 0xde, 0xdf, 0xde, 0xde, 0xdd, 0xdd,
  0xdd, 0xdd, 0xdd, 0xdd, 0xde, 0xde, 0xde, 0xde, 0xdf, 0xdf, 0xe0, 0xdf,
  0xdf, 0xe0, 0xe0, 0xe1, 0xe0, 0xde, 0xdd, 0xdd, 0xe4, 0xdc, 0x3b, 0x02,
  0x00, 0x00, 0x00, 0x00, 0x00, 0x00, 0x00, 0x00, 0x00, 0x00, 0x00, 0x00,
  0x00, 0x00, 0x00, 0x00, 0x00, 0x00, 0x00, 0x00, 0x00, 0x00, 0x00, 0x00,
  0x00, 0x00, 0x00, 0x00, 0x00, 0x00, 0x00, 0x00, 0x00, 0x00, 0x00, 0x00,
  0x00, 0x00, 0x00, 0x00, 0x00, 0x00, 0x00, 0x00, 0x00, 0x00, 0x00, 0x00,
  0x00, 0x00, 0x00, 0x00, 0x00, 0x00, 0x00, 0x00, 0x00, 0x00, 0x00, 0x00,
  0x04, 0x00, 0x3a, 0xce, 0xdf, 0xd6, 0xda, 0xdc, 0xdf, 0xdf, 0xdf, 0xe1,
  0xe0, 0xe0, 0xe0, 0xe0, 0xdf, 0xdf, 0xe0, 0xe0, 0xdf, 0xe0, 0xdf, 0xde,
  0xdf, 0xdf, 0xdf, 0xdf, 0xdf, 0xdf, 0xde, 0xdf, 0xdf, 0xde, 0xdf, 0xdf,
  0xde, 0xde, 0xde, 0xdf, 0xde, 0xdf, 0xde, 0xdd, 0xdd, 0xdd, 0xdd, 0xde,
  0xdf, 0xdd, 0xde, 0xdf, 0xdf, 0xde, 0xde, 0xde, 0xdf, 0xde, 0xdf, 0xe0,
  0xdf, 0xde, 0xdf, 0xdf, 0xdf, 0xdf, 0xdf, 0xe0, 0xe0, 0xdf, 0xe0, 0xe0,
  0xe0, 0xdf, 0xe0, 0xe0, 0xdf, 0xe0, 0xe0, 0xe1, 0xe1, 0xe1, 0xe0, 0xe0,
  0xdf, 0xde, 0xde, 0xde, 0xdf, 0xde, 0xde, 0xdf, 0xdf, 0xde, 0xdf, 0xde,
  0xdd, 0xde, 0xde, 0xde, 0xdd, 0xdd, 0xde, 0xdd, 0xde, 0xdf, 0xdf, 0xe0,
  0xe0, 0xe0, 0xe0, 0xe0, 0xe1, 0xe0, 0xe0, 0xe0, 0xdf, 0xdd, 0xdc, 0xdc,
  0xe7, 0xc1, 0x10, 0x00, 0x01, 0x00, 0x00, 0x00, 0x00, 0x00, 0x00, 0x00,
  0x00, 0x00, 0x00, 0x00, 0x00, 0x00, 0x00, 0x00, 0x00, 0x00, 0x00, 0x00,
  0x00, 0x00, 0x00, 0x00, 0x00, 0x00, 0x00, 0x00, 0x00, 0x00, 0x00, 0x00,
  0x00, 0x00, 0x00, 0x00, 0x00, 0x00, 0x00, 0x00, 0x00, 0x00, 0x00, 0x00,
  0x00, 0x00, 0x00, 0x00, 0x00, 0x00, 0x00, 0x00, 0x00, 0x00, 0x00, 0x00,
  0x00, 0x00, 0x00, 0x02, 0x00, 0x16, 0x8f, 0xea, 0xd5, 0xda, 0xdd, 0xdf,
  0xe0, 0xdf, 0xe0, 0xe0, 0xdf, 0xdf, 0xe0, 0xdf, 0xdf, 0xdf, 0xdf, 0xde,
  0xdf, 0xde, 0xdf, 0xdf, 0xe0, 0xe0, 0xe0, 0xe0, 0xdf, 0xde, 0xde, 0xde,
  0xde, 0xde, 0xde, 0xde, 0xdf, 0xde, 0xdf, 0xde, 0xde, 0xde, 0xde, 0xde,
  0xde, 0xde, 0xde, 0xde, 0xde, 0xdf, 0xdf, 0xde, 0xdf, 0xde, 0xde, 0xdf,
  0xde, 0xdf, 0xe0, 0xdf, 0xdf, 0xdf, 0xde, 0xde, 0xde, 0xdf, 0xe0, 0xdf,
  0xdf, 0xe0, 0xe0, 0xdf, 0xdf, 0xe0, 0xe1, 0xe0, 0xdf, 0xdf, 0xe0, 0xe0,
  0xe0, 0xe0, 0xe0, 0xdf, 0xdf, 0xdf, 0xdf, 0xde, 0xde, 0xde, 0xde, 0xdf,
  0xdf, 0xdf, 0xde, 0xdd, 0xde, 0xde, 0xde, 0xde, 0xde, 0xde, 0xde, 0xdd,
  0xdf, 0xe0, 0xe0, 0xe1, 0xe1, 0xe1, 0xe1, 0xe1, 0xe0, 0xdf, 0xdf, 0xde,
  0xdd, 0xd9, 0xda, 0xe3, 0xe3, 0x30, 0x00, 0x00, 0x00, 0x00, 0x00, 0x00,
  0x00, 0x00, 0x00, 0x00, 0x00, 0x00, 0x00, 0x00, 0x00, 0x00, 0x00, 0x00,
  0x00, 0x00, 0x00, 0x00, 0x00, 0x00, 0x00, 0x00, 0x00, 0x00, 0x00, 0x00,
  0x00, 0x00, 0x00, 0x00, 0x00, 0x00, 0x00, 0x00, 0x00, 0x00, 0x00, 0x00,
  0x00, 0x00, 0x00, 0x00, 0x00, 0x00, 0x00, 0x00, 0x00, 0x00, 0x00, 0x00,
  0x00, 0x00, 0x00, 0x00, 0x00, 0x00, 0x00, 0x04, 0x00, 0x40, 0xf4, 0xd6,
  0xdb, 0xde, 0xe0, 0xe0, 0xe0, 0xdf, 0xdf, 0xdf, 0xe0, 0xdf, 0xde, 0xdf,
  0xde, 0xde, 0xdf, 0xde, 0xdf, 0xdf, 0xe0, 0xdf, 0xe0, 0xe0, 0xdf, 0xdf,
  0xdf, 0xde, 0xde, 0xde, 0xdd, 0xdf, 0xde, 0xe0, 0xdf, 0xde, 0xdf, 0xdf,
  0xdf, 0xdf, 0xdf, 0xdf, 0xde, 0xdd, 0xde, 0xdf, 0xde, 0xde, 0xdf, 0xde,
  0xdf, 0xdf, 0xdf, 0xde, 0xdf, 0xe0, 0xdf, 0xdf, 0xdf, 0xde, 0xde, 0xde,
  0xdf, 0xe0, 0xdf, 0xe0, 0xdf, 0xdf, 0xdf, 0xe0, 0xe1, 0xe1, 0xe1, 0xdf,
  0xe0, 0xdf, 0xdf, 0xdf, 0xe0, 0xe0, 0xdf, 0xdf, 0xe0, 0xdf, 0xde, 0xdd,
  0xdd, 0xdf, 0xdf, 0xdf, 0xdf, 0xde, 0xdd, 0xde, 0xdf, 0xdf, 0xdf, 0xdf,
  0xdf, 0xde, 0xde, 0xe0, 0xe0, 0xe1, 0xe0, 0xe1, 0xe2, 0xe2, 0xe0, 0xdf,
  0xe0, 0xdf, 0xde, 0xdc, 0xda, 0xdb, 0xdc, 0xe8, 0xc0, 0x19, 0x00, 0x02,
  0x00, 0x00, 0x00, 0x00, 0x00, 0x00, 0x00, 0x00, 0x00, 0x00, 0x00, 0x00,
  0x00, 0x00, 0x00, 0x00, 0x00, 0x00, 0x00, 0x00, 0x00, 0x00, 0x00, 0x00,
  0x00, 0x00, 0x00, 0x00, 0x00, 0x00, 0x00, 0x00, 0x00, 0x00, 0x00, 0x00,
  0x00, 0x00, 0x00, 0x00, 0x00, 0x00, 0x00, 0x00, 0x00, 0x00, 0x00, 0x00,
  0x00, 0x00, 0x00, 0x00, 0x00, 0x00, 0x00, 0x00, 0x00, 0x00, 0x04, 0x00,
  0x3a, 0xe4, 0xdf, 0xde, 0xe0, 0xe0, 0xdf, 0xdf, 0xe0, 0xdf, 0xde, 0xde,
  0xde, 0xde, 0xde, 0xde, 0xdf, 0xde, 0xdf, 0xdf, 0xde, 0xdf, 0xdf, 0xe0,
  0xe0, 0xdf, 0xde, 0xdf, 0xde, 0xde, 0xde, 0xde, 0xdf, 0xde, 0xdf, 0xe0,
  0xdf, 0xdf, 0xdf, 0xde, 0xde, 0xde, 0xde, 0xde, 0xdf, 0xdf, 0xde, 0xdf,
  0xdf, 0xdf, 0xde, 0xde, 0xde, 0xdf, 0xde, 0xdf, 0xe0, 0xdf, 0xde, 0xde,
  0xdf, 0xdf, 0xdf, 0xdf, 0xe0, 0xdf, 0xe0, 0xdf, 0xdf, 0xe0, 0xe0, 0xe1,
  0xe0, 0xe0, 0xdf, 0xe0, 0xdf, 0xdf, 0xdf, 0xdf, 0xe0, 0xdf, 0xdf, 0xe0,
  0xdf, 0xde, 0xdd, 0xde, 0xdf, 0xde, 0xde, 0xdf, 0xde, 0xdd, 0xde, 0xdf,
  0xde, 0xdf, 0xdf, 0xde, 0xdf, 0xe0, 0xe0, 0xe1, 0xe1, 0xe0, 0xe1, 0xe1,
  0xe2, 0xe0, 0xdf, 0xdf, 0xde, 0xdd, 0xdc, 0xdc, 0xdd, 0xdc, 0xe0, 0xe8,
  0x2c, 0x00, 0x01, 0x00, 0x00, 0x00, 0x00, 0x00, 0x00, 0x00, 0x00, 0x00,
  0x00, 0x00, 0x00, 0x00, 0x00, 0x00, 0x00, 0x00, 0x00, 0x00, 0x00, 0x00,
  0x00, 0x00, 0x00, 0x00, 0x00, 0x00, 0x00, 0x00, 0x00, 0x00, 0x00, 0x00,
  0x00, 0x00, 0x00, 0x00, 0x00, 0x00, 0x00, 0x00, 0x00, 0x00, 0x00, 0x00,
  0x00, 0x00, 0x00, 0x00, 0x00, 0x00, 0x00, 0x00, 0x00, 0x00, 0x00, 0x00,
  0x00, 0x03, 0x00, 0x2b, 0xc5, 0xe8, 0xe0, 0xe0, 0xe0, 0xdf, 0xde, 0xdf,
  0xde, 0xdd, 0xdd, 0xdd, 0xde, 0xdd, 0xde, 0xdf, 0xde, 0xdf, 0xde, 0xde,
  0xdf, 0xe0, 0xdf, 0xe0, 0xdf, 0xde, 0xde, 0xdf, 0xdf, 0xde, 0xde, 0xdf,
  0xdf, 0xde, 0xdf, 0xde, 0xdf, 0xdf, 0xde, 0xdf, 0xdf, 0xdf, 0xdf, 0xdf,
  0xdf, 0xde, 0xde, 0xdf, 0xdf, 0xde, 0xdf, 0xdf, 0xdf, 0xdf, 0xdf, 0xde,
  0xdf, 0xdf, 0xdf, 0xe0, 0xe0, 0xe0, 0xe0, 0xdf, 0xe0, 0xdf, 0xdf, 0xe0,
  0xdf, 0xe0, 0xdf, 0xdf, 0xdf, 0xe0, 0xe0, 0xdf, 0xde, 0xde, 0xde, 0xdf,
  0xde, 0xdf, 0xdf, 0xde, 0xdf, 0xdf, 0xdf, 0xdf, 0xdf, 0xdf, 0xdf, 0xdf,
  0xdf, 0xdf, 0xdf, 0xde, 0xdf, 0xe0, 0xdf, 0xdf, 0xe0, 0xe1, 0xe0, 0xe1,
  0xe0, 0xe1, 0xe1, 0xe0, 0xe1, 0xe0, 0xdf, 0xdd, 0xdd, 0xde, 0xdf, 0xde,
  0xdd, 0xda, 0xe5, 0xbf, 0x22, 0x00, 0x03, 0x00, 0x00, 0x00, 0x00, 0x00,
  0x00, 0x00, 0x00, 0x00, 0x00, 0x00, 0x00, 0x00, 0x00, 0x00, 0x00, 0x00,
  0x00, 0x00, 0x00, 0x00, 0x00, 0x00, 0x00, 0x00, 0x00, 0x00, 0x00, 0x00,
  0x00, 0x00, 0x00, 0x00, 0x00, 0x00, 0x00, 0x00, 0x00, 0x00, 0x00, 0x00,
  0x00, 0x00, 0x00, 0x00, 0x00, 0x00, 0x00, 0x00, 0x00, 0x00, 0x00, 0x00,
  0x00, 0x00, 0x00, 0x00, 0x02, 0x00, 0x18, 0x98, 0xef, 0xdf, 0xe0, 0xdf,
  0xde, 0xdd, 0xdd, 0xde, 0xdd, 0xdd, 0xde, 0xde, 0xde, 0xde, 0xdf, 0xdf,
  0xdf, 0xde, 0xde, 0xdf, 0xe0, 0xdf, 0xde, 0xdf, 0xde, 0xdf, 0xde, 0xde,
  0xdf, 0xde, 0xde, 0xdf, 0xde, 0xde, 0xdf, 0xde, 0xdf, 0xdf, 0xde, 0xdf,
  0xdf, 0xdf, 0xdf, 0xdf, 0xdf, 0xdf, 0xdf, 0xdf, 0xdf, 0xdf, 0xde, 0xdf,
  0xdf, 0xdf, 0xde, 0xdf, 0xe0, 0xdf, 0xe0, 0xdf, 0xdf, 0xdf, 0xe0, 0xdf,
  0xdf, 0xe0, 0xdf, 0xe0, 0xe0, 0xdf, 0xe0, 0xdf, 0xe0, 0xe0, 0xdf, 0xde,
  0xde, 0xde, 0xde, 0xde, 0xdf, 0xdf, 0xde, 0xdf, 0xdf, 0xdf, 0xdf, 0xdf,
  0xdf, 0xdf, 0xdf, 0xdf, 0xdf, 0xdf, 0xde, 0xdf, 0xdf, 0xdf, 0xe0, 0xe0,
  0xe1, 0xe0, 0xe0, 0xe1, 0xe1, 0xe0, 0xdf, 0xe0, 0xdf, 0xde, 0xdc, 0xdc,
  0xdd, 0xdf, 0xde, 0xde, 0xd9, 0xd9, 0xef, 0x32, 0x00, 0x04, 0x00, 0x00,
  0x00, 0x00, 0x00, 0x00, 0x00, 0x00, 0x00, 0x00, 0x00, 0x00, 0x00, 0x00,
  0x00, 0x00, 0x00, 0x00, 0x00, 0x00, 0x00, 0x00, 0x00, 0x00, 0x00, 0x00,
  0x00, 0x00, 0x00, 0x00, 0x00, 0x00, 0x00, 0x00, 0x00, 0x00, 0x00, 0x00,
  0x00, 0x00, 0x00, 0x00, 0x00, 0x00, 0x00, 0x00, 0x00, 0x00, 0x00, 0x00,
  0x00, 0x00, 0x00, 0x00, 0x00, 0x00, 0x00, 0x00, 0x03, 0x00, 0x38, 0xf7,
  0xdf, 0xdf, 0xdd, 0xdd, 0xdd, 0xde, 0xdd, 0xdd, 0xde, 0xdd, 0xde, 0xde,
  0xde, 0xde, 0xde, 0xdf, 0xdf, 0xde, 0xdf, 0xdf, 0xdf, 0xde, 0xdf, 0xdf,
  0xde, 0xde, 0xde, 0xdf, 0xdf, 0xdf, 0xde, 0xde, 0xdf, 0xde, 0xdf, 0xe0,
  0xdf, 0xde, 0xdf, 0xde, 0xdd, 0xde, 0xdf, 0xde, 0xdf, 0xde, 0xdf, 0xde,
  0xdd, 0xde, 0xde, 0xde, 0xdf, 0xde, 0xdf, 0xe0, 0xdf, 0xe0, 0xe0, 0xe1,
  0xe0, 0xdf, 0xdf, 0xe0, 0xdf, 0xe0, 0xe1, 0xe0, 0xdf, 0xe0, 0xdf, 0xdf,
  0xdf, 0xde, 0xde, 0xdf, 0xde, 0xdf, 0xe0, 0xdf, 0xde, 0xde, 0xde, 0xde,
  0xde, 0xde, 0xde, 0xde, 0xde, 0xde, 0xde, 0xde, 0xde, 0xde, 0xdf, 0xdf,
  0xdf, 0xe0, 0xdf, 0xe0, 0xe0, 0xe1, 0xe0, 0xe0, 0xdf, 0xe0, 0xde, 0xdd,
  0xdc, 0xdc, 0xdd, 0xdd, 0xdd, 0xdd, 0xdc, 0xdb, 0xd6, 0xe7, 0xbd, 0x29,
  0x00, 0x03, 0x00, 0x00, 0x00, 0x00, 0x00, 0x00, 0x00, 0x00, 0x00, 0x00,
  0x00, 0x00, 0x00, 0x00, 0x00, 0x00, 0x00, 0x00, 0x00, 0x00, 0x00, 0x00,
  0x00, 0x00, 0x00, 0x00, 0x00, 0x00, 0x00, 0x00, 0x00, 0x00, 0x00, 0x00,
  0x00, 0x00, 0x00, 0x00, 0x00, 0x00, 0x00, 0x00, 0x00, 0x00, 0x00, 0x00,
  0x00, 0x00, 0x00, 0x00, 0x00, 0x00, 0x00, 0x00, 0x00, 0x00, 0x00, 0x03,
  0x00, 0x2b, 0xe4, 0xe2, 0xdc, 0xdc, 0xdb, 0xdc, 0xdd, 0xdc, 0xdd, 0xdd,
  0xdd, 0xde, 0xde, 0xde, 0xdf, 0xde, 0xdf, 0xde, 0xdf, 0xde, 0xdf, 0xde,
  0xde, 0xdf, 0xdf, 0xde, 0xdf, 0xdf, 0xdf, 0xde, 0xde, 0xdd, 0xde, 0xdf,
  0xde, 0xdf, 0xdf, 0xdf, 0xdf, 0xde, 0xde, 0xdd, 0xde, 0xdf, 0xde, 0xdf,
  0xde, 0xdf, 0xde, 0xdd, 0xde, 0xde, 0xde, 0xdf, 0xdf, 0xde, 0xdf, 0xe0,
  0xe0, 0xe0, 0xe0, 0xe0, 0xdf, 0xe0, 0xdf, 0xdf, 0xe0, 0xe0, 0xe0, 0xe0,
  0xdf, 0xdf, 0xde, 0xde, 0xdf, 0xe0, 0xdf, 0xde, 0xdf, 0xdf, 0xdf, 0xdf,
  0xdf, 0xdf, 0xdf, 0xdf, 0xdf, 0xdf, 0xdf, 0xdf, 0xdf, 0xdf, 0xdf, 0xdf,
  0xdf, 0xde, 0xdf, 0xdf, 0xdf, 0xdf, 0xe0, 0xe1, 0xe0, 0xdf, 0xdf, 0xdf,
  0xe0, 0xdf, 0xdd, 0xdd, 0xdd, 0xdc, 0xdc, 0xdb, 0xdb, 0xdb, 0xdb, 0xd8,
  0xd8, 0xe9, 0x89, 0x16, 0x00, 0x01, 0x00, 0x00, 0x00, 0x00, 0x00, 0x00,
  0x00, 0x00, 0x00, 0x00, 0x00, 0x00, 0x00, 0x00, 0x00, 0x00, 0x00, 0x00,
  0x00, 0x00, 0x00, 0x00, 0x00, 0x00, 0x00, 0x00, 0x00, 0x00, 0x00, 0x00,
  0x00, 0x00, 0x00, 0x00, 0x00, 0x00, 0x00, 0x00, 0x00, 0x00, 0x00, 0x00,
  0x00, 0x00, 0x00, 0x00, 0x00, 0x00, 0x00, 0x00, 0x00, 0x00, 0x00, 0x00,
  0x00, 0x00, 0x03, 0x00, 0x25, 0xce, 0xe6, 0xdb, 0xdb, 0xda, 0xdc, 0xdc,
  0xdc, 0xdd, 0xdc, 0xdd, 0xde, 0xdd, 0xde, 0xdf, 0xdf, 0xdf, 0xdf, 0xde,
  0xde, 0xdf, 0xde, 0xde, 0xdf, 0xe0, 0xdf, 0xdf, 0xde, 0xdf, 0xde, 0xdd,
  0xdd, 0xde, 0xdf, 0xdf, 0xde, 0xde, 0xdf, 0xdf, 0xde, 0xdd, 0xdd, 0xde,
  0xdf, 0xdf, 0xde, 0xde, 0xdf, 0xde, 0xdd, 0xdd, 0xde, 0xdf, 0xde, 0xde,
  0xde, 0xde, 0xdf, 0xdf, 0xdf, 0xdf, 0xdf, 0xe0, 0xe0, 0xe0, 0xe0, 0xe0,
  0xe0, 0xe0, 0xe0, 0xdf, 0xde, 0xdf, 0xdf, 0xdf, 0xdf, 0xde, 0xde, 0xdf,
  0xde, 0xdf, 0xe0, 0xe0, 0xe0, 0xe0, 0xe0, 0xe0, 0xe0, 0xe0, 0xe0, 0xe0,
  0xe0, 0xe0, 0xe0, 0xdf, 0xdf, 0xdf, 0xe0, 0xe0, 0xe1, 0xe1, 0xe0, 0xe0,
  0xe0, 0xe0, 0xe0, 0xdf, 0xdf, 0xdf, 0xde, 0xdc, 0xdc, 0xdc, 0xdb, 0xda,
  0xda, 0xda, 0xd9, 0xd5, 0xe2, 0xce, 0x3b, 0x00, 0x04, 0x00, 0x00, 0x00,
  0x00, 0x00, 0x00, 0x00, 0x00, 0x00, 0x00, 0x00, 0x00, 0x00, 0x00, 0x00,
  0x00, 0x00, 0x00, 0x00, 0x00, 0x00, 0x00, 0x00, 0x00, 0x00, 0x00, 0x00,
  0x00, 0x00, 0x00, 0x00, 0x00, 0x00, 0x00, 0x00, 0x00, 0x00, 0x00, 0x00,
  0x00, 0x00, 0x00, 0x00, 0x00, 0x00, 0x00, 0x00, 0x00, 0x00, 0x00, 0x00,
  0x00, 0x00, 0x00, 0x00, 0x00, 0x00, 0x00, 0x00, 0x4c, 0xef, 0xda, 0xd9,
  0xda, 0xdb, 0xdb, 0xdc, 0xdd, 0xdd, 0xdd, 0xdd, 0xde, 0xde, 0xdf, 0xde,
  0xdf, 0xe0, 0xdf, 0xdf, 0xdf, 0xde, 0xde, 0xdf, 0xdf, 0xe0, 0xe0, 0xdf,
  0xde, 0xdf, 0xde, 0xde, 0xde, 0xdf, 0xde, 0xde, 0xde, 0xde, 0xde, 0xde,
  0xde, 0xde, 0xde, 0xde, 0xde, 0xdf, 0xdf, 0xdf, 0xde, 0xdd, 0xde, 0xde,
  0xde, 0xdf, 0xdf, 0xde, 0xdf, 0xde, 0xde, 0xde, 0xde, 0xdf, 0xdf, 0xdf,
  0xdf, 0xdf, 0xdf, 0xdf, 0xdf, 0xdf, 0xdf, 0xde, 0xdf, 0xdf, 0xde, 0xde,
  0xdf, 0xdf, 0xde, 0xdf, 0xdf, 0xdf, 0xdf, 0xdf, 0xdf, 0xdf, 0xdf, 0xdf,
  0xdf, 0xe0, 0xdf, 0xdf, 0xdf, 0xdf, 0xe0, 0xe0, 0xe0, 0xdf, 0xe0, 0xe0,
  0xe0, 0xdf, 0xdf, 0xdf, 0xdf, 0xdf, 0xdf, 0xde, 0xdf, 0xde, 0xdd, 0xdd,
  0xdc, 0xdb, 0xda, 0xda, 0xda, 0xd9, 0xd9, 0xd6, 0xe6, 0x8c, 0x19, 0x00,
  0x01, 0x00, 0x00, 0x00, 0x00, 0x00, 0x00, 0x00, 0x00, 0x00, 0x00, 0x00,
  0x00, 0x00, 0x00, 0x00, 0x00, 0x00, 0x00, 0x00, 0x00, 0x00, 0x00, 0x00,
  0x00, 0x00, 0x00, 0x00, 0x00, 0x00, 0x00, 0x00, 0x00, 0x00, 0x00, 0x00,
  0x00, 0x00, 0x00, 0x00, 0x00, 0x00, 0x00, 0x00, 0x00, 0x00, 0x00, 0x00,
  0x00, 0x00, 0x00, 0x00, 0x00, 0x00, 0x00, 0x00, 0x00, 0x02, 0x00, 0x20,
  0xed, 0xda, 0xd8, 0xd9, 0xda, 0xdb, 0xdc, 0xdd, 0xdc, 0xdc, 0xdd, 0xde,
  0xde, 0xdf, 0xde, 0xdf, 0xdf, 0xe0, 0xdf, 0xdf, 0xde, 0xde, 0xde, 0xdf,
  0xe0, 0xdf, 0xe0, 0xdf, 0xde, 0xdf, 0xdf, 0xde, 0xdf, 0xdd, 0xde, 0xde,
  0xdd, 0xdd, 0xde, 0xdf, 0xdf, 0xdf, 0xde, 0xde, 0xde, 0xde, 0xdf, 0xde,
  0xdd, 0xde, 0xdf, 0xde, 0xdf, 0xdf, 0xdf, 0xde, 0xdf, 0xdf, 0xde, 0xdf,
  0xde, 0xdf, 0xdf, 0xdf, 0xdf, 0xde, 0xde, 0xde, 0xde, 0xde, 0xdf, 0xdf,
  0xdf, 0xdf, 0xde, 0xdf, 0xdf, 0xdf, 0xdf, 0xe0, 0xe0, 0xe0, 0xe0, 0xe0,
  0xe0, 0xdf, 0xdf, 0xe0, 0xdf, 0xdf, 0xe0, 0xe0, 0xe0, 0xdf, 0xdf, 0xdf,
  0xe0, 0xe0, 0xdf, 0xdf, 0xdf, 0xdf, 0xdf, 0xde, 0xde, 0xdf, 0xde, 0xde,
  0xde, 0xde, 0xdd, 0xdd, 0xdb, 0xdb, 0xdb, 0xdb, 0xda, 0xdd, 0xd6, 0xde,
  0xdb, 0x4f, 0x00, 0x05, 0x00, 0x00, 0x00, 0x00, 0x00, 0x00, 0x00, 0x00,
  0x00, 0x00, 0x00, 0x00, 0x00, 0x00, 0x00, 0x00, 0x00, 0x00, 0x00, 0x00,
  0x00, 0x00, 0x00, 0x00, 0x00, 0x00, 0x00, 0x00, 0x00, 0x00, 0x00, 0x00,
  0x00, 0x00, 0x00, 0x00, 0x00, 0x00, 0x00, 0x00, 0x00, 0x00, 0x00, 0x00,
  0x00, 0x00, 0x00, 0x00, 0x00, 0x00, 0x00, 0x00, 0x00, 0x00, 0x00, 0x00,
  0x02, 0x00, 0x1f, 0xd6, 0xdc, 0xd8, 0xd9, 0xda, 0xdb, 0xdc, 0xdd, 0xdd,
  0xdd, 0xdd, 0xde, 0xde, 0xdf, 0xde, 0xdf, 0xdf, 0xe0, 0xdf, 0xdf, 0xde,
  0xde, 0xde, 0xdf, 0xe0, 0xe0, 0xe0, 0xe0, 0xdf, 0xde, 0xde, 0xdf, 0xde,
  0xde, 0xde, 0xdd, 0xde, 0xdd, 0xde, 0xde, 0xdf, 0xdf, 0xdf, 0xdf, 0xde,
  0xdf, 0xdf, 0xde, 0xde, 0xde, 0xdf, 0xdf, 0xde, 0xde, 0xde, 0xdf, 0xde,
  0xdf, 0xdf, 0xdf, 0xdf, 0xdf, 0xdf, 0xdf, 0xdf, 0xde, 0xdf, 0xdf, 0xdf,
  0xdf, 0xdf, 0xdf, 0xdf, 0xdf, 0xdf, 0xde, 0xde, 0xdf, 0xe0, 0xdf, 0xdf,
  0xdf, 0xdf, 0xdf, 0xdf, 0xe0, 0xe0, 0xe0, 0xde, 0xdf, 0xdf, 0xdf, 0xe0,
  0xdf, 0xde, 0xdf, 0xe0, 0xdf, 0xdf, 0xde, 0xde, 0xde, 0xde, 0xde, 0xdf,
  0xde, 0xde, 0xdd, 0xdd, 0xde, 0xde, 0xdd, 0xdc, 0xdd, 0xdc, 0xdb, 0xdb,
  0xde, 0xdb, 0xd3, 0xea, 0x93, 0x16, 0x00, 0x01, 0x00, 0x00, 0x00, 0x00,
  0x00, 0x00, 0x00, 0x00, 0x00, 0x00, 0x00, 0x00, 0x00, 0x00, 0x00, 0x00,
  0x00, 0x00, 0x00, 0x00, 0x00, 0x00, 0x00, 0x00, 0x00, 0x00, 0x00, 0x00,
  0x00, 0x00, 0x00, 0x00, 0x00, 0x00, 0x00, 0x00, 0x00, 0x00, 0x00, 0x00,
  0x00, 0x00, 0x00, 0x00, 0x00, 0x00, 0x00, 0x00, 0x00, 0x00, 0x00, 0x00,
  0x00, 0x00, 0x00, 0x02, 0x00, 0x15, 0xb4, 0xdf, 0xd8, 0xd8, 0xd9, 0xda,
  0xdb, 0xdd, 0xde, 0xdd, 0xdd, 0xde, 0xde, 0xdf, 0xde, 0xdf, 0xe0, 0xdf,
  0xdf, 0xde, 0xdf, 0xde, 0xdf, 0xdf, 0xdf, 0xdf, 0xdf, 0xe0, 0xdf, 0xde,
  0xde, 0xdf, 0xde, 0xdf, 0xde, 0xdd, 0xdd, 0xde, 0xdd, 0xde, 0xdf, 0xde,
  0xdf, 0xde, 0xdf, 0xde, 0xdf, 0xdf, 0xdf, 0xdf, 0xde, 0xde, 0xde, 0xdd,
  0xde, 0xde, 0xde, 0xdf, 0xdf, 0xdf, 0xdf, 0xdf, 0xde, 0xde, 0xde, 0xde,
  0xdf, 0xdf, 0xdf, 0xdf, 0xde, 0xde, 0xde, 0xde, 0xde, 0xdf, 0xde, 0xdf,
  0xdf, 0xdf, 0xde, 0xde, 0xde, 0xde, 0xde, 0xdf, 0xdf, 0xdf, 0xdf, 0xde,
  0xde, 0xde, 0xdf, 0xdf, 0xdf, 0xe0, 0xdf, 0xde, 0xde, 0xde, 0xdd, 0xde,
  0xde, 0xde, 0xde, 0xdd, 0xdd, 0xde, 0xde, 0xde, 0xdf, 0xde, 0xdd, 0xde,
  0xdc, 0xdd, 0xdd, 0xde, 0xde, 0xd6, 0xde, 0xe7, 0x65, 0x00, 0x07, 0x00,
  0x00, 0x00, 0x00, 0x00, 0x00, 0x00, 0x00, 0x00, 0x00, 0x00, 0x00, 0x00,
  0x00, 0x00, 0x00, 0x00, 0x00, 0x00, 0x00, 0x00, 0x00, 0x00, 0x00, 0x00,
  0x00, 0x00, 0x00, 0x00, 0x00, 0x00, 0x00, 0x00, 0x00, 0x00, 0x00, 0x00,
  0x00, 0x00, 0x00, 0x00, 0x00, 0x00, 0x00, 0x00, 0x00, 0x00, 0x00, 0x00,
  0x00, 0x00, 0x00, 0x00, 0x00, 0x00, 0x00, 0x00, 0x04, 0x5d, 0xe1, 0xd8,
  0xd8, 0xd9, 0xda, 0xdb, 0xdd, 0xdd, 0xdc, 0xdd, 0xde, 0xde, 0xdf, 0xde,
  0xdf, 0xdf, 0xde, 0xde, 0xdf, 0xde, 0xdf, 0xdf, 0xdf, 0xde, 0xde, 0xdf,
  0xdf, 0xdf, 0xde, 0xde, 0xdf, 0xdf, 0xdf, 0xde, 0xde, 0xde, 0xdd, 0xdd,
  0xde, 0xde, 0xde, 0xdf, 0xdf, 0xde, 0xde, 0xde, 0xde, 0xdf, 0xdf, 0xde,
  0xde, 0xde, 0xdd, 0xdd, 0xde, 0xdf, 0xdf, 0xde, 0xde, 0xde, 0xde, 0xdf,
  0xde, 0xde, 0xdf, 0xde, 0xdf, 0xdf, 0xde, 0xdf, 0xdf, 0xdf, 0xdf, 0xdf,
  0xde, 0xdf, 0xde, 0xde, 0xde, 0xdf, 0xdf, 0xdf, 0xdf, 0xdf, 0xde, 0xde,
  0xde, 0xde, 0xdf, 0xdf, 0xde, 0xde, 0xdf, 0xe0, 0xdf, 0xde, 0xdf, 0xde,
  0xdd, 0xde, 0xdf, 0xdf, 0xdf, 0xde, 0xde, 0xde, 0xde, 0xdf, 0xdf, 0xdf,
  0xde, 0xde, 0xde, 0xdd, 0xdf, 0xdf, 0xde, 0xdf, 0xdc, 0xd7, 0xef, 0x98,
  0x0c, 0x00, 0x01, 0x00, 0x00, 0x00, 0x00, 0x00, 0x00, 0x00, 0x00, 0x00,
  0x00, 0x00, 0x00, 0x00, 0x00, 0x00, 0x00, 0x00, 0x00, 0x00, 0x00, 0x00,
  0x00, 0x00, 0x00, 0x00, 0x00, 0x00, 0x00, 0x00, 0x00, 0x00, 0x00, 0x00,
  0x00, 0x00, 0x00, 0x00, 0x00, 0x00, 0x00, 0x00, 0x00, 0x00, 0x00, 0x00,
  0x00, 0x00, 0x00, 0x00, 0x00, 0x00, 0x00, 0x00, 0x00, 0x00, 0x01, 0x00,
  0x11, 0xdd, 0xd9, 0xd7, 0xd8, 0xd9, 0xdb, 0xdd, 0xdd, 0xdc, 0xdd, 0xde,
  0xde, 0xdf, 0xde, 0xde, 0xde, 0xdf, 0xdf, 0xdf, 0xdf, 0xdf, 0xe0, 0xdf,
  0xde, 0xdf, 0xde, 0xdf, 0xdf, 0xde, 0xdf, 0xde, 0xde, 0xde, 0xde, 0xdf,
  0xde, 0xde, 0xde, 0xdd, 0xde, 0xdf, 0xde, 0xde, 0xde, 0xdf, 0xde, 0xde,
  0xde, 0xdf, 0xde, 0xde, 0xde, 0xde, 0xde, 0xdf, 0xde, 0xde, 0xdf, 0xdf,
  0xdf, 0xdf, 0xde, 0xde, 0xde, 0xde, 0xdf, 0xde, 0xdf, 0xdf, 0xde, 0xde,
  0xde, 0xde, 0xde, 0xdf, 0xde, 0xdf, 0xde, 0xde, 0xdf, 0xdf, 0xdf, 0xdf,
  0xdf, 0xdf, 0xdf, 0xdf, 0xde, 0xe0, 0xdf, 0xdf, 0xdf, 0xdf, 0xdf, 0xdf,
  0xde, 0xdf, 0xde, 0xde, 0xdf, 0xde, 0xde, 0xde, 0xdf, 0xdf, 0xde, 0xde,
  0xdf, 0xde, 0xdf, 0xdf, 0xdf, 0xdf, 0xdf, 0xdf, 0xdf, 0xdf, 0xde, 0xdd,
  0xd6, 0xdc, 0xe8, 0x85, 0x00, 0x03, 0x00, 0x00, 0x00, 0x00, 0x00, 0x00,
  0x00, 0x00, 0x00, 0x00, 0x00, 0x00, 0x00, 0x00, 0x00, 0x00, 0x00, 0x00,
  0x00, 0x00, 0x00, 0x00, 0x00, 0x00, 0x00, 0x00, 0x00, 0x00, 0x00, 0x00,
  0x00, 0x00, 0x00, 0x00, 0x00, 0x00, 0x00, 0x00, 0x00, 0x00, 0x00, 0x00,
  0x00, 0x00, 0x00, 0x00, 0x00, 0x00, 0x00, 0x00, 0x00, 0x00, 0x00, 0x00,
  0x00, 0x01, 0x00, 0x12, 0xc9, 0xdc, 0xd7, 0xd8, 0xd9, 0xdb, 0xdd, 0xdd,
  0xdc, 0xdd, 0xdd, 0xde, 0xdf, 0xde, 0xdf, 0xdf, 0xdf, 0xdf, 0xde, 0xdf,
  0xe0, 0xdf, 0xdf, 0xde, 0xdf, 0xdf, 0xdf, 0xde, 0xdf, 0xde, 0xde, 0xdd,
  0xdd, 0xdd, 0xde, 0xdf, 0xdf, 0xde, 0xdd, 0xdd, 0xde, 0xdf, 0xde, 0xdf,
  0xde, 0xdf, 0xde, 0xdd, 0xde, 0xde, 0xdd, 0xde, 0xdf, 0xdf, 0xde, 0xdd,
  0xdd, 0xde, 0xdf, 0xde, 0xdf, 0xde, 0xde, 0xde, 0xde, 0xdf, 0xde, 0xde,
  0xde, 0xde, 0xde, 0xde, 0xdd, 0xde, 0xdf, 0xdf, 0xdf, 0xde, 0xde, 0xdf,
  0xde, 0xde, 0xde, 0xde, 0xdf, 0xdf, 0xdf, 0xdf, 0xdf, 0xdf, 0xdf, 0xdf,
  0xe0, 0xdf, 0xde, 0xdf, 0xdf, 0xdf, 0xdf, 0xde, 0xde, 0xdf, 0xdf, 0xde,
  0xdf, 0xde, 0xde, 0xdf, 0xde, 0xdf, 0xdf, 0xe0, 0xe0, 0xdf, 0xe0, 0xe0,
  0xe0, 0xdf, 0xdc, 0xd7, 0xd7, 0xe4, 0xca, 0x56, 0x00, 0x03, 0x00, 0x00,
  0x00, 0x00, 0x00, 0x00, 0x00, 0x00, 0x00, 0x00, 0x00, 0x00, 0x00, 0x00,
  0x00, 0x00, 0x00, 0x00, 0x00, 0x00, 0x00, 0x00, 0x00, 0x00, 0x00, 0x00,
  0x00, 0x00, 0x00, 0x00, 0x00, 0x00, 0x00, 0x00, 0x00, 0x00, 0x00, 0x00,
  0x00, 0x00, 0x00, 0x00, 0x00, 0x00, 0x00, 0x00, 0x00, 0x00, 0x00, 0x00,
  0x00, 0x00, 0x00, 0x00, 0x01, 0x00, 0x0a, 0xa1, 0xde, 0xd8, 0xd8, 0xd9,
  0xdb, 0xdc, 0xdc, 0xdd, 0xde, 0xdd, 0xde, 0xdf, 0xde, 0xde, 0xdf, 0xdf,
  0xdf, 0xde, 0xdf, 0xdf, 0xde, 0xde, 0xde, 0xde, 0xdf, 0xdf, 0xdf, 0xde,
  0xdd, 0xdd, 0xdd, 0xde, 0xdd, 0xde, 0xdf, 0xdf, 0xde, 0xde, 0xdd, 0xde,
  0xdf, 0xdf, 0xde, 0xdf, 0xdf, 0xde, 0xde, 0xdd, 0xdd, 0xde, 0xdd, 0xde,
  0xdf, 0xde, 0xdd, 0xde, 0xdd, 0xde, 0xdf, 0xdf, 0xde, 0xde, 0xdf, 0xdf,
  0xdf, 0xdf, 0xdf, 0xdf, 0xdf, 0xdf, 0xdf, 0xde, 0xde, 0xde, 0xdf, 0xde,
  0xde, 0xdf, 0xde, 0xde, 0xde, 0xde, 0xdf, 0xdf, 0xdf, 0xdf, 0xde, 0xde,
  0xde, 0xde, 0xde, 0xdf, 0xe0, 0xdf, 0xde, 0xdf, 0xdf, 0xdf, 0xdf, 0xdf,
  0xde, 0xde, 0xde, 0xdf, 0xdf, 0xdf, 0xdf, 0xdf, 0xdf, 0xdf, 0xe0, 0xdf,
  0xe0, 0xdf, 0xdf, 0xe0, 0xdf, 0xdd, 0xdb, 0xd7, 0xe0, 0xe9, 0x88, 0x00,
  0x03, 0x00, 0x00, 0x00, 0x00, 0x00, 0x00, 0x00, 0x00, 0x00, 0x00, 0x00,
  0x00, 0x00, 0x00, 0x00, 0x00, 0x00, 0x00, 0x00, 0x00, 0x00, 0x00, 0x00,
  0x00, 0x00, 0x00, 0x00, 0x00, 0x00, 0x00, 0x00, 0x00, 0x00, 0x00, 0x00,
  0x00, 0x00, 0x00, 0x00, 0x00, 0x00, 0x00, 0x00, 0x00, 0x00, 0x00, 0x00,
  0x00, 0x00, 0x00, 0x00, 0x00, 0x00, 0x00, 0x00, 0x00, 0x04, 0x66, 0xde,
  0xdb, 0xd9, 0xda, 0xdb, 0xdc, 0xdd, 0xdd, 0xde, 0xde, 0xde, 0xdf, 0xde,
  0xdf, 0xdf, 0xdf, 0xdf, 0xdf, 0xde, 0xde, 0xdf, 0xde, 0xdd, 0xde, 0xdf,
  0xde, 0xde, 0xdd, 0xde, 0xdd, 0xdc, 0xdd, 0xde, 0xdd, 0xde, 0xdf, 0xdf,
  0xde, 0xdd, 0xde, 0xdf, 0xde, 0xdd, 0xde, 0xdf, 0xde, 0xde, 0xde, 0xdd,
  0xde, 0xde, 0xdd, 0xdd, 0xdd, 0xde, 0xdf, 0xde, 0xdd, 0xde, 0xde, 0xdd,
  0xde, 0xde, 0xdf, 0xe0, 0xdf, 0xe0, 0xe0, 0xdf, 0xde, 0xdf, 0xde, 0xdd,
  0xdd, 0xdd, 0xdd, 0xde, 0xde, 0xdd, 0xde, 0xdd, 0xde, 0xdf, 0xdf, 0xe0,
  0xe0, 0xdf, 0xde, 0xdf, 0xdf, 0xde, 0xdf, 0xdf, 0xde, 0xdf, 0xde, 0xdf,
  0xe0, 0xe0, 0xe0, 0xdf, 0xdf, 0xde, 0xdf, 0xe0, 0xe0, 0xe0, 0xe0, 0xe0,
  0xe0, 0xdf, 0xe0, 0xe0, 0xe0, 0xdf, 0xe0, 0xdf, 0xdd, 0xdc, 0xdc, 0xdd,
  0xe8, 0xce, 0x5a, 0x00, 0x01, 0x00, 0x00, 0x00, 0x00, 0x00, 0x00, 0x00,
  0x00, 0x00, 0x00, 0x00, 0x00, 0x00, 0x00, 0x00, 0x00, 0x00, 0x00, 0x00,
  0x00, 0x00, 0x00, 0x00, 0x00, 0x00, 0x00, 0x00, 0x00, 0x00, 0x00, 0x00,
  0x00, 0x00, 0x00, 0x00, 0x00, 0x00, 0x00, 0x00, 0x00, 0x00, 0x00, 0x00,
  0x00, 0x00, 0x00, 0x00, 0x00, 0x00, 0x00, 0x00, 0x00, 0x00, 0x00, 0x00,
  0x00, 0x06, 0xd7, 0xde, 0xd9, 0xd9, 0xdb, 0xdd, 0xde, 0xdd, 0xde, 0xdf,
  0xde, 0xde, 0xdf, 0xdf, 0xdf, 0xde, 0xdf, 0xdf, 0xde, 0xde, 0xdf, 0xde,
  0xdd, 0xde, 0xdd, 0xde, 0xde, 0xdd, 0xde, 0xdd, 0xdd, 0xde, 0xde, 0xdd,
  0xde, 0xde, 0xde, 0xde, 0xdd, 0xde, 0xde, 0xde, 0xde, 0xde, 0xdd, 0xde,
  0xdf, 0xde, 0xdf, 0xde, 0xdd, 0xdd, 0xde, 0xdf, 0xde, 0xdf, 0xde, 0xdd,
  0xde, 0xdf, 0xde, 0xde, 0xdf, 0xdf, 0xde, 0xdf, 0xdf, 0xde, 0xdf, 0xdf,
  0xdf, 0xde, 0xdd, 0xde, 0xdd, 0xdd, 0xde, 0xde, 0xdd, 0xde, 0xdd, 0xde,
  0xdf, 0xde, 0xdf, 0xdf, 0xe0, 0xdf, 0xde, 0xde, 0xdf, 0xdf, 0xde, 0xdf,
  0xdf, 0xde, 0xdf, 0xe0, 0xe0, 0xe0, 0xdf, 0xdf, 0xdf, 0xe0, 0xe0, 0xe0,
  0xe0, 0xe0, 0xe0, 0xdf, 0xe0, 0xe0, 0xdf, 0xdf, 0xe0, 0xe0, 0xde, 0xdd,
  0xdc, 0xdd, 0xdb, 0xe0, 0xe9, 0x90, 0x00, 0x02, 0x00, 0x00, 0x00, 0x00,
  0x00, 0x00, 0x00, 0x00, 0x00, 0x00, 0x00, 0x00, 0x00, 0x00, 0x00, 0x00,
  0x00, 0x00, 0x00, 0x00, 0x00, 0x00, 0x00, 0x00, 0x00, 0x00, 0x00, 0x00,
  0x00, 0x00, 0x00, 0x00, 0x00, 0x00, 0x00, 0x00, 0x00, 0x00, 0x00, 0x00,
  0x00, 0x00, 0x00, 0x00, 0x00, 0x00, 0x00, 0x00, 0x00, 0x00, 0x00, 0x00,
  0x00, 0x00, 0x00, 0x00, 0x05, 0xbf, 0xde, 0xd9, 0xda, 0xdc, 0xdd, 0xde,
  0xdd, 0xde, 0xdf, 0xdf, 0xe0, 0xdf, 0xdf, 0xdf, 0xde, 0xdf, 0xde, 0xdf,
  0xde, 0xdf, 0xde, 0xdd, 0xde, 0xde, 0xdd, 0xde, 0xdd, 0xdd, 0xde, 0xde,
  0xdd, 0xdd, 0xde, 0xde, 0xdd, 0xde, 0xdf, 0xde, 0xdd, 0xdd, 0xdd, 0xdd,
  0xdd, 0xdd, 0xde, 0xdf, 0xde, 0xdf, 0xde, 0xdd, 0xdd, 0xde, 0xdf, 0xde,
  0xdf, 0xe0, 0xdf, 0xdf, 0xdf, 0xde, 0xdd, 0xde, 0xdf, 0xde, 0xdf, 0xdf,
  0xde, 0xde, 0xde, 0xde, 0xde, 0xde, 0xdd, 0xde, 0xdf, 0xde, 0xdd, 0xde,
  0xde, 0xdd, 0xde, 0xdf, 0xde, 0xde, 0xdf, 0xe0, 0xdf, 0xde, 0xde, 0xdf,
  0xe0, 0xdf, 0xde, 0xdf, 0xde, 0xde, 0xdf, 0xe0, 0xe0, 0xdf, 0xdf, 0xdf,
  0xdf, 0xdf, 0xe0, 0xdf, 0xdf, 0xdf, 0xe0, 0xe0, 0xe0, 0xdf, 0xdf, 0xdf,
  0xe0, 0xde, 0xdc, 0xdb, 0xdc, 0xda, 0xd9, 0xe4, 0xcd, 0x55, 0x00, 0x00,
  0x00, 0x00, 0x00, 0x00, 0x00, 0x00, 0x00, 0x00, 0x00, 0x00, 0x00, 0x00,
  0x00, 0x00, 0x00, 0x00, 0x00, 0x00, 0x00, 0x00, 0x00, 0x00, 0x00, 0x00,
  0x00, 0x00, 0x00, 0x00, 0x00, 0x00, 0x00, 0x00, 0x00, 0x00, 0x00, 0x00,
  0x00, 0x00, 0x00, 0x00, 0x00, 0x00, 0x00, 0x00, 0x00, 0x00, 0x00, 0x00,
  0x00, 0x00, 0x00, 0x00, 0x00, 0x00, 0x00, 0x04, 0xa1, 0xdd, 0xdb, 0xd9,
  0xdd, 0xde, 0xde, 0xde, 0xde, 0xdf, 0xe0, 0xe0, 0xe0, 0xe0, 0xdf, 0xde,
  0xde, 0xdf, 0xde, 0xde, 0xdf, 0xde, 0xdd, 0xdd, 0xdd, 0xde, 0xde, 0xde,
  0xde, 0xdf, 0xde, 0xde, 0xde, 0xdd, 0xde, 0xdd, 0xde, 0xdf, 0xde, 0xde,
  0xde, 0xde, 0xde, 0xde, 0xde, 0xde, 0xdf, 0xde, 0xdf, 0xde, 0xdd, 0xdd,
  0xde, 0xdf, 0xde, 0xde, 0xdf, 0xdf, 0xde, 0xdf, 0xde, 0xdd, 0xdd, 0xde,
  0xdf, 0xdf, 0xdf, 0xdf, 0xde, 0xdd, 0xde, 0xde, 0xdd, 0xdd, 0xde, 0xde,
  0xde, 0xdd, 0xdd, 0xdd, 0xdd, 0xde, 0xdf, 0xde, 0xdf, 0xdf, 0xe0, 0xdf,
  0xde, 0xdf, 0xdf, 0xdf, 0xde, 0xdf, 0xdf, 0xdf, 0xdf, 0xdf, 0xe0, 0xdf,
  0xe0, 0xe0, 0xe0, 0xe1, 0xe0, 0xdf, 0xe0, 0xe0, 0xdf, 0xe0, 0xe0, 0xdf,
  0xe0, 0xdf, 0xdf, 0xdf, 0xdd, 0xdc, 0xdb, 0xdb, 0xda, 0xd5, 0xdb, 0xe8,
  0x9c, 0x00, 0x00, 0x00, 0x00, 0x00, 0x00, 0x00, 0x00, 0x00, 0x00, 0x00,
  0x00, 0x00, 0x00, 0x00, 0x00, 0x00, 0x00, 0x00, 0x00, 0x00, 0x00, 0x00,
  0x00, 0x00, 0x00, 0x00, 0x00, 0x00, 0x00, 0x00, 0x00, 0x00, 0x00, 0x00,
  0x00, 0x00, 0x00, 0x00, 0x00, 0x00, 0x00, 0x00, 0x00, 0x00, 0x00, 0x00,
  0x00, 0x00, 0x00, 0x00, 0x00, 0x00, 0x00, 0x00, 0x00, 0x00, 0x00, 0x16,
  0xd2, 0xe4, 0xda, 0xde, 0xdf, 0xdf, 0xdf, 0xdf, 0xdf, 0xdf, 0xe0, 0xdf,
  0xdf, 0xdf, 0xde, 0xdf, 0xdf, 0xde, 0xde, 0xdf, 0xde, 0xdd, 0xdd, 0xdd,
  0xde, 0xdf, 0xdf, 0xdf, 0xdf, 0xdf, 0xdf, 0xde, 0xdd, 0xde, 0xdd, 0xde,
  0xdf, 0xde, 0xdf, 0xdf, 0xde, 0xde, 0xdf, 0xdf, 0xdf, 0xde, 0xde, 0xdf,
  0xde, 0xdd, 0xdd, 0xdd, 0xde, 0xdf, 0xdf, 0xde, 0xde, 0xdf, 0xdf, 0xdf,
  0xde, 0xdd, 0xde, 0xde, 0xde, 0xde, 0xde, 0xdf, 0xde, 0xdf, 0xde, 0xdd,
  0xde, 0xde, 0xdd, 0xde, 0xdd, 0xde, 0xde, 0xdd, 0xde, 0xdf, 0xde, 0xdf,
  0xdf, 0xe0, 0xdf, 0xde, 0xdf, 0xde, 0xde, 0xdf, 0xe0, 0xe0, 0xdf, 0xdf,
  0xdf, 0xdf, 0xe0, 0xe0, 0xe0, 0xe0, 0xe0, 0xe1, 0xe0, 0xe0, 0xe0, 0xe0,
  0xe0, 0xe1, 0xdf, 0xdf, 0xe0, 0xdf, 0xde, 0xdd, 0xdc, 0xdc, 0xdb, 0xda,
  0xd7, 0xd6, 0xe3, 0xd3, 0x57, 0x03, 0x00, 0x00, 0x00, 0x00, 0x00, 0x00,
  0x00, 0x00, 0x00, 0x00, 0x00, 0x00, 0x00, 0x00, 0x00, 0x00, 0x00, 0x00,
  0x00, 0x00, 0x00, 0x00, 0x00, 0x00, 0x00, 0x00, 0x00, 0x00, 0x00, 0x00,
  0x00, 0x00, 0x00, 0x00, 0x00, 0x00, 0x00, 0x00, 0x00, 0x00, 0x00, 0x00,
  0x00, 0x00, 0x00, 0x00, 0x00, 0x00, 0x00, 0x00, 0x00, 0x00, 0x00, 0x00,
  0x00, 0x00, 0x00, 0xcb, 0xe6, 0xdc, 0xdf, 0xe1, 0xe1, 0xe1, 0xe0, 0xe0,
  0xe0, 0xdf, 0xdf, 0xde, 0xde, 0xdf, 0xde, 0xde, 0xde, 0xdf, 0xde, 0xde,
  0xdd, 0xde, 0xde, 0xdd, 0xde, 0xdf, 0xdf, 0xde, 0xdf, 0xde, 0xde, 0xdd,
  0xde, 0xde, 0xde, 0xde, 0xdf, 0xde, 0xdf, 0xdf, 0xdf, 0xdf, 0xde, 0xde,
  0xdf, 0xdf, 0xdf, 0xde, 0xde, 0xde, 0xde, 0xde, 0xde, 0xde, 0xdf, 0xdf,
  0xde, 0xde, 0xde, 0xde, 0xdd, 0xde, 0xdd, 0xdd, 0xdd, 0xdd, 0xde, 0xde,
  0xde, 0xde, 0xdd, 0xde, 0xde, 0xdd, 0xde, 0xdd, 0xde, 0xdf, 0xde, 0xde,
  0xdf, 0xde, 0xde, 0xdf, 0xe0, 0xdf, 0xde, 0xdf, 0xdf, 0xde, 0xdf, 0xe0,
  0xe0, 0xe0, 0xe0, 0xe0, 0xe0, 0xdf, 0xdf, 0xdf, 0xdf, 0xe0, 0xe1, 0xe0,
  0xdf, 0xdf, 0xdf, 0xdf, 0xe0, 0xe0, 0xdf, 0xdf, 0xde, 0xdd, 0xdd, 0xdc,
  0xdc, 0xdb, 0xd9, 0xd9, 0xd6, 0xd9, 0xe6, 0xac, 0x00, 0x00, 0x00, 0x00,
  0x00, 0x00, 0x00, 0x00, 0x00, 0x00, 0x00, 0x00, 0x00, 0x00, 0x00, 0x00,
  0x00, 0x00, 0x00, 0x00, 0x00, 0x00, 0x00, 0x00, 0x00, 0x00, 0x00, 0x00,
  0x00, 0x00, 0x00, 0x00, 0x00, 0x00, 0x00, 0x00, 0x00, 0x00, 0x00, 0x00,
  0x00, 0x00, 0x00, 0x00, 0x00, 0x00, 0x00, 0x00, 0x00, 0x00, 0x00, 0x00,
  0x00, 0x00, 0x00, 0x00, 0x00, 0x00, 0xbf, 0xe9, 0xdf, 0xe1, 0xe2, 0xe1,
  0xe1, 0xe1, 0xe0, 0xe1, 0xe0, 0xdf, 0xdf, 0xdf, 0xdf, 0xde, 0xde, 0xde,
  0xde, 0xde, 0xdd, 0xdd, 0xdd, 0xde, 0xdd, 0xdd, 0xde, 0xde, 0xdd, 0xde,
  0xde, 0xde, 0xdd, 0xde, 0xdf, 0xde, 0xde, 0xdf, 0xde, 0xde, 0xdf, 0xe0,
  0xdf, 0xde, 0xdf, 0xde, 0xde, 0xde, 0xdf, 0xdf, 0xde, 0xde, 0xdf, 0xde,
  0xde, 0xde, 0xde, 0xdd, 0xdd, 0xdd, 0xde, 0xdd, 0xdd, 0xdd, 0xdd, 0xde,
  0xdd, 0xdd, 0xde, 0xde, 0xdd, 0xde, 0xdd, 0xdd, 0xde, 0xdd, 0xdd, 0xde,
  0xdf, 0xdf, 0xdf, 0xde, 0xdf, 0xdf, 0xdf, 0xe0, 0xdf, 0xde, 0xdf, 0xdf,
  0xde, 0xdf, 0xdf, 0xe0, 0xe1, 0xe1, 0xe0, 0xe0, 0xe0, 0xe0, 0xe0, 0xe0,
  0xe0, 0xe0, 0xe0, 0xdf, 0xdf, 0xdf, 0xdf, 0xe0, 0xdf, 0xdf, 0xdf, 0xde,
  0xdd, 0xdc, 0xdc, 0xdc, 0xdb, 0xda, 0xd9, 0xd8, 0xd6, 0xdf, 0xd5, 0x51,
  0x06, 0x00, 0x00, 0x00, 0x00, 0x00, 0x00, 0x00, 0x00, 0x00, 0x00, 0x00,
  0x00, 0x00, 0x00, 0x00, 0x00, 0x00, 0x00, 0x00, 0x00, 0x00, 0x00, 0x00,
  0x00, 0x00, 0x00, 0x00, 0x00, 0x00, 0x00, 0x00, 0x00, 0x00, 0x00, 0x00,
  0x00, 0x00, 0x00, 0x00, 0x00, 0x00, 0x00, 0x00, 0x00, 0x00, 0x00, 0x00,
  0x00, 0x00, 0x00, 0x00, 0x00, 0x00, 0x00, 0x00, 0x00, 0xa1, 0xea, 0xe6,
  0xe1, 0xe2, 0xe1, 0xe1, 0xe1, 0xe1, 0xe0, 0xe0, 0xdf, 0xdf, 0xdf, 0xde,
  0xdf, 0xdf, 0xdf, 0xde, 0xdd, 0xde, 0xde, 0xde, 0xdd, 0xde, 0xde, 0xde,
  0xdd, 0xde, 0xdd, 0xdd, 0xdd, 0xdd, 0xde, 0xdf, 0xdf, 0xdf, 0xdf, 0xdf,
  0xdf, 0xde, 0xe0, 0xdf, 0xdf, 0xde, 0xde, 0xde, 0xde, 0xde, 0xdf, 0xdf,
  0xdf, 0xde, 0xdf, 0xdf, 0xdd, 0xdd, 0xde, 0xdd, 0xdd, 0xdd, 0xde, 0xde,
  0xde, 0xde, 0xdd, 0xde, 0xdd, 0xdd, 0xdd, 0xde, 0xde, 0xdd, 0xde, 0xde,
  0xde, 0xde, 0xde, 0xdf, 0xde, 0xde, 0xde, 0xdf, 0xe0, 0xe0, 0xe0, 0xdf,
  0xde, 0xdf, 0xdf, 0xde, 0xdf, 0xe0, 0xe0, 0xe1, 0xe0, 0xdf, 0xdf, 0xe0,
  0xe1, 0xe1, 0xe0, 0xdf, 0xdf, 0xe0, 0xe0, 0xe0, 0xdf, 0xdf, 0xdf, 0xde,
  0xde, 0xde, 0xde, 0xdd, 0xdc, 0xdd, 0xdc, 0xdb, 0xda, 0xd9, 0xd9, 0xd7,
  0xd8, 0xe3, 0xbd, 0x06, 0x00, 0x01, 0x00, 0x00, 0x00, 0x00, 0x00, 0x00,
  0x00, 0x00, 0x00, 0x00, 0x00, 0x00, 0x00, 0x00, 0x00, 0x00, 0x00, 0x00,
  0x00, 0x00, 0x00, 0x00, 0x00, 0x00, 0x00, 0x00, 0x00, 0x00, 0x00, 0x00,
  0x00, 0x00, 0x00, 0x00, 0x00, 0x00, 0x00, 0x00, 0x00, 0x00, 0x00, 0x00,
  0x00, 0x00, 0x00, 0x00, 0x00, 0x00, 0x00, 0x00, 0x00, 0x00, 0x00, 0x00,
  0x7b, 0xe5, 0xea, 0xe2, 0xe1, 0xe0, 0xe0, 0xe1, 0xe1, 0xe0, 0xdf, 0xdf,
  0xde, 0xde, 0xdf, 0xde, 0xde, 0xde, 0xde, 0xde, 0xdd, 0xdd, 0xdd, 0xde,
  0xdd, 0xdd, 0xdd, 0xde, 0xde, 0xde, 0xdd, 0xdd, 0xdd, 0xde, 0xdf, 0xde,
  0xde, 0xde, 0xde, 0xde, 0xdf, 0xdf, 0xdf, 0xdf, 0xde, 0xde, 0xdf, 0xdf,
  0xdf, 0xdf, 0xe0, 0xdf, 0xde, 0xdf, 0xde, 0xde, 0xdd, 0xdd, 0xde, 0xde,
  0xde, 0xde, 0xde, 0xde, 0xde, 0xdd, 0xde, 0xdd, 0xdd, 0xdc, 0xdd, 0xde,
  0xdd, 0xde, 0xde, 0xde, 0xdf, 0xde, 0xde, 0xdf, 0xde, 0xde, 0xdf, 0xdf,
  0xdf, 0xdf, 0xdf, 0xde, 0xde, 0xdf, 0xde, 0xdf, 0xdf, 0xe0, 0xe0, 0xe1,
  0xe0, 0xe0, 0xdf, 0xe0, 0xe0, 0xe0, 0xe0, 0xdf, 0xdf, 0xdf, 0xdf, 0xdf,
  0xde, 0xde, 0xdd, 0xdd, 0xdd, 0xde, 0xdd, 0xdd, 0xdd, 0xdc, 0xdb, 0xdb,
  0xd9, 0xd9, 0xd8, 0xd6, 0xda, 0xdd, 0x4d, 0x01, 0x00, 0x00, 0x00, 0x00,
  0x00, 0x00, 0x00, 0x00, 0x00, 0x00, 0x00, 0x00, 0x00, 0x00, 0x00, 0x00,
  0x00, 0x00, 0x00, 0x00, 0x00, 0x00, 0x00, 0x00, 0x00, 0x00, 0x00, 0x00,
  0x00, 0x00, 0x00, 0x00, 0x00, 0x00, 0x00, 0x00, 0x00, 0x00, 0x00, 0x00,
  0x00, 0x00, 0x00, 0x00, 0x00, 0x00, 0x00, 0x00, 0x00, 0x00, 0x00, 0x00,
  0x00, 0x00, 0x00, 0x2c, 0xd5, 0xf0, 0xe1, 0xdf, 0xde, 0xe0, 0xe1, 0xe0,
  0xe0, 0xe0, 0xe0, 0xdf, 0xdf, 0xdf, 0xde, 0xdd, 0xdd, 0xde, 0xde, 0xdd,
  0xdc, 0xdd, 0xde, 0xdd, 0xdc, 0xdd, 0xdd, 0xdd, 0xdd, 0xde, 0xde, 0xdd,
  0xde, 0xdf, 0xdf, 0xde, 0xdd, 0xdd, 0xdd, 0xdf, 0xde, 0xde, 0xde, 0xdf,
  0xde, 0xde, 0xde, 0xdf, 0xe0, 0xdf, 0xde, 0xdf, 0xdf, 0xdf, 0xde, 0xde,
  0xdd, 0xde, 0xdf, 0xdf, 0xdf, 0xde, 0xdd, 0xdd, 0xde, 0xdd, 0xde, 0xde,
  0xdd, 0xdc, 0xdd, 0xdd, 0xde, 0xdf, 0xdf, 0xdf, 0xde, 0xde, 0xdf, 0xde,
  0xdf, 0xdf, 0xde, 0xde, 0xde, 0xdf, 0xdf, 0xdf, 0xde, 0xdf, 0xdf, 0xdf,
  0xe0, 0xdf, 0xe0, 0xe1, 0xdf, 0xdf, 0xdf, 0xdf, 0xe0, 0xe0, 0xdf, 0xde,
  0xde, 0xde, 0xde, 0xdf, 0xde, 0xde, 0xde, 0xde, 0xdd, 0xde, 0xde, 0xde,
  0xdc, 0xdc, 0xdc, 0xdb, 0xda, 0xd9, 0xd9, 0xd6, 0xe1, 0xd0, 0x30, 0x00,
  0x00, 0x00, 0x00, 0x00, 0x00, 0x00, 0x00, 0x00, 0x00, 0x00, 0x00, 0x00,
  0x00, 0x00, 0x00, 0x00, 0x00, 0x00, 0x00, 0x00, 0x00, 0x00, 0x00, 0x00,
  0x00, 0x00, 0x00, 0x00, 0x00, 0x00, 0x00, 0x00, 0x00, 0x00, 0x00, 0x00,
  0x00, 0x00, 0x00, 0x00, 0x00, 0x00, 0x00, 0x00, 0x00, 0x00, 0x00, 0x00,
  0x00, 0x00, 0x00, 0x00, 0x00, 0x01, 0x00, 0xbe, 0xf2, 0xe0, 0xdd, 0xdd,
  0xe0, 0xe1, 0xe0, 0xdf, 0xdf, 0xdf, 0xde, 0xde, 0xde, 0xde, 0xde, 0xdd,
  0xdd, 0xdd, 0xdd, 0xdd, 0xdd, 0xde, 0xdd, 0xdd, 0xde, 0xde, 0xde, 0xde,
  0xdd, 0xde, 0xdd, 0xde, 0xde, 0xde, 0xde, 0xde, 0xde, 0xde, 0xde, 0xdf,
  0xdf, 0xde, 0xdf, 0xdf, 0xdf, 0xde, 0xdf, 0xdf, 0xde, 0xdf, 0xde, 0xdf,
  0xde, 0xdd, 0xde, 0xde, 0xde, 0xde, 0xde, 0xdf, 0xde, 0xdd, 0xde, 0xdd,
  0xde, 0xdd, 0xde, 0xde, 0xdd, 0xdd, 0xdd, 0xde, 0xdf, 0xde, 0xde, 0xde,
  0xde, 0xdf, 0xde, 0xdf, 0xde, 0xde, 0xdf, 0xde, 0xdf, 0xe0, 0xdf, 0xdf,
  0xde, 0xdf, 0xdf, 0xdf, 0xe0, 0xe0, 0xe0, 0xdf, 0xe0, 0xdf, 0xdf, 0xdf,
  0xdf, 0xdf, 0xde, 0xdf, 0xdf, 0xde, 0xde, 0xdd, 0xde, 0xdd, 0xdd, 0xde,
  0xdd, 0xdd, 0xde, 0xdd, 0xdd, 0xdd, 0xdc, 0xdb, 0xda, 0xdb, 0xd9, 0xd7,
  0xe2, 0x97, 0x10, 0x00, 0x01, 0x00, 0x00, 0x00, 0x00, 0x00, 0x00, 0x00,
  0x00, 0x00, 0x00, 0x00, 0x00, 0x00, 0x00, 0x00, 0x00, 0x00, 0x00, 0x00,
  0x00, 0x00, 0x00, 0x00, 0x00, 0x00, 0x00, 0x00, 0x00, 0x00, 0x00, 0x00,
  0x00, 0x00, 0x00, 0x00, 0x00, 0x00, 0x00, 0x00, 0x00, 0x00, 0x00, 0x00,
  0x00, 0x00, 0x00, 0x00, 0x00, 0x00, 0x00, 0x00, 0x01, 0x00, 0xa3, 0xed,
  0xe4, 0xdb, 0xdb, 0xdf, 0xe1, 0xe0, 0xdf, 0xde, 0xde, 0xdd, 0xdd, 0xdd,
  0xdd, 0xde, 0xdd, 0xdc, 0xdd, 0xde, 0xde, 0xde, 0xdd, 0xde, 0xde, 0xdd,
  0xdd, 0xdf, 0xdf, 0xde, 0xde, 0xde, 0xde, 0xde, 0xdd, 0xde, 0xdf, 0xdf,
  0xde, 0xde, 0xde, 0xdf, 0xde, 0xdf, 0xe0, 0xdf, 0xde, 0xde, 0xde, 0xdf,
  0xde, 0xde, 0xdf, 0xde, 0xde, 0xdd, 0xde, 0xde, 0xde, 0xdf, 0xdf, 0xde,
  0xdd, 0xde, 0xde, 0xde, 0xde, 0xdd, 0xdd, 0xde, 0xdd, 0xdd, 0xde, 0xdf,
  0xde, 0xdd, 0xdd, 0xde, 0xdf, 0xde, 0xdf, 0xde, 0xde, 0xde, 0xde, 0xdf,
  0xe0, 0xe0, 0xdf, 0xde, 0xdf, 0xde, 0xdf, 0xdf, 0xdf, 0xdf, 0xdf, 0xdf,
  0xde, 0xde, 0xde, 0xde, 0xde, 0xdf, 0xde, 0xdf, 0xde, 0xde, 0xdd, 0xdd,
  0xde, 0xde, 0xdf, 0xde, 0xdd, 0xde, 0xdf, 0xde, 0xde, 0xdd, 0xdb, 0xdc,
  0xdc, 0xda, 0xd6, 0xe1, 0xd1, 0x30, 0x00, 0x00, 0x00, 0x00, 0x00, 0x00,
  0x00, 0x00, 0x00, 0x00, 0x00, 0x00, 0x00, 0x00, 0x00, 0x00, 0x00, 0x00,
  0x00, 0x00, 0x00, 0x00, 0x00, 0x00, 0x00, 0x00, 0x00, 0x00, 0x00, 0x00,
  0x00, 0x00, 0x00, 0x00, 0x00, 0x00, 0x00, 0x00, 0x00, 0x00, 0x00, 0x00,
  0x00, 0x00, 0x00, 0x00, 0x00, 0x00, 0x00, 0x00, 0x00, 0x00, 0x00, 0x00,
  0x00, 0x62, 0xda, 0xe9, 0xd9, 0xd9, 0xdd, 0xe0, 0xe0, 0xde, 0xdd, 0xdd,
  0xdd, 0xde, 0xdd, 0xdd, 0xde, 0xdd, 0xdd, 0xde, 0xdd, 0xdd, 0xdd, 0xdd,
  0xdd, 0xdd, 0xdd, 0xdd, 0xde, 0xde, 0xdf, 0xdf, 0xdf, 0xdf, 0xde, 0xdd,
  0xde, 0xdf, 0xde, 0xde, 0xdf, 0xdf, 0xdf, 0xde, 0xdf, 0xe0, 0xdf, 0xde,
  0xdf, 0xdf, 0xde, 0xdd, 0xde, 0xde, 0xdf, 0xde, 0xde, 0xde, 0xde, 0xdf,
  0xde, 0xde, 0xde, 0xdd, 0xdd, 0xdd, 0xdd, 0xdd, 0xde, 0xde, 0xdd, 0xde,
  0xdd, 0xde, 0xde, 0xde, 0xde, 0xde, 0xde, 0xdf, 0xde, 0xde, 0xdf, 0xdf,
  0xdf, 0xde, 0xdf, 0xe0, 0xe0, 0xdf, 0xde, 0xde, 0xde, 0xde, 0xde, 0xdf,
  0xdf, 0xe0, 0xdf, 0xdf, 0xdf, 0xdf, 0xdf, 0xdf, 0xde, 0xde, 0xdf, 0xdf,
  0xde, 0xde, 0xde, 0xdf, 0xdf, 0xdf, 0xdf, 0xdf, 0xdf, 0xdf, 0xde, 0xde,
  0xdd, 0xdd, 0xdd, 0xde, 0xda, 0xd8, 0xd7, 0xe6, 0xaa, 0x1b, 0x00, 0x02,
  0x00, 0x00, 0x00, 0x00, 0x00, 0x00, 0x00, 0x00, 0x00, 0x00, 0x00, 0x00,
  0x00, 0x00, 0x00, 0x00, 0x00, 0x00, 0x00, 0x00, 0x00, 0x00, 0x00, 0x00,
  0x00, 0x00, 0x00, 0x00, 0x00, 0x00, 0x00, 0x00, 0x00, 0x00, 0x00, 0x00,
  0x00, 0x00, 0x00, 0x00, 0x00, 0x00, 0x00, 0x00, 0x00, 0x00, 0x00, 0x00,
  0x00, 0x00, 0x00, 0x03, 0x00, 0xb3, 0xf0, 0xd6, 0xd9, 0xdd, 0xdf, 0xdf,
  0xdd, 0xdc, 0xdc, 0xdc, 0xde, 0xdc, 0xdd, 0xde, 0xdd, 0xdd, 0xde, 0xdd,
  0xdd, 0xde, 0xde, 0xde, 0xde, 0xde, 0xde, 0xdf, 0xde, 0xde, 0xde, 0xdf,
  0xde, 0xdd, 0xdd, 0xde, 0xdf, 0xde, 0xdf, 0xde, 0xdf, 0xdf, 0xdf, 0xde,
  0xdf, 0xdf, 0xde, 0xdf, 0xde, 0xdd, 0xde, 0xdd, 0xde, 0xde, 0xde, 0xde,
  0xdf, 0xde, 0xdf, 0xde, 0xdd, 0xde, 0xde, 0xde, 0xde, 0xde, 0xde, 0xdf,
  0xdf, 0xde, 0xdf, 0xde, 0xdd, 0xdd, 0xde, 0xdf, 0xde, 0xde, 0xdf, 0xde,
  0xdf, 0xde, 0xde, 0xde, 0xdf, 0xde, 0xdf, 0xe0, 0xdf, 0xdf, 0xde, 0xdd,
  0xde, 0xdf, 0xde, 0xde, 0xdf, 0xe0, 0xe0, 0xe0, 0xdf, 0xde, 0xdf, 0xdf,
  0xde, 0xdf, 0xdf, 0xde, 0xdf, 0xdf, 0xde, 0xdf, 0xdf, 0xe0, 0xe0, 0xe0,
  0xdf, 0xdf, 0xde, 0xde, 0xdf, 0xdf, 0xde, 0xdb, 0xdb, 0xda, 0xe3, 0xe6,
  0x35, 0x00, 0x02, 0x00, 0x00, 0x00, 0x00, 0x00, 0x00, 0x00, 0x00, 0x00,
  0x00, 0x00, 0x00, 0x00, 0x00, 0x00, 0x00, 0x00, 0x00, 0x00, 0x00, 0x00,
  0x00, 0x00, 0x00, 0x00, 0x00, 0x00, 0x00, 0x00, 0x00, 0x00, 0x00, 0x00,
  0x00, 0x00, 0x00, 0x00, 0x00, 0x00, 0x00, 0x00, 0x00, 0x00, 0x00, 0x00,
  0x00, 0x00, 0x00, 0x00, 0x00, 0x00, 0x03, 0x00, 0xa2, 0xea, 0xd8, 0xd9,
  0xdc, 0xdd, 0xdd, 0xdc, 0xdd, 0xdc, 0xdd, 0xdd, 0xdd, 0xdd, 0xde, 0xdd,
  0xde, 0xdd, 0xde, 0xdd, 0xde, 0xdf, 0xde, 0xdf, 0xdf, 0xdf, 0xdf, 0xde,
  0xdf, 0xde, 0xde, 0xdf, 0xdf, 0xde, 0xde, 0xdf, 0xde, 0xdf, 0xdf, 0xdf,
  0xdf, 0xdf, 0xdf, 0xde, 0xde, 0xdf, 0xde, 0xde, 0xdf, 0xde, 0xdd, 0xde,
  0xdd, 0xde, 0xdd, 0xde, 0xdd, 0xde, 0xde, 0xdd, 0xde, 0xdf, 0xde, 0xdf,
  0xdf, 0xde, 0xdd, 0xde, 0xdf, 0xdf, 0xde, 0xde, 0xdf, 0xde, 0xde, 0xde,
  0xde, 0xde, 0xdf, 0xdf, 0xde, 0xde, 0xde, 0xde, 0xdf, 0xdf, 0xde, 0xde,
  0xdf, 0xde, 0xdd, 0xdd, 0xde, 0xdf, 0xde, 0xdf, 0xde, 0xdf, 0xdf, 0xde,
  0xdf, 0xde, 0xdf, 0xe0, 0xdf, 0xe0, 0xdf, 0xde, 0xde, 0xdf, 0xdf, 0xe0,
  0xdf, 0xdf, 0xdf, 0xdf, 0xe0, 0xdf, 0xde, 0xdf, 0xdf, 0xde, 0xdd, 0xdc,
  0xde, 0xdc, 0xe7, 0xc0, 0x2a, 0x00, 0x03, 0x00, 0x00, 0x00, 0x00, 0x00,
  0x00, 0x00, 0x00, 0x00, 0x00, 0x00, 0x00, 0x00, 0x00, 0x00, 0x00, 0x00,
  0x00, 0x00, 0x00, 0x00, 0x00, 0x00, 0x00, 0x00, 0x00, 0x00, 0x00, 0x00,
  0x00, 0x00, 0x00, 0x00, 0x00, 0x00, 0x00, 0x00, 0x00, 0x00, 0x00, 0x00,
  0x00, 0x00, 0x00, 0x00, 0x00, 0x00, 0x00, 0x00, 0x00, 0x02, 0x00, 0x6c,
  0xd6, 0xe0, 0xd8, 0xdb, 0xdb, 0xdd, 0xdb, 0xdc, 0xdd, 0xdc, 0xdd, 0xdc,
  0xdd, 0xde, 0xdd, 0xdd, 0xdd, 0xdd, 0xde, 0xdf, 0xde, 0xde, 0xde, 0xde,
  0xde, 0xde, 0xde, 0xdf, 0xde, 0xdd, 0xde, 0xdf, 0xde, 0xde, 0xdf, 0xdf,
  0xde, 0xdf, 0xdf, 0xdf, 0xdf, 0xdf, 0xdf, 0xdf, 0xde, 0xdf, 0xde, 0xdf,
  0xde, 0xdd, 0xde, 0xdd, 0xde, 0xde, 0xdd, 0xdd, 0xde, 0xde, 0xdd, 0xde,
  0xdf, 0xde, 0xde, 0xdf, 0xde, 0xdd, 0xde, 0xdf, 0xde, 0xdd, 0xde, 0xdf,
  0xde, 0xdf, 0xde, 0xdd, 0xde, 0xdf, 0xdf, 0xdf, 0xde, 0xde, 0xdf, 0xdf,
  0xde, 0xdf, 0xdf, 0xdf, 0xde, 0xdd, 0xde, 0xdf, 0xde, 0xdf, 0xdf, 0xdf,
  0xde, 0xdf, 0xde, 0xdf, 0xde, 0xdf, 0xe0, 0xdf, 0xe0, 0xdf, 0xde, 0xde,
  0xde, 0xdf, 0xe0, 0xdf, 0xe0, 0xe0, 0xdf, 0xe0, 0xdf, 0xde, 0xdf, 0xe0,
  0xdf, 0xde, 0xdc, 0xde, 0xdb, 0xdd, 0xee, 0x3f, 0x00, 0x05, 0x00, 0x00,
  0x00, 0x00, 0x00, 0x00, 0x00, 0x00, 0x00, 0x00, 0x00, 0x00, 0x00, 0x00,
  0x00, 0x00, 0x00, 0x00, 0x00, 0x00, 0x00, 0x00, 0x00, 0x00, 0x00, 0x00,
  0x00, 0x00, 0x00, 0x00, 0x00, 0x00, 0x00, 0x00, 0x00, 0x00, 0x00, 0x00,
  0x00, 0x00, 0x00, 0x00, 0x00, 0x00, 0x00, 0x00, 0x00, 0x00, 0x00, 0x00,
  0x00, 0x04, 0x00, 0x9c, 0xed, 0xd9, 0xda, 0xda, 0xdb, 0xdb, 0xdc, 0xdd,
  0xdc, 0xdc, 0xdc, 0xdd, 0xdd, 0xde, 0xde, 0xde, 0xde, 0xde, 0xdf, 0xdf,
  0xdf, 0xdf, 0xdf, 0xdf, 0xdf, 0xdf, 0xde, 0xdd, 0xdd, 0xde, 0xdf, 0xde,
  0xdd, 0xde, 0xde, 0xdf, 0xde, 0xde, 0xdf, 0xde, 0xde, 0xdd, 0xde, 0xdf,
  0xde, 0xde, 0xdf, 0xde, 0xdd, 0xde, 0xdd, 0xdd, 0xdd, 0xde, 0xde, 0xdf,
  0xde, 0xde, 0xdf, 0xde, 0xdf, 0xdf, 0xde, 0xde, 0xdd, 0xdd, 0xde, 0xdd,
  0xdd, 0xdd, 0xde, 0xdf, 0xde, 0xdf, 0xde, 0xdd, 0xde, 0xde, 0xde, 0xde,
  0xde, 0xdf, 0xde, 0xdf, 0xde, 0xde, 0xde, 0xde, 0xdd, 0xdd, 0xde, 0xdf,
  0xdf, 0xe0, 0xdf, 0xdf, 0xde, 0xdf, 0xde, 0xdf, 0xe0, 0xdf, 0xde, 0xdf,
  0xdf, 0xdf, 0xdf, 0xdf, 0xe0, 0xdf, 0xdf, 0xe0, 0xdf, 0xe0, 0xe1, 0xe0,
  0xdf, 0xdf, 0xe0, 0xdf, 0xde, 0xde, 0xde, 0xdd, 0xd8, 0xe7, 0xc4, 0x34,
  0x00, 0x04, 0x00, 0x00, 0x00, 0x00, 0x00, 0x00, 0x00, 0x00, 0x00, 0x00,
  0x00, 0x00, 0x00, 0x00, 0x00, 0x00, 0x00, 0x00, 0x00, 0x00, 0x00, 0x00,
  0x00, 0x00, 0x00, 0x00, 0x00, 0x00, 0x00, 0x00, 0x00, 0x00, 0x00, 0x00,
  0x00, 0x00, 0x00, 0x00, 0x00, 0x00, 0x00, 0x00, 0x00, 0x00, 0x00, 0x00,
  0x00, 0x00, 0x00, 0x00, 0x00, 0x02, 0x00, 0x9c, 0xf0, 0xd4, 0xd8, 0xd9,
  0xda, 0xdb, 0xdd, 0xdc, 0xdc, 0xdc, 0xdd, 0xdd, 0xde, 0xdf, 0xdf, 0xdf,
  0xde, 0xdf, 0xe0, 0xe0, 0xdf, 0xdf, 0xdf, 0xdf, 0xdf, 0xde, 0xde, 0xdd,
  0xde, 0xdf, 0xdf, 0xde, 0xde, 0xdf, 0xde, 0xdf, 0xde, 0xdf, 0xdd, 0xde,
  0xde, 0xde, 0xdf, 0xde, 0xdf, 0xdf, 0xde, 0xdd, 0xdd, 0xde, 0xde, 0xde,
  0xdf, 0xdf, 0xde, 0xde, 0xdf, 0xde, 0xdf, 0xdf, 0xde, 0xdf, 0xde, 0xdd,
  0xdd, 0xdd, 0xde, 0xde, 0xdd, 0xde, 0xdf, 0xde, 0xde, 0xdf, 0xde, 0xdd,
  0xdd, 0xdd, 0xdd, 0xdf, 0xdf, 0xdf, 0xdf, 0xde, 0xdd, 0xdd, 0xdd, 0xde,
  0xdd, 0xde, 0xdf, 0xdf, 0xdf, 0xe0, 0xdf, 0xde, 0xdf, 0xde, 0xdf, 0xdf,
  0xdf, 0xde, 0xde, 0xde, 0xdf, 0xe0, 0xe0, 0xdf, 0xe0, 0xe0, 0xdf, 0xdf,
  0xe0, 0xe1, 0xe1, 0xe0, 0xdf, 0xe0, 0xdf, 0xdf, 0xdf, 0xde, 0xdc, 0xd9,
  0xdf, 0xec, 0x92, 0x1c, 0x00, 0x02, 0x00, 0x00, 0x00, 0x00, 0x00, 0x00,
  0x00, 0x00, 0x00, 0x00, 0x00, 0x00, 0x00, 0x00, 0x00, 0x00, 0x00, 0x00,
  0x00, 0x00, 0x00, 0x00, 0x00, 0x00, 0x00, 0x00, 0x00, 0x00, 0x00, 0x00,
  0x00, 0x00, 0x00, 0x00, 0x00, 0x00, 0x00, 0x00, 0x00, 0x00, 0x00, 0x00,
  0x00, 0x00, 0x00, 0x00, 0x00, 0x00, 0x00, 0x00, 0x07, 0x00, 0x84, 0xec,
  0xd4, 0xd6, 0xd8, 0xd9, 0xdb, 0xdd, 0xdd, 0xdd, 0xdc, 0xdd, 0xde, 0xdd,
  0xde, 0xde, 0xdf, 0xdf, 0xdf, 0xdf, 0xe0, 0xdf, 0xde, 0xde, 0xde, 0xde,
  0xde, 0xde, 0xde, 0xde, 0xde, 0xde, 0xde, 0xde, 0xde, 0xdf, 0xde, 0xdf,
  0xdf, 0xde, 0xde, 0xdf, 0xdf, 0xde, 0xdf, 0xde, 0xde, 0xde, 0xdd, 0xdd,
  0xde, 0xdf, 0xdf, 0xde, 0xdf, 0xde, 0xde, 0xde, 0xdf, 0xdf, 0xe0, 0xdf,
  0xde, 0xdf, 0xde, 0xde, 0xdd, 0xde, 0xde, 0xdd, 0xde, 0xdf, 0xdf, 0xdf,
  0xde, 0xde, 0xde, 0xdd, 0xde, 0xde, 0xde, 0xde, 0xde, 0xde, 0xde, 0xdd,
  0xde, 0xde, 0xdd, 0xde, 0xde, 0xde, 0xdf, 0xe0, 0xdf, 0xdf, 0xdf, 0xde,
  0xdf, 0xde, 0xde, 0xde, 0xde, 0xdf, 0xe0, 0xe0, 0xdf, 0xdf, 0xdf, 0xe1,
  0xe0, 0xe0, 0xe0, 0xe0, 0xe1, 0xe0, 0xe0, 0xdf, 0xdf, 0xe0, 0xe0, 0xdf,
  0xde, 0xdc, 0xdc, 0xdb, 0xe7, 0xd4, 0x47, 0x00, 0x05, 0x00, 0x00, 0x00,
  0x00, 0x00, 0x00, 0x00, 0x00, 0x00, 0x00, 0x00, 0x00, 0x00, 0x00, 0x00,
  0x00, 0x00, 0x00, 0x00, 0x00, 0x00, 0x00, 0x00, 0x00, 0x00, 0x00, 0x00,
  0x00, 0x00, 0x00, 0x00, 0x00, 0x00, 0x00, 0x00, 0x00, 0x00, 0x00, 0x00,
  0x00, 0x00, 0x00, 0x00, 0x00, 0x00, 0x00, 0x00, 0x00, 0x00, 0x00, 0x01,
  0x01, 0x10, 0x95, 0xe8, 0xd2, 0xd8, 0xd9, 0xdc, 0xdc, 0xdc, 0xde, 0xdd,
  0xdd, 0xde, 0xde, 0xdf, 0xdf, 0xdf, 0xe0, 0xdf, 0xdf, 0xe0, 0xdf, 0xde,
  0xdf, 0xde, 0xde, 0xde, 0xdf, 0xdf, 0xde, 0xdf, 0xde, 0xdd, 0xde, 0xdd,
  0xde, 0xdf, 0xde, 0xde, 0xdf, 0xdf, 0xde, 0xde, 0xdf, 0xdf, 0xde, 0xdd,
  0xde, 0xde, 0xdd, 0xde, 0xde, 0xde, 0xdf, 0xdf, 0xdf, 0xdf, 0xde, 0xdf,
  0xe0, 0xdf, 0xdf, 0xde, 0xde, 0xdf, 0xdf, 0xdd, 0xdf, 0xde, 0xde, 0xdf,
  0xdf, 0xde, 0xde, 0xde, 0xdd, 0xdf, 0xdd, 0xde, 0xde, 0xdd, 0xdd, 0xdd,
  0xdd, 0xdd, 0xdd, 0xde, 0xde, 0xde, 0xde, 0xdf, 0xde, 0xdf, 0xdf, 0xde,
  0xde, 0xdf, 0xdf, 0xde, 0xdf, 0xdf, 0xdf, 0xdf, 0xdf, 0xdf, 0xe0, 0xe0,
  0xe0, 0xdf, 0xe1, 0xe0, 0xe0, 0xe0, 0xe0, 0xe1, 0xe0, 0xe0, 0xe0, 0xe0,
  0xdf, 0xde, 0xdd, 0xdd, 0xdd, 0xdd, 0xdb, 0xe0, 0xeb, 0x8e, 0x18, 0x00,
  0x01, 0x00, 0x00, 0x00, 0x00, 0x00, 0x00, 0x00, 0x00, 0x00, 0x00, 0x00,
  0x00, 0x00, 0x00, 0x00, 0x00, 0x00, 0x00, 0x00, 0x00, 0x00, 0x00, 0x00,
  0x00, 0x00, 0x00, 0x00, 0x00, 0x00, 0x00, 0x00, 0x00, 0x00, 0x00, 0x00,
  0x00, 0x00, 0x00, 0x00, 0x00, 0x00, 0x00, 0x00, 0x00, 0x00, 0x00, 0x00,
  0x00, 0x00, 0x00, 0x06, 0x00, 0x70, 0xeb, 0xd4, 0xd8, 0xda, 0xdc, 0xdd,
  0xdd, 0xdd, 0xde, 0xde, 0xdf, 0xdf, 0xdf, 0xe0, 0xe0, 0xe0, 0xe0, 0xdf,
  0xe0, 0xdf, 0xde, 0xde, 0xdf, 0xdf, 0xde, 0xde, 0xdf, 0xde, 0xde, 0xde,
  0xdd, 0xde, 0xdd, 0xdd, 0xde, 0xdf, 0xdf, 0xdf, 0xde, 0xde, 0xdf, 0xde,
  0xde, 0xde, 0xdd, 0xde, 0xde, 0xdd, 0xdd, 0xde, 0xde, 0xe0, 0xdf, 0xde,
  0xde, 0xdf, 0xdf, 0xe0, 0xdf, 0xdf, 0xdf, 0xdf, 0xde, 0xde, 0xde, 0xde,
  0xdd, 0xde, 0xde, 0xde, 0xde, 0xde, 0xde, 0xde, 0xde, 0xdd, 0xde, 0xde,
  0xdd, 0xdd, 0xdd, 0xde, 0xde, 0xdd, 0xdd, 0xde, 0xdf, 0xdf, 0xde, 0xdf,
  0xde, 0xde, 0xde, 0xdf, 0xdf, 0xde, 0xdf, 0xdf, 0xdf, 0xde, 0xde, 0xde,
  0xdf, 0xe0, 0xe1, 0xe1, 0xe0, 0xe0, 0xe0, 0xe0, 0xdf, 0xe0, 0xe0, 0xe0,
  0xe0, 0xdf, 0xdf, 0xde, 0xdd, 0xdd, 0xdc, 0xdc, 0xdc, 0xdd, 0xda, 0xe7,
  0xd3, 0x4f, 0x00, 0x04, 0x00, 0x00, 0x00, 0x00, 0x00, 0x00, 0x00, 0x00,
  0x00, 0x00, 0x00, 0x00, 0x00, 0x00, 0x00, 0x00, 0x00, 0x00, 0x00, 0x00,
  0x00, 0x00, 0x00, 0x00, 0x00, 0x00, 0x00, 0x00, 0x00, 0x00, 0x00, 0x00,
  0x00, 0x00, 0x00, 0x00, 0x00, 0x00, 0x00, 0x00, 0x00, 0x00, 0x00, 0x00,
  0x00, 0x00, 0x00, 0x00, 0x00, 0x00, 0x01, 0x00, 0x1d, 0x99, 0xe8, 0xd5,
  0xdc, 0xdd, 0xde, 0xde, 0xde, 0xdf, 0xdf, 0xe0, 0xe0, 0xe0, 0xe0, 0xe0,
  0xe0, 0xe1, 0xe0, 0xe0, 0xdf, 0xde, 0xde, 0xde, 0xde, 0xdf, 0xdf, 0xde,
  0xde, 0xdd, 0xde, 0xde, 0xdd, 0xde, 0xdd, 0xdd, 0xde, 0xde, 0xde, 0xdd,
  0xde, 0xde, 0xde, 0xde, 0xde, 0xde, 0xde, 0xde, 0xde, 0xde, 0xdf, 0xde,
  0xdf, 0xdf, 0xde, 0xde, 0xdf, 0xdf, 0xdf, 0xdf, 0xdf, 0xdf, 0xdf, 0xde,
  0xde, 0xde, 0xdd, 0xde, 0xde, 0xde, 0xdd, 0xde, 0xde, 0xde, 0xde, 0xde,
  0xdd, 0xde, 0xde, 0xde, 0xde, 0xde, 0xde, 0xdd, 0xde, 0xde, 0xde, 0xdf,
  0xde, 0xdf, 0xde, 0xdf, 0xdf, 0xde, 0xdf, 0xdf, 0xdf, 0xde, 0xde, 0xde,
  0xdf, 0xdf, 0xdf, 0xdf, 0xe0, 0xe0, 0xe0, 0xe0, 0xdf, 0xe0, 0xdf, 0xdf,
  0xe0, 0xe0, 0xdf, 0xde, 0xde, 0xde, 0xde, 0xde, 0xde, 0xdd, 0xdd, 0xdd,
  0xdc, 0xd7, 0xdc, 0xe7, 0x8c, 0x12, 0x01, 0x01, 0x00, 0x00, 0x00, 0x00,
  0x00, 0x00, 0x00, 0x00, 0x00, 0x00, 0x00, 0x00, 0x00, 0x00, 0x00, 0x00,
  0x00, 0x00, 0x00, 0x00, 0x00, 0x00, 0x00, 0x00, 0x00, 0x00, 0x00, 0x00,
  0x00, 0x00, 0x00, 0x00, 0x00, 0x00, 0x00, 0x00, 0x00, 0x00, 0x00, 0x00,
  0x00, 0x00, 0x00, 0x00, 0x00, 0x00, 0x00, 0x00, 0x00, 0x00, 0x06, 0x00,
  0x5f, 0xed, 0xd8, 0xdb, 0xdc, 0xdd, 0xdf, 0xe1, 0xe0, 0xe0, 0xe0, 0xe1,
  0xe1, 0xe1, 0xe1, 0xe1, 0xe1, 0xe0, 0xdf, 0xdf, 0xde, 0xde, 0xdf, 0xde,
  0xe0, 0xdf, 0xde, 0xde, 0xde, 0xde, 0xde, 0xdd, 0xdd, 0xde, 0xde, 0xdd,
  0xdd, 0xdd, 0xdd, 0xdd, 0xdd, 0xdd, 0xde, 0xdf, 0xdf, 0xdf, 0xdf, 0xdf,
  0xdf, 0xdf, 0xdf, 0xde, 0xde, 0xdf, 0xdf, 0xde, 0xde, 0xdf, 0xde, 0xde,
  0xde, 0xde, 0xdf, 0xdf, 0xde, 0xdd, 0xde, 0xdf, 0xde, 0xdd, 0xdd, 0xdd,
  0xdd, 0xdd, 0xde, 0xde, 0xdd, 0xde, 0xdf, 0xdf, 0xdf, 0xde, 0xdd, 0xde,
  0xde, 0xde, 0xdf, 0xde, 0xde, 0xde, 0xde, 0xde, 0xdf, 0xde, 0xe0, 0xdf,
  0xdf, 0xdf, 0xde, 0xdf, 0xe0, 0xdf, 0xdf, 0xe0, 0xdf, 0xdf, 0xdf, 0xe0,
  0xe0, 0xdf, 0xde, 0xdf, 0xdf, 0xdf, 0xdf, 0xdf, 0xdf, 0xde, 0xdd, 0xdd,
  0xde, 0xde, 0xdd, 0xdc, 0xda, 0xd6, 0xe2, 0xd6, 0x5d, 0x00, 0x04, 0x00,
  0x00, 0x00, 0x00, 0x00, 0x00, 0x00, 0x00, 0x00, 0x00, 0x00, 0x00, 0x00,
  0x00, 0x00, 0x00, 0x00, 0x00, 0x00, 0x00, 0x00, 0x00, 0x00, 0x00, 0x00,
  0x00, 0x00, 0x00, 0x00, 0x00, 0x00, 0x00, 0x00, 0x00, 0x00, 0x00, 0x00,
  0x00, 0x00, 0x00, 0x00, 0x00, 0x00, 0x00, 0x00, 0x00, 0x00, 0x00, 0x00,
  0x00, 0x02, 0x00, 0x25, 0xa3, 0xed, 0xd6, 0xdc, 0xdd, 0xe1, 0xe2, 0xe1,
  0xe1, 0xe1, 0xe1, 0xe0, 0xe1, 0xe0, 0xe0, 0xe0, 0xe0, 0xdf, 0xdf, 0xde,
  0xdf, 0xdf, 0xde, 0xdf, 0xdf, 0xdf, 0xde, 0xde, 0xdf, 0xde, 0xdd, 0xdd,
  0xde, 0xde, 0xde, 0xde, 0xde, 0xde, 0xde, 0xde, 0xde, 0xde, 0xde, 0xde,
  0xdf, 0xdf, 0xdf, 0xdf, 0xdf, 0xde, 0xdf, 0xdf, 0xdf, 0xde, 0xdf, 0xde,
  0xde, 0xde, 0xde, 0xde, 0xde, 0xde, 0xde, 0xde, 0xde, 0xdd, 0xde, 0xde,
  0xdd, 0xde, 0xde, 0xde, 0xdd, 0xde, 0xde, 0xdd, 0xde, 0xde, 0xde, 0xde,
  0xdf, 0xde, 0xdd, 0xde, 0xdf, 0xde, 0xdf, 0xdf, 0xdf, 0xdf, 0xdf, 0xdf,
  0xde, 0xdf, 0xdf, 0xdf, 0xdf, 0xde, 0xdf, 0xe0, 0xdf, 0xe0, 0xdf, 0xe0,
  0xe0, 0xe0, 0xdf, 0xdf, 0xdf, 0xdf, 0xdf, 0xde, 0xdf, 0xdf, 0xdf, 0xde,
  0xde, 0xde, 0xde, 0xde, 0xdd, 0xde, 0xdd, 0xdd, 0xd8, 0xda, 0xe8, 0x8f,
  0x09, 0x03, 0x00, 0x00, 0x00, 0x00, 0x00, 0x00, 0x00, 0x00, 0x00, 0x00,
  0x00, 0x00, 0x00, 0x00, 0x00, 0x00, 0x00, 0x00, 0x00, 0x00, 0x00, 0x00,
  0x00, 0x00, 0x00, 0x00, 0x00, 0x00, 0x00, 0x00, 0x00, 0x00, 0x00, 0x00,
  0x00, 0x00, 0x00, 0x00, 0x00, 0x00, 0x00, 0x00, 0x00, 0x00, 0x00, 0x00,
  0x00, 0x00, 0x00, 0x00, 0x00, 0x05, 0x00, 0x50, 0xf1, 0xda, 0xdd, 0xdf,
  0xe1, 0xe1, 0xe2, 0xe1, 0xe2, 0xe1, 0xe0, 0xe1, 0xe0, 0xdf, 0xe0, 0xe0,
  0xdf, 0xdf, 0xde, 0xde, 0xde, 0xde, 0xde, 0xde, 0xdf, 0xde, 0xdd, 0xde,
  0xde, 0xdd, 0xde, 0xdd, 0xde, 0xdf, 0xde, 0xde, 0xde, 0xdf, 0xde, 0xde,
  0xdd, 0xde, 0xdf, 0xdf, 0xdf, 0xe0, 0xe0, 0xdf, 0xde, 0xde, 0xde, 0xde,
  0xde, 0xde, 0xde, 0xdd, 0xdd, 0xdd, 0xdd, 0xdd, 0xdd, 0xdd, 0xde, 0xde,
  0xdd, 0xdd, 0xdd, 0xde, 0xde, 0xde, 0xde, 0xdd, 0xde, 0xde, 0xdd, 0xde,
  0xde, 0xdf, 0xdf, 0xdf, 0xde, 0xde, 0xde, 0xdf, 0xde, 0xde, 0xde, 0xde,
  0xdf, 0xe0, 0xdf, 0xde, 0xde, 0xde, 0xdf, 0xdf, 0xde, 0xdf, 0xe0, 0xe0,
  0xe0, 0xe0, 0xdf, 0xdf, 0xdf, 0xde, 0xdf, 0xe0, 0xdf, 0xde, 0xde, 0xde,
  0xde, 0xde, 0xdf, 0xdf, 0xdf, 0xdf, 0xdf, 0xde, 0xdd, 0xdd, 0xdc, 0xdd,
  0xd8, 0xe0, 0xd7, 0x68, 0x00, 0x03, 0x00, 0x00, 0x00, 0x00, 0x00, 0x00,
  0x00, 0x00, 0x00, 0x00, 0x00, 0x00, 0x00, 0x00, 0x00, 0x00, 0x00, 0x00,
  0x00, 0x00, 0x00, 0x00, 0x00, 0x00, 0x00, 0x00, 0x00, 0x00, 0x00, 0x00,
  0x00, 0x00, 0x00, 0x00, 0x00, 0x00, 0x00, 0x00, 0x00, 0x00, 0x00, 0x00,
  0x00, 0x00, 0x00, 0x00, 0x00, 0x00, 0x00, 0x00, 0x02, 0x00, 0x26, 0xa7,
  0xef, 0xdc, 0xdf, 0xe0, 0xe0, 0xe1, 0xe0, 0xe1, 0xe1, 0xe0, 0xe1, 0xe0,
  0xdf, 0xe0, 0xdf, 0xe0, 0xdf, 0xde, 0xdf, 0xde, 0xde, 0xde, 0xde, 0xde,
  0xdf, 0xde, 0xdd, 0xdd, 0xde, 0xdd, 0xdd, 0xdd, 0xde, 0xdd, 0xdd, 0xde,
  0xde, 0xdd, 0xdd, 0xdd, 0xde, 0xdf, 0xde, 0xdf, 0xdf, 0xdf, 0xdf, 0xdf,
  0xdd, 0xde, 0xdf, 0xdf, 0xde, 0xdd, 0xde, 0xde, 0xde, 0xde, 0xde, 0xde,
  0xdd, 0xdd, 0xdd, 0xde, 0xde, 0xde, 0xdd, 0xdd, 0xde, 0xde, 0xdd, 0xde,
  0xdf, 0xde, 0xde, 0xdf, 0xde, 0xde, 0xde, 0xdf, 0xdf, 0xdf, 0xdf, 0xde,
  0xdd, 0xde, 0xde, 0xdf, 0xdf, 0xdf, 0xde, 0xdf, 0xdf, 0xde, 0xde, 0xdf,
  0xe0, 0xdf, 0xdf, 0xdf, 0xe0, 0xdf, 0xdf, 0xde, 0xde, 0xdf, 0xdf, 0xde,
  0xdd, 0xdd, 0xde, 0xde, 0xde, 0xdf, 0xdf, 0xdf, 0xdf, 0xde, 0xde, 0xdd,
  0xde, 0xdd, 0xdd, 0xd8, 0xd9, 0xe7, 0x95, 0x00, 0x03, 0x00, 0x00, 0x00,
  0x00, 0x00, 0x00, 0x00, 0x00, 0x00, 0x00, 0x00, 0x00, 0x00, 0x00, 0x00,
  0x00, 0x00, 0x00, 0x00, 0x00, 0x00, 0x00, 0x00, 0x00, 0x00, 0x00, 0x00,
  0x00, 0x00, 0x00, 0x00, 0x00, 0x00, 0x00, 0x00, 0x00, 0x00, 0x00, 0x00,
  0x00, 0x00, 0x00, 0x00, 0x00, 0x00, 0x00, 0x00, 0x00, 0x00, 0x00, 0x00,
  0x04, 0x00, 0x3e, 0xf1, 0xe2, 0xe1, 0xde, 0xde, 0xdf, 0xe0, 0xe1, 0xe0,
  0xdf, 0xe0, 0xe0, 0xdf, 0xdf, 0xdf, 0xdf, 0xdf, 0xdf, 0xe0, 0xdf, 0xdf,
  0xde, 0xde, 0xdf, 0xde, 0xdf, 0xde, 0xdd, 0xde, 0xde, 0xde, 0xde, 0xdd,
  0xde, 0xde, 0xde, 0xde, 0xde, 0xde, 0xdd, 0xde, 0xdf, 0xde, 0xde, 0xdf,
  0xdf, 0xdf, 0xdf, 0xde, 0xde, 0xdf, 0xdf, 0xde, 0xde, 0xdf, 0xdf, 0xdf,
  0xdf, 0xde, 0xdd, 0xde, 0xde, 0xdd, 0xdf, 0xde, 0xdd, 0xde, 0xde, 0xdd,
  0xde, 0xdd, 0xde, 0xdf, 0xdf, 0xde, 0xde, 0xde, 0xdd, 0xde, 0xdf, 0xde,
  0xdf, 0xde, 0xdd, 0xde, 0xdf, 0xdf, 0xde, 0xde, 0xde, 0xde, 0xde, 0xdf,
  0xdf, 0xde, 0xdf, 0xdf, 0xde, 0xde, 0xdf, 0xdf, 0xe0, 0xe0, 0xdf, 0xde,
  0xdf, 0xdf, 0xdf, 0xde, 0xde, 0xde, 0xdd, 0xde, 0xdf, 0xdf, 0xe0, 0xe0,
  0xdf, 0xdf, 0xde, 0xde, 0xdd, 0xdc, 0xdb, 0xd5, 0xdf, 0xdb, 0x73, 0x00,
  0x02, 0x00, 0x00, 0x00, 0x00, 0x00, 0x00, 0x00, 0x00, 0x00, 0x00, 0x00,
  0x00, 0x00, 0x00, 0x00, 0x00, 0x00, 0x00, 0x00, 0x00, 0x00, 0x00, 0x00,
  0x00, 0x00, 0x00, 0x00, 0x00, 0x00, 0x00, 0x00, 0x00, 0x00, 0x00, 0x00,
  0x00, 0x00, 0x00, 0x00, 0x00, 0x00, 0x00, 0x00, 0x00, 0x00, 0x00, 0x00,
  0x00, 0x00, 0x00, 0x02, 0x00, 0x1f, 0xa7, 0xf1, 0xdf, 0xdc, 0xdc, 0xdf,
  0xe1, 0xe0, 0xdf, 0xdf, 0xe0, 0xe0, 0xdf, 0xde, 0xdf, 0xde, 0xdf, 0xe0,
  0xe0, 0xdf, 0xdf, 0xde, 0xde, 0xde, 0xdf, 0xdf, 0xde, 0xde, 0xde, 0xdf,
  0xdf, 0xde, 0xde, 0xdd, 0xde, 0xdf, 0xdf, 0xdf, 0xdf, 0xdf, 0xde, 0xdf,
  0xde, 0xde, 0xdf, 0xde, 0xdf, 0xdf, 0xdf, 0xdf, 0xde, 0xde, 0xdf, 0xdf,
  0xde, 0xde, 0xde, 0xdf, 0xde, 0xde, 0xdf, 0xdf, 0xdf, 0xdf, 0xde, 0xdd,
  0xde, 0xde, 0xdd, 0xde, 0xde, 0xdd, 0xde, 0xde, 0xdd, 0xdd, 0xde, 0xdd,
  0xde, 0xdf, 0xdf, 0xde, 0xdd, 0xde, 0xdf, 0xde, 0xde, 0xdf, 0xdf, 0xdf,
  0xdf, 0xdf, 0xde, 0xdf, 0xde, 0xde, 0xde, 0xdf, 0xdf, 0xde, 0xdf, 0xe0,
  0xdf, 0xdf, 0xde, 0xdf, 0xe0, 0xdf, 0xde, 0xdf, 0xde, 0xdd, 0xde, 0xdf,
  0xdf, 0xe0, 0xdf, 0xe0, 0xe0, 0xdf, 0xdf, 0xdd, 0xdc, 0xdc, 0xd7, 0xd7,
  0xe8, 0xa1, 0x00, 0x03, 0x00, 0x00, 0x00, 0x00, 0x00, 0x00, 0x00, 0x00,
  0x00, 0x00, 0x00, 0x00, 0x00, 0x00, 0x00, 0x00, 0x00, 0x00, 0x00, 0x00,
  0x00, 0x00, 0x00, 0x00, 0x00, 0x00, 0x00, 0x00, 0x00, 0x00, 0x00, 0x00,
  0x00, 0x00, 0x00, 0x00, 0x00, 0x00, 0x00, 0x00, 0x00, 0x00, 0x00, 0x00,
  0x00, 0x00, 0x00, 0x00, 0x00, 0x00, 0x00, 0x03, 0x00, 0x2e, 0xe9, 0xe2,
  0xdc, 0xdc, 0xde, 0xe0, 0xe0, 0xdf, 0xe0, 0xdf, 0xdf, 0xdf, 0xde, 0xde,
  0xdf, 0xe0, 0xe0, 0xe0, 0xdf, 0xde, 0xdf, 0xde, 0xdf, 0xe0, 0xdf, 0xde,
  0xdd, 0xde, 0xdf, 0xde, 0xdd, 0xdd, 0xde, 0xdd, 0xde, 0xdf, 0xde, 0xde,
  0xdf, 0xde, 0xdd, 0xdd, 0xde, 0xdf, 0xde, 0xdf, 0xdf, 0xdf, 0xdf, 0xde,
  0xde, 0xdf, 0xdf, 0xdf, 0xde, 0xdf, 0xde, 0xde, 0xdf, 0xdf, 0xde, 0xdf,
  0xde, 0xdd, 0xde, 0xde, 0xde, 0xdd, 0xde, 0xdf, 0xde, 0xdd, 0xde, 0xde,
  0xde, 0xde, 0xdd, 0xde, 0xdf, 0xdf, 0xde, 0xdd, 0xde, 0xdf, 0xde, 0xdf,
  0xde, 0xdf, 0xde, 0xdf, 0xdf, 0xde, 0xdf, 0xde, 0xdf, 0xde, 0xdf, 0xdf,
  0xdf, 0xdf, 0xde, 0xdf, 0xdf, 0xde, 0xdf, 0xe0, 0xdf, 0xde, 0xdf, 0xde,
  0xde, 0xdf, 0xde, 0xdf, 0xe0, 0xdf, 0xdf, 0xe0, 0xdf, 0xde, 0xdf, 0xde,
  0xdd, 0xda, 0xd6, 0xdf, 0xdf, 0x7f, 0x00, 0x00, 0x00, 0x00, 0x00, 0x00,
  0x00, 0x00, 0x00, 0x00, 0x00, 0x00, 0x00, 0x00, 0x00, 0x00, 0x00, 0x00,
  0x00, 0x00, 0x00, 0x00, 0x00, 0x00, 0x00, 0x00, 0x00, 0x00, 0x00, 0x00,
  0x00, 0x00, 0x00, 0x00, 0x00, 0x00, 0x00, 0x00, 0x00, 0x00, 0x00, 0x00,
  0x00, 0x00, 0x00, 0x00, 0x00, 0x00, 0x00, 0x00, 0x00, 0x00, 0x02, 0x00,
  0x17, 0x9f, 0xe8, 0xde, 0xdc, 0xde, 0xe0, 0xe0, 0xe0, 0xdf, 0xdf, 0xde,
  0xdd, 0xde, 0xdf, 0xdf, 0xe0, 0xde, 0xdf, 0xdf, 0xdf, 0xde, 0xdf, 0xe0,
  0xdf, 0xdf, 0xde, 0xdd, 0xdd, 0xde, 0xdf, 0xde, 0xde, 0xde, 0xdd, 0xde,
  0xdf, 0xde, 0xde, 0xdf, 0xde, 0xde, 0xdf, 0xde, 0xde, 0xdf, 0xdf, 0xde,
  0xde, 0xdf, 0xdf, 0xdf, 0xdf, 0xde, 0xdf, 0xde, 0xdd, 0xde, 0xde, 0xdf,
  0xdf, 0xde, 0xdf, 0xde, 0xdd, 0xde, 0xdd, 0xde, 0xde, 0xdd, 0xde, 0xde,
  0xde, 0xde, 0xdd, 0xdd, 0xde, 0xde, 0xde, 0xdf, 0xde, 0xdd, 0xde, 0xdf,
  0xde, 0xde, 0xdf, 0xde, 0xde, 0xde, 0xdf, 0xdf, 0xdf, 0xde, 0xdf, 0xdf,
  0xde, 0xdf, 0xdf, 0xde, 0xdf, 0xde, 0xde, 0xdf, 0xde, 0xdf, 0xdf, 0xdf,
  0xde, 0xdf, 0xdf, 0xde, 0xdf, 0xde, 0xde, 0xdf, 0xe1, 0xe0, 0xe0, 0xde,
  0xdf, 0xdf, 0xdf, 0xdf, 0xdc, 0xd8, 0xd9, 0xea, 0xb4, 0x00, 0x03, 0x00,
  0x00, 0x00, 0x00, 0x00, 0x00, 0x00, 0x00, 0x00, 0x00, 0x00, 0x00, 0x00,
  0x00, 0x00, 0x00, 0x00, 0x00, 0x00, 0x00, 0x00, 0x00, 0x00, 0x00, 0x00,
  0x00, 0x00, 0x00, 0x00, 0x00, 0x00, 0x00, 0x00, 0x00, 0x00, 0x00, 0x00,
  0x00, 0x00, 0x00, 0x00, 0x00, 0x00, 0x00, 0x00, 0x00, 0x00, 0x00, 0x00,
  0x00, 0x00, 0x01, 0x00, 0x2a, 0xe0, 0xe1, 0xde, 0xde, 0xde, 0xdf, 0xdf,
  0xde, 0xde, 0xde, 0xdd, 0xde, 0xde, 0xde, 0xde, 0xdf, 0xdf, 0xdf, 0xdf,
  0xde, 0xdf, 0xdf, 0xde, 0xdf, 0xde, 0xdd, 0xde, 0xdd, 0xde, 0xdf, 0xdf,
  0xdf, 0xde, 0xde, 0xdf, 0xde, 0xde, 0xdf, 0xdf, 0xde, 0xdf, 0xde, 0xdd,
  0xdf, 0xde, 0xdf, 0xdf, 0xde, 0xdf, 0xdf, 0xde, 0xdf, 0xdf, 0xde, 0xdd,
  0xdd, 0xde, 0xdf, 0xde, 0xde, 0xde, 0xdf, 0xde, 0xdd, 0xde, 0xdf, 0xdf,
  0xde, 0xdd, 0xde, 0xde, 0xde, 0xde, 0xde, 0xdf, 0xde, 0xde, 0xdf, 0xde,
  0xdd, 0xde, 0xdf, 0xde, 0xdf, 0xde, 0xde, 0xdd, 0xdf, 0xde, 0xde, 0xdf,
  0xde, 0xdf, 0xdf, 0xde, 0xdf, 0xdf, 0xdf, 0xde, 0xdf, 0xde, 0xde, 0xdf,
  0xde, 0xde, 0xde, 0xdf, 0xe0, 0xdf, 0xde, 0xdf, 0xdf, 0xde, 0xdf, 0xe0,
  0xe1, 0xe0, 0xdf, 0xe0, 0xdf, 0xdf, 0xdf, 0xdd, 0xdd, 0xda, 0xdf, 0xe0,
  0x86, 0x00, 0x00, 0x00, 0x00, 0x00, 0x00, 0x00, 0x00, 0x00, 0x00, 0x00,
  0x00, 0x00, 0x00, 0x00, 0x00, 0x00, 0x00, 0x00, 0x00, 0x00, 0x00, 0x00,
  0x00, 0x00, 0x00, 0x00, 0x00, 0x00, 0x00, 0x00, 0x00, 0x00, 0x00, 0x00,
  0x00, 0x00, 0x00, 0x00, 0x00, 0x00, 0x00, 0x00, 0x00, 0x00, 0x00, 0x00,
  0x00, 0x00, 0x00, 0x00, 0x00, 0x01, 0x00, 0x10, 0x98, 0xe4, 0xe1, 0xde,
  0xdc, 0xdd, 0xde, 0xde, 0xdd, 0xde, 0xde, 0xdd, 0xdd, 0xdd, 0xdd, 0xde,
  0xde, 0xde, 0xde, 0xdf, 0xde, 0xde, 0xdf, 0xde, 0xde, 0xde, 0xdd, 0xdd,
  0xdd, 0xde, 0xde, 0xde, 0xdf, 0xdf, 0xde, 0xdf, 0xdf, 0xde, 0xde, 0xdf,
  0xde, 0xde, 0xde, 0xdf, 0xde, 0xe0, 0xdf, 0xde, 0xdf, 0xde, 0xdf, 0xde,
  0xde, 0xde, 0xdd, 0xdd, 0xde, 0xdf, 0xdf, 0xdf, 0xdf, 0xde, 0xdd, 0xde,
  0xdf, 0xdf, 0xdf, 0xde, 0xdd, 0xde, 0xdf, 0xde, 0xdf, 0xdf, 0xdf, 0xde,
  0xde, 0xde, 0xde, 0xde, 0xde, 0xdd, 0xde, 0xdf, 0xde, 0xdd, 0xde, 0xde,
  0xdf, 0xdf, 0xde, 0xde, 0xdf, 0xdf, 0xde, 0xde, 0xde, 0xde, 0xdf, 0xde,
  0xdf, 0xdf, 0xde, 0xde, 0xde, 0xdf, 0xdf, 0xdf, 0xdf, 0xde, 0xdf, 0xdf,
  0xdf, 0xe1, 0xe0, 0xe0, 0xe1, 0xe0, 0xe0, 0xdf, 0xde, 0xde, 0xde, 0xde,
  0xdb, 0xd8, 0xe4, 0xd5, 0x59, 0x05, 0x00, 0x00, 0x00, 0x00, 0x00, 0x00,
  0x00, 0x00, 0x00, 0x00, 0x00, 0x00, 0x00, 0x00, 0x00, 0x00, 0x00, 0x00,
  0x00, 0x00, 0x00, 0x00, 0x00, 0x00, 0x00, 0x00, 0x00, 0x00, 0x00, 0x00,
  0x00, 0x00, 0x00, 0x00, 0x00, 0x00, 0x00, 0x00, 0x00, 0x00, 0x00, 0x00,
  0x00, 0x00, 0x00, 0x00, 0x00, 0x00, 0x00, 0x00, 0x00, 0x00, 0x00, 0x29,
  0xe1, 0xe3, 0xdd, 0xdb, 0xdb, 0xdc, 0xdd, 0xde, 0xde, 0xdd, 0xde, 0xde,
  0xdd, 0xdc, 0xdd, 0xdd, 0xdf, 0xdf, 0xdf, 0xdd, 0xde, 0xdf, 0xde, 0xde,
  0xdf, 0xde, 0xde, 0xde, 0xde, 0xde, 0xdf, 0xdf, 0xde, 0xdf, 0xde, 0xde,
  0xde, 0xde, 0xde, 0xdf, 0xdf, 0xdf, 0xde, 0xde, 0xdf, 0xdf, 0xde, 0xde,
  0xde, 0xdf, 0xde, 0xdd, 0xde, 0xde, 0xde, 0xde, 0xde, 0xde, 0xde, 0xdf,
  0xde, 0xdd, 0xde, 0xde, 0xde, 0xde, 0xde, 0xdd, 0xde, 0xdf, 0xdf, 0xdf,
  0xde, 0xde, 0xdf, 0xdf, 0xdf, 0xdf, 0xdf, 0xde, 0xde, 0xdd, 0xde, 0xdd,
  0xde, 0xde, 0xdd, 0xde, 0xde, 0xdf, 0xdf, 0xdf, 0xdf, 0xde, 0xde, 0xdd,
  0xde, 0xdf, 0xdf, 0xe0, 0xdf, 0xdf, 0xdf, 0xde, 0xdf, 0xdf, 0xdf, 0xdf,
  0xde, 0xdf, 0xe0, 0xe0, 0xe2, 0xe1, 0xe1, 0xe0, 0xe0, 0xe0, 0xdf, 0xde,
  0xdf, 0xdf, 0xdd, 0xdb, 0xd8, 0xdb, 0xe5, 0xb0, 0x05, 0x00, 0x00, 0x00,
  0x00, 0x00, 0x00, 0x00, 0x00, 0x00, 0x00, 0x00, 0x00, 0x00, 0x00, 0x00,
  0x00, 0x00, 0x00, 0x00, 0x00, 0x00, 0x00, 0x00, 0x00, 0x00, 0x00, 0x00,
  0x00, 0x00, 0x00, 0x00, 0x00, 0x00, 0x00, 0x00, 0x00, 0x00, 0x00, 0x00,
  0x00, 0x00, 0x00, 0x00, 0x00, 0x00, 0x00, 0x00, 0x00, 0x00, 0x00, 0x00,
  0x00, 0x00, 0x01, 0x48, 0xdf, 0xe2, 0xda, 0xdb, 0xdc, 0xdd, 0xde, 0xde,
  0xdd, 0xde, 0xde, 0xdd, 0xdd, 0xdd, 0xdd, 0xde, 0xde, 0xde, 0xde, 0xde,
  0xdf, 0xde, 0xde, 0xdf, 0xde, 0xdf, 0xdf, 0xdf, 0xdf, 0xde, 0xde, 0xdf,
  0xde, 0xdd, 0xde, 0xde, 0xde, 0xdf, 0xdf, 0xe0, 0xe0, 0xdf, 0xdf, 0xde,
  0xdf, 0xdf, 0xdf, 0xdf, 0xdf, 0xde, 0xde, 0xde, 0xdf, 0xde, 0xdd, 0xdd,
  0xdd, 0xdd, 0xde, 0xde, 0xde, 0xdd, 0xdd, 0xdd, 0xdd, 0xdd, 0xdd, 0xdd,
  0xde, 0xde, 0xde, 0xdf, 0xde, 0xdf, 0xdf, 0xdf, 0xe0, 0xdf, 0xde, 0xdf,
  0xde, 0xdd, 0xde, 0xdd, 0xdd, 0xdd, 0xdd, 0xdd, 0xdf, 0xe0, 0xe0, 0xdf,
  0xde, 0xde, 0xde, 0xde, 0xdf, 0xe0, 0xdf, 0xde, 0xe0, 0xdf, 0xde, 0xdf,
  0xe0, 0xe0, 0xdf, 0xdf, 0xdf, 0xe0, 0xe1, 0xe1, 0xe1, 0xe2, 0xe1, 0xe1,
  0xe0, 0xe0, 0xdf, 0xdf, 0xdf, 0xde, 0xdc, 0xdb, 0xdc, 0xe6, 0xd7, 0x54,
  0x06, 0x00, 0x00, 0x00, 0x00, 0x00, 0x00, 0x00, 0x00, 0x00, 0x00, 0x00,
  0x00, 0x00, 0x00, 0x00, 0x00, 0x00, 0x00, 0x00, 0x00, 0x00, 0x00, 0x00,
  0x00, 0x00, 0x00, 0x00, 0x00, 0x00, 0x00, 0x00, 0x00, 0x00, 0x00, 0x00,
  0x00, 0x00, 0x00, 0x00, 0x00, 0x00, 0x00, 0x00, 0x00, 0x00, 0x00, 0x00,
  0x00, 0x00, 0x00, 0x00, 0x01, 0x00, 0x06, 0xd4, 0xe6, 0xdb, 0xdb, 0xdc,
  0xdc, 0xde, 0xde, 0xdd, 0xde, 0xde, 0xdd, 0xde, 0xde, 0xde, 0xde, 0xde,
  0xde, 0xde, 0xdf, 0xde, 0xde, 0xdf, 0xdf, 0xdf, 0xde, 0xdf, 0xde, 0xdf,
  0xdd, 0xde, 0xdf, 0xde, 0xde, 0xde, 0xdf, 0xdf, 0xdf, 0xdf, 0xdf, 0xdf,
  0xe0, 0xdf, 0xdf, 0xde, 0xde, 0xde, 0xde, 0xde, 0xde, 0xdf, 0xde, 0xde,
  0xde, 0xde, 0xdd, 0xde, 0xde, 0xde, 0xde, 0xde, 0xde, 0xde, 0xdd, 0xdd,
  0xdd, 0xde, 0xde, 0xdd, 0xde, 0xde, 0xde, 0xde, 0xde, 0xde, 0xdf, 0xe0,
  0xdf, 0xdf, 0xdf, 0xde, 0xdd, 0xde, 0xde, 0xde, 0xde, 0xde, 0xde, 0xdf,
  0xdf, 0xdf, 0xdf, 0xde, 0xdf, 0xde, 0xdf, 0xe0, 0xdf, 0xde, 0xde, 0xdf,
  0xdf, 0xdf, 0xdf, 0xe0, 0xdf, 0xe0, 0xe0, 0xe0, 0xe0, 0xe0, 0xe0, 0xe1,
  0xe2, 0xe2, 0xe2, 0xe1, 0xe0, 0xdf, 0xdf, 0xdf, 0xde, 0xdd, 0xde, 0xdf,
  0xe1, 0xe6, 0xba, 0x0e, 0x00, 0x01, 0x00, 0x00, 0x00, 0x00, 0x00, 0x00,
  0x00, 0x00, 0x00, 0x00, 0x00, 0x00, 0x00, 0x00, 0x00, 0x00, 0x00, 0x00,
  0x00, 0x00, 0x00, 0x00, 0x00, 0x00, 0x00, 0x00, 0x00, 0x00, 0x00, 0x00,
  0x00, 0x00, 0x00, 0x00, 0x00, 0x00, 0x00, 0x00, 0x00, 0x00, 0x00, 0x00,
  0x00, 0x00, 0x00, 0x00, 0x00, 0x00, 0x00, 0x00, 0x00, 0x06, 0x57, 0xda,
  0xe2, 0xda, 0xdb, 0xdc, 0xdd, 0xdd, 0xdd, 0xde, 0xdd, 0xdd, 0xde, 0xdf,
  0xdf, 0xdf, 0xdf, 0xdf, 0xdf, 0xde, 0xdf, 0xdf, 0xde, 0xdf, 0xdf, 0xdf,
  0xde, 0xdf, 0xde, 0xde, 0xde, 0xdf, 0xdf, 0xdf, 0xde, 0xde, 0xdf, 0xdf,
  0xde, 0xdf, 0xdf, 0xdf, 0xdf, 0xdf, 0xdd, 0xdd, 0xdd, 0xdd, 0xdd, 0xde,
  0xdf, 0xde, 0xdd, 0xde, 0xde, 0xdd, 0xde, 0xde, 0xde, 0xde, 0xdd, 0xde,
  0xde, 0xdd, 0xde, 0xde, 0xde, 0xdf, 0xde, 0xdf, 0xdf, 0xdd, 0xde, 0xdf,
  0xde, 0xdf, 0xe0, 0xe0, 0xdf, 0xde, 0xde, 0xdd, 0xde, 0xdf, 0xdf, 0xdf,
  0xdf, 0xdf, 0xde, 0xde, 0xdf, 0xdf, 0xde, 0xdf, 0xdf, 0xde, 0xdf, 0xde,
  0xdf, 0xdf, 0xde, 0xde, 0xdf, 0xe0, 0xdf, 0xe0, 0xe0, 0xe0, 0xe0, 0xdf,
  0xdf, 0xe1, 0xe0, 0xe1, 0xe1, 0xe1, 0xe0, 0xe0, 0xe0, 0xdf, 0xde, 0xde,
  0xde, 0xe0, 0xdf, 0xdf, 0xe4, 0xda, 0x47, 0x04, 0x00, 0x00, 0x00, 0x00,
  0x00, 0x00, 0x00, 0x00, 0x00, 0x00, 0x00, 0x00, 0x00, 0x00, 0x00, 0x00,
  0x00, 0x00, 0x00, 0x00, 0x00, 0x00, 0x00, 0x00, 0x00, 0x00, 0x00, 0x00,
  0x00, 0x00, 0x00, 0x00, 0x00, 0x00, 0x00, 0x00, 0x00, 0x00, 0x00, 0x00,
  0x00, 0x00, 0x00, 0x00, 0x00, 0x00, 0x00, 0x00, 0x00, 0x00, 0x00, 0x00,
  0x00, 0x00, 0xc9, 0xe6, 0xda, 0xd9, 0xdc, 0xdd, 0xdc, 0xdd, 0xde, 0xde,
  0xdd, 0xde, 0xde, 0xde, 0xde, 0xde, 0xde, 0xde, 0xde, 0xdf, 0xdf, 0xde,
  0xde, 0xde, 0xdf, 0xdf, 0xde, 0xdf, 0xdf, 0xdf, 0xde, 0xde, 0xdf, 0xdf,
  0xdf, 0xdf, 0xde, 0xde, 0xde, 0xde, 0xde, 0xde, 0xdf, 0xde, 0xde, 0xde,
  0xdd, 0xdd, 0xdd, 0xde, 0xde, 0xdd, 0xdd, 0xdd, 0xdd, 0xdd, 0xdd, 0xdd,
  0xdd, 0xdd, 0xdd, 0xdd, 0xdd, 0xde, 0xde, 0xde, 0xdf, 0xdf, 0xdf, 0xde,
  0xde, 0xde, 0xdf, 0xde, 0xdf, 0xdf, 0xe0, 0xdf, 0xde, 0xde, 0xde, 0xde,
  0xde, 0xde, 0xde, 0xde, 0xde, 0xdf, 0xdf, 0xde, 0xde, 0xdf, 0xdf, 0xdf,
  0xdf, 0xde, 0xdf, 0xdf, 0xdf, 0xdf, 0xdf, 0xdf, 0xdf, 0xdf, 0xdf, 0xdf,
  0xdf, 0xe0, 0xe0, 0xe0, 0xe0, 0xdf, 0xdf, 0xdf, 0xdf, 0xdf, 0xdf, 0xe0,
  0xde, 0xdd, 0xdd, 0xde, 0xe0, 0xde, 0xdd, 0xde, 0xe4, 0xbc, 0x17, 0x00,
  0x02, 0x00, 0x00, 0x00, 0x00, 0x00, 0x00, 0x00, 0x00, 0x00, 0x00, 0x00,
  0x00, 0x00, 0x00, 0x00, 0x00, 0x00, 0x00, 0x00, 0x00, 0x00, 0x00, 0x00,
  0x00, 0x00, 0x00, 0x00, 0x00, 0x00, 0x00, 0x00, 0x00, 0x00, 0x00, 0x00,
  0x00, 0x00, 0x00, 0x00, 0x00, 0x00, 0x00, 0x00, 0x00, 0x00, 0x00, 0x00,
  0x00, 0x00, 0x00, 0x00, 0x04, 0x67, 0xd7, 0xe1, 0xd8, 0xda, 0xdc, 0xdc,
  0xdd, 0xde, 0xde, 0xdd, 0xdd, 0xde, 0xde, 0xdf, 0xdf, 0xdf, 0xdf, 0xdf,
  0xde, 0xdf, 0xdf, 0xdf, 0xdf, 0xde, 0xdf, 0xdf, 0xe0, 0xe0, 0xe0, 0xdf,
  0xde, 0xdf, 0xdf, 0xdf, 0xdf, 0xde, 0xde, 0xde, 0xdd, 0xde, 0xde, 0xdf,
  0xdf, 0xdf, 0xde, 0xde, 0xde, 0xde, 0xdd, 0xdd, 0xde, 0xde, 0xde, 0xde,
  0xde, 0xde, 0xde, 0xde, 0xde, 0xde, 0xde, 0xde, 0xdd, 0xde, 0xdf, 0xdf,
  0xe0, 0xe0, 0xde, 0xdf, 0xdf, 0xdf, 0xdf, 0xde, 0xdf, 0xe0, 0xdf, 0xde,
  0xdf, 0xdf, 0xdf, 0xdf, 0xdf, 0xdf, 0xdf, 0xdf, 0xde, 0xde, 0xde, 0xde,
  0xdf, 0xdf, 0xdf, 0xe0, 0xde, 0xdf, 0xdf, 0xdf, 0xde, 0xdf, 0xdf, 0xde,
  0xdf, 0xdf, 0xde, 0xdf, 0xe0, 0xe0, 0xe0, 0xdf, 0xe0, 0xdf, 0xdf, 0xde,
  0xdf, 0xe0, 0xe0, 0xdf, 0xde, 0xdd, 0xde, 0xdf, 0xdc, 0xd9, 0xda, 0xe1,
  0xdf, 0x40, 0x00, 0x00, 0x00, 0x00, 0x00, 0x00, 0x00, 0x00, 0x00, 0x00,
  0x00, 0x00, 0x00, 0x00, 0x00, 0x00, 0x00, 0x00, 0x00, 0x00, 0x00, 0x00,
  0x00, 0x00, 0x00, 0x00, 0x00, 0x00, 0x00, 0x00, 0x00, 0x00, 0x00, 0x00,
  0x00, 0x00, 0x00, 0x00, 0x00, 0x00, 0x00, 0x00, 0x00, 0x00, 0x00, 0x00,
  0x00, 0x00, 0x00, 0x00, 0x00, 0x00, 0x00, 0x01, 0x00, 0xb3, 0xe7, 0xd9,
  0xda, 0xdb, 0xdc, 0xdd, 0xde, 0xde, 0xde, 0xde, 0xdf, 0xdf, 0xe0, 0xe0,
  0xdf, 0xdf, 0xe0, 0xdf, 0xdf, 0xe0, 0xdf, 0xdf, 0xde, 0xdf, 0xe0, 0xdf,
  0xdf, 0xdf, 0xe0, 0xdf, 0xde, 0xde, 0xdf, 0xdf, 0xde, 0xdf, 0xde, 0xde,
  0xdf, 0xdf, 0xde, 0xdf, 0xdf, 0xdf, 0xdf, 0xdf, 0xde, 0xde, 0xde, 0xde,
  0xdf, 0xdf, 0xdf, 0xdf, 0xdf, 0xdf, 0xde, 0xde, 0xde, 0xde, 0xdf, 0xde,
  0xde, 0xde, 0xdf, 0xdf, 0xdf, 0xde, 0xde, 0xdf, 0xdf, 0xde, 0xdf, 0xde,
  0xdf, 0xdf, 0xdf, 0xdf, 0xde, 0xdf, 0xe0, 0xe0, 0xe0, 0xdf, 0xdf, 0xde,
  0xdd, 0xde, 0xdf, 0xde, 0xde, 0xdf, 0xdf, 0xde, 0xdf, 0xdf, 0xdf, 0xdf,
  0xde, 0xde, 0xdf, 0xde, 0xde, 0xde, 0xdf, 0xe0, 0xdf, 0xdf, 0xe0, 0xe0,
  0xde, 0xde, 0xdf, 0xde, 0xdf, 0xdf, 0xdf, 0xde, 0xdd, 0xdd, 0xdd, 0xdc,
  0xda, 0xda, 0xdc, 0xe5, 0xc1, 0x21, 0x00, 0x02, 0x00, 0x00, 0x00, 0x00,
  0x00, 0x00, 0x00, 0x00, 0x00, 0x00, 0x00, 0x00, 0x00, 0x00, 0x00, 0x00,
  0x00, 0x00, 0x00, 0x00, 0x00, 0x00, 0x00, 0x00, 0x00, 0x00, 0x00, 0x00,
  0x00, 0x00, 0x00, 0x00, 0x00, 0x00, 0x00, 0x00, 0x00, 0x00, 0x00, 0x00,
  0x00, 0x00, 0x00, 0x00, 0x00, 0x00, 0x00, 0x00, 0x00, 0x00, 0x00, 0x00,
  0x66, 0xd4, 0xe2, 0xd9, 0xdb, 0xdd, 0xdf, 0xde, 0xde, 0xdf, 0xdf, 0xde,
  0xde, 0xdf, 0xdf, 0xdf, 0xde, 0xdf, 0xdf, 0xdf, 0xdf, 0xde, 0xde, 0xdf,
  0xe0, 0xdf, 0xde, 0xde, 0xde, 0xdf, 0xdf, 0xde, 0xde, 0xdf, 0xdf, 0xdf,
  0xdf, 0xde, 0xdf, 0xde, 0xdf, 0xde, 0xe0, 0xdf, 0xde, 0xde, 0xde, 0xdf,
  0xdf, 0xdf, 0xdf, 0xde, 0xde, 0xdf, 0xde, 0xde, 0xdf, 0xde, 0xde, 0xdf,
  0xde, 0xdf, 0xde, 0xdd, 0xde, 0xde, 0xde, 0xde, 0xdf, 0xdf, 0xde, 0xde,
  0xdf, 0xdf, 0xde, 0xdf, 0xe0, 0xdf, 0xde, 0xde, 0xdf, 0xdf, 0xe0, 0xe0,
  0xdf, 0xdf, 0xde, 0xdd, 0xdd, 0xde, 0xdf, 0xdf, 0xe0, 0xdf, 0xde, 0xdf,
  0xdf, 0xdf, 0xde, 0xde, 0xdf, 0xdf, 0xdf, 0xdf, 0xde, 0xdf, 0xe0, 0xdf,
  0xdf, 0xe0, 0xdf, 0xdf, 0xde, 0xe0, 0xdf, 0xdd, 0xde, 0xde, 0xdd, 0xde,
  0xdd, 0xdc, 0xdd, 0xdc, 0xdc, 0xdc, 0xdf, 0xe3, 0x3c, 0x00, 0x01, 0x00,
  0x00, 0x00, 0x00, 0x00, 0x00, 0x00, 0x00, 0x00, 0x00, 0x00, 0x00, 0x00,
  0x00, 0x00, 0x00, 0x00, 0x00, 0x00, 0x00, 0x00, 0x00, 0x00, 0x00, 0x00,
  0x00, 0x00, 0x00, 0x00, 0x00, 0x00, 0x00, 0x00, 0x00, 0x00, 0x00, 0x00,
  0x00, 0x00, 0x00, 0x00, 0x00, 0x00, 0x00, 0x00, 0x00, 0x00, 0x00, 0x00,
  0x00, 0x00, 0x03, 0x00, 0xa3, 0xea, 0xdb, 0xdb, 0xde, 0xdf, 0xde, 0xde,
  0xdf, 0xde, 0xde, 0xdf, 0xe0, 0xdf, 0xdf, 0xe0, 0xe0, 0xdf, 0xde, 0xde,
  0xdf, 0xdf, 0xdf, 0xe0, 0xdf, 0xdf, 0xde, 0xdf, 0xde, 0xde, 0xde, 0xde,
  0xde, 0xde, 0xde, 0xde, 0xdf, 0xde, 0xdf, 0xdf, 0xde, 0xdf, 0xdf, 0xde,
  0xdf, 0xdf, 0xdf, 0xde, 0xdf, 0xdf, 0xdf, 0xdf, 0xe0, 0xdf, 0xdf, 0xdf,
  0xdf, 0xdf, 0xde, 0xde, 0xdf, 0xde, 0xdd, 0xdd, 0xde, 0xde, 0xdd, 0xdf,
  0xdf, 0xdf, 0xdf, 0xde, 0xde, 0xdf, 0xde, 0xde, 0xde, 0xdf, 0xde, 0xde,
  0xdf, 0xdf, 0xdf, 0xdf, 0xdf, 0xde, 0xdd, 0xdd, 0xde, 0xdf, 0xde, 0xde,
  0xde, 0xdf, 0xdf, 0xdf, 0xdf, 0xdf, 0xde, 0xdf, 0xdf, 0xde, 0xdf, 0xde,
  0xdf, 0xe0, 0xdf, 0xdf, 0xdf, 0xde, 0xde, 0xde, 0xdf, 0xdf, 0xde, 0xdd,
  0xde, 0xde, 0xde, 0xdd, 0xdd, 0xde, 0xde, 0xde, 0xde, 0xdb, 0xe3, 0xca,
  0x2e, 0x00, 0x03, 0x00, 0x00, 0x00, 0x00, 0x00, 0x00, 0x00, 0x00, 0x00,
  0x00, 0x00, 0x00, 0x00, 0x00, 0x00, 0x00, 0x00, 0x00, 0x00, 0x00, 0x00,
  0x00, 0x00, 0x00, 0x00, 0x00, 0x00, 0x00, 0x00, 0x00, 0x00, 0x00, 0x00,
  0x00, 0x00, 0x00, 0x00, 0x00, 0x00, 0x00, 0x00, 0x00, 0x00, 0x00, 0x00,
  0x00, 0x00, 0x00, 0x00, 0x00, 0x02, 0x00, 0x63, 0xd3, 0xe5, 0xd9, 0xdc,
  0xde, 0xde, 0xdf, 0xde, 0xde, 0xdf, 0xdf, 0xe0, 0xdf, 0xdf, 0xe0, 0xe0,
  0xdf, 0xde, 0xdf, 0xe0, 0xdf, 0xdf, 0xe0, 0xdf, 0xdf, 0xde, 0xdf, 0xde,
  0xdf, 0xde, 0xde, 0xdf, 0xde, 0xdf, 0xdf, 0xdf, 0xdf, 0xdf, 0xdf, 0xdf,
  0xde, 0xdf, 0xde, 0xde, 0xde, 0xdf, 0xde, 0xdf, 0xe0, 0xdf, 0xe0, 0xdf,
  0xdf, 0xde, 0xde, 0xde, 0xde, 0xdf, 0xdf, 0xde, 0xdf, 0xde, 0xdd, 0xde,
  0xdd, 0xde, 0xdf, 0xde, 0xdf, 0xe0, 0xdf, 0xde, 0xdf, 0xde, 0xdf, 0xdf,
  0xdf, 0xde, 0xdf, 0xdf, 0xde, 0xde, 0xde, 0xdf, 0xde, 0xdd, 0xde, 0xdf,
  0xde, 0xdf, 0xdf, 0xde, 0xde, 0xde, 0xde, 0xde, 0xdf, 0xe0, 0xe0, 0xdf,
  0xde, 0xde, 0xdf, 0xe0, 0xe0, 0xdf, 0xde, 0xdf, 0xdf, 0xdf, 0xde, 0xde,
  0xdf, 0xde, 0xdd, 0xde, 0xdd, 0xdd, 0xde, 0xde, 0xdd, 0xde, 0xdd, 0xdd,
  0xd9, 0xda, 0xed, 0x3f, 0x00, 0x04, 0x00, 0x00, 0x00, 0x00, 0x00, 0x00,
  0x00, 0x00, 0x00, 0x00, 0x00, 0x00, 0x00, 0x00, 0x00, 0x00, 0x00, 0x00,
  0x00, 0x00, 0x00, 0x00, 0x00, 0x00, 0x00, 0x00, 0x00, 0x00, 0x00, 0x00,
  0x00, 0x00, 0x00, 0x00, 0x00, 0x00, 0x00, 0x00, 0x00, 0x00, 0x00, 0x00,
  0x00, 0x00, 0x00, 0x00, 0x00, 0x00, 0x00, 0x00, 0x00, 0x04, 0x00, 0x97,
  0xed, 0xda, 0xda, 0xdc, 0xde, 0xe0, 0xdf, 0xdf, 0xde, 0xdf, 0xdf, 0xdf,
  0xe0, 0xe0, 0xe0, 0xdf, 0xde, 0xdf, 0xdf, 0xdf, 0xdf, 0xdf, 0xdf, 0xdf,
  0xde, 0xde, 0xde, 0xdf, 0xde, 0xde, 0xdf, 0xdf, 0xdf, 0xdf, 0xdf, 0xdf,
  0xdf, 0xdf, 0xdf, 0xde, 0xdf, 0xde, 0xde, 0xdd, 0xde, 0xdf, 0xdf, 0xe0,
  0xe0, 0xdf, 0xdf, 0xdf, 0xde, 0xde, 0xdd, 0xde, 0xde, 0xdf, 0xe0, 0xdf,
  0xde, 0xdf, 0xde, 0xdd, 0xdf, 0xdf, 0xde, 0xdf, 0xe0, 0xe0, 0xdf, 0xdf,
  0xde, 0xde, 0xdf, 0xdf, 0xe0, 0xdf, 0xdf, 0xde, 0xdf, 0xde, 0xde, 0xde,
  0xdd, 0xde, 0xdf, 0xde, 0xdf, 0xde, 0xdd, 0xde, 0xde, 0xdf, 0xde, 0xe0,
  0xdf, 0xde, 0xdf, 0xdf, 0xde, 0xdf, 0xe0, 0xe0, 0xdf, 0xde, 0xdf, 0xdf,
  0xdf, 0xde, 0xdd, 0xde, 0xdd, 0xde, 0xde, 0xdd, 0xdd, 0xde, 0xdd, 0xdd,
  0xde, 0xdd, 0xdd, 0xdb, 0xd6, 0xe3, 0xcb, 0x38, 0x00, 0x04, 0x00, 0x00,
  0x00, 0x00, 0x00, 0x00, 0x00, 0x00, 0x00, 0x00, 0x00, 0x00, 0x00, 0x00,
  0x00, 0x00, 0x00, 0x00, 0x00, 0x00, 0x00, 0x00, 0x00, 0x00, 0x00, 0x00,
  0x00, 0x00, 0x00, 0x00, 0x00, 0x00, 0x00, 0x00, 0x00, 0x00, 0x00, 0x00,
  0x00, 0x00, 0x00, 0x00, 0x00, 0x00, 0x00, 0x00, 0x00, 0x00, 0x00, 0x00,
  0x03, 0x00, 0x59, 0xcf, 0xe5, 0xd9, 0xdc, 0xde, 0xe0, 0xdf, 0xe0, 0xdf,
  0xdf, 0xe0, 0xe0, 0xe0, 0xe0, 0xe0, 0xdf, 0xde, 0xde, 0xde, 0xde, 0xde,
  0xdf, 0xe0, 0xdf, 0xde, 0xdf, 0xdf, 0xdf, 0xde, 0xde, 0xdf, 0xde, 0xdf,
  0xdf, 0xdf, 0xdf, 0xdf, 0xdf, 0xdf, 0xde, 0xdf, 0xde, 0xdd, 0xdd, 0xde,
  0xdf, 0xdf, 0xe0, 0xe0, 0xdf, 0xde, 0xdf, 0xdd, 0xdd, 0xdd, 0xde, 0xde,
  0xdf, 0xe0, 0xdf, 0xde, 0xdf, 0xdf, 0xdf, 0xdf, 0xdf, 0xdf, 0xdf, 0xde,
  0xdf, 0xdf, 0xdf, 0xde, 0xde, 0xdf, 0xdf, 0xe0, 0xdf, 0xde, 0xdf, 0xdf,
  0xde, 0xdd, 0xde, 0xde, 0xde, 0xdf, 0xde, 0xdf, 0xde, 0xdd, 0xdd, 0xdd,
  0xdf, 0xdf, 0xdf, 0xde, 0xde, 0xdf, 0xde, 0xdf, 0xe0, 0xdf, 0xe0, 0xdf,
  0xde, 0xdf, 0xde, 0xde, 0xdd, 0xdd, 0xdd, 0xde, 0xdf, 0xde, 0xde, 0xde,
  0xdd, 0xdd, 0xdd, 0xdd, 0xde, 0xdd, 0xdb, 0xd7, 0xda, 0xe7, 0x97, 0x20,
  0x00, 0x02, 0x00, 0x00, 0x00, 0x00, 0x00, 0x00, 0x00, 0x00, 0x00, 0x00,
  0x00, 0x00, 0x00, 0x00, 0x00, 0x00, 0x00, 0x00, 0x00, 0x00, 0x00, 0x00,
  0x00, 0x00, 0x00, 0x00, 0x00, 0x00, 0x00, 0x00, 0x00, 0x00, 0x00, 0x00,
  0x00, 0x00, 0x00, 0x00, 0x00, 0x00, 0x00, 0x00, 0x00, 0x00, 0x00, 0x00,
  0x00, 0x00, 0x00, 0x00, 0x04, 0x00, 0x8c, 0xef, 0xdd, 0xde, 0xe0, 0xe0,
  0xdf, 0xdf, 0xdf, 0xdf, 0xe0, 0xe0, 0xdf, 0xdf, 0xe0, 0xdf, 0xdf, 0xe0,
  0xdf, 0xde, 0xdf, 0xdf, 0xdf, 0xde, 0xde, 0xdf, 0xdf, 0xdf, 0xde, 0xde,
  0xdf, 0xde, 0xdf, 0xdf, 0xdf, 0xdf, 0xdf, 0xdf, 0xde, 0xde, 0xdf, 0xde,
  0xde, 0xde, 0xde, 0xdf, 0xdf, 0xdf, 0xdf, 0xdf, 0xde, 0xdf, 0xde, 0xde,
  0xde, 0xdf, 0xde, 0xdf, 0xdf, 0xdf, 0xde, 0xde, 0xde, 0xde, 0xde, 0xdf,
  0xdf, 0xdf, 0xde, 0xdf, 0xdf, 0xdf, 0xde, 0xdd, 0xde, 0xdf, 0xdf, 0xdf,
  0xde, 0xde, 0xdf, 0xde, 0xdd, 0xde, 0xdf, 0xdf, 0xde, 0xdf, 0xdf, 0xde,
  0xde, 0xde, 0xde, 0xde, 0xdf, 0xde, 0xde, 0xdf, 0xdf, 0xde, 0xdf, 0xe0,
  0xdf, 0xe0, 0xdf, 0xde, 0xdf, 0xdf, 0xde, 0xde, 0xde, 0xde, 0xdf, 0xde,
  0xde, 0xde, 0xdf, 0xdf, 0xde, 0xde, 0xdf, 0xdd, 0xdd, 0xdc, 0xda, 0xd5,
  0xe2, 0xd6, 0x49, 0x00, 0x05, 0x00, 0x00, 0x00, 0x00, 0x00, 0x00, 0x00,
  0x00, 0x00, 0x00, 0x00, 0x00, 0x00, 0x00, 0x00, 0x00, 0x00, 0x00, 0x00,
  0x00, 0x00, 0x00, 0x00, 0x00, 0x00, 0x00, 0x00, 0x00, 0x00, 0x00, 0x00,
  0x00, 0x00, 0x00, 0x00, 0x00, 0x00, 0x00, 0x00, 0x00, 0x00, 0x00, 0x00,
  0x00, 0x00, 0x00, 0x00, 0x00, 0x00, 0x00, 0x04, 0x00, 0x51, 0xcb, 0xe9,
  0xe0, 0xdf, 0xde, 0xe0, 0xe0, 0xe0, 0xdf, 0xdf, 0xe0, 0xe0, 0xe0, 0xe0,
  0xdf, 0xdf, 0xe0, 0xdf, 0xde, 0xde, 0xde, 0xde, 0xdf, 0xdf, 0xde, 0xde,
  0xdf, 0xde, 0xde, 0xdf, 0xdf, 0xde, 0xdf, 0xdf, 0xdf, 0xdf, 0xdf, 0xdf,
  0xdf, 0xde, 0xdf, 0xdf, 0xde, 0xde, 0xde, 0xdf, 0xdf, 0xdf, 0xe0, 0xde,
  0xdf, 0xdf, 0xdf, 0xde, 0xde, 0xdf, 0xdf, 0xde, 0xdf, 0xde, 0xdd, 0xde,
  0xde, 0xdd, 0xdf, 0xde, 0xde, 0xde, 0xdf, 0xde, 0xde, 0xde, 0xde, 0xde,
  0xdf, 0xde, 0xde, 0xdf, 0xdf, 0xde, 0xde, 0xde, 0xde, 0xdf, 0xde, 0xde,
  0xde, 0xde, 0xdf, 0xdf, 0xdf, 0xdf, 0xdf, 0xdf, 0xdf, 0xde, 0xdf, 0xdf,
  0xde, 0xdf, 0xe0, 0xe0, 0xdf, 0xdf, 0xde, 0xde, 0xde, 0xde, 0xdf, 0xde,
  0xdf, 0xde, 0xdf, 0xdf, 0xde, 0xdf, 0xe0, 0xdf, 0xe0, 0xdf, 0xdf, 0xde,
  0xdc, 0xda, 0xd7, 0xda, 0xe5, 0x96, 0x21, 0x00, 0x01, 0x00, 0x00, 0x00,
  0x00, 0x00, 0x00, 0x00, 0x00, 0x00, 0x00, 0x00, 0x00, 0x00, 0x00, 0x00,
  0x00, 0x00, 0x00, 0x00, 0x00, 0x00, 0x00, 0x00, 0x00, 0x00, 0x00, 0x00,
  0x00, 0x00, 0x00, 0x00, 0x00, 0x00, 0x00, 0x00, 0x00, 0x00, 0x00, 0x00,
  0x00, 0x00, 0x00, 0x00, 0x00, 0x00, 0x00, 0x00, 0x00, 0x00, 0x00, 0x04,
  0x00, 0x8c, 0xf9, 0xde, 0xdd, 0xdc, 0xdf, 0xe1, 0xe0, 0xe0, 0xe0, 0xdf,
  0xdf, 0xdf, 0xdf, 0xdf, 0xdf, 0xdf, 0xdf, 0xdf, 0xde, 0xdd, 0xdd, 0xde,
  0xdf, 0xdf, 0xde, 0xde, 0xdf, 0xdf, 0xde, 0xde, 0xdf, 0xde, 0xde, 0xde,
  0xde, 0xde, 0xde, 0xde, 0xdf, 0xde, 0xdf, 0xde, 0xde, 0xdf, 0xde, 0xde,
  0xdf, 0xdf, 0xde, 0xdf, 0xde, 0xde, 0xdf, 0xdf, 0xe0, 0xdf, 0xde, 0xdf,
  0xde, 0xde, 0xde, 0xdf, 0xde, 0xdf, 0xdd, 0xdd, 0xde, 0xde, 0xdd, 0xde,
  0xde, 0xde, 0xdf, 0xde, 0xde, 0xdf, 0xde, 0xde, 0xdd, 0xde, 0xdf, 0xde,
  0xde, 0xdf, 0xdf, 0xdf, 0xdf, 0xde, 0xdf, 0xdf, 0xdf, 0xe0, 0xe0, 0xde,
  0xde, 0xdf, 0xdf, 0xde, 0xdf, 0xdf, 0xdf, 0xdf, 0xde, 0xdf, 0xdf, 0xdf,
  0xdf, 0xde, 0xdf, 0xdf, 0xde, 0xdf, 0xe0, 0xdf, 0xdf, 0xe0, 0xe0, 0xe1,
  0xe0, 0xe0, 0xdf, 0xdc, 0xda, 0xda, 0xd5, 0xe0, 0xda, 0x58, 0x00, 0x05,
  0x00, 0x00, 0x00, 0x00, 0x00, 0x00, 0x00, 0x00, 0x00, 0x00, 0x00, 0x00,
  0x00, 0x00, 0x00, 0x00, 0x00, 0x00, 0x00, 0x00, 0x00, 0x00, 0x00, 0x00,
  0x00, 0x00, 0x00, 0x00, 0x00, 0x00, 0x00, 0x00, 0x00, 0x00, 0x00, 0x00,
  0x00, 0x00, 0x00, 0x00, 0x00, 0x00, 0x00, 0x00, 0x00, 0x00, 0x00, 0x00,
  0x00, 0x00, 0x02, 0x00, 0x18, 0x9d, 0xf3, 0xd9, 0xda, 0xdc, 0xe0, 0xe0,
  0xdf, 0xdf, 0xde, 0xde, 0xde, 0xde, 0xde, 0xde, 0xde, 0xdf, 0xdf, 0xdf,
  0xde, 0xde, 0xde, 0xde, 0xde, 0xdf, 0xde, 0xdf, 0xdf, 0xde, 0xde, 0xdf,
  0xde, 0xdf, 0xdf, 0xdf, 0xdf, 0xdd, 0xde, 0xdf, 0xdf, 0xdf, 0xde, 0xde,
  0xdf, 0xde, 0xdf, 0xdf, 0xde, 0xdf, 0xdf, 0xdf, 0xde, 0xdf, 0xdf, 0xe0,
  0xdf, 0xde, 0xde, 0xde, 0xde, 0xde, 0xde, 0xde, 0xdf, 0xde, 0xde, 0xde,
  0xdd, 0xde, 0xde, 0xdd, 0xde, 0xde, 0xdd, 0xde, 0xdf, 0xdf, 0xdd, 0xdd,
  0xdf, 0xdf, 0xdf, 0xdf, 0xde, 0xde, 0xde, 0xde, 0xdf, 0xde, 0xde, 0xdf,
  0xdf, 0xe0, 0xdf, 0xdf, 0xde, 0xde, 0xdf, 0xdf, 0xdf, 0xde, 0xdf, 0xdf,
  0xe0, 0xe0, 0xdf, 0xdf, 0xdf, 0xdf, 0xdf, 0xdf, 0xdf, 0xdf, 0xe0, 0xe0,
  0xe0, 0xe0, 0xe0, 0xe1, 0xe0, 0xe0, 0xde, 0xdc, 0xdb, 0xd8, 0xda, 0xe7,
  0x9b, 0x21, 0x00, 0x01, 0x00, 0x00, 0x00, 0x00, 0x00, 0x00, 0x00, 0x00,
  0x00, 0x00, 0x00, 0x00, 0x00, 0x00, 0x00, 0x00, 0x00, 0x00, 0x00, 0x00,
  0x00, 0x00, 0x00, 0x00, 0x00, 0x00, 0x00, 0x00, 0x00, 0x00, 0x00, 0x00,
  0x00, 0x00, 0x00, 0x00, 0x00, 0x00, 0x00, 0x00, 0x00, 0x00, 0x00, 0x00,
  0x00, 0x00, 0x00, 0x00, 0x00, 0x00, 0x08, 0x00, 0x62, 0xf2, 0xda, 0xd9,
  0xdb, 0xdf, 0xe0, 0xde, 0xde, 0xdf, 0xdf, 0xdf, 0xdf, 0xde, 0xdf, 0xde,
  0xde, 0xde, 0xde, 0xdf, 0xdf, 0xdf, 0xdd, 0xde, 0xdf, 0xdf, 0xde, 0xde,
  0xde, 0xde, 0xdf, 0xde, 0xde, 0xde, 0xde, 0xde, 0xde, 0xde, 0xdf, 0xde,
  0xde, 0xde, 0xde, 0xdf, 0xde, 0xde, 0xde, 0xde, 0xde, 0xde, 0xde, 0xdf,
  0xde, 0xdf, 0xe0, 0xdf, 0xdf, 0xdf, 0xdf, 0xdf, 0xdf, 0xdf, 0xdf, 0xdf,
  0xdf, 0xdf, 0xde, 0xdd, 0xde, 0xde, 0xdd, 0xde, 0xdf, 0xde, 0xde, 0xdf,
  0xde, 0xdd, 0xdd, 0xde, 0xde, 0xde, 0xde, 0xde, 0xdd, 0xdd, 0xde, 0xde,
  0xdd, 0xdd, 0xde, 0xde, 0xdf, 0xe0, 0xdf, 0xdf, 0xdf, 0xdf, 0xe0, 0xdf,
  0xde, 0xdf, 0xe0, 0xe0, 0xe0, 0xde, 0xde, 0xde, 0xdf, 0xdf, 0xdf, 0xdf,
  0xdf, 0xdf, 0xe0, 0xe1, 0xe0, 0xe0, 0xe0, 0xdf, 0xdf, 0xdf, 0xde, 0xdd,
  0xdd, 0xd9, 0xdf, 0xe4, 0x6f, 0x00, 0x05, 0x00, 0x00, 0x00, 0x00, 0x00,
  0x00, 0x00, 0x00, 0x00, 0x00, 0x00, 0x00, 0x00, 0x00, 0x00, 0x00, 0x00,
  0x00, 0x00, 0x00, 0x00, 0x00, 0x00, 0x00, 0x00, 0x00, 0x00, 0x00, 0x00,
  0x00, 0x00, 0x00, 0x00, 0x00, 0x00, 0x00, 0x00, 0x00, 0x00, 0x00, 0x00,
  0x00, 0x00, 0x00, 0x00, 0x00, 0x00, 0x00, 0x00, 0x00, 0x01, 0x00, 0x20,
  0x9a, 0xed, 0xd9, 0xdc, 0xde, 0xdf, 0xdf, 0xde, 0xde, 0xdf, 0xde, 0xde,
  0xdf, 0xde, 0xde, 0xdd, 0xdd, 0xdd, 0xdf, 0xde, 0xde, 0xde, 0xde, 0xdf,
  0xdf, 0xde, 0xde, 0xdf, 0xdf, 0xdf, 0xde, 0xdd, 0xdd, 0xdd, 0xdd, 0xdd,
  0xde, 0xde, 0xdd, 0xde, 0xdf, 0xde, 0xde, 0xde, 0xdf, 0xdf, 0xdf, 0xdf,
  0xdf, 0xdf, 0xde, 0xdf, 0xdf, 0xdf, 0xdf, 0xdf, 0xe0, 0xdf, 0xdf, 0xdf,
  0xdf, 0xdf, 0xde, 0xde, 0xde, 0xde, 0xdd, 0xde, 0xde, 0xde, 0xde, 0xdf,
  0xde, 0xde, 0xde, 0xdd, 0xde, 0xde, 0xdd, 0xdd, 0xdd, 0xdd, 0xdd, 0xde,
  0xde, 0xdd, 0xdd, 0xde, 0xdd, 0xdd, 0xdf, 0xde, 0xdf, 0xdf, 0xdf, 0xe0,
  0xdf, 0xdf, 0xdf, 0xdf, 0xdf, 0xe0, 0xdf, 0xdf, 0xdf, 0xdf, 0xde, 0xdf,
  0xdf, 0xde, 0xdf, 0xe0, 0xdf, 0xe0, 0xe1, 0xe0, 0xe1, 0xe1, 0xe0, 0xe0,
  0xe0, 0xe0, 0xdf, 0xde, 0xdb, 0xd9, 0xeb, 0xa2, 0x18, 0x01, 0x01, 0x00,
  0x00, 0x00, 0x00, 0x00, 0x00, 0x00, 0x00, 0x00, 0x00, 0x00, 0x00, 0x00,
  0x00, 0x00, 0x00, 0x00, 0x00, 0x00, 0x00, 0x00, 0x00, 0x00, 0x00, 0x00,
  0x00, 0x00, 0x00, 0x00, 0x00, 0x00, 0x00, 0x00, 0x00, 0x00, 0x00, 0x00,
  0x00, 0x00, 0x00, 0x00, 0x00, 0x00, 0x00, 0x00, 0x00, 0x00, 0x00, 0x00,
  0x00, 0x05, 0x00, 0x4d, 0xed, 0xe0, 0xdd, 0xdd, 0xdd, 0xdf, 0xdf, 0xdf,
  0xdf, 0xde, 0xde, 0xde, 0xde, 0xde, 0xde, 0xde, 0xde, 0xdf, 0xde, 0xde,
  0xdf, 0xdf, 0xde, 0xde, 0xdf, 0xdf, 0xde, 0xde, 0xdf, 0xde, 0xdd, 0xdd,
  0xdd, 0xdd, 0xde, 0xdd, 0xdd, 0xdd, 0xde, 0xdf, 0xdf, 0xdf, 0xde, 0xdf,
  0xe0, 0xe0, 0xe0, 0xe0, 0xdf, 0xde, 0xde, 0xde, 0xde, 0xdf, 0xe0, 0xe0,
  0xdf, 0xde, 0xde, 0xde, 0xde, 0xdf, 0xdd, 0xdd, 0xdd, 0xdd, 0xde, 0xdf,
  0xde, 0xde, 0xdf, 0xde, 0xdd, 0xdd, 0xde, 0xdf, 0xdf, 0xde, 0xdd, 0xde,
  0xdd, 0xdd, 0xdd, 0xdd, 0xde, 0xde, 0xdd, 0xdd, 0xde, 0xdf, 0xdf, 0xdf,
  0xdf, 0xdf, 0xdf, 0xdf, 0xdf, 0xe0, 0xe0, 0xe0, 0xe0, 0xdf, 0xde, 0xdf,
  0xdf, 0xdf, 0xde, 0xdf, 0xdf, 0xdf, 0xe0, 0xdf, 0xe0, 0xe1, 0xe1, 0xe2,
  0xe2, 0xe2, 0xe1, 0xe0, 0xe0, 0xe0, 0xde, 0xdc, 0xd7, 0xdc, 0xe8, 0x84,
  0x00, 0x06, 0x00, 0x00, 0x00, 0x00, 0x00, 0x00, 0x00, 0x00, 0x00, 0x00,
  0x00, 0x00, 0x00, 0x00, 0x00, 0x00, 0x00, 0x00, 0x00, 0x00, 0x00, 0x00,
  0x00, 0x00, 0x00, 0x00, 0x00, 0x00, 0x00, 0x00, 0x00, 0x00, 0x00, 0x00,
  0x00, 0x00, 0x00, 0x00, 0x00, 0x00, 0x00, 0x00, 0x00, 0x00, 0x00, 0x00,
  0x00, 0x00, 0x00, 0x00, 0x02, 0x00, 0x22, 0x9f, 0xef, 0xdc, 0xdb, 0xdc,
  0xde, 0xdf, 0xdf, 0xde, 0xde, 0xdd, 0xdd, 0xdd, 0xde, 0xde, 0xdf, 0xdf,
  0xde, 0xde, 0xdf, 0xe0, 0xdf, 0xde, 0xdf, 0xde, 0xde, 0xde, 0xde, 0xde,
  0xde, 0xdd, 0xde, 0xde, 0xde, 0xdd, 0xde, 0xde, 0xdd, 0xde, 0xde, 0xdf,
  0xdf, 0xde, 0xdf, 0xdf, 0xdf, 0xdf, 0xdf, 0xdf, 0xdf, 0xdd, 0xde, 0xdf,
  0xdf, 0xdf, 0xe0, 0xdf, 0xdf, 0xdf, 0xdf, 0xdf, 0xdf, 0xde, 0xde, 0xde,
  0xdd, 0xde, 0xde, 0xde, 0xdf, 0xde, 0xde, 0xdd, 0xde, 0xdf, 0xdf, 0xde,
  0xde, 0xdd, 0xdd, 0xde, 0xde, 0xde, 0xde, 0xde, 0xde, 0xdd, 0xde, 0xde,
  0xde, 0xde, 0xdf, 0xdf, 0xdf, 0xdf, 0xde, 0xdf, 0xe0, 0xdf, 0xdf, 0xe0,
  0xdf, 0xdf, 0xdf, 0xde, 0xde, 0xde, 0xdf, 0xdf, 0xdf, 0xe0, 0xdf, 0xe0,
  0xe1, 0xe1, 0xe2, 0xe2, 0xe1, 0xe1, 0xdf, 0xe0, 0xe0, 0xdf, 0xde, 0xd8,
  0xd8, 0xee, 0xa8, 0x0b, 0x01, 0x00, 0x00, 0x00, 0x00, 0x00, 0x00, 0x00,
  0x00, 0x00, 0x00, 0x00, 0x00, 0x00, 0x00, 0x00, 0x00, 0x00, 0x00, 0x00,
  0x00, 0x00, 0x00, 0x00, 0x00, 0x00, 0x00, 0x00, 0x00, 0x00, 0x00, 0x00,
  0x00, 0x00, 0x00, 0x00, 0x00, 0x00, 0x00, 0x00, 0x00, 0x00, 0x00, 0x00,
  0x00, 0x00, 0x00, 0x00, 0x00, 0x00, 0x00, 0x00, 0x04, 0x00, 0x3e, 0xec,
  0xdd, 0xd9, 0xda, 0xdd, 0xde, 0xdf, 0xdd, 0xdd, 0xdd, 0xdd, 0xde, 0xdd,
  0xde, 0xdf, 0xde, 0xde, 0xdf, 0xe0, 0xdf, 0xdf, 0xde, 0xdf, 0xde, 0xdd,
  0xde, 0xde, 0xdd, 0xdd, 0xde, 0xdf, 0xdf, 0xdf, 0xde, 0xdd, 0xde, 0xdd,
  0xde, 0xdf, 0xde, 0xde, 0xdf, 0xdf, 0xde, 0xdf, 0xde, 0xdd, 0xde, 0xde,
  0xde, 0xde, 0xdf, 0xde, 0xdf, 0xdf, 0xdf, 0xdf, 0xde, 0xdf, 0xdf, 0xdf,
  0xdf, 0xdf, 0xdf, 0xde, 0xdd, 0xdd, 0xde, 0xde, 0xdd, 0xdd, 0xdd, 0xde,
  0xde, 0xde, 0xdd, 0xdd, 0xde, 0xdd, 0xde, 0xdf, 0xdf, 0xdf, 0xdf, 0xde,
  0xde, 0xdf, 0xdf, 0xdf, 0xdf, 0xdf, 0xe0, 0xdf, 0xde, 0xde, 0xdf, 0xe0,
  0xe0, 0xe0, 0xdf, 0xe0, 0xe0, 0xe0, 0xdf, 0xde, 0xdf, 0xde, 0xdf, 0xe0,
  0xdf, 0xdf, 0xe0, 0xe1, 0xe1, 0xe1, 0xe1, 0xe2, 0xe1, 0xdf, 0xe0, 0xe0,
  0xe0, 0xde, 0xdc, 0xda, 0xdf, 0xe9, 0x9b, 0x00, 0x02, 0x00, 0x00, 0x00,
  0x00, 0x00, 0x00, 0x00, 0x00, 0x00, 0x00, 0x00, 0x00, 0x00, 0x00, 0x00,
  0x00, 0x00, 0x00, 0x00, 0x00, 0x00, 0x00, 0x00, 0x00, 0x00, 0x00, 0x00,
  0x00, 0x00, 0x00, 0x00, 0x00, 0x00, 0x00, 0x00, 0x00, 0x00, 0x00, 0x00,
  0x00, 0x00, 0x00, 0x00, 0x00, 0x00, 0x00, 0x00, 0x00, 0x00, 0x00, 0x02,
  0x00, 0x21, 0xa4, 0xe8, 0xd9, 0xd8, 0xdb, 0xde, 0xde, 0xdc, 0xdc, 0xdd,
  0xdd, 0xde, 0xde, 0xdf, 0xde, 0xdf, 0xde, 0xdf, 0xdf, 0xdf, 0xde, 0xde,
  0xdf, 0xde, 0xdd, 0xde, 0xdd, 0xde, 0xdd, 0xde, 0xdf, 0xdf, 0xde, 0xdf,
  0xde, 0xdd, 0xdd, 0xde, 0xdf, 0xde, 0xdf, 0xde, 0xde, 0xde, 0xde, 0xde,
  0xde, 0xdd, 0xdd, 0xdd, 0xde, 0xde, 0xde, 0xdf, 0xde, 0xde, 0xde, 0xdf,
  0xdf, 0xdf, 0xde, 0xde, 0xdf, 0xde, 0xdf, 0xde, 0xdd, 0xdd, 0xdd, 0xde,
  0xde, 0xde, 0xdf, 0xdd, 0xde, 0xde, 0xde, 0xde, 0xdd, 0xde, 0xdf, 0xde,
  0xdf, 0xde, 0xdd, 0xde, 0xdf, 0xdf, 0xe0, 0xdf, 0xdf, 0xe0, 0xdf, 0xde,
  0xdf, 0xde, 0xdf, 0xe0, 0xdf, 0xe0, 0xdf, 0xe0, 0xdf, 0xdf, 0xde, 0xde,
  0xdf, 0xdf, 0xdf, 0xe0, 0xdf, 0xe0, 0xe1, 0xe0, 0xe0, 0xe1, 0xe1, 0xe1,
  0xe0, 0xe0, 0xe0, 0xe0, 0xde, 0xdd, 0xdd, 0xde, 0xe6, 0xcd, 0x62, 0x00,
  0x00, 0x00, 0x00, 0x00, 0x00, 0x00, 0x00, 0x00, 0x00, 0x00, 0x00, 0x00,
  0x00, 0x00, 0x00, 0x00, 0x00, 0x00, 0x00, 0x00, 0x00, 0x00, 0x00, 0x00,
  0x00, 0x00, 0x00, 0x00, 0x00, 0x00, 0x00, 0x00, 0x00, 0x00, 0x00, 0x00,
  0x00, 0x00, 0x00, 0x00, 0x00, 0x00, 0x00, 0x00, 0x00, 0x00, 0x00, 0x00,
  0x00, 0x00, 0x00, 0x03, 0x00, 0x2b, 0xdc, 0xde, 0xd9, 0xdc, 0xdd, 0xdd,
  0xdc, 0xdc, 0xdc, 0xdd, 0xde, 0xdd, 0xde, 0xdf, 0xde, 0xdf, 0xdf, 0xde,
  0xde, 0xdf, 0xde, 0xdd, 0xdd, 0xde, 0xde, 0xde, 0xdd, 0xde, 0xdf, 0xdf,
  0xdf, 0xdf, 0xdf, 0xde, 0xde, 0xdd, 0xde, 0xdf, 0xde, 0xdf, 0xde, 0xdd,
  0xde, 0xdd, 0xdd, 0xdd, 0xdc, 0xdd, 0xde, 0xde, 0xdd, 0xde, 0xdf, 0xde,
  0xde, 0xdf, 0xde, 0xdf, 0xdf, 0xdf, 0xde, 0xdf, 0xdf, 0xde, 0xdf, 0xde,
  0xdd, 0xde, 0xdf, 0xde, 0xdf, 0xde, 0xdf, 0xdf, 0xdf, 0xde, 0xdd, 0xde,
  0xdf, 0xde, 0xde, 0xdf, 0xde, 0xdd, 0xde, 0xdf, 0xe0, 0xdf, 0xdf, 0xde,
  0xdf, 0xe0, 0xdf, 0xde, 0xdf, 0xdf, 0xde, 0xdf, 0xe0, 0xdf, 0xe0, 0xdf,
  0xdf, 0xde, 0xdf, 0xdf, 0xde, 0xdf, 0xe0, 0xdf, 0xdf, 0xe0, 0xdf, 0xe0,
  0xe1, 0xdf, 0xdf, 0xdf, 0xe0, 0xe0, 0xe0, 0xde, 0xdd, 0xdd, 0xdd, 0xe2,
  0xe5, 0x9b, 0x00, 0x01, 0x00, 0x00, 0x00, 0x00, 0x00, 0x00, 0x00, 0x00,
  0x00, 0x00, 0x00, 0x00, 0x00, 0x00, 0x00, 0x00, 0x00, 0x00, 0x00, 0x00,
  0x00, 0x00, 0x00, 0x00, 0x00, 0x00, 0x00, 0x00, 0x00, 0x00, 0x00, 0x00,
  0x00, 0x00, 0x00, 0x00, 0x00, 0x00, 0x00, 0x00, 0x00, 0x00, 0x00, 0x00,
  0x00, 0x00, 0x00, 0x00, 0x00, 0x00, 0x02, 0x00, 0x12, 0x8c, 0xe3, 0xdd,
  0xdc, 0xdc, 0xdc, 0xdb, 0xdc, 0xdc, 0xdc, 0xdd, 0xde, 0xdd, 0xde, 0xdf,
  0xde, 0xde, 0xdf, 0xde, 0xdf, 0xde, 0xdd, 0xdd, 0xde, 0xdf, 0xde, 0xde,
  0xde, 0xdf, 0xdf, 0xdf, 0xdf, 0xdf, 0xde, 0xdf, 0xde, 0xde, 0xdf, 0xde,
  0xde, 0xde, 0xdf, 0xde, 0xdd, 0xdd, 0xdd, 0xdc, 0xdd, 0xde, 0xde, 0xdd,
  0xde, 0xdf, 0xde, 0xde, 0xdf, 0xde, 0xde, 0xdf, 0xdf, 0xdf, 0xde, 0xdf,
  0xde, 0xdf, 0xde, 0xde, 0xdf, 0xdf, 0xdf, 0xde, 0xde, 0xde, 0xdf, 0xdf,
  0xde, 0xdd, 0xde, 0xdf, 0xde, 0xde, 0xdf, 0xde, 0xde, 0xde, 0xdf, 0xde,
  0xde, 0xde, 0xdf, 0xde, 0xdf, 0xdf, 0xde, 0xdf, 0xdf, 0xdf, 0xde, 0xdf,
  0xe0, 0xdf, 0xe0, 0xe0, 0xdf, 0xde, 0xdf, 0xde, 0xdf, 0xdf, 0xde, 0xde,
  0xdf, 0xe1, 0xe0, 0xe0, 0xdf, 0xdf, 0xde, 0xe0, 0xde, 0xdd, 0xde, 0xde,
  0xdd, 0xdc, 0xdc, 0xe1, 0xcf, 0x6b, 0x00, 0x00, 0x00, 0x00, 0x00, 0x00,
  0x00, 0x00, 0x00, 0x00, 0x00, 0x00, 0x00, 0x00, 0x00, 0x00, 0x00, 0x00,
  0x00, 0x00, 0x00, 0x00, 0x00, 0x00, 0x00, 0x00, 0x00, 0x00, 0x00, 0x00,
  0x00, 0x00, 0x00, 0x00, 0x00, 0x00, 0x00, 0x00, 0x00, 0x00, 0x00, 0x00,
  0x00, 0x00, 0x00, 0x00, 0x00, 0x00, 0x00, 0x00, 0x00, 0x00, 0x02, 0x00,
  0x22, 0xd3, 0xe0, 0xdd, 0xdc, 0xdc, 0xdb, 0xdc, 0xdc, 0xdc, 0xdd, 0xdc,
  0xdd, 0xde, 0xde, 0xdf, 0xde, 0xde, 0xdf, 0xde, 0xde, 0xdf, 0xde, 0xdf,
  0xdf, 0xde, 0xde, 0xde, 0xde, 0xde, 0xde, 0xde, 0xde, 0xdf, 0xdf, 0xde,
  0xde, 0xde, 0xdf, 0xdf, 0xde, 0xdf, 0xdf, 0xde, 0xdd, 0xdd, 0xdd, 0xdd,
  0xdc, 0xdd, 0xdd, 0xde, 0xde, 0xdd, 0xde, 0xde, 0xde, 0xdf, 0xdf, 0xe0,
  0xdf, 0xde, 0xdf, 0xdf, 0xde, 0xdf, 0xdf, 0xde, 0xde, 0xdf, 0xe0, 0xdf,
  0xdf, 0xde, 0xdf, 0xde, 0xdd, 0xde, 0xdf, 0xde, 0xdf, 0xdf, 0xde, 0xdf,
  0xdf, 0xde, 0xdd, 0xdd, 0xde, 0xdf, 0xde, 0xde, 0xdf, 0xe0, 0xdf, 0xde,
  0xdf, 0xdf, 0xde, 0xdf, 0xe0, 0xe0, 0xe0, 0xdf, 0xdf, 0xde, 0xde, 0xdf,
  0xdf, 0xde, 0xde, 0xdf, 0xe0, 0xe0, 0xe0, 0xe0, 0xdf, 0xde, 0xdf, 0xde,
  0xdd, 0xdd, 0xde, 0xdd, 0xdc, 0xd7, 0xda, 0xe6, 0xad, 0x00, 0x00, 0x00,
  0x00, 0x00, 0x00, 0x00, 0x00, 0x00, 0x00, 0x00, 0x00, 0x00, 0x00, 0x00,
  0x00, 0x00, 0x00, 0x00, 0x00, 0x00, 0x00, 0x00, 0x00, 0x00, 0x00, 0x00,
  0x00, 0x00, 0x00, 0x00, 0x00, 0x00, 0x00, 0x00, 0x00, 0x00, 0x00, 0x00,
  0x00, 0x00, 0x00, 0x00, 0x00, 0x00, 0x00, 0x00, 0x00, 0x00, 0x00, 0x00,
  0x00, 0x00, 0x00, 0x00, 0x2a, 0xde, 0xdd, 0xd9, 0xdb, 0xdc, 0xdd, 0xdc,
  0xdc, 0xdc, 0xdc, 0xdd, 0xde, 0xde, 0xde, 0xde, 0xdd, 0xde, 0xdd, 0xde,
  0xdf, 0xde, 0xde, 0xdf, 0xdf, 0xdf, 0xdf, 0xdf, 0xdf, 0xdf, 0xdf, 0xdf,
  0xdf, 0xde, 0xdf, 0xdf, 0xde, 0xdf, 0xe0, 0xdf, 0xdf, 0xde, 0xde, 0xdd,
  0xde, 0xdd, 0xdc, 0xdd, 0xde, 0xdd, 0xde, 0xde, 0xdd, 0xdc, 0xdd, 0xde,
  0xde, 0xdf, 0xdf, 0xdf, 0xde, 0xde, 0xde, 0xdf, 0xe0, 0xdf, 0xdf, 0xdf,
  0xde, 0xdf, 0xe0, 0xe0, 0xde, 0xde, 0xde, 0xde, 0xde, 0xde, 0xdf, 0xde,
  0xde, 0xdf, 0xde, 0xdf, 0xde, 0xde, 0xde, 0xdf, 0xdf, 0xdf, 0xde, 0xdf,
  0xe0, 0xdf, 0xdf, 0xe0, 0xdf, 0xde, 0xdf, 0xdf, 0xdf, 0xdf, 0xdf, 0xde,
  0xde, 0xde, 0xdf, 0xdf, 0xde, 0xde, 0xdf, 0xdf, 0xe0, 0xdf, 0xdf, 0xde,
  0xdf, 0xde, 0xde, 0xdd, 0xdc, 0xdd, 0xdc, 0xdb, 0xd8, 0xd8, 0xe3, 0xd9,
  0x72, 0x06, 0x00, 0x00, 0x00, 0x00, 0x00, 0x00, 0x00, 0x00, 0x00, 0x00,
  0x00, 0x00, 0x00, 0x00, 0x00, 0x00, 0x00, 0x00, 0x00, 0x00, 0x00, 0x00,
  0x00, 0x00, 0x00, 0x00, 0x00, 0x00, 0x00, 0x00, 0x00, 0x00, 0x00, 0x00,
  0x00, 0x00, 0x00, 0x00, 0x00, 0x00, 0x00, 0x00, 0x00, 0x00, 0x00, 0x00,
  0x00, 0x00, 0x00, 0x00, 0x00, 0x01, 0x00, 0x10, 0xc5, 0xde, 0xd8, 0xdb,
  0xdc, 0xdc, 0xdc, 0xdd, 0xdd, 0xdc, 0xdd, 0xdd, 0xdd, 0xde, 0xdd, 0xdd,
  0xdd, 0xdd, 0xde, 0xdf, 0xdf, 0xdf, 0xdf, 0xdf, 0xdf, 0xdf, 0xdf, 0xe0,
  0xe0, 0xe0, 0xe0, 0xdf, 0xde, 0xdf, 0xdf, 0xde, 0xdf, 0xdf, 0xdf, 0xdf,
  0xdf, 0xde, 0xde, 0xdd, 0xdc, 0xdd, 0xde, 0xde, 0xdd, 0xde, 0xde, 0xde,
  0xdd, 0xdd, 0xde, 0xde, 0xde, 0xdf, 0xdf, 0xdd, 0xde, 0xdf, 0xdf, 0xdf,
  0xe0, 0xe0, 0xdf, 0xde, 0xdf, 0xe0, 0xdf, 0xdf, 0xdf, 0xde, 0xde, 0xde,
  0xde, 0xdf, 0xde, 0xdd, 0xde, 0xdf, 0xde, 0xdf, 0xdf, 0xdf, 0xde, 0xde,
  0xdf, 0xde, 0xdf, 0xe0, 0xdf, 0xdf, 0xdf, 0xdf, 0xde, 0xdf, 0xde, 0xde,
  0xde, 0xdf, 0xdd, 0xde, 0xdf, 0xde, 0xde, 0xde, 0xde, 0xdf, 0xdf, 0xe0,
  0xdf, 0xde, 0xdd, 0xde, 0xde, 0xde, 0xdd, 0xdc, 0xdc, 0xdc, 0xdb, 0xda,
  0xd8, 0xda, 0xe5, 0xbc, 0x04, 0x00, 0x00, 0x00, 0x00, 0x00, 0x00, 0x00,
  0x00, 0x00, 0x00, 0x00, 0x00, 0x00, 0x00, 0x00, 0x00, 0x00, 0x00, 0x00,
  0x00, 0x00, 0x00, 0x00, 0x00, 0x00, 0x00, 0x00, 0x00, 0x00, 0x00, 0x00,
  0x00, 0x00, 0x00, 0x00, 0x00, 0x00, 0x00, 0x00, 0x00, 0x00, 0x00, 0x00,
  0x00, 0x00, 0x00, 0x00, 0x00, 0x00, 0x00, 0x00, 0x00, 0x00, 0x01, 0x33,
  0xd4, 0xde, 0xdb, 0xdb, 0xdb, 0xdc, 0xdd, 0xde, 0xdd, 0xdd, 0xdd, 0xdc,
  0xde, 0xde, 0xde, 0xde, 0xde, 0xde, 0xdf, 0xe0, 0xe0, 0xe0, 0xe0, 0xe0,
  0xe0, 0xe0, 0xdf, 0xdf, 0xdf, 0xe0, 0xdf, 0xde, 0xde, 0xde, 0xde, 0xdf,
  0xdf, 0xde, 0xde, 0xdf, 0xdf, 0xdf, 0xde, 0xdd, 0xde, 0xde, 0xdd, 0xde,
  0xdd, 0xdd, 0xdd, 0xdd, 0xdd, 0xdd, 0xdd, 0xdd, 0xde, 0xde, 0xdd, 0xde,
  0xdf, 0xde, 0xdf, 0xdf, 0xdf, 0xdf, 0xdf, 0xdf, 0xdf, 0xde, 0xdf, 0xde,
  0xdf, 0xdf, 0xdf, 0xdf, 0xde, 0xde, 0xde, 0xde, 0xde, 0xdf, 0xde, 0xde,
  0xde, 0xdf, 0xdf, 0xde, 0xde, 0xdf, 0xdf, 0xdf, 0xde, 0xde, 0xde, 0xdf,
  0xdf, 0xdf, 0xdf, 0xdf, 0xdf, 0xde, 0xde, 0xde, 0xdf, 0xdf, 0xde, 0xdf,
  0xde, 0xdf, 0xdf, 0xde, 0xdf, 0xde, 0xdd, 0xdd, 0xdd, 0xdd, 0xdc, 0xdb,
  0xdb, 0xdb, 0xdb, 0xd9, 0xd7, 0xde, 0xd9, 0x69, 0x0a, 0x00, 0x00, 0x00,
  0x00, 0x00, 0x00, 0x00, 0x00, 0x00, 0x00, 0x00, 0x00, 0x00, 0x00, 0x00,
  0x00, 0x00, 0x00, 0x00, 0x00, 0x00, 0x00, 0x00, 0x00, 0x00, 0x00, 0x00,
  0x00, 0x00, 0x00, 0x00, 0x00, 0x00, 0x00, 0x00, 0x00, 0x00, 0x00, 0x00,
  0x00, 0x00, 0x00, 0x00, 0x00, 0x00, 0x00, 0x00, 0x00, 0x00, 0x00, 0x00,
  0x00, 0x00, 0x06, 0xbe, 0xe1, 0xdd, 0xda, 0xda, 0xdc, 0xdd, 0xde, 0xdd,
  0xdd, 0xdd, 0xdd, 0xde, 0xde, 0xde, 0xdf, 0xdf, 0xdf, 0xdf, 0xe0, 0xe1,
  0xe1, 0xe1, 0xe1, 0xe0, 0xe0, 0xdf, 0xe0, 0xe0, 0xe0, 0xdf, 0xde, 0xdf,
  0xdf, 0xdf, 0xdf, 0xdf, 0xdf, 0xdf, 0xde, 0xdf, 0xde, 0xdd, 0xde, 0xde,
  0xde, 0xdd, 0xde, 0xdd, 0xdd, 0xdd, 0xdc, 0xdc, 0xdc, 0xdd, 0xdd, 0xdd,
  0xdd, 0xdd, 0xde, 0xde, 0xdf, 0xe0, 0xdf, 0xde, 0xdf, 0xdf, 0xe0, 0xdf,
  0xdf, 0xdf, 0xde, 0xe0, 0xe0, 0xe0, 0xdf, 0xde, 0xdf, 0xdf, 0xdf, 0xdf,
  0xde, 0xdf, 0xdf, 0xdf, 0xdf, 0xe0, 0xdf, 0xdf, 0xdf, 0xde, 0xdf, 0xdf,
  0xdf, 0xdf, 0xde, 0xde, 0xde, 0xde, 0xdf, 0xde, 0xde, 0xde, 0xdf, 0xdf,
  0xdf, 0xdf, 0xde, 0xdf, 0xde, 0xde, 0xdf, 0xde, 0xde, 0xde, 0xdc, 0xdd,
  0xdd, 0xdc, 0xdc, 0xdb, 0xda, 0xda, 0xd9, 0xd7, 0xd8, 0xe2, 0xc9, 0x0f,
  0x00, 0x01, 0x00, 0x00, 0x00, 0x00, 0x00, 0x00, 0x00, 0x00, 0x00, 0x00,
  0x00, 0x00, 0x00, 0x00, 0x00, 0x00, 0x00, 0x00, 0x00, 0x00, 0x00, 0x00,
  0x00, 0x00, 0x00, 0x00, 0x00, 0x00, 0x00, 0x00, 0x00, 0x00, 0x00, 0x00,
  0x00, 0x00, 0x00, 0x00, 0x00, 0x00, 0x00, 0x00, 0x00, 0x00, 0x00, 0x00,
  0x00, 0x00, 0x00, 0x00, 0x00, 0x04, 0x41, 0xd1, 0xe4, 0xd9, 0xd9, 0xdc,
  0xdd, 0xdd, 0xdd, 0xdd, 0xdd, 0xdc, 0xde, 0xdd, 0xdd, 0xde, 0xdf, 0xe0,
  0xdf, 0xe0, 0xe1, 0xe0, 0xe0, 0xe1, 0xe0, 0xdf, 0xe0, 0xdf, 0xdf, 0xdf,
  0xdf, 0xde, 0xdf, 0xdf, 0xdf, 0xdf, 0xe0, 0xdf, 0xdf, 0xde, 0xdf, 0xde,
  0xde, 0xdd, 0xdd, 0xdd, 0xdd, 0xdd, 0xde, 0xde, 0xdd, 0xdc, 0xdc, 0xdd,
  0xde, 0xde, 0xde, 0xde, 0xdd, 0xde, 0xdf, 0xdf, 0xdf, 0xde, 0xdd, 0xde,
  0xdf, 0xe0, 0xe0, 0xdf, 0xde, 0xde, 0xdf, 0xdf, 0xe0, 0xdf, 0xdf, 0xde,
  0xde, 0xdf, 0xe0, 0xdf, 0xde, 0xde, 0xde, 0xde, 0xdf, 0xdf, 0xdf, 0xdf,
  0xdf, 0xde, 0xde, 0xde, 0xde, 0xdf, 0xdf, 0xdf, 0xdf, 0xde, 0xdf, 0xdf,
  0xdf, 0xdf, 0xe0, 0xe0, 0xdf, 0xdf, 0xde, 0xde, 0xdf, 0xdf, 0xdf, 0xde,
  0xde, 0xdd, 0xdd, 0xdd, 0xdd, 0xdd, 0xdc, 0xdb, 0xda, 0xd9, 0xd7, 0xd7,
  0xda, 0xdb, 0x62, 0x0a, 0x00, 0x00, 0x00, 0x00, 0x00, 0x00, 0x00, 0x00,
  0x00, 0x00, 0x00, 0x00, 0x00, 0x00, 0x00, 0x00, 0x00, 0x00, 0x00, 0x00,
  0x00, 0x00, 0x00, 0x00, 0x00, 0x00, 0x00, 0x00, 0x00, 0x00, 0x00, 0x00,
  0x00, 0x00, 0x00, 0x00, 0x00, 0x00, 0x00, 0x00, 0x00, 0x00, 0x00, 0x00,
  0x00, 0x00, 0x00, 0x00, 0x00, 0x00, 0x00, 0x00, 0x00, 0x00, 0xb5, 0xe8,
  0xdd, 0xda, 0xdc, 0xdd, 0xdd, 0xdc, 0xdd, 0xdd, 0xdd, 0xde, 0xdd, 0xde,
  0xdf, 0xdf, 0xe0, 0xe0, 0xe0, 0xe1, 0xe0, 0xe0, 0xe1, 0xe0, 0xdf, 0xe0,
  0xdf, 0xde, 0xde, 0xde, 0xde, 0xdf, 0xdf, 0xde, 0xdf, 0xdf, 0xde, 0xde,
  0xde, 0xde, 0xde, 0xdf, 0xde, 0xdd, 0xde, 0xde, 0xdd, 0xdd, 0xde, 0xdd,
  0xdd, 0xdd, 0xdc, 0xdd, 0xdd, 0xdd, 0xde, 0xde, 0xde, 0xdf, 0xde, 0xde,
  0xde, 0xdd, 0xde, 0xdf, 0xdf, 0xdf, 0xde, 0xdf, 0xdf, 0xde, 0xde, 0xdf,
  0xe0, 0xdf, 0xdf, 0xdf, 0xdf, 0xe0, 0xdf, 0xdf, 0xdf, 0xdf, 0xdf, 0xde,
  0xde, 0xdf, 0xdf, 0xdf, 0xde, 0xdd, 0xdd, 0xde, 0xdf, 0xdf, 0xe0, 0xe0,
  0xdf, 0xe0, 0xe0, 0xe0, 0xdf, 0xe0, 0xe0, 0xe0, 0xdf, 0xdf, 0xdf, 0xde,
  0xde, 0xde, 0xdd, 0xdd, 0xde, 0xdd, 0xde, 0xdd, 0xdc, 0xdc, 0xdb, 0xda,
  0xd9, 0xd8, 0xd7, 0xd4, 0xdd, 0xd8, 0x1b, 0x00, 0x03, 0x00, 0x00, 0x00,
  0x00, 0x00, 0x00, 0x00, 0x00, 0x00, 0x00, 0x00, 0x00, 0x00, 0x00, 0x00,
  0x00, 0x00, 0x00, 0x00, 0x00, 0x00, 0x00, 0x00, 0x00, 0x00, 0x00, 0x00,
  0x00, 0x00, 0x00, 0x00, 0x00, 0x00, 0x00, 0x00, 0x00, 0x00, 0x00, 0x00,
  0x00, 0x00, 0x00, 0x00, 0x00, 0x00, 0x00, 0x00, 0x00, 0x00, 0x00, 0x00,
  0x04, 0x4e, 0xd1, 0xe6, 0xdc, 0xdd, 0xdd, 0xdc, 0xdd, 0xdd, 0xde, 0xde,
  0xdd, 0xde, 0xe0, 0xe0, 0xdf, 0xe0, 0xe1, 0xe1, 0xe1, 0xe0, 0xe1, 0xe1,
  0xe0, 0xe0, 0xe0, 0xe0, 0xdf, 0xdf, 0xdf, 0xdf, 0xde, 0xdf, 0xdf, 0xdf,
  0xdf, 0xdf, 0xdf, 0xdf, 0xdf, 0xdf, 0xdf, 0xde, 0xde, 0xdf, 0xde, 0xdd,
  0xde, 0xde, 0xdd, 0xde, 0xdd, 0xdd, 0xdc, 0xdc, 0xdc, 0xdd, 0xdd, 0xdd,
  0xde, 0xdf, 0xdf, 0xde, 0xde, 0xde, 0xdf, 0xde, 0xde, 0xdf, 0xe0, 0xe0,
  0xdf, 0xdf, 0xdf, 0xdf, 0xe0, 0xe0, 0xe0, 0xe0, 0xe0, 0xe0, 0xe0, 0xe0,
  0xe0, 0xe0, 0xdf, 0xdf, 0xe0, 0xdf, 0xde, 0xde, 0xdd, 0xde, 0xde, 0xde,
  0xdf, 0xe0, 0xdf, 0xe0, 0xdf, 0xdf, 0xdf, 0xdf, 0xdf, 0xdf, 0xdf, 0xdf,
  0xe0, 0xdf, 0xde, 0xdf, 0xdd, 0xde, 0xde, 0xde, 0xde, 0xde, 0xdd, 0xdc,
  0xdc, 0xdc, 0xdb, 0xd8, 0xd7, 0xd6, 0xd5, 0xd6, 0xe0, 0x58, 0x03, 0x00,
  0x01, 0x00, 0x00, 0x00, 0x00, 0x00, 0x00, 0x00, 0x00, 0x00, 0x00, 0x00,
  0x00, 0x00, 0x00, 0x00, 0x00, 0x00, 0x00, 0x00, 0x00, 0x00, 0x00, 0x00,
  0x00, 0x00, 0x00, 0x00, 0x00, 0x00, 0x00, 0x00, 0x00, 0x00, 0x00, 0x00,
  0x00, 0x00, 0x00, 0x00, 0x00, 0x00, 0x00, 0x00, 0x00, 0x00, 0x00, 0x00,
  0x00, 0x00, 0x00, 0x00, 0x00, 0xa7, 0xe9, 0xe0, 0xdc, 0xdc, 0xdc, 0xdc,
  0xdd, 0xde, 0xdd, 0xde, 0xdf, 0xdf, 0xe0, 0xdf, 0xe0, 0xe0, 0xe1, 0xe1,
  0xe0, 0xe0, 0xe0, 0xe0, 0xe0, 0xdf, 0xdf, 0xde, 0xdf, 0xde, 0xde, 0xde,
  0xde, 0xde, 0xde, 0xde, 0xde, 0xde, 0xde, 0xde, 0xde, 0xde, 0xdd, 0xde,
  0xde, 0xde, 0xdd, 0xdd, 0xdd, 0xde, 0xde, 0xdd, 0xdd, 0xdd, 0xdc, 0xdd,
  0xdc, 0xdd, 0xdd, 0xdd, 0xde, 0xde, 0xde, 0xde, 0xdf, 0xde, 0xde, 0xdf,
  0xdf, 0xdf, 0xdf, 0xdf, 0xdf, 0xdf, 0xdf, 0xdf, 0xdf, 0xdf, 0xdf, 0xdf,
  0xdf, 0xe0, 0xe0, 0xe0, 0xe0, 0xdf, 0xdf, 0xdf, 0xdf, 0xdf, 0xde, 0xdd,
  0xde, 0xde, 0xde, 0xdf, 0xe0, 0xdf, 0xdf, 0xe0, 0xe0, 0xe0, 0xe0, 0xdf,
  0xe0, 0xe0, 0xe0, 0xe0, 0xdf, 0xde, 0xde, 0xdd, 0xdd, 0xdd, 0xdd, 0xdd,
  0xdd, 0xdd, 0xdd, 0xdd, 0xdd, 0xdc, 0xd9, 0xd8, 0xd7, 0xd7, 0xd5, 0xdb,
  0xe4, 0x46, 0x00, 0x01, 0x00, 0x00, 0x00, 0x00, 0x00, 0x00, 0x00, 0x00,
  0x00, 0x00, 0x00, 0x00, 0x00, 0x00, 0x00, 0x00, 0x00, 0x00, 0x00, 0x00,
  0x00, 0x00, 0x00, 0x00, 0x00, 0x00, 0x00, 0x00, 0x00, 0x00, 0x00, 0x00,
  0x00, 0x00, 0x00, 0x00, 0x00, 0x00, 0x00, 0x00, 0x00, 0x00, 0x00, 0x00,
  0x00, 0x00, 0x00, 0x00, 0x00, 0x00, 0x00, 0x00, 0x54, 0xcf, 0xe9, 0xda,
  0xda, 0xdc, 0xdb, 0xdc, 0xdd, 0xde, 0xdf, 0xde, 0xe0, 0xdf, 0xdf, 0xe0,
  0xe0, 0xe0, 0xe0, 0xe0, 0xdf, 0xdf, 0xdf, 0xdf, 0xdf, 0xdf, 0xdf, 0xdf,
  0xde, 0xde, 0xdd, 0xdd, 0xdd, 0xde, 0xde, 0xdd, 0xdd, 0xdd, 0xdd, 0xdd,
  0xdd, 0xde, 0xdd, 0xdd, 0xdd, 0xde, 0xde, 0xde, 0xde, 0xde, 0xde, 0xde,
  0xdd, 0xdd, 0xde, 0xdd, 0xde, 0xde, 0xde, 0xdd, 0xdd, 0xdd, 0xde, 0xdf,
  0xde, 0xde, 0xdf, 0xde, 0xde, 0xde, 0xde, 0xde, 0xde, 0xde, 0xde, 0xde,
  0xde, 0xde, 0xde, 0xdf, 0xdf, 0xdf, 0xdf, 0xdf, 0xdf, 0xde, 0xdf, 0xdf,
  0xde, 0xdf, 0xde, 0xde, 0xde, 0xdf, 0xdf, 0xe0, 0xdf, 0xe0, 0xe1, 0xe1,
  0xe1, 0xe0, 0xdf, 0xe0, 0xe1, 0xe0, 0xdf, 0xdf, 0xde, 0xdd, 0xdd, 0xdc,
  0xdd, 0xdd, 0xdc, 0xdc, 0xdd, 0xde, 0xde, 0xdd, 0xdc, 0xdb, 0xda, 0xd9,
  0xd9, 0xd8, 0xd7, 0xdb, 0xb7, 0x27, 0x00, 0x03, 0x00, 0x00, 0x00, 0x00,
  0x00, 0x00, 0x00, 0x00, 0x00, 0x00, 0x00, 0x00, 0x00, 0x00, 0x00, 0x00,
  0x00, 0x00, 0x00, 0x00, 0x00, 0x00, 0x00, 0x00, 0x00, 0x00, 0x00, 0x00,
  0x00, 0x00, 0x00, 0x00, 0x00, 0x00, 0x00, 0x00, 0x00, 0x00, 0x00, 0x00,
  0x00, 0x00, 0x00, 0x00, 0x00, 0x00, 0x00, 0x00, 0x00, 0x00, 0x03, 0x00,
  0x9a, 0xea, 0xdc, 0xd7, 0xdb, 0xdc, 0xdc, 0xdd, 0xde, 0xdf, 0xdf, 0xdf,
  0xe0, 0xdf, 0xe0, 0xe0, 0xdf, 0xdf, 0xdf, 0xe0, 0xdf, 0xde, 0xde, 0xdf,
  0xe0, 0xe0, 0xdf, 0xdf, 0xdf, 0xde, 0xdd, 0xdd, 0xde, 0xde, 0xdd, 0xde,
  0xde, 0xde, 0xde, 0xde, 0xde, 0xde, 0xdd, 0xdd, 0xde, 0xdf, 0xdf, 0xdf,
  0xde, 0xdf, 0xde, 0xdd, 0xde, 0xdd, 0xde, 0xdd, 0xdd, 0xdd, 0xde, 0xde,
  0xdd, 0xde, 0xdf, 0xde, 0xde, 0xde, 0xde, 0xde, 0xdf, 0xdf, 0xde, 0xde,
  0xde, 0xde, 0xde, 0xde, 0xde, 0xde, 0xde, 0xde, 0xde, 0xde, 0xde, 0xde,
  0xde, 0xdf, 0xdf, 0xde, 0xde, 0xde, 0xde, 0xde, 0xde, 0xdf, 0xdf, 0xe0,
  0xe0, 0xe1, 0xe0, 0xe0, 0xe1, 0xe1, 0xe0, 0xe1, 0xe0, 0xdf, 0xdf, 0xde,
  0xdf, 0xde, 0xdd, 0xdd, 0xde, 0xdd, 0xdc, 0xdd, 0xde, 0xdf, 0xde, 0xdd,
  0xdd, 0xdd, 0xdc, 0xdb, 0xdb, 0xd8, 0xdb, 0xe2, 0x46, 0x00, 0x02, 0x00,
  0x00, 0x00, 0x00, 0x00, 0x00, 0x00, 0x00, 0x00, 0x00, 0x00, 0x00, 0x00,
  0x00, 0x00, 0x00, 0x00, 0x00, 0x00, 0x00, 0x00, 0x00, 0x00, 0x00, 0x00,
  0x00, 0x00, 0x00, 0x00, 0x00, 0x00, 0x00, 0x00, 0x00, 0x00, 0x00, 0x00,
  0x00, 0x00, 0x00, 0x00, 0x00, 0x00, 0x00, 0x00, 0x00, 0x00, 0x00, 0x00,
  0x00, 0x01, 0x00, 0x54, 0xcb, 0xe5, 0xd8, 0xda, 0xdc, 0xdd, 0xde, 0xdf,
  0xe0, 0xe0, 0xe0, 0xe1, 0xe0, 0xdf, 0xe0, 0xdf, 0xde, 0xde, 0xde, 0xdf,
  0xde, 0xde, 0xdf, 0xde, 0xdf, 0xdf, 0xde, 0xdf, 0xde, 0xdd, 0xde, 0xdd,
  0xdd, 0xdd, 0xde, 0xde, 0xde, 0xde, 0xde, 0xdd, 0xde, 0xdd, 0xdd, 0xde,
  0xde, 0xdf, 0xdf, 0xde, 0xdf, 0xde, 0xdd, 0xde, 0xde, 0xde, 0xde, 0xde,
  0xde, 0xdd, 0xdd, 0xdd, 0xde, 0xdf, 0xde, 0xdd, 0xde, 0xdd, 0xde, 0xde,
  0xdf, 0xde, 0xdd, 0xdd, 0xdd, 0xdd, 0xdd, 0xdd, 0xde, 0xde, 0xdd, 0xdd,
  0xdd, 0xde, 0xdd, 0xde, 0xdf, 0xde, 0xdf, 0xde, 0xdd, 0xdd, 0xde, 0xdf,
  0xde, 0xdf, 0xe0, 0xdf, 0xe0, 0xe1, 0xe0, 0xe0, 0xe0, 0xe0, 0xe1, 0xe0,
  0xdf, 0xdf, 0xde, 0xde, 0xdd, 0xdd, 0xdc, 0xdc, 0xdc, 0xdd, 0xde, 0xde,
  0xdf, 0xdf, 0xdf, 0xdf, 0xdf, 0xde, 0xde, 0xdd, 0xdb, 0xd7, 0xdf, 0xc7,
  0x36, 0x00, 0x04, 0x00, 0x00, 0x00, 0x00, 0x00, 0x00, 0x00, 0x00, 0x00,
  0x00, 0x00, 0x00, 0x00, 0x00, 0x00, 0x00, 0x00, 0x00, 0x00, 0x00, 0x00,
  0x00, 0x00, 0x00, 0x00, 0x00, 0x00, 0x00, 0x00, 0x00, 0x00, 0x00, 0x00,
  0x00, 0x00, 0x00, 0x00, 0x00, 0x00, 0x00, 0x00, 0x00, 0x00, 0x00, 0x00,
  0x00, 0x00, 0x00, 0x00, 0x00, 0x04, 0x00, 0x8f, 0xeb, 0xdb, 0xd9, 0xde,
  0xdf, 0xdf, 0xe0, 0xe1, 0xe0, 0xe1, 0xe0, 0xe1, 0xe0, 0xdf, 0xe0, 0xdf,
  0xde, 0xdf, 0xde, 0xdd, 0xde, 0xdf, 0xde, 0xde, 0xdf, 0xdf, 0xdf, 0xde,
  0xdf, 0xde, 0xde, 0xdd, 0xdd, 0xde, 0xdd, 0xde, 0xde, 0xde, 0xdd, 0xde,
  0xdd, 0xdd, 0xde, 0xdf, 0xde, 0xde, 0xdf, 0xdf, 0xdf, 0xdf, 0xdf, 0xdf,
  0xdf, 0xdf, 0xde, 0xdf, 0xde, 0xdd, 0xde, 0xdf, 0xde, 0xdf, 0xdf, 0xdf,
  0xdf, 0xdf, 0xde, 0xdf, 0xde, 0xdd, 0xde, 0xdd, 0xde, 0xde, 0xde, 0xdf,
  0xde, 0xdd, 0xdd, 0xde, 0xde, 0xdf, 0xde, 0xdf, 0xdf, 0xdf, 0xdf, 0xdf,
  0xdf, 0xdf, 0xdf, 0xde, 0xdf, 0xe0, 0xdf, 0xe0, 0xe1, 0xe0, 0xe1, 0xe0,
  0xe1, 0xe0, 0xdf, 0xe0, 0xdf, 0xde, 0xde, 0xdd, 0xdd, 0xdc, 0xdd, 0xdc,
  0xdd, 0xde, 0xdf, 0xdf, 0xe0, 0xe0, 0xe0, 0xe0, 0xdf, 0xe0, 0xe0, 0xde,
  0xda, 0xda, 0xec, 0x4c, 0x00, 0x05, 0x00, 0x00, 0x00, 0x00, 0x00, 0x00,
  0x00, 0x00, 0x00, 0x00, 0x00, 0x00, 0x00, 0x00, 0x00, 0x00, 0x00, 0x00,
  0x00, 0x00, 0x00, 0x00, 0x00, 0x00, 0x00, 0x00, 0x00, 0x00, 0x00, 0x00,
  0x00, 0x00, 0x00, 0x00, 0x00, 0x00, 0x00, 0x00, 0x00, 0x00, 0x00, 0x00,
  0x00, 0x00, 0x00, 0x00, 0x00, 0x00, 0x00, 0x00, 0x03, 0x00, 0x5f, 0xd1,
  0xe5, 0xdb, 0xde, 0xe0, 0xe0, 0xe1, 0xe2, 0xe1, 0xe1, 0xe0, 0xe1, 0xe0,
  0xe1, 0xe0, 0xdf, 0xde, 0xde, 0xdd, 0xde, 0xdf, 0xdf, 0xdf, 0xde, 0xde,
  0xdf, 0xdf, 0xdf, 0xde, 0xdd, 0xde, 0xdd, 0xdc, 0xdd, 0xdd, 0xde, 0xde,
  0xde, 0xde, 0xde, 0xde, 0xdd, 0xde, 0xdf, 0xdf, 0xdf, 0xdf, 0xde, 0xdf,
  0xdf, 0xde, 0xde, 0xde, 0xde, 0xdf, 0xe0, 0xe0, 0xdf, 0xde, 0xdf, 0xdf,
  0xdf, 0xdf, 0xdf, 0xdf, 0xdf, 0xde, 0xde, 0xde, 0xdf, 0xde, 0xdd, 0xde,
  0xde, 0xde, 0xdf, 0xde, 0xdd, 0xde, 0xdf, 0xdf, 0xdf, 0xdf, 0xdf, 0xdf,
  0xdf, 0xde, 0xdf, 0xdf, 0xdf, 0xde, 0xdf, 0xe0, 0xdf, 0xdf, 0xe0, 0xe1,
  0xe0, 0xe0, 0xe1, 0xe0, 0xdf, 0xe0, 0xe0, 0xdf, 0xde, 0xde, 0xde, 0xdd,
  0xdc, 0xdd, 0xdc, 0xdd, 0xde, 0xdf, 0xe0, 0xe0, 0xe1, 0xe2, 0xe1, 0xe0,
  0xe1, 0xe1, 0xe0, 0xde, 0xd9, 0xe1, 0xca, 0x43, 0x00, 0x04, 0x00, 0x00,
  0x00, 0x00, 0x00, 0x00, 0x00, 0x00, 0x00, 0x00, 0x00, 0x00, 0x00, 0x00,
  0x00, 0x00, 0x00, 0x00, 0x00, 0x00, 0x00, 0x00, 0x00, 0x00, 0x00, 0x00,
  0x00, 0x00, 0x00, 0x00, 0x00, 0x00, 0x00, 0x00, 0x00, 0x00, 0x00, 0x00,
  0x00, 0x00, 0x00, 0x00, 0x00, 0x00, 0x00, 0x00, 0x00, 0x00, 0x00, 0x00,
  0x04, 0x00, 0x8b, 0xf1, 0xde, 0xdc, 0xdd, 0xdf, 0xe1, 0xe2, 0xe1, 0xe1,
  0xe1, 0xe0, 0xdf, 0xe0, 0xe1, 0xe0, 0xdf, 0xde, 0xdd, 0xdd, 0xde, 0xdd,
  0xdd, 0xdd, 0xdd, 0xdd, 0xdd, 0xdd, 0xdd, 0xdd, 0xdc, 0xdd, 0xdd, 0xdd,
  0xde, 0xdd, 0xdd, 0xdd, 0xdd, 0xdd, 0xdd, 0xdd, 0xde, 0xdd, 0xdd, 0xde,
  0xdf, 0xdf, 0xe0, 0xe0, 0xdf, 0xdf, 0xdf, 0xdf, 0xe0, 0xdf, 0xe0, 0xdf,
  0xdf, 0xde, 0xdd, 0xde, 0xdf, 0xdf, 0xdf, 0xdf, 0xdf, 0xdf, 0xdf, 0xde,
  0xdd, 0xdd, 0xde, 0xdd, 0xde, 0xdf, 0xdf, 0xde, 0xdd, 0xde, 0xde, 0xde,
  0xde, 0xde, 0xdd, 0xde, 0xdf, 0xdf, 0xdf, 0xdf, 0xde, 0xdf, 0xe0, 0xdf,
  0xdf, 0xe0, 0xe1, 0xe1, 0xe0, 0xe0, 0xe0, 0xe0, 0xdf, 0xdf, 0xdf, 0xde,
  0xdd, 0xdd, 0xdd, 0xdc, 0xdb, 0xdc, 0xdc, 0xde, 0xdf, 0xe0, 0xe1, 0xe1,
  0xe2, 0xe1, 0xe2, 0xe2, 0xe1, 0xe1, 0xde, 0xdb, 0xd9, 0xef, 0x5e, 0x00,
  0x08, 0x00, 0x00, 0x00, 0x00, 0x00, 0x00, 0x00, 0x00, 0x00, 0x00, 0x00,
  0x00, 0x00, 0x00, 0x00, 0x00, 0x00, 0x00, 0x00, 0x00, 0x00, 0x00, 0x00,
  0x00, 0x00, 0x00, 0x00, 0x00, 0x00, 0x00, 0x00, 0x00, 0x00, 0x00, 0x00,
  0x00, 0x00, 0x00, 0x00, 0x00, 0x00, 0x00, 0x00, 0x00, 0x00, 0x00, 0x00,
  0x00, 0x00, 0x00, 0x04, 0x00, 0x60, 0xda, 0xe9, 0xdb, 0xd9, 0xdd, 0xdf,
  0xe2, 0xe1, 0xe0, 0xe0, 0xdf, 0xdf, 0xdf, 0xe0, 0xe0, 0xdf, 0xde, 0xdd,
  0xdc, 0xdd, 0xdc, 0xdc, 0xdc, 0xdc, 0xdc, 0xdc, 0xdb, 0xdc, 0xdd, 0xdc,
  0xdd, 0xdd, 0xdc, 0xdd, 0xdc, 0xdc, 0xdc, 0xdc, 0xdc, 0xdc, 0xdd, 0xdd,
  0xdc, 0xdd, 0xde, 0xde, 0xdf, 0xdf, 0xdf, 0xdf, 0xdf, 0xdf, 0xdf, 0xdf,
  0xe0, 0xdf, 0xde, 0xde, 0xdd, 0xdd, 0xdd, 0xde, 0xde, 0xde, 0xde, 0xde,
  0xde, 0xde, 0xdd, 0xdd, 0xde, 0xde, 0xdd, 0xdd, 0xde, 0xde, 0xde, 0xdd,
  0xdd, 0xdd, 0xdd, 0xdd, 0xdd, 0xdd, 0xde, 0xde, 0xde, 0xde, 0xde, 0xde,
  0xde, 0xdf, 0xdf, 0xdf, 0xe0, 0xe0, 0xe0, 0xdf, 0xdf, 0xdf, 0xde, 0xdf,
  0xde, 0xdd, 0xdd, 0xdd, 0xdc, 0xdb, 0xdb, 0xdb, 0xdc, 0xdc, 0xde, 0xe0,
  0xe1, 0xe0, 0xe0, 0xe1, 0xe2, 0xe1, 0xe1, 0xe1, 0xe0, 0xdd, 0xdd, 0xd8,
  0xe1, 0xc1, 0x42, 0x00, 0x04, 0x00, 0x00, 0x00, 0x00, 0x00, 0x00, 0x00,
  0x00, 0x00, 0x00, 0x00, 0x00, 0x00, 0x00, 0x00, 0x00, 0x00, 0x00, 0x00,
  0x00, 0x00, 0x00, 0x00, 0x00, 0x00, 0x00, 0x00, 0x00, 0x00, 0x00, 0x00,
  0x00, 0x00, 0x00, 0x00, 0x00, 0x00, 0x00, 0x00, 0x00, 0x00, 0x00, 0x00,
  0x00, 0x00, 0x00, 0x00, 0x00, 0x00, 0x00, 0x03, 0x00, 0x88, 0xf2, 0xdd,
  0xdb, 0xde, 0xdf, 0xe2, 0xe1, 0xe1, 0xe0, 0xe0, 0xe0, 0xe0, 0xe1, 0xe0,
  0xe0, 0xdf, 0xde, 0xdd, 0xdc, 0xdb, 0xdb, 0xda, 0xdb, 0xdb, 0xdb, 0xdb,
  0xdc, 0xdc, 0xdc, 0xdc, 0xdd, 0xdd, 0xde, 0xde, 0xde, 0xdd, 0xdd, 0xdd,
  0xdd, 0xdd, 0xdd, 0xde, 0xde, 0xdf, 0xe0, 0xe0, 0xe1, 0xe1, 0xe1, 0xe1,
  0xe1, 0xe1, 0xe1, 0xe0, 0xe0, 0xdf, 0xdf, 0xdf, 0xde, 0xde, 0xde, 0xde,
  0xde, 0xde, 0xde, 0xde, 0xde, 0xde, 0xde, 0xdd, 0xdd, 0xdd, 0xde, 0xde,
  0xde, 0xde, 0xde, 0xde, 0xde, 0xde, 0xde, 0xde, 0xde, 0xde, 0xde, 0xde,
  0xde, 0xdf, 0xdf, 0xe0, 0xe0, 0xe0, 0xe0, 0xe0, 0xe0, 0xe1, 0xe0, 0xe0,
  0xe0, 0xdf, 0xdf, 0xdf, 0xde, 0xdc, 0xdb, 0xdb, 0xda, 0xda, 0xda, 0xdb,
  0xdc, 0xde, 0xe0, 0xe1, 0xe1, 0xe1, 0xe1, 0xe1, 0xe1, 0xe2, 0xe2, 0xe1,
  0xdf, 0xdf, 0xdc, 0xd9, 0xe7, 0x9a, 0x1e, 0x00, 0x01, 0x00, 0x00, 0x00,
  0x00, 0x00, 0x00, 0x00, 0x00, 0x00, 0x00, 0x00, 0x00, 0x00, 0x00, 0x00,
  0x00, 0x00, 0x00, 0x00, 0x00, 0x00, 0x00, 0x00, 0x00, 0x00, 0x00, 0x00,
  0x00, 0x00, 0x00, 0x00, 0x00, 0x00, 0x00, 0x00, 0x00, 0x00, 0x00, 0x00,
  0x00, 0x00, 0x00, 0x00, 0x00, 0x00, 0x00, 0x00, 0x00, 0x00, 0x05, 0x00,
  0x57, 0xd8, 0xe6, 0xdd, 0xdd, 0xdd, 0xdd, 0xde, 0xde, 0xdd, 0xde, 0xdd,
  0xde, 0xdf, 0xde, 0xde, 0xde, 0xdd, 0xdb, 0xd9, 0xd8, 0xd7, 0xd6, 0xd6,
  0xd5, 0xd7, 0xd7, 0xd7, 0xd8, 0xd9, 0xda, 0xda, 0xda, 0xdb, 0xdb, 0xdb,
  0xda, 0xdb, 0xdb, 0xdb, 0xdb, 0xdb, 0xdc, 0xdd, 0xdd, 0xdd, 0xdd, 0xde,
  0xde, 0xde, 0xde, 0xde, 0xde, 0xde, 0xdd, 0xdd, 0xdd, 0xdd, 0xdc, 0xdc,
  0xdc, 0xdb, 0xdc, 0xdc, 0xdc, 0xdb, 0xdc, 0xdb, 0xdb, 0xdb, 0xdb, 0xdb,
  0xdb, 0xdb, 0xdb, 0xdb, 0xdb, 0xdb, 0xdb, 0xdb, 0xdb, 0xdb, 0xdb, 0xdb,
  0xdb, 0xdb, 0xdc, 0xdc, 0xdc, 0xdc, 0xdd, 0xdd, 0xdd, 0xde, 0xde, 0xdf,
  0xde, 0xdd, 0xdd, 0xdd, 0xdd, 0xdd, 0xdc, 0xda, 0xd8, 0xd7, 0xd7, 0xd7,
  0xd7, 0xd7, 0xd8, 0xda, 0xdc, 0xdd, 0xde, 0xdf, 0xdf, 0xde, 0xdf, 0xdf,
  0xdf, 0xdf, 0xde, 0xdc, 0xdb, 0xda, 0xd5, 0xdd, 0xce, 0x59, 0x00, 0x04,
  0x00, 0x00, 0x00, 0x00, 0x00, 0x00, 0x00, 0x00, 0x00, 0x00, 0x00, 0x00,
  0x00, 0x00, 0x00, 0x00, 0x00, 0x00, 0x00, 0x00, 0x00, 0x00, 0x00, 0x00,
  0x00, 0x00, 0x00, 0x00, 0x00, 0x00, 0x00, 0x00, 0x00, 0x00, 0x00, 0x00,
  0x00, 0x00, 0x00, 0x00, 0x00, 0x00, 0x00, 0x00, 0x00, 0x00, 0x00, 0x00,
  0x00, 0x01, 0x01, 0x09, 0x86, 0xf4, 0xe0, 0xde, 0xde, 0xdd, 0xdd, 0xde,
  0xde, 0xdd, 0xdd, 0xde, 0xdf, 0xdf, 0xe0, 0xdf, 0xde, 0xdc, 0xda, 0xd7,
  0xd5, 0xd5, 0xd4, 0xd4, 0xd5, 0xd5, 0xd5, 0xd6, 0xd7, 0xd9, 0xd9, 0xda,
  0xde, 0xde, 0xde, 0xde, 0xdd, 0xdd, 0xde, 0xde, 0xde, 0xde, 0xdf, 0xdf,
  0xdf, 0xdf, 0xdf, 0xdf, 0xe0, 0xe0, 0xe0, 0xdf, 0xdf, 0xde, 0xde, 0xdf,
  0xde, 0xdd, 0xdd, 0xdd, 0xdc, 0xdb, 0xdb, 0xdb, 0xdc, 0xdd, 0xdd, 0xdc,
  0xdc, 0xdc, 0xdc, 0xdb, 0xdb, 0xdb, 0xdb, 0xdc, 0xdc, 0xdc, 0xdc, 0xdc,
  0xdd, 0xdc, 0xdd, 0xdd, 0xdc, 0xdd, 0xdd, 0xdd, 0xdd, 0xdd, 0xde, 0xde,
  0xdf, 0xdf, 0xdf, 0xde, 0xde, 0xde, 0xde, 0xde, 0xdd, 0xdc, 0xda, 0xd8,
  0xd8, 0xd7, 0xd7, 0xd7, 0xd8, 0xd9, 0xdb, 0xdd, 0xde, 0xdf, 0xe0, 0xe1,
  0xe1, 0xe1, 0xe1, 0xe1, 0xde, 0xdd, 0xdb, 0xd9, 0xd9, 0xd6, 0xdb, 0xe5,
  0x95, 0x17, 0x00, 0x01, 0x00, 0x00, 0x00, 0x00, 0x00, 0x00, 0x00, 0x00,
  0x00, 0x00, 0x00, 0x00, 0x00, 0x00, 0x00, 0x00, 0x00, 0x00, 0x00, 0x00,
  0x00, 0x00, 0x00, 0x00, 0x00, 0x00, 0x00, 0x00, 0x00, 0x00, 0x00, 0x00,
  0x00, 0x00, 0x00, 0x00, 0x00, 0x00, 0x00, 0x00, 0x00, 0x00, 0x00, 0x00,
  0x00, 0x00, 0x00, 0x00, 0x00, 0x05, 0x00, 0x4f, 0xe0, 0xf2, 0xed, 0xed,
  0xea, 0xea, 0xea, 0xea, 0xe9, 0xea, 0xeb, 0xec, 0xec, 0xec, 0xec, 0xea,
  0xe7, 0xe8, 0xf2, 0xef, 0xee, 0xed, 0xed, 0xed, 0xec, 0xed, 0xef, 0xf1,
  0xf2, 0xf5, 0xf2, 0xe8, 0xeb, 0xeb, 0xeb, 0xea, 0xeb, 0xec, 0xec, 0xeb,
  0xeb, 0xeb, 0xeb, 0xeb, 0xeb, 0xeb, 0xeb, 0xec, 0xed, 0xed, 0xec, 0xec,
  0xeb, 0xeb, 0xeb, 0xeb, 0xea, 0xea, 0xe9, 0xe8, 0xe7, 0xe7, 0xe7, 0xe9,
  0xe9, 0xe9, 0xe9, 0xe8, 0xe7, 0xe8, 0xe7, 0xe7, 0xe7, 0xe7, 0xe8, 0xe7,
  0xe7, 0xe8, 0xe8, 0xe9, 0xe9, 0xe9, 0xea, 0xea, 0xe9, 0xe9, 0xe9, 0xe9,
  0xe9, 0xea, 0xeb, 0xeb, 0xeb, 0xeb, 0xeb, 0xeb, 0xeb, 0xeb, 0xeb, 0xe9,
  0xe7, 0xe6, 0xe5, 0xe3, 0xe2, 0xe2, 0xe2, 0xe3, 0xe5, 0xe8, 0xe9, 0xeb,
  0xec, 0xec, 0xed, 0xee, 0xed, 0xec, 0xed, 0xf9, 0xf7, 0xf3, 0xf0, 0xf1,
  0xf1, 0xf4, 0xf6, 0xe1, 0x70, 0x00, 0x04, 0x00, 0x00, 0x00, 0x00, 0x00,
  0x00, 0x00, 0x00, 0x00, 0x00, 0x00, 0x00, 0x00, 0x00, 0x00, 0x00, 0x00,
  0x00, 0x00, 0x00, 0x00, 0x00, 0x00, 0x00, 0x00, 0x00, 0x00, 0x00, 0x00,
  0x00, 0x00, 0x00, 0x00, 0x00, 0x00, 0x00, 0x00, 0x00, 0x00, 0x00, 0x00,
  0x00, 0x00, 0x00, 0x00, 0x00, 0x00, 0x00, 0x00, 0x01, 0x00, 0x17, 0x78,
  0xc8, 0xc2, 0xbd, 0xb9, 0xb9, 0xb8, 0xb7, 0xb6, 0xb7, 0xb8, 0xb8, 0xb8,
  0xb8, 0xb7, 0xb5, 0xb7, 0xa9, 0x7d, 0x7f, 0x7e, 0x7d, 0x7c, 0x7c, 0x7c,
  0x7c, 0x7d, 0x7f, 0x81, 0x7d, 0x8e, 0xb8, 0xb5, 0xb6, 0xb5, 0xb6, 0xb6,
  0xb7, 0xb6, 0xb6, 0xb5, 0xb5, 0xb5, 0xb5, 0xb6, 0xb7, 0xb7, 0xb8, 0xb8,
  0xb9, 0xba, 0xba, 0xb9, 0xb9, 0xb9, 0xb9, 0xb9, 0xb7, 0xb7, 0xb6, 0xb6,
  0xb7, 0xb7, 0xb7, 0xb7, 0xb7, 0xb7, 0xb6, 0xb4, 0xb4, 0xb5, 0xb4, 0xb4,
  0xb4, 0xb5, 0xb4, 0xb3, 0xb4, 0xb5, 0xb6, 0xb6, 0xb7, 0xb7, 0xb8, 0xb7,
  0xb6, 0xb5, 0xb5, 0xb7, 0xb8, 0xb8, 0xb9, 0xba, 0xba, 0xb9, 0xb9, 0xb9,
  0xb8, 0xb7, 0xb6, 0xb5, 0xb3, 0xb2, 0xb0, 0xaf, 0xaf, 0xaf, 0xb0, 0xb3,
  0xb5, 0xb7, 0xb8, 0xb9, 0xba, 0xbb, 0xba, 0xb8, 0xb7, 0xb4, 0x85, 0x80,
  0x7f, 0x7e, 0x7f, 0x81, 0x79, 0x99, 0xc9, 0x74, 0x00, 0x04, 0x00, 0x00,
  0x00, 0x00, 0x00, 0x00, 0x00, 0x00, 0x00, 0x00, 0x00, 0x00, 0x00, 0x00,
  0x00, 0x00, 0x00, 0x00, 0x00, 0x00, 0x00, 0x00, 0x00, 0x00, 0x00, 0x00,
  0x00, 0x00, 0x00, 0x00, 0x00, 0x00, 0x00, 0x00, 0x00, 0x00, 0x00, 0x00,
  0x00, 0x00, 0x00, 0x00, 0x00, 0x00, 0x00, 0x00, 0x00, 0x00, 0x00, 0x00,
  0x01, 0x00, 0x15, 0x44, 0x43, 0x3e, 0x3c, 0x3b, 0x3c, 0x3a, 0x39, 0x3a,
  0x3b, 0x3a, 0x3a, 0x3b, 0x3a, 0x38, 0x3c, 0x2e, 0x00, 0x00, 0x00, 0x00,
  0x00, 0x00, 0x00, 0x00, 0x00, 0x00, 0x01, 0x00, 0x0d, 0x3e, 0x38, 0x39,
  0x39, 0x39, 0x39, 0x3a, 0x39, 0x39, 0x39, 0x39, 0x39, 0x39, 0x3a, 0x3a,
  0x3b, 0x3b, 0x3b, 0x3c, 0x3c, 0x3c, 0x3c, 0x3c, 0x3c, 0x3c, 0x3c, 0x3b,
  0x3b, 0x3b, 0x3b, 0x3c, 0x3c, 0x3c, 0x3b, 0x3b, 0x3b, 0x3b, 0x3a, 0x39,
  0x3a, 0x39, 0x39, 0x39, 0x3a, 0x3a, 0x39, 0x39, 0x3a, 0x3a, 0x3b, 0x3c,
  0x3b, 0x3b, 0x3b, 0x3a, 0x39, 0x3a, 0x3b, 0x3c, 0x3c, 0x3c, 0x3d, 0x3d,
  0x3c, 0x3c, 0x3c, 0x3b, 0x3a, 0x3a, 0x39, 0x39, 0x38, 0x38, 0x37, 0x37,
  0x37, 0x37, 0x39, 0x39, 0x3a, 0x3c, 0x3c, 0x3c, 0x3d, 0x3c, 0x3a, 0x3a,
  0x37, 0x01, 0x00, 0x00, 0x00, 0x00, 0x01, 0x00, 0x18, 0x46, 0x29, 0x00,
  0x01, 0x00, 0x00, 0x00, 0x00, 0x00, 0x00, 0x00, 0x00, 0x00, 0x00, 0x00,
  0x00, 0x00, 0x00, 0x00, 0x00, 0x00, 0x00, 0x00, 0x00, 0x00, 0x00, 0x00,
  0x00, 0x00, 0x00, 0x00, 0x00, 0x00, 0x00, 0x00, 0x00, 0x00, 0x00, 0x00,
  0x00, 0x00, 0x00, 0x00, 0x00, 0x00, 0x00, 0x00, 0x00, 0x00, 0x00, 0x00,
  0x00, 0x00, 0x00, 0x00, 0x02, 0x02, 0x00, 0x00, 0x00, 0x00, 0x00, 0x00,
  0x00, 0x00, 0x00, 0x00, 0x00, 0x00, 0x00, 0x00, 0x00, 0x00, 0x01, 0x06,
  0x06, 0x06, 0x06, 0x06, 0x06, 0x06, 0x06, 0x06, 0x06, 0x06, 0x07, 0x04,
  0x00, 0x00, 0x00, 0x00, 0x00, 0x00, 0x00, 0x00, 0x00, 0x00, 0x00, 0x00,
  0x00, 0x00, 0x00, 0x00, 0x00, 0x00, 0x00, 0x00, 0x00, 0x00, 0x00, 0x00,
  0x00, 0x00, 0x00, 0x00, 0x00, 0x00, 0x00, 0x00, 0x00, 0x00, 0x00, 0x00,
  0x00, 0x00, 0x00, 0x00, 0x00, 0x00, 0x00, 0x00, 0x00, 0x00, 0x00, 0x00,
  0x00, 0x00, 0x00, 0x00, 0x00, 0x00, 0x00, 0x00, 0x00, 0x00, 0x00, 0x00,
  0x00, 0x00, 0x00, 0x00, 0x00, 0x00, 0x00, 0x00, 0x00, 0x00, 0x00, 0x00,
  0x00, 0x00, 0x00, 0x00, 0x00, 0x00, 0x00, 0x00, 0x00, 0x00, 0x00, 0x00,
  0x00, 0x00, 0x00, 0x00, 0x06, 0x06, 0x06, 0x06, 0x06, 0x06, 0x07, 0x03,
  0x00, 0x00, 0x00, 0x00, 0x00, 0x00, 0x00, 0x00, 0x00, 0x00, 0x00, 0x00,
  0x00, 0x00, 0x00, 0x00, 0x00, 0x00, 0x00, 0x00, 0x00, 0x00, 0x00, 0x00,
  0x00, 0x00, 0x00, 0x00, 0x00, 0x00, 0x00, 0x00, 0x00, 0x00, 0x00, 0x00,
  0x00, 0x00, 0x00, 0x00, 0x00, 0x00, 0x00, 0x00, 0x00, 0x00, 0x00, 0x00,
  0x00, 0x00, 0x00, 0x00, 0x00, 0x00, 0x00, 0x00, 0x01, 0x03, 0x03, 0x02,
  0x02, 0x02, 0x02, 0x02, 0x02, 0x02, 0x02, 0x02, 0x02, 0x02, 0x02, 0x02,
  0x02, 0x02, 0x00, 0x00, 0x00, 0x00, 0x00, 0x00, 0x00, 0x00, 0x00, 0x00,
  0x00, 0x00, 0x00, 0x02, 0x02, 0x02, 0x02, 0x02, 0x02, 0x02, 0x02, 0x02,
  0x02, 0x02, 0x02, 0x02, 0x02, 0x02, 0x02, 0x02, 0x02, 0x02, 0x02, 0x02,
  0x02, 0x02, 0x02, 0x02, 0x02, 0x02, 0x02, 0x02, 0x02, 0x02, 0x02, 0x02,
  0x02, 0x02, 0x02, 0x02, 0x02, 0x02, 0x02, 0x02, 0x02, 0x02, 0x02, 0x02,
  0x02, 0x02, 0x02, 0x02, 0x02, 0x02, 0x02, 0x02, 0x02, 0x02, 0x02, 0x02,
  0x02, 0x02, 0x02, 0x02, 0x02, 0x02, 0x02, 0x02, 0x02, 0x02, 0x02, 0x02,
  0x02, 0x02, 0x02, 0x02, 0x02, 0x02, 0x02, 0x02, 0x02, 0x02, 0x02, 0x02,
  0x02, 0x02, 0x02, 0x02, 0x02, 0x02, 0x02, 0x00, 0x00, 0x00, 0x00, 0x00,
  0x00, 0x00, 0x01, 0x03, 0x01, 0x00, 0x00, 0x00, 0x00, 0x00, 0x00, 0x00,
  0x00, 0x00, 0x00, 0x00, 0x00, 0x00, 0x00, 0x00, 0x00, 0x00, 0x00, 0x00,
  0x00, 0x00, 0x00, 0x00, 0x00, 0x00, 0x00, 0x00, 0x00, 0x00, 0x00, 0x00,
  0x00, 0x00, 0x00, 0x00, 0x00, 0x00, 0x00, 0x00, 0x00, 0x00, 0x00, 0x00,
  0x00, 0x00, 0x00, 0x00, 0x00, 0x00, 0x00, 0x00, 0x00, 0x00, 0x00, 0x00,
  0x00, 0x00, 0x00, 0x00, 0x00, 0x00, 0x00, 0x00, 0x00, 0x00, 0x00, 0x00,
  0x00, 0x00, 0x00, 0x00, 0x00, 0x00, 0x00, 0x00, 0x00, 0x00, 0x00, 0x00,
  0x00, 0x00, 0x00, 0x00, 0x00, 0x00, 0x00, 0x00, 0x00, 0x00, 0x00, 0x00,
  0x00, 0x00, 0x00, 0x00, 0x00, 0x00, 0x00, 0x00, 0x00, 0x00, 0x00, 0x00,
  0x00, 0x00, 0x00, 0x00, 0x00, 0x00, 0x00, 0x00, 0x00, 0x00, 0x00, 0x00,
  0x00, 0x00, 0x00, 0x00, 0x00, 0x00, 0x00, 0x00, 0x00, 0x00, 0x00, 0x00,
  0x00, 0x00, 0x00, 0x00, 0x00, 0x00, 0x00, 0x00, 0x00, 0x00, 0x00, 0x00,
  0x00, 0x00, 0x00, 0x00, 0x00, 0x00, 0x00, 0x00, 0x00, 0x00, 0x00, 0x00,
  0x00, 0x00, 0x00, 0x00, 0x00, 0x00, 0x00, 0x00, 0x00, 0x00, 0x00, 0x00,
  0x00, 0x00, 0x00, 0x00, 0x00, 0x00, 0x00, 0x00, 0x00, 0x00, 0x00, 0x00,
  0x00, 0x00, 0x00, 0x00, 0x00, 0x00, 0x00, 0x00, 0x00, 0x00, 0x00, 0x00,
  0x00, 0x00, 0x00, 0x00, 0x00, 0x00, 0x00, 0x00, 0x00, 0x00, 0x00, 0x00,
  0x00, 0x00, 0x00, 0x00, 0x00, 0x00, 0x00, 0x00, 0x00, 0x00, 0x00, 0x00,
  0x00, 0x00, 0x00, 0x00, 0x00, 0x00, 0x00, 0x00, 0x00, 0x00, 0x00, 0x00,
  0x00, 0x00, 0x00, 0x00, 0x00, 0x00, 0x00, 0x00, 0x00, 0x00, 0x00, 0x00,
  0x00, 0x00, 0x00, 0x00, 0x00, 0x00, 0x00, 0x00, 0x00, 0x00, 0x00, 0x00,
  0x00, 0x00, 0x00, 0x00, 0x00, 0x00, 0x00, 0x00, 0x00, 0x00, 0x00, 0x00,
  0x00, 0x00, 0x00, 0x00, 0x00, 0x00, 0x00, 0x00, 0x00, 0x00, 0x00, 0x00,
  0x00, 0x00, 0x00, 0x00, 0x00, 0x00, 0x00, 0x00, 0x00, 0x00, 0x00, 0x00,
  0x00, 0x00, 0x00, 0x00, 0x00, 0x00, 0x00, 0x00, 0x00, 0x00, 0x00, 0x00,
  0x00, 0x00, 0x00, 0x00, 0x00, 0x00, 0x00, 0x00, 0x00, 0x00, 0x00, 0x00,
  0x00, 0x00, 0x00, 0x00, 0x00, 0x00, 0x00, 0x00, 0x00, 0x00, 0x00, 0x00,
  0x00, 0x00, 0x00, 0x00, 0x00, 0x00, 0x00, 0x00, 0x00, 0x00, 0x00, 0x00,
  0x00, 0x00, 0x00, 0x00, 0x00, 0x00, 0x00, 0x00, 0x00, 0x00, 0x00, 0x00,
  0x00, 0x00, 0x00, 0x00, 0x00, 0x00, 0x00, 0x00, 0x00, 0x00, 0x00, 0x00,
  0x00, 0x00, 0x00, 0x00, 0x00, 0x00, 0x00, 0x00, 0x00, 0x00, 0x00, 0x00,
  0x00, 0x00, 0x00
};
